person_id,person_type,activity_id,context,role,years_involved,recognition_level
A26-101831,Applicant,ACT-31,High School,Member,4,School
A26-101831,Applicant,ACT-12,High School,Member,4,State
A26-101831,Applicant,ACT-01,High School,Member,2,School
A26-101831,Applicant,ACT-05,High School,Member,2,None
A26-101831,Applicant,ACT-15,High School,Member,3,None
A26-101831,Applicant,ACT-02,High School,Captain,1,Regional
A26-101831,Applicant,ACT-36,High School,Member,3,School
A26-104099,Applicant,ACT-08,High School,Member,3,Regional
A26-104099,Applicant,ACT-15,High School,Member,3,Regional
A26-104099,Applicant,ACT-19,High School,Member,1,Regional
A26-104099,Applicant,ACT-17,High School,Member,3,School
A26-104099,Applicant,ACT-04,High School,Member,2,Regional
A26-101372,Applicant,ACT-11,High School,Founder,1,None
A26-101372,Applicant,ACT-21,High School,Member,3,State
A26-101372,Applicant,ACT-12,High School,Member,2,School
A26-101372,Applicant,ACT-09,High School,Member,4,School
A26-101372,Applicant,ACT-17,High School,Member,1,School
A26-101372,Applicant,ACT-06,High School,President,1,None
A26-107738,Applicant,ACT-12,High School,Member,3,School
A26-107738,Applicant,ACT-15,High School,Member,3,None
A26-107738,Applicant,ACT-17,High School,Member,1,State
A26-104952,Applicant,ACT-23,High School,Captain,1,School
A26-104952,Applicant,ACT-12,High School,Member,3,None
A26-104952,Applicant,ACT-09,High School,Member,3,State
A26-104952,Applicant,ACT-08,High School,Member,1,None
A26-107233,Applicant,ACT-10,High School,Member,2,State
A26-107233,Applicant,ACT-06,High School,Captain,1,None
A26-107233,Applicant,ACT-15,High School,Member,3,None
A26-104658,Applicant,ACT-09,High School,Member,4,School
A26-104658,Applicant,ACT-05,High School,Member,2,None
A26-104658,Applicant,ACT-04,High School,Member,2,Regional
A26-104658,Applicant,ACT-24,High School,Founder,4,School
A26-104061,Applicant,ACT-05,High School,Founder,1,Regional
A26-104061,Applicant,ACT-23,High School,Member,3,None
A26-104061,Applicant,ACT-31,High School,Member,1,State
A26-102717,Applicant,ACT-17,High School,Member,1,None
A26-102717,Applicant,ACT-12,High School,Officer,4,None
A26-102717,Applicant,ACT-30,High School,President,1,None
A26-104585,Applicant,ACT-06,High School,Member,4,None
A26-104585,Applicant,ACT-01,High School,Member,3,School
A26-104585,Applicant,ACT-12,High School,Member,1,School
A26-104563,Applicant,ACT-12,High School,President,4,School
A26-104563,Applicant,ACT-11,High School,Captain,3,Regional
A26-104563,Applicant,ACT-17,High School,Officer,1,State
A26-104563,Applicant,ACT-30,High School,Member,1,School
A26-105629,Applicant,ACT-16,High School,Member,1,None
A26-105629,Applicant,ACT-12,High School,Member,3,None
A26-105629,Applicant,ACT-08,High School,Member,2,None
A26-105629,Applicant,ACT-19,High School,Officer,1,None
A26-104470,Applicant,ACT-23,High School,Member,4,School
A26-104470,Applicant,ACT-21,High School,Member,2,None
A26-104470,Applicant,ACT-03,High School,Member,2,None
A26-107326,Applicant,ACT-23,High School,Officer,4,None
A26-107326,Applicant,ACT-05,High School,Member,3,Regional
A26-107326,Applicant,ACT-06,High School,Officer,4,None
A26-106135,Applicant,ACT-28,High School,Member,3,None
A26-106135,Applicant,ACT-12,High School,Member,3,None
A26-106135,Applicant,ACT-22,High School,Captain,4,None
A26-103800,Applicant,ACT-25,High School,Member,2,Regional
A26-103800,Applicant,ACT-23,High School,Member,2,None
A26-103800,Applicant,ACT-06,High School,Member,3,None
A26-103800,Applicant,ACT-17,High School,Member,3,School
A26-103800,Applicant,ACT-12,High School,Member,4,Regional
A26-107350,Applicant,ACT-23,High School,Officer,3,School
A26-107350,Applicant,ACT-13,High School,President,3,None
A26-107350,Applicant,ACT-09,High School,Founder,2,None
A26-107350,Applicant,ACT-15,High School,Member,3,School
A26-107350,Applicant,ACT-29,High School,Member,3,None
A26-100231,Applicant,ACT-29,High School,Officer,2,None
A26-100231,Applicant,ACT-23,High School,President,1,School
A26-100231,Applicant,ACT-27,High School,Member,1,School
A26-100231,Applicant,ACT-01,High School,Member,4,School
A26-100231,Applicant,ACT-15,High School,Captain,3,Regional
A26-107905,Applicant,ACT-08,High School,Member,3,School
A26-107905,Applicant,ACT-02,High School,Member,4,State
A26-107905,Applicant,ACT-24,High School,Member,3,State
A26-107905,Applicant,ACT-31,High School,Officer,2,None
A26-107905,Applicant,ACT-05,High School,Member,4,School
A26-107905,Applicant,ACT-28,High School,Member,4,None
A26-107905,Applicant,ACT-35,High School,Member,4,Regional
A26-106379,Applicant,ACT-06,High School,Member,1,School
A26-106379,Applicant,ACT-22,High School,Member,3,Regional
A26-106379,Applicant,ACT-15,High School,Member,3,None
A26-106379,Applicant,ACT-03,High School,Officer,1,School
A26-106379,Applicant,ACT-27,High School,Member,2,State
A26-102685,Applicant,ACT-31,High School,Officer,3,None
A26-102685,Applicant,ACT-23,High School,Member,1,None
A26-102685,Applicant,ACT-13,High School,Officer,2,None
A26-108183,Applicant,ACT-09,High School,Officer,3,School
A26-108183,Applicant,ACT-12,High School,Captain,1,Regional
A26-108183,Applicant,ACT-01,High School,Officer,4,None
A26-108183,Applicant,ACT-15,High School,Member,1,School
A26-100496,Applicant,ACT-11,High School,Officer,2,None
A26-100496,Applicant,ACT-23,High School,Officer,4,None
A26-100496,Applicant,ACT-12,High School,Officer,3,School
A26-100496,Applicant,ACT-20,High School,Captain,2,Regional
A26-105456,Applicant,ACT-06,High School,Member,3,None
A26-105456,Applicant,ACT-15,High School,Captain,2,None
A26-105456,Applicant,ACT-01,High School,Member,4,School
A26-105456,Applicant,ACT-29,High School,Member,1,None
A26-105456,Applicant,ACT-09,High School,Member,3,None
A26-105456,Applicant,ACT-12,High School,Officer,1,None
A26-101064,Applicant,ACT-12,High School,Member,1,Regional
A26-101064,Applicant,ACT-06,High School,Member,2,None
A26-101064,Applicant,ACT-05,High School,Founder,1,Regional
A26-101064,Applicant,ACT-09,High School,Officer,1,State
A26-101064,Applicant,ACT-19,High School,Officer,4,National
A26-101758,Applicant,ACT-05,High School,Member,4,None
A26-101758,Applicant,ACT-23,High School,Captain,2,State
A26-101758,Applicant,ACT-08,High School,Member,1,None
A26-101758,Applicant,ACT-12,High School,Member,3,None
A26-108318,Applicant,ACT-12,High School,Founder,3,School
A26-108318,Applicant,ACT-06,High School,Officer,4,School
A26-108318,Applicant,ACT-15,High School,Member,3,School
A26-108318,Applicant,ACT-18,High School,President,2,School
A26-108318,Applicant,ACT-17,High School,Member,2,State
A26-102958,Applicant,ACT-08,High School,Member,2,Regional
A26-102958,Applicant,ACT-15,High School,Member,4,School
A26-102958,Applicant,ACT-12,High School,Officer,3,State
A26-102958,Applicant,ACT-38,High School,Captain,3,None
A26-103682,Applicant,ACT-12,High School,President,3,None
A26-103682,Applicant,ACT-09,High School,Member,2,School
A26-103682,Applicant,ACT-06,High School,Member,1,State
A26-104700,Applicant,ACT-21,High School,Officer,4,None
A26-104700,Applicant,ACT-12,High School,Member,4,School
A26-104700,Applicant,ACT-19,High School,Member,3,School
A26-104700,Applicant,ACT-03,High School,Officer,1,None
A26-104700,Applicant,ACT-23,High School,Officer,1,None
A26-107163,Applicant,ACT-12,High School,Member,3,Regional
A26-107163,Applicant,ACT-05,High School,Member,4,Regional
A26-107163,Applicant,ACT-22,High School,Member,2,School
A26-107163,Applicant,ACT-06,High School,Member,2,None
A26-103190,Applicant,ACT-03,High School,Member,4,State
A26-103190,Applicant,ACT-04,High School,Officer,1,School
A26-103190,Applicant,ACT-15,High School,Member,1,Regional
A26-103190,Applicant,ACT-17,High School,Member,1,Regional
A26-100268,Applicant,ACT-16,High School,Officer,3,School
A26-100268,Applicant,ACT-21,High School,Officer,2,None
A26-100268,Applicant,ACT-25,High School,Member,4,None
A26-100268,Applicant,ACT-08,High School,Member,3,Regional
A26-100268,Applicant,ACT-23,High School,President,3,None
A26-105117,Applicant,ACT-13,High School,Member,1,None
A26-105117,Applicant,ACT-03,High School,Captain,1,School
A26-105117,Applicant,ACT-23,High School,Officer,2,State
A26-105117,Applicant,ACT-01,High School,Member,4,None
A26-105117,Applicant,ACT-06,High School,Member,1,Regional
A26-102356,Applicant,ACT-27,High School,Captain,3,School
A26-102356,Applicant,ACT-03,High School,Member,1,National
A26-102356,Applicant,ACT-16,High School,Captain,1,Regional
A26-106255,Applicant,ACT-22,High School,Member,3,School
A26-106255,Applicant,ACT-15,High School,Member,1,None
A26-106255,Applicant,ACT-06,High School,Member,1,Regional
A26-106255,Applicant,ACT-12,High School,Officer,4,School
A26-106255,Applicant,ACT-16,High School,Member,2,State
A26-102652,Applicant,ACT-05,High School,Member,3,Regional
A26-102652,Applicant,ACT-13,High School,Officer,3,State
A26-102652,Applicant,ACT-23,High School,Founder,4,School
A26-105157,Applicant,ACT-05,High School,Officer,4,None
A26-105157,Applicant,ACT-21,High School,Member,3,Regional
A26-105157,Applicant,ACT-12,High School,Member,1,None
A26-103923,Applicant,ACT-11,High School,Member,1,None
A26-103923,Applicant,ACT-01,High School,Member,3,None
A26-103923,Applicant,ACT-12,High School,Member,1,None
A26-103923,Applicant,ACT-15,High School,Member,2,Regional
A26-101404,Applicant,ACT-01,High School,Member,4,None
A26-101404,Applicant,ACT-12,High School,Member,3,School
A26-101404,Applicant,ACT-24,High School,Member,3,School
A26-101404,Applicant,ACT-13,High School,Founder,2,School
A26-101404,Applicant,ACT-06,High School,Captain,3,None
A26-101404,Applicant,ACT-09,High School,Member,3,None
A26-105593,Applicant,ACT-24,High School,Officer,1,National
A26-105593,Applicant,ACT-11,High School,Member,1,None
A26-105593,Applicant,ACT-16,High School,Member,1,School
A26-103907,Applicant,ACT-12,High School,Member,2,None
A26-103907,Applicant,ACT-29,High School,Member,2,Regional
A26-103907,Applicant,ACT-06,High School,Member,1,School
A26-103907,Applicant,ACT-02,High School,Member,3,School
A26-103907,Applicant,ACT-31,High School,Member,1,None
A26-107686,Applicant,ACT-13,High School,Member,3,Regional
A26-107686,Applicant,ACT-12,High School,Member,4,None
A26-107686,Applicant,ACT-02,High School,Member,1,None
A26-107686,Applicant,ACT-23,High School,Member,4,None
A26-106304,Applicant,ACT-12,High School,Officer,2,Regional
A26-106304,Applicant,ACT-15,High School,Officer,2,School
A26-106304,Applicant,ACT-21,High School,Member,2,State
A26-106304,Applicant,ACT-06,High School,Member,1,School
A26-106304,Applicant,ACT-22,High School,Member,4,None
A26-106304,Applicant,ACT-45,High School,Member,4,School
A26-101164,Applicant,ACT-12,High School,Member,3,School
A26-101164,Applicant,ACT-23,High School,Officer,3,None
A26-101164,Applicant,ACT-07,High School,Member,1,Regional
A26-101164,Applicant,ACT-05,High School,Member,2,Regional
A26-103330,Applicant,ACT-11,High School,Member,4,None
A26-103330,Applicant,ACT-12,High School,Member,2,Regional
A26-103330,Applicant,ACT-21,High School,Officer,2,Regional
A26-103330,Applicant,ACT-19,High School,Member,4,Regional
A26-102377,Applicant,ACT-09,High School,Officer,1,None
A26-102377,Applicant,ACT-01,High School,Member,3,None
A26-102377,Applicant,ACT-13,High School,Member,1,Regional
A26-102377,Applicant,ACT-25,High School,Member,2,School
A26-102377,Applicant,ACT-06,High School,Member,2,None
A26-104374,Applicant,ACT-23,High School,Member,1,Regional
A26-104374,Applicant,ACT-15,High School,Member,4,Regional
A26-104374,Applicant,ACT-12,High School,Member,4,State
A26-104374,Applicant,ACT-09,High School,Member,2,None
A26-100879,Applicant,ACT-01,High School,Member,3,None
A26-100879,Applicant,ACT-23,High School,Member,1,None
A26-100879,Applicant,ACT-08,High School,Member,1,Regional
A26-100879,Applicant,ACT-12,High School,Officer,2,None
A26-100879,Applicant,ACT-17,High School,Officer,3,School
A26-102678,Applicant,ACT-11,High School,Founder,2,Regional
A26-102678,Applicant,ACT-01,High School,Officer,3,School
A26-102678,Applicant,ACT-12,High School,Member,3,None
A26-102678,Applicant,ACT-06,High School,Member,1,State
A26-105349,Applicant,ACT-28,High School,Officer,1,None
A26-105349,Applicant,ACT-15,High School,President,2,None
A26-105349,Applicant,ACT-23,High School,President,3,School
A26-105349,Applicant,ACT-09,High School,Founder,3,Regional
A26-105349,Applicant,ACT-06,High School,Member,2,School
A26-105349,Applicant,ACT-12,High School,Founder,3,Regional
A26-100374,Applicant,ACT-18,High School,Captain,1,None
A26-100374,Applicant,ACT-02,High School,Member,1,None
A26-100374,Applicant,ACT-24,High School,President,2,None
A26-101119,Applicant,ACT-21,High School,Member,2,School
A26-101119,Applicant,ACT-23,High School,Member,3,Regional
A26-101119,Applicant,ACT-25,High School,Member,2,None
A26-101119,Applicant,ACT-30,High School,Member,1,None
A26-100126,Applicant,ACT-11,High School,President,3,School
A26-100126,Applicant,ACT-12,High School,Member,3,None
A26-100126,Applicant,ACT-19,High School,Member,2,School
A26-100126,Applicant,ACT-27,High School,Captain,1,School
A26-100126,Applicant,ACT-26,High School,Member,2,None
A26-100126,Applicant,ACT-05,High School,Member,2,Regional
A26-106730,Applicant,ACT-12,High School,Member,4,Regional
A26-106730,Applicant,ACT-08,High School,Founder,4,Regional
A26-106730,Applicant,ACT-15,High School,Founder,2,None
A26-106730,Applicant,ACT-19,High School,Member,3,None
A26-106730,Applicant,ACT-13,High School,Officer,2,School
A26-100212,Applicant,ACT-10,High School,Member,4,None
A26-100212,Applicant,ACT-08,High School,Member,2,None
A26-100212,Applicant,ACT-12,High School,Officer,2,Regional
A26-100212,Applicant,ACT-26,High School,Member,2,None
A26-106812,Applicant,ACT-21,High School,President,3,National
A26-106812,Applicant,ACT-16,High School,Officer,4,None
A26-106812,Applicant,ACT-12,High School,Captain,3,None
A26-106812,Applicant,ACT-23,High School,Member,4,None
A26-106812,Applicant,ACT-06,High School,Officer,3,None
A26-106812,Applicant,ACT-08,High School,Captain,1,School
A26-100138,Applicant,ACT-12,High School,Member,2,Regional
A26-100138,Applicant,ACT-15,High School,Member,3,Regional
A26-100138,Applicant,ACT-05,High School,Captain,2,None
A26-101874,Applicant,ACT-08,High School,Member,1,None
A26-101874,Applicant,ACT-21,High School,Member,1,None
A26-101874,Applicant,ACT-12,High School,Officer,1,None
A26-101874,Applicant,ACT-29,High School,Member,3,School
A26-101874,Applicant,ACT-24,High School,Member,1,None
A26-102283,Applicant,ACT-15,High School,Member,2,None
A26-102283,Applicant,ACT-25,High School,Member,4,None
A26-102283,Applicant,ACT-12,High School,Captain,3,None
A26-102815,Applicant,ACT-22,High School,Member,4,None
A26-102815,Applicant,ACT-13,High School,Officer,2,Regional
A26-102815,Applicant,ACT-26,High School,Member,2,Regional
A26-107086,Applicant,ACT-08,High School,Officer,4,None
A26-107086,Applicant,ACT-12,High School,Member,3,School
A26-107086,Applicant,ACT-15,High School,Member,1,State
A26-107086,Applicant,ACT-03,High School,Member,2,Regional
A26-104365,Applicant,ACT-08,High School,Member,3,School
A26-104365,Applicant,ACT-06,High School,Member,1,Regional
A26-104365,Applicant,ACT-21,High School,Member,1,State
A26-101439,Applicant,ACT-28,High School,Officer,4,None
A26-101439,Applicant,ACT-23,High School,Member,4,None
A26-101439,Applicant,ACT-12,High School,Member,2,School
A26-101439,Applicant,ACT-16,High School,Member,4,Regional
A26-104128,Applicant,ACT-10,High School,Founder,3,None
A26-104128,Applicant,ACT-19,High School,Member,2,None
A26-104128,Applicant,ACT-12,High School,Member,3,School
A26-104128,Applicant,ACT-02,High School,Member,3,School
A26-104128,Applicant,ACT-16,High School,Member,3,School
A26-101470,Applicant,ACT-12,High School,Member,2,None
A26-101470,Applicant,ACT-08,High School,Officer,4,None
A26-101470,Applicant,ACT-15,High School,Member,4,None
A26-101470,Applicant,ACT-23,High School,Member,2,None
A26-101470,Applicant,ACT-03,High School,Officer,2,School
A26-107206,Applicant,ACT-23,High School,Officer,3,None
A26-107206,Applicant,ACT-12,High School,President,1,Regional
A26-107206,Applicant,ACT-05,High School,Member,3,None
A26-107206,Applicant,ACT-01,High School,Member,2,None
A26-107206,Applicant,ACT-19,High School,Officer,1,School
A26-107206,Applicant,ACT-16,High School,Member,1,State
A26-107215,Applicant,ACT-29,High School,Founder,4,None
A26-107215,Applicant,ACT-12,High School,Member,2,None
A26-107215,Applicant,ACT-15,High School,President,3,Regional
A26-100585,Applicant,ACT-23,High School,Member,3,None
A26-100585,Applicant,ACT-20,High School,Officer,2,None
A26-100585,Applicant,ACT-12,High School,Member,2,Regional
A26-100585,Applicant,ACT-31,High School,Founder,4,School
A26-100585,Applicant,ACT-24,High School,Officer,1,None
A26-100585,Applicant,ACT-35,High School,Member,3,State
A26-102407,Applicant,ACT-12,High School,Officer,2,School
A26-102407,Applicant,ACT-11,High School,Founder,3,None
A26-102407,Applicant,ACT-06,High School,Member,1,None
A26-102407,Applicant,ACT-29,High School,Member,2,School
A26-106222,Applicant,ACT-08,High School,Member,2,None
A26-106222,Applicant,ACT-05,High School,Member,3,State
A26-106222,Applicant,ACT-17,High School,Officer,4,None
A26-106222,Applicant,ACT-02,High School,Member,1,School
A26-101899,Applicant,ACT-17,High School,Member,4,School
A26-101899,Applicant,ACT-12,High School,Member,4,School
A26-101899,Applicant,ACT-23,High School,Member,2,State
A26-101899,Applicant,ACT-15,High School,Member,2,None
A26-103890,Applicant,ACT-08,High School,Member,3,State
A26-103890,Applicant,ACT-05,High School,Captain,1,School
A26-103890,Applicant,ACT-06,High School,Founder,4,School
A26-103890,Applicant,ACT-26,High School,Member,2,None
A26-103890,Applicant,ACT-09,High School,Officer,3,None
A26-105110,Applicant,ACT-08,High School,Member,2,None
A26-105110,Applicant,ACT-15,High School,President,4,School
A26-105110,Applicant,ACT-23,High School,Officer,3,School
A26-104980,Applicant,ACT-11,High School,Member,3,None
A26-104980,Applicant,ACT-07,High School,Officer,4,None
A26-104980,Applicant,ACT-01,High School,Officer,2,School
A26-100615,Applicant,ACT-12,High School,Member,2,School
A26-100615,Applicant,ACT-23,High School,Officer,4,School
A26-100615,Applicant,ACT-15,High School,Officer,1,State
A26-100615,Applicant,ACT-04,High School,Member,2,State
A26-105138,Applicant,ACT-23,High School,Member,1,School
A26-105138,Applicant,ACT-21,High School,Captain,4,School
A26-105138,Applicant,ACT-06,High School,Captain,1,None
A26-103901,Applicant,ACT-12,High School,Member,3,None
A26-103901,Applicant,ACT-23,High School,Member,2,None
A26-103901,Applicant,ACT-05,High School,Member,3,School
A26-105195,Applicant,ACT-01,High School,Member,4,School
A26-105195,Applicant,ACT-15,High School,Founder,4,None
A26-105195,Applicant,ACT-21,High School,Officer,4,Regional
A26-105195,Applicant,ACT-17,High School,Member,4,School
A26-105195,Applicant,ACT-23,High School,Officer,3,None
A26-104134,Applicant,ACT-05,High School,Captain,2,None
A26-104134,Applicant,ACT-04,High School,Member,3,None
A26-104134,Applicant,ACT-17,High School,Member,1,None
A26-104134,Applicant,ACT-10,High School,Officer,1,None
A26-100726,Applicant,ACT-08,High School,Member,2,None
A26-100726,Applicant,ACT-06,High School,Member,3,School
A26-100726,Applicant,ACT-23,High School,Member,4,None
A26-100726,Applicant,ACT-12,High School,Captain,4,Regional
A26-103332,Applicant,ACT-06,High School,Member,1,School
A26-103332,Applicant,ACT-18,High School,Member,2,School
A26-103332,Applicant,ACT-08,High School,Member,3,None
A26-103332,Applicant,ACT-12,High School,Officer,1,School
A26-103332,Applicant,ACT-23,High School,Captain,1,School
A26-103725,Applicant,ACT-01,High School,Member,3,None
A26-103725,Applicant,ACT-23,High School,Member,3,Regional
A26-103725,Applicant,ACT-15,High School,Officer,2,State
A26-103725,Applicant,ACT-09,High School,President,3,None
A26-104152,Applicant,ACT-15,High School,Member,4,None
A26-104152,Applicant,ACT-10,High School,Member,4,None
A26-104152,Applicant,ACT-23,High School,Member,3,None
A26-104152,Applicant,ACT-17,High School,Member,2,None
A26-105766,Applicant,ACT-06,High School,Member,2,School
A26-105766,Applicant,ACT-12,High School,Captain,1,None
A26-105766,Applicant,ACT-02,High School,Member,2,Regional
A26-105766,Applicant,ACT-28,High School,Member,2,None
A26-105766,Applicant,ACT-24,High School,Captain,1,State
A26-106657,Applicant,ACT-31,High School,Member,3,None
A26-106657,Applicant,ACT-11,High School,Member,2,None
A26-106657,Applicant,ACT-29,High School,Officer,3,None
A26-101452,Applicant,ACT-01,High School,Officer,1,None
A26-101452,Applicant,ACT-12,High School,Member,1,None
A26-101452,Applicant,ACT-19,High School,Member,1,School
A26-101452,Applicant,ACT-18,High School,Member,3,State
A26-101452,Applicant,ACT-15,High School,Member,4,None
A26-101452,Applicant,ACT-23,High School,Member,2,None
A26-101452,Applicant,ACT-41,High School,Member,4,School
A26-108192,Applicant,ACT-12,High School,Member,3,None
A26-108192,Applicant,ACT-08,High School,President,4,School
A26-108192,Applicant,ACT-15,High School,Member,4,School
A26-108192,Applicant,ACT-07,High School,Member,4,None
A26-106106,Applicant,ACT-09,High School,Member,3,State
A26-106106,Applicant,ACT-12,High School,Officer,3,None
A26-106106,Applicant,ACT-15,High School,Member,3,None
A26-106106,Applicant,ACT-24,High School,Member,1,School
A26-103883,Applicant,ACT-12,High School,Member,2,School
A26-103883,Applicant,ACT-03,High School,Officer,4,School
A26-103883,Applicant,ACT-06,High School,President,1,School
A26-105013,Applicant,ACT-28,High School,Member,2,Regional
A26-105013,Applicant,ACT-05,High School,Officer,4,School
A26-105013,Applicant,ACT-21,High School,Member,1,National
A26-105013,Applicant,ACT-04,High School,Member,1,None
A26-105013,Applicant,ACT-12,High School,Officer,4,None
A26-104161,Applicant,ACT-16,High School,Captain,2,National
A26-104161,Applicant,ACT-31,High School,Member,3,State
A26-104161,Applicant,ACT-19,High School,Captain,4,National
A26-104161,Applicant,ACT-12,High School,Member,1,Regional
A26-104161,Applicant,ACT-02,High School,Member,1,State
A26-107579,Applicant,ACT-06,High School,Member,3,None
A26-107579,Applicant,ACT-03,High School,Member,4,None
A26-107579,Applicant,ACT-23,High School,Member,4,Regional
A26-107579,Applicant,ACT-02,High School,Member,4,Regional
A26-107579,Applicant,ACT-18,High School,Officer,2,Regional
A26-105564,Applicant,ACT-12,High School,Officer,3,None
A26-105564,Applicant,ACT-19,High School,Member,3,None
A26-105564,Applicant,ACT-06,High School,Officer,1,School
A26-105564,Applicant,ACT-15,High School,Captain,4,None
A26-105564,Applicant,ACT-14,High School,Member,4,None
A26-108275,Applicant,ACT-03,High School,Member,2,None
A26-108275,Applicant,ACT-29,High School,Member,3,School
A26-108275,Applicant,ACT-23,High School,Officer,2,National
A26-108275,Applicant,ACT-13,High School,Officer,2,None
A26-104863,Applicant,ACT-23,High School,Captain,2,None
A26-104863,Applicant,ACT-14,High School,Member,4,None
A26-104863,Applicant,ACT-01,High School,Officer,2,State
A26-100624,Applicant,ACT-12,High School,Member,3,None
A26-100624,Applicant,ACT-08,High School,Officer,4,School
A26-100624,Applicant,ACT-07,High School,Officer,2,Regional
A26-104229,Applicant,ACT-11,High School,Captain,1,None
A26-104229,Applicant,ACT-15,High School,Member,1,None
A26-104229,Applicant,ACT-06,High School,Member,3,None
A26-104229,Applicant,ACT-03,High School,Officer,1,School
A26-107158,Applicant,ACT-02,High School,Officer,4,School
A26-107158,Applicant,ACT-06,High School,Founder,4,School
A26-107158,Applicant,ACT-12,High School,Officer,2,None
A26-107158,Applicant,ACT-26,High School,Member,2,School
A26-107158,Applicant,ACT-13,High School,President,3,None
A26-107158,Applicant,ACT-03,High School,Officer,1,None
A26-106410,Applicant,ACT-15,High School,Member,1,None
A26-106410,Applicant,ACT-01,High School,President,4,State
A26-106410,Applicant,ACT-12,High School,Member,3,None
A26-102475,Applicant,ACT-15,High School,Member,1,None
A26-102475,Applicant,ACT-12,High School,Member,2,None
A26-102475,Applicant,ACT-10,High School,Member,1,Regional
A26-102475,Applicant,ACT-27,High School,Member,1,None
A26-101022,Applicant,ACT-11,High School,Member,4,None
A26-101022,Applicant,ACT-13,High School,Member,3,Regional
A26-101022,Applicant,ACT-12,High School,Member,3,School
A26-101022,Applicant,ACT-23,High School,Member,4,State
A26-101022,Applicant,ACT-02,High School,Member,2,National
A26-103698,Applicant,ACT-15,High School,Member,3,None
A26-103698,Applicant,ACT-27,High School,Member,1,Regional
A26-103698,Applicant,ACT-31,High School,Member,3,State
A26-103698,Applicant,ACT-40,High School,Member,3,None
A26-102782,Applicant,ACT-11,High School,Captain,4,None
A26-102782,Applicant,ACT-12,High School,Member,2,National
A26-102782,Applicant,ACT-01,High School,Member,1,School
A26-102782,Applicant,ACT-08,High School,Member,1,State
A26-106021,Applicant,ACT-05,High School,Member,4,None
A26-106021,Applicant,ACT-12,High School,Member,1,None
A26-106021,Applicant,ACT-06,High School,Member,2,None
A26-106021,Applicant,ACT-28,High School,Member,2,School
A26-106021,Applicant,ACT-08,High School,Captain,3,School
A26-106021,Applicant,ACT-14,High School,Member,2,None
A26-105790,Applicant,ACT-15,High School,Captain,3,School
A26-105790,Applicant,ACT-02,High School,Officer,2,Regional
A26-105790,Applicant,ACT-28,High School,Member,1,Regional
A26-105790,Applicant,ACT-01,High School,Founder,4,State
A26-105790,Applicant,ACT-16,High School,Member,3,None
A26-105790,Applicant,ACT-25,High School,President,1,None
A26-108171,Applicant,ACT-11,High School,Member,3,None
A26-108171,Applicant,ACT-23,High School,Member,3,State
A26-108171,Applicant,ACT-19,High School,Member,4,School
A26-106059,Applicant,ACT-23,High School,Officer,2,None
A26-106059,Applicant,ACT-22,High School,President,2,None
A26-106059,Applicant,ACT-25,High School,Member,2,None
A26-107764,Applicant,ACT-11,High School,Member,1,School
A26-107764,Applicant,ACT-09,High School,Officer,4,State
A26-107764,Applicant,ACT-17,High School,Officer,1,State
A26-107777,Applicant,ACT-19,High School,Member,3,School
A26-107777,Applicant,ACT-23,High School,Officer,1,None
A26-107777,Applicant,ACT-24,High School,President,3,None
A26-106420,Applicant,ACT-09,High School,Member,4,None
A26-106420,Applicant,ACT-23,High School,Founder,2,None
A26-106420,Applicant,ACT-13,High School,Member,2,Regional
A26-100385,Applicant,ACT-28,High School,President,2,None
A26-100385,Applicant,ACT-12,High School,Member,4,Regional
A26-100385,Applicant,ACT-23,High School,Member,2,None
A26-100385,Applicant,ACT-09,High School,Member,4,School
A26-103315,Applicant,ACT-12,High School,Captain,3,None
A26-103315,Applicant,ACT-23,High School,Member,1,School
A26-103315,Applicant,ACT-19,High School,Member,1,None
A26-104111,Applicant,ACT-05,High School,Member,4,None
A26-104111,Applicant,ACT-06,High School,Member,2,None
A26-104111,Applicant,ACT-03,High School,Member,3,None
A26-104111,Applicant,ACT-12,High School,Officer,1,Regional
A26-104111,Applicant,ACT-30,High School,Member,2,None
A26-103383,Applicant,ACT-05,High School,Member,2,Regional
A26-103383,Applicant,ACT-20,High School,Member,3,None
A26-103383,Applicant,ACT-23,High School,Captain,1,School
A26-106536,Applicant,ACT-15,High School,Member,1,National
A26-106536,Applicant,ACT-19,High School,Member,2,Regional
A26-106536,Applicant,ACT-06,High School,Officer,1,None
A26-103162,Applicant,ACT-13,High School,Member,2,None
A26-103162,Applicant,ACT-15,High School,Member,4,School
A26-103162,Applicant,ACT-07,High School,Founder,3,None
A26-101074,Applicant,ACT-13,High School,Captain,4,None
A26-101074,Applicant,ACT-27,High School,President,4,None
A26-101074,Applicant,ACT-22,High School,Member,4,State
A26-101074,Applicant,ACT-02,High School,Member,2,None
A26-101074,Applicant,ACT-09,High School,Member,1,None
A26-106709,Applicant,ACT-20,High School,Officer,3,None
A26-106709,Applicant,ACT-15,High School,Member,1,None
A26-106709,Applicant,ACT-13,High School,Member,1,State
A26-106709,Applicant,ACT-05,High School,Officer,4,None
A26-106709,Applicant,ACT-17,High School,Member,2,None
A26-106709,Applicant,ACT-06,High School,Captain,4,School
A26-104102,Applicant,ACT-10,High School,Member,1,Regional
A26-104102,Applicant,ACT-15,High School,Member,3,School
A26-104102,Applicant,ACT-20,High School,Member,3,None
A26-104102,Applicant,ACT-23,High School,Captain,2,None
A26-104102,Applicant,ACT-29,High School,Officer,1,None
A26-104539,Applicant,ACT-09,High School,Member,1,National
A26-104539,Applicant,ACT-12,High School,Member,2,School
A26-104539,Applicant,ACT-23,High School,Founder,1,School
A26-107273,Applicant,ACT-12,High School,Captain,3,None
A26-107273,Applicant,ACT-30,High School,President,3,Regional
A26-107273,Applicant,ACT-05,High School,Officer,1,School
A26-107273,Applicant,ACT-08,High School,Member,4,School
A26-104691,Applicant,ACT-06,High School,Member,1,None
A26-104691,Applicant,ACT-21,High School,Member,2,School
A26-104691,Applicant,ACT-15,High School,Member,4,School
A26-104843,Applicant,ACT-01,High School,Member,3,School
A26-104843,Applicant,ACT-21,High School,Member,3,School
A26-104843,Applicant,ACT-12,High School,Member,3,None
A26-104843,Applicant,ACT-24,High School,Officer,4,None
A26-103918,Applicant,ACT-29,High School,Officer,4,None
A26-103918,Applicant,ACT-05,High School,Member,1,School
A26-103918,Applicant,ACT-03,High School,Member,3,Regional
A26-103918,Applicant,ACT-12,High School,President,1,Regional
A26-103918,Applicant,ACT-17,High School,Member,3,None
A26-103918,Applicant,ACT-19,High School,Officer,4,None
A26-103918,Applicant,ACT-42,High School,Captain,4,None
A26-104317,Applicant,ACT-12,High School,Member,2,State
A26-104317,Applicant,ACT-05,High School,Member,1,None
A26-104317,Applicant,ACT-07,High School,Member,1,None
A26-104317,Applicant,ACT-06,High School,Member,1,School
A26-106780,Applicant,ACT-26,High School,Officer,3,State
A26-106780,Applicant,ACT-01,High School,Member,2,None
A26-106780,Applicant,ACT-15,High School,Officer,3,National
A26-106780,Applicant,ACT-11,High School,Member,3,None
A26-106780,Applicant,ACT-21,High School,Member,1,None
A26-107963,Applicant,ACT-08,High School,President,1,None
A26-107963,Applicant,ACT-21,High School,Member,4,None
A26-107963,Applicant,ACT-12,High School,Officer,4,None
A26-103097,Applicant,ACT-10,High School,Member,4,School
A26-103097,Applicant,ACT-08,High School,Founder,4,None
A26-103097,Applicant,ACT-23,High School,President,4,None
A26-103097,Applicant,ACT-12,High School,Officer,2,None
A26-103097,Applicant,ACT-05,High School,Member,4,School
A26-102043,Applicant,ACT-15,High School,Member,3,School
A26-102043,Applicant,ACT-30,High School,Member,4,School
A26-102043,Applicant,ACT-23,High School,Officer,2,None
A26-102043,Applicant,ACT-03,High School,Officer,2,State
A26-102043,Applicant,ACT-27,High School,Member,2,Regional
A26-102043,Applicant,ACT-13,High School,Member,2,National
A26-103525,Applicant,ACT-01,High School,Officer,3,Regional
A26-103525,Applicant,ACT-19,High School,President,3,School
A26-103525,Applicant,ACT-12,High School,Officer,1,School
A26-105982,Applicant,ACT-01,High School,Member,3,State
A26-105982,Applicant,ACT-04,High School,President,4,Regional
A26-105982,Applicant,ACT-23,High School,Founder,3,Regional
A26-105982,Applicant,ACT-29,High School,Officer,1,None
A26-105982,Applicant,ACT-18,High School,Member,3,Regional
A26-105380,Applicant,ACT-08,High School,Member,3,School
A26-105380,Applicant,ACT-13,High School,Officer,4,None
A26-105380,Applicant,ACT-01,High School,Member,4,None
A26-105380,Applicant,ACT-19,High School,Officer,2,None
A26-104888,Applicant,ACT-12,High School,Officer,3,None
A26-104888,Applicant,ACT-05,High School,President,1,None
A26-104888,Applicant,ACT-17,High School,Member,4,None
A26-104888,Applicant,ACT-04,High School,Captain,4,None
A26-104888,Applicant,ACT-33,High School,Member,2,None
A26-107874,Applicant,ACT-28,High School,Member,2,State
A26-107874,Applicant,ACT-20,High School,Member,1,State
A26-107874,Applicant,ACT-26,High School,Officer,1,None
A26-107874,Applicant,ACT-19,High School,Founder,1,None
A26-107874,Applicant,ACT-12,High School,Member,4,None
A26-100438,Applicant,ACT-05,High School,Member,2,None
A26-100438,Applicant,ACT-16,High School,Member,4,School
A26-100438,Applicant,ACT-07,High School,Member,4,School
A26-100438,Applicant,ACT-11,High School,President,3,Regional
A26-104326,Applicant,ACT-15,High School,Captain,2,School
A26-104326,Applicant,ACT-12,High School,Officer,1,None
A26-104326,Applicant,ACT-16,High School,Officer,3,None
A26-104326,Applicant,ACT-27,High School,Member,2,Regional
A26-104326,Applicant,ACT-23,High School,Officer,3,None
A26-104326,Applicant,ACT-18,High School,Officer,1,School
A26-108095,Applicant,ACT-09,High School,Member,3,State
A26-108095,Applicant,ACT-21,High School,Captain,4,National
A26-108095,Applicant,ACT-07,High School,Member,4,None
A26-108095,Applicant,ACT-12,High School,Captain,2,School
A26-108095,Applicant,ACT-15,High School,Member,1,None
A26-102997,Applicant,ACT-10,High School,Member,1,None
A26-102997,Applicant,ACT-28,High School,Member,1,School
A26-102997,Applicant,ACT-12,High School,Founder,1,None
A26-102997,Applicant,ACT-08,High School,Officer,3,None
A26-102997,Applicant,ACT-17,High School,Officer,2,School
A26-102997,Applicant,ACT-24,High School,Member,1,None
A26-100510,Applicant,ACT-12,High School,Member,2,School
A26-100510,Applicant,ACT-01,High School,Member,2,None
A26-100510,Applicant,ACT-23,High School,Captain,2,None
A26-106539,Applicant,ACT-17,High School,Member,3,None
A26-106539,Applicant,ACT-08,High School,Member,1,State
A26-106539,Applicant,ACT-12,High School,Member,4,None
A26-105206,Applicant,ACT-08,High School,Officer,2,None
A26-105206,Applicant,ACT-12,High School,Member,4,None
A26-105206,Applicant,ACT-30,High School,Captain,1,Regional
A26-105206,Applicant,ACT-46,High School,Member,3,None
A26-103377,Applicant,ACT-07,High School,Member,2,School
A26-103377,Applicant,ACT-08,High School,Member,2,None
A26-103377,Applicant,ACT-01,High School,Member,4,None
A26-103377,Applicant,ACT-29,High School,Member,1,School
A26-103195,Applicant,ACT-21,High School,Member,1,School
A26-103195,Applicant,ACT-23,High School,Member,2,Regional
A26-103195,Applicant,ACT-01,High School,Officer,3,Regional
A26-103195,Applicant,ACT-15,High School,Founder,1,None
A26-100984,Applicant,ACT-26,High School,Member,2,None
A26-100984,Applicant,ACT-24,High School,Member,2,None
A26-100984,Applicant,ACT-21,High School,Member,3,Regional
A26-100984,Applicant,ACT-13,High School,Member,3,None
A26-100984,Applicant,ACT-44,High School,Member,2,None
A26-100204,Applicant,ACT-05,High School,Founder,4,None
A26-100204,Applicant,ACT-22,High School,Member,3,School
A26-100204,Applicant,ACT-12,High School,Member,1,None
A26-100204,Applicant,ACT-13,High School,Officer,3,School
A26-105447,Applicant,ACT-07,High School,President,3,Regional
A26-105447,Applicant,ACT-23,High School,Member,3,None
A26-105447,Applicant,ACT-02,High School,Member,1,School
A26-107628,Applicant,ACT-05,High School,Member,1,National
A26-107628,Applicant,ACT-12,High School,Member,2,None
A26-107628,Applicant,ACT-23,High School,Member,4,None
A26-107628,Applicant,ACT-17,High School,Member,2,Regional
A26-101014,Applicant,ACT-02,High School,President,4,None
A26-101014,Applicant,ACT-25,High School,Member,4,None
A26-101014,Applicant,ACT-23,High School,Member,2,Regional
A26-101014,Applicant,ACT-06,High School,Member,4,Regional
A26-108031,Applicant,ACT-12,High School,Member,3,Regional
A26-108031,Applicant,ACT-24,High School,Founder,3,State
A26-108031,Applicant,ACT-28,High School,Member,2,None
A26-108031,Applicant,ACT-27,High School,Member,3,None
A26-108031,Applicant,ACT-15,High School,Captain,3,State
A26-106182,Applicant,ACT-01,High School,Member,4,School
A26-106182,Applicant,ACT-20,High School,Member,3,None
A26-106182,Applicant,ACT-29,High School,Captain,1,None
A26-106182,Applicant,ACT-12,High School,Member,3,Regional
A26-108377,Applicant,ACT-11,High School,Member,4,School
A26-108377,Applicant,ACT-01,High School,Member,4,None
A26-108377,Applicant,ACT-06,High School,Member,4,Regional
A26-108377,Applicant,ACT-13,High School,Member,2,None
A26-108377,Applicant,ACT-18,High School,Member,4,None
A26-107283,Applicant,ACT-23,High School,Captain,3,None
A26-107283,Applicant,ACT-15,High School,Officer,3,None
A26-107283,Applicant,ACT-26,High School,Captain,3,None
A26-107283,Applicant,ACT-08,High School,President,2,School
A26-107283,Applicant,ACT-01,High School,Member,1,None
A26-105970,Applicant,ACT-26,High School,Member,2,State
A26-105970,Applicant,ACT-23,High School,Officer,2,None
A26-105970,Applicant,ACT-12,High School,Member,2,Regional
A26-105970,Applicant,ACT-18,High School,Member,1,None
A26-105970,Applicant,ACT-27,High School,Officer,3,School
A26-105970,Applicant,ACT-09,High School,Member,1,None
A26-107558,Applicant,ACT-06,High School,Member,2,Regional
A26-107558,Applicant,ACT-10,High School,Member,3,None
A26-107558,Applicant,ACT-27,High School,Member,2,None
A26-107558,Applicant,ACT-44,High School,Member,3,School
A26-102153,Applicant,ACT-06,High School,Member,2,None
A26-102153,Applicant,ACT-12,High School,Member,1,None
A26-102153,Applicant,ACT-15,High School,Captain,4,None
A26-107815,Applicant,ACT-08,High School,Member,4,None
A26-107815,Applicant,ACT-23,High School,Founder,4,Regional
A26-107815,Applicant,ACT-12,High School,Officer,4,None
A26-104525,Applicant,ACT-25,High School,Member,4,None
A26-104525,Applicant,ACT-04,High School,Member,2,State
A26-104525,Applicant,ACT-12,High School,Member,4,State
A26-104525,Applicant,ACT-15,High School,Member,1,None
A26-103986,Applicant,ACT-09,High School,Member,3,None
A26-103986,Applicant,ACT-06,High School,Member,2,School
A26-103986,Applicant,ACT-01,High School,Member,1,None
A26-103986,Applicant,ACT-15,High School,Member,1,Regional
A26-103986,Applicant,ACT-05,High School,Member,3,Regional
A26-103490,Applicant,ACT-29,High School,Member,3,Regional
A26-103490,Applicant,ACT-12,High School,Officer,2,School
A26-103490,Applicant,ACT-09,High School,Member,3,School
A26-103490,Applicant,ACT-07,High School,Officer,1,None
A26-107889,Applicant,ACT-02,High School,President,2,None
A26-107889,Applicant,ACT-16,High School,Member,4,School
A26-107889,Applicant,ACT-08,High School,Member,1,Regional
A26-107889,Applicant,ACT-22,High School,Member,2,Regional
A26-107889,Applicant,ACT-06,High School,Officer,1,School
A26-103644,Applicant,ACT-06,High School,Member,3,National
A26-103644,Applicant,ACT-05,High School,Member,4,School
A26-103644,Applicant,ACT-23,High School,Member,3,None
A26-103644,Applicant,ACT-15,High School,Member,2,School
A26-105051,Applicant,ACT-12,High School,Officer,3,School
A26-105051,Applicant,ACT-06,High School,Member,3,School
A26-105051,Applicant,ACT-23,High School,Founder,1,None
A26-105051,Applicant,ACT-22,High School,Member,2,School
A26-105051,Applicant,ACT-07,High School,Member,3,None
A26-104011,Applicant,ACT-20,High School,Officer,4,None
A26-104011,Applicant,ACT-06,High School,Member,2,State
A26-104011,Applicant,ACT-17,High School,Member,1,None
A26-108145,Applicant,ACT-05,High School,Captain,3,None
A26-108145,Applicant,ACT-15,High School,Member,4,None
A26-108145,Applicant,ACT-06,High School,Captain,3,Regional
A26-101232,Applicant,ACT-12,High School,Member,2,School
A26-101232,Applicant,ACT-20,High School,Member,3,None
A26-101232,Applicant,ACT-08,High School,Officer,3,None
A26-105077,Applicant,ACT-07,High School,Member,4,None
A26-105077,Applicant,ACT-12,High School,Member,3,None
A26-105077,Applicant,ACT-04,High School,Captain,4,School
A26-105077,Applicant,ACT-29,High School,Officer,3,School
A26-101564,Applicant,ACT-05,High School,Officer,1,School
A26-101564,Applicant,ACT-07,High School,Member,2,None
A26-101564,Applicant,ACT-12,High School,Member,3,None
A26-101564,Applicant,ACT-25,High School,Member,3,State
A26-101564,Applicant,ACT-23,High School,Member,4,State
A26-101564,Applicant,ACT-15,High School,Member,2,None
A26-100976,Applicant,ACT-22,High School,Member,1,None
A26-100976,Applicant,ACT-23,High School,Member,4,None
A26-100976,Applicant,ACT-12,High School,Member,3,None
A26-100976,Applicant,ACT-08,High School,Officer,4,None
A26-100935,Applicant,ACT-11,High School,Member,4,Regional
A26-100935,Applicant,ACT-23,High School,Member,3,None
A26-100935,Applicant,ACT-16,High School,Officer,4,School
A26-100935,Applicant,ACT-27,High School,Member,3,None
A26-100935,Applicant,ACT-22,High School,Member,4,School
A26-100935,Applicant,ACT-15,High School,Officer,3,School
A26-102514,Applicant,ACT-07,High School,Member,1,School
A26-102514,Applicant,ACT-08,High School,Officer,3,Regional
A26-102514,Applicant,ACT-20,High School,Member,1,None
A26-102514,Applicant,ACT-12,High School,Officer,1,State
A26-102802,Applicant,ACT-08,High School,Member,4,None
A26-102802,Applicant,ACT-25,High School,Member,2,None
A26-102802,Applicant,ACT-07,High School,Member,4,None
A26-102802,Applicant,ACT-20,High School,Member,2,None
A26-101771,Applicant,ACT-12,High School,Member,1,State
A26-101771,Applicant,ACT-23,High School,Member,1,Regional
A26-101771,Applicant,ACT-08,High School,Captain,2,None
A26-101771,Applicant,ACT-01,High School,Member,3,None
A26-100542,Applicant,ACT-12,High School,Member,4,None
A26-100542,Applicant,ACT-04,High School,Member,3,None
A26-100542,Applicant,ACT-19,High School,Member,2,None
A26-101582,Applicant,ACT-28,High School,Officer,3,School
A26-101582,Applicant,ACT-15,High School,Member,3,None
A26-101582,Applicant,ACT-01,High School,Member,4,None
A26-101582,Applicant,ACT-11,High School,Officer,2,State
A26-108197,Applicant,ACT-20,High School,Member,1,None
A26-108197,Applicant,ACT-07,High School,Officer,4,Regional
A26-108197,Applicant,ACT-11,High School,Member,2,None
A26-108197,Applicant,ACT-25,High School,Officer,1,None
A26-106922,Applicant,ACT-17,High School,Officer,2,None
A26-106922,Applicant,ACT-13,High School,Member,3,School
A26-106922,Applicant,ACT-20,High School,Captain,3,None
A26-106922,Applicant,ACT-12,High School,Officer,2,None
A26-106922,Applicant,ACT-08,High School,Officer,4,None
A26-103362,Applicant,ACT-12,High School,Officer,3,None
A26-103362,Applicant,ACT-11,High School,Member,3,None
A26-103362,Applicant,ACT-04,High School,Founder,1,None
A26-103362,Applicant,ACT-29,High School,Member,2,None
A26-107794,Applicant,ACT-21,High School,Member,2,National
A26-107794,Applicant,ACT-06,High School,Member,2,State
A26-107794,Applicant,ACT-13,High School,Member,1,None
A26-107794,Applicant,ACT-12,High School,Officer,4,None
A26-107794,Applicant,ACT-23,High School,Member,1,None
A26-107794,Applicant,ACT-28,High School,Captain,1,State
A26-101284,Applicant,ACT-31,High School,Member,4,None
A26-101284,Applicant,ACT-19,High School,Officer,4,None
A26-101284,Applicant,ACT-05,High School,Member,2,School
A26-107052,Applicant,ACT-07,High School,Member,3,Regional
A26-107052,Applicant,ACT-20,High School,Officer,4,Regional
A26-107052,Applicant,ACT-14,High School,Member,1,School
A26-107052,Applicant,ACT-25,High School,Officer,3,None
A26-106569,Applicant,ACT-12,High School,Member,4,National
A26-106569,Applicant,ACT-17,High School,Officer,4,None
A26-106569,Applicant,ACT-27,High School,Member,3,School
A26-106569,Applicant,ACT-21,High School,Officer,1,School
A26-106569,Applicant,ACT-06,High School,Member,2,State
A26-106569,Applicant,ACT-39,High School,Member,4,None
A26-100998,Applicant,ACT-23,High School,Member,1,None
A26-100998,Applicant,ACT-14,High School,Officer,2,None
A26-100998,Applicant,ACT-15,High School,Officer,3,None
A26-100998,Applicant,ACT-02,High School,Member,2,None
A26-100998,Applicant,ACT-30,High School,Member,3,State
A26-100998,Applicant,ACT-45,High School,Member,3,None
A26-101780,Applicant,ACT-25,High School,Officer,4,State
A26-101780,Applicant,ACT-24,High School,Member,1,State
A26-101780,Applicant,ACT-17,High School,Member,1,National
A26-101147,Applicant,ACT-13,High School,Member,3,None
A26-101147,Applicant,ACT-23,High School,Member,4,School
A26-101147,Applicant,ACT-02,High School,Member,3,None
A26-101147,Applicant,ACT-31,High School,Captain,1,Regional
A26-101147,Applicant,ACT-26,High School,Member,1,None
A26-101147,Applicant,ACT-12,High School,Captain,2,School
A26-103963,Applicant,ACT-12,High School,Member,1,None
A26-103963,Applicant,ACT-29,High School,Member,2,None
A26-103963,Applicant,ACT-21,High School,Captain,4,None
A26-104901,Applicant,ACT-11,High School,Founder,3,State
A26-104901,Applicant,ACT-14,High School,President,2,None
A26-104901,Applicant,ACT-21,High School,Captain,4,None
A26-104901,Applicant,ACT-08,High School,Member,1,None
A26-104901,Applicant,ACT-12,High School,Member,3,State
A26-104901,Applicant,ACT-15,High School,Member,1,None
A26-104901,Applicant,ACT-33,High School,Member,4,None
A26-105898,Applicant,ACT-13,High School,Member,2,None
A26-105898,Applicant,ACT-09,High School,Member,3,State
A26-105898,Applicant,ACT-25,High School,Member,3,None
A26-105898,Applicant,ACT-02,High School,Member,1,Regional
A26-105898,Applicant,ACT-07,High School,President,2,Regional
A26-103545,Applicant,ACT-22,High School,Member,2,None
A26-103545,Applicant,ACT-19,High School,Member,4,School
A26-103545,Applicant,ACT-26,High School,Captain,3,National
A26-103545,Applicant,ACT-23,High School,Member,1,None
A26-103681,Applicant,ACT-14,High School,Member,4,Regional
A26-103681,Applicant,ACT-13,High School,Member,2,None
A26-103681,Applicant,ACT-15,High School,Member,4,State
A26-103681,Applicant,ACT-08,High School,Member,1,None
A26-103681,Applicant,ACT-32,High School,Member,3,None
A26-103612,Applicant,ACT-15,High School,Member,2,None
A26-103612,Applicant,ACT-17,High School,Member,1,None
A26-103612,Applicant,ACT-08,High School,Member,3,National
A26-103612,Applicant,ACT-06,High School,Member,2,School
A26-103612,Applicant,ACT-01,High School,Member,4,None
A26-103612,Applicant,ACT-09,High School,Member,2,School
A26-104208,Applicant,ACT-21,High School,Member,4,School
A26-104208,Applicant,ACT-30,High School,Member,4,School
A26-104208,Applicant,ACT-04,High School,Officer,3,State
A26-105134,Applicant,ACT-07,High School,Member,2,School
A26-105134,Applicant,ACT-20,High School,Member,4,None
A26-105134,Applicant,ACT-17,High School,Member,4,None
A26-105134,Applicant,ACT-27,High School,Member,4,Regional
A26-105134,Applicant,ACT-12,High School,Member,1,State
A26-105134,Applicant,ACT-03,High School,President,1,Regional
A26-107679,Applicant,ACT-30,High School,Founder,2,None
A26-107679,Applicant,ACT-27,High School,Officer,3,None
A26-107679,Applicant,ACT-06,High School,Member,4,National
A26-105535,Applicant,ACT-31,High School,Officer,3,School
A26-105535,Applicant,ACT-10,High School,Member,1,Regional
A26-105535,Applicant,ACT-12,High School,Member,3,State
A26-104850,Applicant,ACT-09,High School,Member,1,None
A26-104850,Applicant,ACT-22,High School,Member,3,School
A26-104850,Applicant,ACT-18,High School,Founder,4,None
A26-104850,Applicant,ACT-30,High School,Captain,4,None
A26-104269,Applicant,ACT-12,High School,Officer,3,School
A26-104269,Applicant,ACT-10,High School,President,1,None
A26-104269,Applicant,ACT-13,High School,Member,4,National
A26-104269,Applicant,ACT-23,High School,Officer,4,Regional
A26-104269,Applicant,ACT-16,High School,Member,1,Regional
A26-101849,Applicant,ACT-23,High School,Captain,2,None
A26-101849,Applicant,ACT-21,High School,Captain,2,Regional
A26-101849,Applicant,ACT-12,High School,Officer,4,State
A26-105927,Applicant,ACT-09,High School,Officer,4,None
A26-105927,Applicant,ACT-01,High School,Member,4,Regional
A26-105927,Applicant,ACT-15,High School,Member,3,School
A26-105927,Applicant,ACT-23,High School,Member,4,Regional
A26-104087,Applicant,ACT-16,High School,Member,3,None
A26-104087,Applicant,ACT-12,High School,President,2,None
A26-104087,Applicant,ACT-20,High School,Captain,1,Regional
A26-104087,Applicant,ACT-06,High School,President,3,Regional
A26-102916,Applicant,ACT-19,High School,Member,1,None
A26-102916,Applicant,ACT-12,High School,Member,1,School
A26-102916,Applicant,ACT-27,High School,Member,1,None
A26-102006,Applicant,ACT-25,High School,Member,3,Regional
A26-102006,Applicant,ACT-15,High School,Officer,1,Regional
A26-102006,Applicant,ACT-18,High School,Member,1,None
A26-103624,Applicant,ACT-23,High School,Officer,3,None
A26-103624,Applicant,ACT-15,High School,Member,1,None
A26-103624,Applicant,ACT-09,High School,Member,1,None
A26-105513,Applicant,ACT-12,High School,Member,4,School
A26-105513,Applicant,ACT-09,High School,Officer,3,School
A26-105513,Applicant,ACT-16,High School,Officer,1,None
A26-105513,Applicant,ACT-21,High School,Captain,4,School
A26-107382,Applicant,ACT-13,High School,Member,4,Regional
A26-107382,Applicant,ACT-09,High School,Officer,2,State
A26-107382,Applicant,ACT-19,High School,Member,1,None
A26-104073,Applicant,ACT-12,High School,Member,4,Regional
A26-104073,Applicant,ACT-11,High School,Captain,1,None
A26-104073,Applicant,ACT-08,High School,Member,4,None
A26-104073,Applicant,ACT-02,High School,Member,2,School
A26-101768,Applicant,ACT-03,High School,Officer,1,None
A26-101768,Applicant,ACT-09,High School,Member,4,School
A26-101768,Applicant,ACT-07,High School,Captain,2,Regional
A26-101768,Applicant,ACT-12,High School,Officer,4,None
A26-101768,Applicant,ACT-13,High School,Member,3,Regional
A26-105942,Applicant,ACT-19,High School,Member,2,State
A26-105942,Applicant,ACT-07,High School,President,4,School
A26-105942,Applicant,ACT-01,High School,President,1,School
A26-105942,Applicant,ACT-23,High School,Member,3,None
A26-105942,Applicant,ACT-28,High School,Founder,4,National
A26-105942,Applicant,ACT-42,High School,Member,3,None
A26-104675,Applicant,ACT-10,High School,Officer,2,Regional
A26-104675,Applicant,ACT-12,High School,Officer,4,Regional
A26-104675,Applicant,ACT-23,High School,Member,1,School
A26-104675,Applicant,ACT-01,High School,Member,3,Regional
A26-101307,Applicant,ACT-06,High School,Member,2,None
A26-101307,Applicant,ACT-28,High School,Member,4,National
A26-101307,Applicant,ACT-14,High School,Member,3,Regional
A26-101307,Applicant,ACT-29,High School,Member,1,None
A26-103674,Applicant,ACT-12,High School,Member,1,None
A26-103674,Applicant,ACT-19,High School,Member,3,School
A26-103674,Applicant,ACT-29,High School,Member,3,None
A26-103674,Applicant,ACT-13,High School,Founder,4,School
A26-103674,Applicant,ACT-08,High School,Member,4,None
A26-101658,Applicant,ACT-11,High School,Member,3,School
A26-101658,Applicant,ACT-06,High School,Captain,3,School
A26-101658,Applicant,ACT-17,High School,Member,1,None
A26-101658,Applicant,ACT-15,High School,Member,2,School
A26-101658,Applicant,ACT-23,High School,Member,4,Regional
A26-101658,Applicant,ACT-08,High School,Member,1,None
A26-105171,Applicant,ACT-01,High School,Officer,1,School
A26-105171,Applicant,ACT-12,High School,Officer,4,None
A26-105171,Applicant,ACT-06,High School,Officer,4,None
A26-105171,Applicant,ACT-23,High School,Officer,2,None
A26-105171,Applicant,ACT-15,High School,Member,3,None
A26-107805,Applicant,ACT-23,High School,Member,3,None
A26-107805,Applicant,ACT-07,High School,Member,2,None
A26-107805,Applicant,ACT-14,High School,Captain,2,None
A26-107805,Applicant,ACT-15,High School,Captain,1,None
A26-104382,Applicant,ACT-28,High School,Captain,2,Regional
A26-104382,Applicant,ACT-26,High School,Officer,4,None
A26-104382,Applicant,ACT-12,High School,Captain,4,Regional
A26-104382,Applicant,ACT-01,High School,Officer,2,Regional
A26-104382,Applicant,ACT-13,High School,Officer,2,None
A26-104382,Applicant,ACT-16,High School,Member,3,None
A26-106872,Applicant,ACT-19,High School,Member,1,School
A26-106872,Applicant,ACT-11,High School,Officer,4,None
A26-106872,Applicant,ACT-27,High School,Member,2,None
A26-106872,Applicant,ACT-21,High School,Officer,1,None
A26-106872,Applicant,ACT-05,High School,Member,1,None
A26-105226,Applicant,ACT-25,High School,Captain,3,None
A26-105226,Applicant,ACT-01,High School,Member,3,None
A26-105226,Applicant,ACT-19,High School,Officer,2,None
A26-105226,Applicant,ACT-12,High School,Member,3,None
A26-105226,Applicant,ACT-47,High School,Member,2,None
A26-105784,Applicant,ACT-07,High School,Member,3,None
A26-105784,Applicant,ACT-14,High School,Member,2,None
A26-105784,Applicant,ACT-12,High School,Officer,3,State
A26-105784,Applicant,ACT-03,High School,Officer,4,None
A26-105784,Applicant,ACT-23,High School,Member,3,None
A26-106483,Applicant,ACT-22,High School,Officer,4,None
A26-106483,Applicant,ACT-15,High School,Member,1,None
A26-106483,Applicant,ACT-13,High School,Officer,3,None
A26-106483,Applicant,ACT-06,High School,Member,4,None
A26-106483,Applicant,ACT-23,High School,Member,2,None
A26-106483,Applicant,ACT-05,High School,Member,2,School
A26-103084,Applicant,ACT-23,High School,Member,2,None
A26-103084,Applicant,ACT-09,High School,Member,1,None
A26-103084,Applicant,ACT-15,High School,Officer,4,School
A26-107850,Applicant,ACT-30,High School,Member,1,None
A26-107850,Applicant,ACT-23,High School,Member,4,None
A26-107850,Applicant,ACT-07,High School,Captain,2,None
A26-107850,Applicant,ACT-12,High School,Member,3,None
A26-107098,Applicant,ACT-15,High School,Member,2,School
A26-107098,Applicant,ACT-08,High School,Member,1,School
A26-107098,Applicant,ACT-23,High School,Member,3,None
A26-107098,Applicant,ACT-14,High School,Member,1,None
A26-107098,Applicant,ACT-12,High School,Member,3,School
A26-106369,Applicant,ACT-14,High School,Member,4,School
A26-106369,Applicant,ACT-25,High School,Member,4,None
A26-106369,Applicant,ACT-30,High School,Member,1,State
A26-106369,Applicant,ACT-07,High School,Officer,4,None
A26-106369,Applicant,ACT-05,High School,President,4,National
A26-102774,Applicant,ACT-23,High School,Officer,2,None
A26-102774,Applicant,ACT-12,High School,Member,4,None
A26-102774,Applicant,ACT-05,High School,Member,1,None
A26-102774,Applicant,ACT-07,High School,Officer,3,State
A26-102302,Applicant,ACT-07,High School,Member,3,School
A26-102302,Applicant,ACT-12,High School,Member,2,State
A26-102302,Applicant,ACT-17,High School,Officer,3,None
A26-102302,Applicant,ACT-08,High School,Member,3,State
A26-106345,Applicant,ACT-12,High School,Member,1,None
A26-106345,Applicant,ACT-01,High School,Member,1,None
A26-106345,Applicant,ACT-23,High School,President,1,None
A26-106345,Applicant,ACT-04,High School,Member,3,Regional
A26-106345,Applicant,ACT-27,High School,Member,2,None
A26-106345,Applicant,ACT-09,High School,Member,1,None
A26-100004,Applicant,ACT-12,High School,Member,4,National
A26-100004,Applicant,ACT-04,High School,Member,2,None
A26-100004,Applicant,ACT-01,High School,Member,2,School
A26-100004,Applicant,ACT-15,High School,Officer,4,None
A26-100004,Applicant,ACT-26,High School,Member,3,School
A26-100530,Applicant,ACT-04,High School,Member,4,None
A26-100530,Applicant,ACT-12,High School,Officer,2,State
A26-100530,Applicant,ACT-30,High School,Member,4,National
A26-100530,Applicant,ACT-17,High School,Officer,2,School
A26-100530,Applicant,ACT-07,High School,Member,4,Regional
A26-100530,Applicant,ACT-19,High School,Member,3,Regional
A26-106694,Applicant,ACT-13,High School,Member,3,None
A26-106694,Applicant,ACT-11,High School,Member,3,School
A26-106694,Applicant,ACT-15,High School,Member,2,None
A26-106694,Applicant,ACT-08,High School,Officer,2,Regional
A26-104219,Applicant,ACT-01,High School,Officer,3,None
A26-104219,Applicant,ACT-12,High School,Member,2,School
A26-104219,Applicant,ACT-23,High School,Member,3,Regional
A26-104219,Applicant,ACT-06,High School,Officer,4,None
A26-104219,Applicant,ACT-21,High School,Member,3,School
A26-100559,Applicant,ACT-23,High School,Captain,2,Regional
A26-100559,Applicant,ACT-05,High School,Member,4,Regional
A26-100559,Applicant,ACT-30,High School,Member,3,Regional
A26-106653,Applicant,ACT-12,High School,Officer,4,None
A26-106653,Applicant,ACT-15,High School,Captain,1,Regional
A26-106653,Applicant,ACT-18,High School,Member,4,None
A26-106653,Applicant,ACT-20,High School,Member,2,None
A26-107362,Applicant,ACT-01,High School,Member,3,None
A26-107362,Applicant,ACT-28,High School,Officer,1,Regional
A26-107362,Applicant,ACT-05,High School,Member,1,None
A26-107362,Applicant,ACT-08,High School,Officer,1,National
A26-102828,Applicant,ACT-09,High School,Member,2,State
A26-102828,Applicant,ACT-15,High School,Officer,1,None
A26-102828,Applicant,ACT-06,High School,Member,3,School
A26-102828,Applicant,ACT-16,High School,Member,1,Regional
A26-107698,Applicant,ACT-05,High School,Officer,3,None
A26-107698,Applicant,ACT-23,High School,Member,3,None
A26-107698,Applicant,ACT-15,High School,President,1,None
A26-107698,Applicant,ACT-13,High School,Captain,2,Regional
A26-103353,Applicant,ACT-05,High School,Member,1,None
A26-103353,Applicant,ACT-24,High School,Member,4,None
A26-103353,Applicant,ACT-31,High School,Member,3,Regional
A26-107970,Applicant,ACT-13,High School,Officer,1,None
A26-107970,Applicant,ACT-12,High School,Member,1,None
A26-107970,Applicant,ACT-23,High School,Member,3,School
A26-107970,Applicant,ACT-01,High School,Member,2,None
A26-107970,Applicant,ACT-21,High School,Captain,4,School
A26-104424,Applicant,ACT-04,High School,Officer,3,None
A26-104424,Applicant,ACT-26,High School,Member,3,None
A26-104424,Applicant,ACT-12,High School,Officer,4,None
A26-104424,Applicant,ACT-23,High School,Captain,2,Regional
A26-104424,Applicant,ACT-31,High School,Member,1,None
A26-100067,Applicant,ACT-23,High School,Officer,4,Regional
A26-100067,Applicant,ACT-21,High School,Member,4,None
A26-100067,Applicant,ACT-06,High School,Officer,4,None
A26-100067,Applicant,ACT-04,High School,Captain,1,None
A26-100067,Applicant,ACT-15,High School,President,1,School
A26-103115,Applicant,ACT-11,High School,Founder,1,None
A26-103115,Applicant,ACT-06,High School,Captain,3,None
A26-103115,Applicant,ACT-10,High School,Member,3,None
A26-103115,Applicant,ACT-13,High School,Officer,3,None
A26-102110,Applicant,ACT-17,High School,Member,2,Regional
A26-102110,Applicant,ACT-29,High School,Member,1,School
A26-102110,Applicant,ACT-15,High School,Officer,4,None
A26-102110,Applicant,ACT-38,High School,Member,2,None
A26-104118,Applicant,ACT-07,High School,Officer,4,None
A26-104118,Applicant,ACT-13,High School,Member,3,School
A26-104118,Applicant,ACT-18,High School,Captain,1,School
A26-104118,Applicant,ACT-25,High School,Member,1,None
A26-100896,Applicant,ACT-09,High School,President,3,Regional
A26-100896,Applicant,ACT-12,High School,Member,3,State
A26-100896,Applicant,ACT-06,High School,Member,1,None
A26-103478,Applicant,ACT-12,High School,Member,2,None
A26-103478,Applicant,ACT-01,High School,Member,3,Regional
A26-103478,Applicant,ACT-21,High School,Member,1,None
A26-103478,Applicant,ACT-08,High School,Member,2,None
A26-103478,Applicant,ACT-15,High School,Member,4,Regional
A26-103478,Applicant,ACT-23,High School,Member,3,None
A26-106440,Applicant,ACT-23,High School,Member,2,State
A26-106440,Applicant,ACT-09,High School,Member,1,State
A26-106440,Applicant,ACT-12,High School,Member,3,Regional
A26-106440,Applicant,ACT-36,High School,Member,4,None
A26-100644,Applicant,ACT-14,High School,Member,1,None
A26-100644,Applicant,ACT-15,High School,Member,4,None
A26-100644,Applicant,ACT-24,High School,Member,4,School
A26-100644,Applicant,ACT-29,High School,Officer,2,None
A26-105503,Applicant,ACT-01,High School,Member,4,None
A26-105503,Applicant,ACT-12,High School,Member,2,None
A26-105503,Applicant,ACT-06,High School,Member,3,Regional
A26-105503,Applicant,ACT-43,High School,Member,3,None
A26-102759,Applicant,ACT-09,High School,Member,4,National
A26-102759,Applicant,ACT-08,High School,Member,4,None
A26-102759,Applicant,ACT-23,High School,Member,4,School
A26-102759,Applicant,ACT-21,High School,Member,2,National
A26-102759,Applicant,ACT-30,High School,Member,2,None
A26-107222,Applicant,ACT-23,High School,Member,3,None
A26-107222,Applicant,ACT-12,High School,Captain,1,School
A26-107222,Applicant,ACT-19,High School,Member,1,None
A26-104188,Applicant,ACT-02,High School,Founder,3,None
A26-104188,Applicant,ACT-15,High School,Member,4,None
A26-104188,Applicant,ACT-17,High School,Member,3,None
A26-105089,Applicant,ACT-06,High School,Member,1,National
A26-105089,Applicant,ACT-12,High School,Captain,2,None
A26-105089,Applicant,ACT-21,High School,Member,2,School
A26-105089,Applicant,ACT-13,High School,Member,1,State
A26-105089,Applicant,ACT-01,High School,Captain,1,School
A26-108010,Applicant,ACT-12,High School,Officer,2,School
A26-108010,Applicant,ACT-19,High School,Captain,1,School
A26-108010,Applicant,ACT-20,High School,Member,2,School
A26-107009,Applicant,ACT-05,High School,Member,4,None
A26-107009,Applicant,ACT-12,High School,Officer,1,School
A26-107009,Applicant,ACT-03,High School,President,1,Regional
A26-107009,Applicant,ACT-15,High School,Officer,2,None
A26-107009,Applicant,ACT-06,High School,Member,4,None
A26-107009,Applicant,ACT-27,High School,Member,1,Regional
A26-105264,Applicant,ACT-28,High School,Member,1,Regional
A26-105264,Applicant,ACT-23,High School,Officer,4,Regional
A26-105264,Applicant,ACT-02,High School,Member,2,None
A26-105264,Applicant,ACT-18,High School,Founder,1,National
A26-100712,Applicant,ACT-03,High School,Member,1,State
A26-100712,Applicant,ACT-12,High School,Member,2,School
A26-100712,Applicant,ACT-15,High School,President,2,School
A26-100712,Applicant,ACT-04,High School,Officer,1,State
A26-100712,Applicant,ACT-28,High School,President,2,None
A26-100955,Applicant,ACT-31,High School,Member,3,State
A26-100955,Applicant,ACT-21,High School,Member,2,State
A26-100955,Applicant,ACT-03,High School,Officer,3,None
A26-100955,Applicant,ACT-23,High School,President,4,Regional
A26-104668,Applicant,ACT-15,High School,President,1,None
A26-104668,Applicant,ACT-12,High School,Member,1,None
A26-104668,Applicant,ACT-23,High School,Member,3,State
A26-107458,Applicant,ACT-05,High School,Officer,2,None
A26-107458,Applicant,ACT-23,High School,Founder,2,None
A26-107458,Applicant,ACT-12,High School,Officer,3,Regional
A26-107458,Applicant,ACT-37,High School,Captain,3,None
A26-100425,Applicant,ACT-08,High School,Member,4,None
A26-100425,Applicant,ACT-06,High School,Founder,1,State
A26-100425,Applicant,ACT-09,High School,Member,2,None
A26-100425,Applicant,ACT-10,High School,Member,3,School
A26-100425,Applicant,ACT-16,High School,Officer,2,None
A26-100425,Applicant,ACT-01,High School,Captain,1,School
A26-101623,Applicant,ACT-12,High School,President,4,None
A26-101623,Applicant,ACT-05,High School,Member,3,None
A26-101623,Applicant,ACT-06,High School,Member,2,None
A26-101623,Applicant,ACT-43,High School,Member,3,School
A26-104337,Applicant,ACT-23,High School,Member,4,None
A26-104337,Applicant,ACT-12,High School,Member,1,None
A26-104337,Applicant,ACT-27,High School,Member,4,School
A26-104337,Applicant,ACT-10,High School,Officer,1,None
A26-104337,Applicant,ACT-28,High School,Member,1,None
A26-107169,Applicant,ACT-11,High School,Member,1,School
A26-107169,Applicant,ACT-21,High School,Officer,3,None
A26-107169,Applicant,ACT-29,High School,Member,1,School
A26-107169,Applicant,ACT-17,High School,Member,4,None
A26-107169,Applicant,ACT-23,High School,President,2,None
A26-100323,Applicant,ACT-19,High School,Member,2,School
A26-100323,Applicant,ACT-18,High School,President,3,School
A26-100323,Applicant,ACT-05,High School,Member,1,None
A26-100323,Applicant,ACT-02,High School,Member,2,State
A26-103753,Applicant,ACT-21,High School,Officer,3,School
A26-103753,Applicant,ACT-13,High School,Member,2,School
A26-103753,Applicant,ACT-12,High School,Member,4,None
A26-103753,Applicant,ACT-14,High School,Member,1,State
A26-103753,Applicant,ACT-27,High School,Officer,3,None
A26-104769,Applicant,ACT-17,High School,Member,1,None
A26-104769,Applicant,ACT-22,High School,Member,2,Regional
A26-104769,Applicant,ACT-01,High School,Member,3,School
A26-104769,Applicant,ACT-38,High School,Captain,4,School
A26-100944,Applicant,ACT-08,High School,Member,2,None
A26-100944,Applicant,ACT-02,High School,Member,1,Regional
A26-100944,Applicant,ACT-20,High School,Member,3,School
A26-105020,Applicant,ACT-02,High School,Member,2,National
A26-105020,Applicant,ACT-17,High School,Captain,1,School
A26-105020,Applicant,ACT-12,High School,Member,2,None
A26-105020,Applicant,ACT-30,High School,Member,1,None
A26-105020,Applicant,ACT-23,High School,Officer,3,None
A26-105020,Applicant,ACT-42,High School,Member,3,None
A26-102080,Applicant,ACT-10,High School,Officer,3,None
A26-102080,Applicant,ACT-17,High School,Officer,1,None
A26-102080,Applicant,ACT-25,High School,Captain,4,None
A26-105416,Applicant,ACT-23,High School,President,3,Regional
A26-105416,Applicant,ACT-15,High School,President,1,School
A26-105416,Applicant,ACT-02,High School,Member,4,None
A26-105546,Applicant,ACT-06,High School,Officer,3,School
A26-105546,Applicant,ACT-23,High School,Member,1,State
A26-105546,Applicant,ACT-24,High School,Member,2,None
A26-105546,Applicant,ACT-12,High School,Officer,3,None
A26-105546,Applicant,ACT-13,High School,Member,3,State
A26-107590,Applicant,ACT-12,High School,Captain,2,None
A26-107590,Applicant,ACT-27,High School,Member,4,None
A26-107590,Applicant,ACT-21,High School,Officer,1,None
A26-107989,Applicant,ACT-15,High School,President,3,State
A26-107989,Applicant,ACT-31,High School,Member,4,None
A26-107989,Applicant,ACT-17,High School,Member,3,State
A26-105408,Applicant,ACT-05,High School,Member,4,School
A26-105408,Applicant,ACT-29,High School,Officer,2,None
A26-105408,Applicant,ACT-20,High School,Officer,4,None
A26-105408,Applicant,ACT-24,High School,Officer,4,None
A26-105408,Applicant,ACT-18,High School,Member,1,School
A26-100859,Applicant,ACT-12,High School,President,3,None
A26-100859,Applicant,ACT-07,High School,Member,4,None
A26-100859,Applicant,ACT-29,High School,Officer,2,School
A26-100859,Applicant,ACT-23,High School,Member,3,Regional
A26-103454,Applicant,ACT-12,High School,Officer,2,None
A26-103454,Applicant,ACT-03,High School,Member,3,School
A26-103454,Applicant,ACT-14,High School,President,4,None
A26-103454,Applicant,ACT-17,High School,Member,3,School
A26-103454,Applicant,ACT-23,High School,Officer,3,None
A26-103454,Applicant,ACT-02,High School,Officer,1,None
A26-103454,Applicant,ACT-32,High School,Captain,4,Regional
A26-103715,Applicant,ACT-27,High School,Member,3,National
A26-103715,Applicant,ACT-20,High School,Member,3,None
A26-103715,Applicant,ACT-15,High School,Officer,2,None
A26-106562,Applicant,ACT-09,High School,Member,2,State
A26-106562,Applicant,ACT-12,High School,Member,1,None
A26-106562,Applicant,ACT-23,High School,Member,3,None
A26-106562,Applicant,ACT-08,High School,Captain,4,National
A26-106905,Applicant,ACT-12,High School,Member,2,None
A26-106905,Applicant,ACT-23,High School,Member,4,School
A26-106905,Applicant,ACT-17,High School,Member,3,Regional
A26-106905,Applicant,ACT-06,High School,Member,4,None
A26-106905,Applicant,ACT-15,High School,Member,1,State
A26-102638,Applicant,ACT-29,High School,Officer,1,Regional
A26-102638,Applicant,ACT-27,High School,Officer,3,None
A26-102638,Applicant,ACT-26,High School,Member,2,State
A26-102638,Applicant,ACT-06,High School,Member,1,State
A26-102638,Applicant,ACT-13,High School,Member,1,None
A26-102638,Applicant,ACT-35,High School,Captain,4,None
A26-100962,Applicant,ACT-09,High School,Member,2,None
A26-100962,Applicant,ACT-18,High School,Member,2,School
A26-100962,Applicant,ACT-10,High School,Member,2,State
A26-100321,Applicant,ACT-09,High School,Member,2,None
A26-100321,Applicant,ACT-08,High School,Captain,3,None
A26-100321,Applicant,ACT-03,High School,Captain,2,None
A26-100321,Applicant,ACT-06,High School,Captain,4,Regional
A26-102842,Applicant,ACT-09,High School,Member,2,State
A26-102842,Applicant,ACT-04,High School,Member,1,School
A26-102842,Applicant,ACT-05,High School,Member,3,Regional
A26-102842,Applicant,ACT-02,High School,Member,4,None
A26-108367,Applicant,ACT-15,High School,Member,1,Regional
A26-108367,Applicant,ACT-09,High School,Captain,4,None
A26-108367,Applicant,ACT-29,High School,Member,3,School
A26-105614,Applicant,ACT-23,High School,Member,3,School
A26-105614,Applicant,ACT-15,High School,Member,1,School
A26-105614,Applicant,ACT-27,High School,Member,2,National
A26-105614,Applicant,ACT-08,High School,Member,2,Regional
A26-105029,Applicant,ACT-07,High School,Captain,3,Regional
A26-105029,Applicant,ACT-12,High School,Member,1,School
A26-105029,Applicant,ACT-15,High School,Member,4,None
A26-105029,Applicant,ACT-08,High School,Member,1,None
A26-103388,Applicant,ACT-08,High School,Member,3,None
A26-103388,Applicant,ACT-12,High School,President,3,None
A26-103388,Applicant,ACT-04,High School,Officer,4,None
A26-103257,Applicant,ACT-08,High School,Officer,4,Regional
A26-103257,Applicant,ACT-15,High School,Officer,4,Regional
A26-103257,Applicant,ACT-26,High School,Member,1,School
A26-103257,Applicant,ACT-01,High School,Member,3,State
A26-103257,Applicant,ACT-19,High School,Officer,1,None
A26-103257,Applicant,ACT-12,High School,Officer,2,None
A26-102575,Applicant,ACT-05,High School,Member,1,School
A26-102575,Applicant,ACT-12,High School,Member,1,National
A26-102575,Applicant,ACT-14,High School,Member,2,School
A26-102896,Applicant,ACT-02,High School,Member,1,Regional
A26-102896,Applicant,ACT-08,High School,Founder,1,None
A26-102896,Applicant,ACT-06,High School,Member,1,None
A26-107395,Applicant,ACT-01,High School,Member,3,None
A26-107395,Applicant,ACT-12,High School,Captain,2,Regional
A26-107395,Applicant,ACT-05,High School,Member,3,None
A26-107395,Applicant,ACT-08,High School,Founder,3,None
A26-105582,Applicant,ACT-12,High School,Member,4,None
A26-105582,Applicant,ACT-24,High School,Member,1,School
A26-105582,Applicant,ACT-08,High School,Member,1,School
A26-105582,Applicant,ACT-27,High School,Officer,2,School
A26-105582,Applicant,ACT-21,High School,Officer,1,School
A26-101817,Applicant,ACT-09,High School,Member,4,None
A26-101817,Applicant,ACT-27,High School,Member,3,None
A26-101817,Applicant,ACT-06,High School,Member,2,School
A26-105974,Applicant,ACT-09,High School,Member,3,None
A26-105974,Applicant,ACT-13,High School,Member,4,None
A26-105974,Applicant,ACT-03,High School,Officer,1,Regional
A26-102244,Applicant,ACT-26,High School,Officer,4,None
A26-102244,Applicant,ACT-12,High School,Member,2,None
A26-102244,Applicant,ACT-15,High School,Officer,4,None
A26-104303,Applicant,ACT-25,High School,Founder,1,School
A26-104303,Applicant,ACT-12,High School,Member,2,State
A26-104303,Applicant,ACT-23,High School,Member,3,None
A26-104303,Applicant,ACT-06,High School,Founder,2,None
A26-106833,Applicant,ACT-08,High School,Member,3,None
A26-106833,Applicant,ACT-20,High School,Member,2,State
A26-106833,Applicant,ACT-30,High School,Member,4,None
A26-106833,Applicant,ACT-09,High School,Member,3,None
A26-107021,Applicant,ACT-01,High School,Founder,2,School
A26-107021,Applicant,ACT-29,High School,Captain,2,None
A26-107021,Applicant,ACT-12,High School,Member,2,None
A26-107021,Applicant,ACT-16,High School,Member,3,None
A26-106950,Applicant,ACT-05,High School,Member,1,School
A26-106950,Applicant,ACT-12,High School,Captain,3,None
A26-106950,Applicant,ACT-15,High School,Member,1,State
A26-106950,Applicant,ACT-16,High School,Member,3,None
A26-101551,Applicant,ACT-15,High School,Member,4,School
A26-101551,Applicant,ACT-19,High School,Captain,4,School
A26-101551,Applicant,ACT-06,High School,President,1,State
A26-101551,Applicant,ACT-09,High School,President,1,Regional
A26-104439,Applicant,ACT-01,High School,Captain,3,School
A26-104439,Applicant,ACT-05,High School,Officer,2,State
A26-104439,Applicant,ACT-23,High School,Officer,1,School
A26-104439,Applicant,ACT-07,High School,Member,1,None
A26-106940,Applicant,ACT-10,High School,Captain,3,Regional
A26-106940,Applicant,ACT-15,High School,Member,4,None
A26-106940,Applicant,ACT-23,High School,Member,1,None
A26-106940,Applicant,ACT-25,High School,Member,1,National
A26-106940,Applicant,ACT-09,High School,Member,1,None
A26-107568,Applicant,ACT-26,High School,Member,1,School
A26-107568,Applicant,ACT-08,High School,Member,3,None
A26-107568,Applicant,ACT-22,High School,Member,3,None
A26-107568,Applicant,ACT-18,High School,Member,2,None
A26-107568,Applicant,ACT-15,High School,Member,4,State
A26-107568,Applicant,ACT-23,High School,Member,2,None
A26-104728,Applicant,ACT-31,High School,Member,4,School
A26-104728,Applicant,ACT-17,High School,Founder,1,School
A26-104728,Applicant,ACT-18,High School,Officer,3,None
A26-104728,Applicant,ACT-28,High School,Member,3,National
A26-104728,Applicant,ACT-12,High School,Officer,1,None
A26-104728,Applicant,ACT-43,High School,Member,3,None
A26-103165,Applicant,ACT-01,High School,Officer,4,None
A26-103165,Applicant,ACT-14,High School,Member,4,National
A26-103165,Applicant,ACT-15,High School,Member,3,School
A26-103165,Applicant,ACT-20,High School,Member,4,None
A26-104966,Applicant,ACT-15,High School,President,1,None
A26-104966,Applicant,ACT-05,High School,Member,2,None
A26-104966,Applicant,ACT-25,High School,Member,1,None
A26-102873,Applicant,ACT-17,High School,Officer,1,School
A26-102873,Applicant,ACT-26,High School,Member,1,National
A26-102873,Applicant,ACT-15,High School,Officer,2,State
A26-102873,Applicant,ACT-12,High School,President,3,School
A26-102656,Applicant,ACT-01,High School,Member,4,School
A26-102656,Applicant,ACT-07,High School,Officer,1,None
A26-102656,Applicant,ACT-12,High School,Member,4,School
A26-102656,Applicant,ACT-02,High School,Captain,4,None
A26-102656,Applicant,ACT-24,High School,Member,3,None
A26-103249,Applicant,ACT-28,High School,President,4,None
A26-103249,Applicant,ACT-12,High School,Member,4,Regional
A26-103249,Applicant,ACT-15,High School,Member,4,None
A26-103436,Applicant,ACT-28,High School,Member,1,Regional
A26-103436,Applicant,ACT-12,High School,Member,3,School
A26-103436,Applicant,ACT-01,High School,Member,1,None
A26-103436,Applicant,ACT-03,High School,Member,3,None
A26-100113,Applicant,ACT-17,High School,Officer,4,None
A26-100113,Applicant,ACT-12,High School,Member,4,None
A26-100113,Applicant,ACT-01,High School,Member,2,School
A26-100113,Applicant,ACT-23,High School,Officer,1,School
A26-100113,Applicant,ACT-26,High School,Member,4,None
A26-100113,Applicant,ACT-08,High School,Captain,4,None
A26-105087,Applicant,ACT-06,High School,Member,1,None
A26-105087,Applicant,ACT-12,High School,Member,4,None
A26-105087,Applicant,ACT-23,High School,Officer,1,None
A26-101253,Applicant,ACT-13,High School,Officer,3,State
A26-101253,Applicant,ACT-23,High School,Member,1,State
A26-101253,Applicant,ACT-02,High School,Member,3,None
A26-101253,Applicant,ACT-12,High School,Member,3,State
A26-107366,Applicant,ACT-05,High School,Member,1,None
A26-107366,Applicant,ACT-23,High School,Member,4,Regional
A26-107366,Applicant,ACT-18,High School,Member,1,School
A26-107366,Applicant,ACT-19,High School,Member,1,None
A26-106176,Applicant,ACT-12,High School,Member,1,State
A26-106176,Applicant,ACT-29,High School,Captain,3,State
A26-106176,Applicant,ACT-21,High School,Member,4,None
A26-106176,Applicant,ACT-37,High School,Member,2,State
A26-104944,Applicant,ACT-11,High School,Officer,3,School
A26-104944,Applicant,ACT-12,High School,Captain,1,Regional
A26-104944,Applicant,ACT-23,High School,Captain,4,State
A26-104944,Applicant,ACT-17,High School,Member,1,School
A26-104944,Applicant,ACT-15,High School,Officer,3,None
A26-103530,Applicant,ACT-12,High School,Member,1,None
A26-103530,Applicant,ACT-21,High School,Officer,4,None
A26-103530,Applicant,ACT-01,High School,Member,1,None
A26-103530,Applicant,ACT-07,High School,Member,4,None
A26-103530,Applicant,ACT-06,High School,President,1,None
A26-103124,Applicant,ACT-28,High School,Member,3,None
A26-103124,Applicant,ACT-15,High School,Member,3,None
A26-103124,Applicant,ACT-10,High School,Officer,4,None
A26-103124,Applicant,ACT-25,High School,Officer,2,School
A26-103124,Applicant,ACT-08,High School,Member,3,School
A26-107014,Applicant,ACT-13,High School,Member,4,School
A26-107014,Applicant,ACT-21,High School,Captain,1,None
A26-107014,Applicant,ACT-12,High School,Captain,1,Regional
A26-104707,Applicant,ACT-15,High School,President,3,Regional
A26-104707,Applicant,ACT-21,High School,Member,3,None
A26-104707,Applicant,ACT-05,High School,Member,3,None
A26-105944,Applicant,ACT-20,High School,Founder,1,None
A26-105944,Applicant,ACT-01,High School,Member,2,None
A26-105944,Applicant,ACT-23,High School,Member,4,Regional
A26-105944,Applicant,ACT-09,High School,Member,2,None
A26-105944,Applicant,ACT-03,High School,Member,2,None
A26-102751,Applicant,ACT-08,High School,Member,1,Regional
A26-102751,Applicant,ACT-29,High School,Member,2,Regional
A26-102751,Applicant,ACT-02,High School,Officer,3,None
A26-102751,Applicant,ACT-01,High School,Member,2,None
A26-102751,Applicant,ACT-12,High School,Member,2,None
A26-104785,Applicant,ACT-09,High School,Member,3,None
A26-104785,Applicant,ACT-23,High School,Member,3,School
A26-104785,Applicant,ACT-17,High School,Member,4,School
A26-104785,Applicant,ACT-02,High School,Member,1,National
A26-102631,Applicant,ACT-12,High School,Member,2,None
A26-102631,Applicant,ACT-23,High School,Officer,1,None
A26-102631,Applicant,ACT-08,High School,Member,1,None
A26-102631,Applicant,ACT-06,High School,Officer,4,None
A26-102631,Applicant,ACT-01,High School,Member,1,State
A26-106234,Applicant,ACT-09,High School,Member,3,School
A26-106234,Applicant,ACT-28,High School,Officer,1,Regional
A26-106234,Applicant,ACT-23,High School,Member,3,None
A26-106234,Applicant,ACT-17,High School,Founder,4,None
A26-106234,Applicant,ACT-13,High School,Founder,2,State
A26-106234,Applicant,ACT-11,High School,Officer,1,School
A26-107261,Applicant,ACT-08,High School,Captain,1,None
A26-107261,Applicant,ACT-12,High School,President,1,None
A26-107261,Applicant,ACT-23,High School,Member,1,None
A26-107261,Applicant,ACT-05,High School,Member,3,None
A26-107261,Applicant,ACT-31,High School,Captain,2,None
A26-100093,Applicant,ACT-27,High School,Member,1,School
A26-100093,Applicant,ACT-02,High School,Founder,3,School
A26-100093,Applicant,ACT-01,High School,President,4,None
A26-100947,Applicant,ACT-12,High School,Member,4,National
A26-100947,Applicant,ACT-14,High School,Officer,3,State
A26-100947,Applicant,ACT-01,High School,Member,4,None
A26-102561,Applicant,ACT-23,High School,Captain,2,None
A26-102561,Applicant,ACT-14,High School,Founder,4,None
A26-102561,Applicant,ACT-12,High School,Officer,1,Regional
A26-102561,Applicant,ACT-17,High School,President,2,None
A26-103631,Applicant,ACT-11,High School,Member,4,None
A26-103631,Applicant,ACT-07,High School,Member,2,School
A26-103631,Applicant,ACT-19,High School,Member,3,School
A26-103631,Applicant,ACT-08,High School,Officer,2,School
A26-107193,Applicant,ACT-22,High School,Member,2,Regional
A26-107193,Applicant,ACT-30,High School,Member,4,None
A26-107193,Applicant,ACT-23,High School,Officer,2,None
A26-101465,Applicant,ACT-16,High School,Member,4,School
A26-101465,Applicant,ACT-04,High School,Member,4,Regional
A26-101465,Applicant,ACT-25,High School,Member,1,None
A26-100686,Applicant,ACT-01,High School,Member,2,None
A26-100686,Applicant,ACT-12,High School,Member,1,School
A26-100686,Applicant,ACT-06,High School,Officer,4,National
A26-100686,Applicant,ACT-23,High School,Member,2,None
A26-100686,Applicant,ACT-05,High School,Member,2,State
A26-100686,Applicant,ACT-38,High School,Member,4,Regional
A26-105910,Applicant,ACT-03,High School,Member,1,None
A26-105910,Applicant,ACT-23,High School,Officer,1,None
A26-105910,Applicant,ACT-25,High School,Member,2,None
A26-105774,Applicant,ACT-06,High School,Member,4,None
A26-105774,Applicant,ACT-17,High School,Member,2,None
A26-105774,Applicant,ACT-16,High School,Member,2,Regional
A26-105774,Applicant,ACT-26,High School,Officer,4,None
A26-105774,Applicant,ACT-15,High School,Captain,1,None
A26-106808,Applicant,ACT-06,High School,Member,2,None
A26-106808,Applicant,ACT-02,High School,Member,4,None
A26-106808,Applicant,ACT-12,High School,Member,1,None
A26-106808,Applicant,ACT-23,High School,Officer,3,None
A26-106272,Applicant,ACT-19,High School,Officer,3,School
A26-106272,Applicant,ACT-01,High School,Officer,4,School
A26-106272,Applicant,ACT-04,High School,Founder,1,None
A26-106272,Applicant,ACT-23,High School,Founder,4,School
A26-106415,Applicant,ACT-12,High School,Member,3,None
A26-106415,Applicant,ACT-27,High School,Member,2,None
A26-106415,Applicant,ACT-17,High School,Officer,3,School
A26-107747,Applicant,ACT-12,High School,Officer,3,None
A26-107747,Applicant,ACT-06,High School,Member,1,None
A26-107747,Applicant,ACT-01,High School,Officer,4,School
A26-101801,Applicant,ACT-04,High School,Member,3,State
A26-101801,Applicant,ACT-23,High School,Member,4,None
A26-101801,Applicant,ACT-09,High School,Member,1,None
A26-101801,Applicant,ACT-25,High School,President,1,School
A26-101801,Applicant,ACT-07,High School,Member,4,None
A26-101801,Applicant,ACT-47,High School,Member,4,Regional
A26-100175,Applicant,ACT-12,High School,Member,1,State
A26-100175,Applicant,ACT-27,High School,Officer,4,None
A26-100175,Applicant,ACT-14,High School,Founder,1,School
A26-100175,Applicant,ACT-24,High School,Member,4,Regional
A26-100175,Applicant,ACT-02,High School,Member,4,State
A26-105658,Applicant,ACT-08,High School,Member,1,None
A26-105658,Applicant,ACT-05,High School,Officer,1,None
A26-105658,Applicant,ACT-17,High School,Captain,2,None
A26-105658,Applicant,ACT-10,High School,Member,4,None
A26-105658,Applicant,ACT-12,High School,Member,3,None
A26-108341,Applicant,ACT-23,High School,Officer,1,School
A26-108341,Applicant,ACT-21,High School,Officer,2,None
A26-108341,Applicant,ACT-03,High School,Officer,1,None
A26-108341,Applicant,ACT-06,High School,Officer,3,School
A26-108341,Applicant,ACT-26,High School,Member,4,None
A26-102707,Applicant,ACT-11,High School,Member,4,None
A26-102707,Applicant,ACT-12,High School,Member,2,State
A26-102707,Applicant,ACT-08,High School,Member,2,School
A26-100758,Applicant,ACT-06,High School,Member,4,State
A26-100758,Applicant,ACT-21,High School,Member,1,None
A26-100758,Applicant,ACT-23,High School,Member,1,None
A26-100758,Applicant,ACT-12,High School,Founder,2,National
A26-101421,Applicant,ACT-05,High School,Officer,3,State
A26-101421,Applicant,ACT-12,High School,Member,2,None
A26-101421,Applicant,ACT-24,High School,Member,4,School
A26-101421,Applicant,ACT-15,High School,Member,3,None
A26-101421,Applicant,ACT-06,High School,Member,3,None
A26-101421,Applicant,ACT-01,High School,Member,4,None
A26-102329,Applicant,ACT-23,High School,Officer,2,School
A26-102329,Applicant,ACT-29,High School,Member,2,State
A26-102329,Applicant,ACT-21,High School,Officer,2,None
A26-102329,Applicant,ACT-15,High School,Member,1,None
A26-103006,Applicant,ACT-12,High School,Member,2,School
A26-103006,Applicant,ACT-17,High School,Member,2,None
A26-103006,Applicant,ACT-06,High School,Member,1,School
A26-103006,Applicant,ACT-16,High School,Member,3,None
A26-103006,Applicant,ACT-29,High School,Member,3,School
A26-104832,Applicant,ACT-19,High School,Member,1,None
A26-104832,Applicant,ACT-09,High School,Member,3,State
A26-104832,Applicant,ACT-25,High School,Member,3,None
A26-104832,Applicant,ACT-12,High School,Member,2,None
A26-104917,Applicant,ACT-19,High School,President,4,None
A26-104917,Applicant,ACT-04,High School,Member,1,None
A26-104917,Applicant,ACT-12,High School,Officer,1,None
A26-102494,Applicant,ACT-10,High School,Member,1,School
A26-102494,Applicant,ACT-06,High School,Member,3,None
A26-102494,Applicant,ACT-12,High School,Member,1,None
A26-106192,Applicant,ACT-06,High School,Member,2,National
A26-106192,Applicant,ACT-13,High School,President,3,Regional
A26-106192,Applicant,ACT-15,High School,President,2,None
A26-106192,Applicant,ACT-31,High School,President,2,Regional
A26-102526,Applicant,ACT-14,High School,Member,3,None
A26-102526,Applicant,ACT-07,High School,Member,4,Regional
A26-102526,Applicant,ACT-23,High School,Member,4,None
A26-102526,Applicant,ACT-18,High School,Captain,2,Regional
A26-102526,Applicant,ACT-25,High School,Member,1,State
A26-102526,Applicant,ACT-19,High School,Captain,2,None
A26-102526,Applicant,ACT-33,High School,Captain,4,None
A26-108130,Applicant,ACT-08,High School,Member,2,None
A26-108130,Applicant,ACT-06,High School,President,3,School
A26-108130,Applicant,ACT-23,High School,Member,3,Regional
A26-108130,Applicant,ACT-12,High School,Member,3,None
A26-102262,Applicant,ACT-12,High School,Member,4,None
A26-102262,Applicant,ACT-01,High School,Member,4,None
A26-102262,Applicant,ACT-03,High School,Officer,3,School
A26-104077,Applicant,ACT-29,High School,Member,1,Regional
A26-104077,Applicant,ACT-15,High School,Founder,4,Regional
A26-104077,Applicant,ACT-12,High School,Officer,2,None
A26-104077,Applicant,ACT-10,High School,Member,1,National
A26-104077,Applicant,ACT-11,High School,Officer,4,None
A26-100862,Applicant,ACT-12,High School,Founder,4,State
A26-100862,Applicant,ACT-09,High School,Member,2,None
A26-100862,Applicant,ACT-27,High School,Member,3,None
A26-100862,Applicant,ACT-15,High School,Member,4,None
A26-100862,Applicant,ACT-24,High School,Member,3,None
A26-103512,Applicant,ACT-07,High School,Member,1,Regional
A26-103512,Applicant,ACT-05,High School,Member,2,None
A26-103512,Applicant,ACT-08,High School,Member,1,National
A26-103512,Applicant,ACT-23,High School,Member,3,None
A26-105570,Applicant,ACT-01,High School,Member,2,Regional
A26-105570,Applicant,ACT-22,High School,Member,4,School
A26-105570,Applicant,ACT-21,High School,Captain,4,State
A26-105570,Applicant,ACT-16,High School,Member,2,Regional
A26-100248,Applicant,ACT-11,High School,Officer,3,None
A26-100248,Applicant,ACT-25,High School,Member,3,State
A26-100248,Applicant,ACT-12,High School,Captain,4,None
A26-100248,Applicant,ACT-15,High School,President,2,National
A26-104499,Applicant,ACT-10,High School,Captain,1,State
A26-104499,Applicant,ACT-17,High School,Member,3,None
A26-104499,Applicant,ACT-23,High School,Officer,1,School
A26-104499,Applicant,ACT-04,High School,Officer,2,None
A26-104499,Applicant,ACT-14,High School,Officer,3,None
A26-104499,Applicant,ACT-06,High School,Officer,1,None
A26-106468,Applicant,ACT-08,High School,President,2,National
A26-106468,Applicant,ACT-15,High School,Member,4,School
A26-106468,Applicant,ACT-13,High School,Member,4,School
A26-102456,Applicant,ACT-11,High School,Officer,1,State
A26-102456,Applicant,ACT-19,High School,Member,4,None
A26-102456,Applicant,ACT-12,High School,Founder,3,None
A26-102456,Applicant,ACT-15,High School,Member,1,Regional
A26-102456,Applicant,ACT-23,High School,Member,4,None
A26-108113,Applicant,ACT-09,High School,Officer,3,School
A26-108113,Applicant,ACT-01,High School,Member,3,School
A26-108113,Applicant,ACT-02,High School,Officer,4,School
A26-108113,Applicant,ACT-17,High School,Member,2,Regional
A26-108113,Applicant,ACT-12,High School,President,3,School
A26-100622,Applicant,ACT-07,High School,Captain,1,None
A26-100622,Applicant,ACT-17,High School,Member,4,None
A26-100622,Applicant,ACT-08,High School,Member,2,School
A26-102880,Applicant,ACT-04,High School,Member,4,None
A26-102880,Applicant,ACT-12,High School,Officer,3,State
A26-102880,Applicant,ACT-21,High School,Member,2,Regional
A26-102969,Applicant,ACT-28,High School,Member,1,State
A26-102969,Applicant,ACT-08,High School,Captain,4,School
A26-102969,Applicant,ACT-01,High School,Officer,3,None
A26-102943,Applicant,ACT-16,High School,Officer,4,None
A26-102943,Applicant,ACT-15,High School,Member,2,None
A26-102943,Applicant,ACT-09,High School,Member,4,None
A26-102943,Applicant,ACT-23,High School,Officer,3,National
A26-107943,Applicant,ACT-12,High School,Member,3,None
A26-107943,Applicant,ACT-28,High School,Member,2,School
A26-107943,Applicant,ACT-01,High School,Officer,3,Regional
A26-107943,Applicant,ACT-23,High School,Captain,1,None
A26-103977,Applicant,ACT-13,High School,Officer,2,None
A26-103977,Applicant,ACT-12,High School,Member,1,None
A26-103977,Applicant,ACT-06,High School,Member,2,None
A26-107292,Applicant,ACT-05,High School,Member,1,None
A26-107292,Applicant,ACT-12,High School,Captain,2,School
A26-107292,Applicant,ACT-08,High School,Captain,1,None
A26-107292,Applicant,ACT-13,High School,Officer,4,Regional
A26-107292,Applicant,ACT-23,High School,Member,1,Regional
A26-107436,Applicant,ACT-31,High School,Captain,2,School
A26-107436,Applicant,ACT-03,High School,Founder,3,School
A26-107436,Applicant,ACT-12,High School,Founder,2,School
A26-107436,Applicant,ACT-17,High School,Officer,2,National
A26-107436,Applicant,ACT-06,High School,Captain,3,None
A26-102319,Applicant,ACT-23,High School,Member,4,School
A26-102319,Applicant,ACT-01,High School,Member,4,None
A26-102319,Applicant,ACT-07,High School,Member,1,School
A26-102319,Applicant,ACT-15,High School,Member,3,Regional
A26-106685,Applicant,ACT-06,High School,Member,3,None
A26-106685,Applicant,ACT-12,High School,Member,1,None
A26-106685,Applicant,ACT-22,High School,Founder,1,Regional
A26-106685,Applicant,ACT-15,High School,Member,4,School
A26-106685,Applicant,ACT-01,High School,Member,3,None
A26-105300,Applicant,ACT-04,High School,Member,3,School
A26-105300,Applicant,ACT-23,High School,Captain,3,State
A26-105300,Applicant,ACT-24,High School,Officer,2,School
A26-105300,Applicant,ACT-25,High School,Officer,4,State
A26-105300,Applicant,ACT-26,High School,Officer,4,State
A26-105189,Applicant,ACT-12,High School,Member,2,None
A26-105189,Applicant,ACT-15,High School,Member,2,None
A26-105189,Applicant,ACT-24,High School,Captain,3,None
A26-105189,Applicant,ACT-17,High School,Member,3,None
A26-105189,Applicant,ACT-05,High School,Member,1,School
A26-102236,Applicant,ACT-15,High School,Founder,3,None
A26-102236,Applicant,ACT-27,High School,Officer,2,None
A26-102236,Applicant,ACT-12,High School,Officer,3,None
A26-102236,Applicant,ACT-29,High School,Officer,2,Regional
A26-102236,Applicant,ACT-03,High School,Member,1,School
A26-100595,Applicant,ACT-23,High School,Member,1,State
A26-100595,Applicant,ACT-18,High School,Member,3,None
A26-100595,Applicant,ACT-08,High School,Member,3,None
A26-106983,Applicant,ACT-15,High School,Member,1,School
A26-106983,Applicant,ACT-16,High School,Member,2,None
A26-106983,Applicant,ACT-12,High School,Member,1,School
A26-102460,Applicant,ACT-05,High School,Member,2,School
A26-102460,Applicant,ACT-27,High School,Officer,4,None
A26-102460,Applicant,ACT-09,High School,President,4,State
A26-102460,Applicant,ACT-13,High School,Officer,1,School
A26-102460,Applicant,ACT-20,High School,Member,3,None
A26-102460,Applicant,ACT-37,High School,Member,4,National
A26-106357,Applicant,ACT-06,High School,Captain,1,None
A26-106357,Applicant,ACT-13,High School,Member,4,Regional
A26-106357,Applicant,ACT-01,High School,Member,3,School
A26-103744,Applicant,ACT-08,High School,Member,2,National
A26-103744,Applicant,ACT-12,High School,President,3,School
A26-103744,Applicant,ACT-19,High School,Member,3,None
A26-103744,Applicant,ACT-23,High School,Member,3,State
A26-103292,Applicant,ACT-12,High School,Member,3,School
A26-103292,Applicant,ACT-08,High School,Member,1,School
A26-103292,Applicant,ACT-09,High School,Officer,1,None
A26-103292,Applicant,ACT-17,High School,Member,4,None
A26-103292,Applicant,ACT-33,High School,Member,2,None
A26-104058,Applicant,ACT-05,High School,Member,3,School
A26-104058,Applicant,ACT-12,High School,Member,2,Regional
A26-104058,Applicant,ACT-09,High School,Member,3,National
A26-104058,Applicant,ACT-07,High School,Member,3,School
A26-104058,Applicant,ACT-23,High School,Captain,4,None
A26-104058,Applicant,ACT-21,High School,Member,4,School
A26-102868,Applicant,ACT-20,High School,Member,4,School
A26-102868,Applicant,ACT-15,High School,Member,4,School
A26-102868,Applicant,ACT-12,High School,Founder,1,National
A26-102868,Applicant,ACT-43,High School,Member,3,Regional
A26-102092,Applicant,ACT-08,High School,Officer,1,None
A26-102092,Applicant,ACT-06,High School,President,3,State
A26-102092,Applicant,ACT-17,High School,Member,3,School
A26-102092,Applicant,ACT-19,High School,Founder,3,School
A26-102092,Applicant,ACT-23,High School,Officer,3,National
A26-102932,Applicant,ACT-21,High School,Member,1,None
A26-102932,Applicant,ACT-12,High School,Officer,4,None
A26-102932,Applicant,ACT-15,High School,Founder,3,Regional
A26-106924,Applicant,ACT-11,High School,Member,3,None
A26-106924,Applicant,ACT-01,High School,President,1,None
A26-106924,Applicant,ACT-28,High School,Captain,2,None
A26-106924,Applicant,ACT-08,High School,Officer,1,None
A26-107307,Applicant,ACT-22,High School,Member,2,School
A26-107307,Applicant,ACT-21,High School,Member,2,None
A26-107307,Applicant,ACT-12,High School,Officer,2,Regional
A26-107307,Applicant,ACT-06,High School,Officer,1,None
A26-108254,Applicant,ACT-09,High School,President,2,None
A26-108254,Applicant,ACT-12,High School,Officer,1,None
A26-108254,Applicant,ACT-15,High School,Member,4,None
A26-108254,Applicant,ACT-06,High School,Captain,4,None
A26-108254,Applicant,ACT-20,High School,Officer,1,School
A26-108042,Applicant,ACT-16,High School,Member,2,School
A26-108042,Applicant,ACT-15,High School,Officer,2,National
A26-108042,Applicant,ACT-04,High School,Member,2,None
A26-106148,Applicant,ACT-15,High School,Officer,4,School
A26-106148,Applicant,ACT-09,High School,President,3,None
A26-106148,Applicant,ACT-07,High School,Officer,4,Regional
A26-106148,Applicant,ACT-12,High School,Member,2,None
A26-106148,Applicant,ACT-02,High School,Member,4,None
A26-107527,Applicant,ACT-29,High School,Member,2,None
A26-107527,Applicant,ACT-21,High School,Officer,2,None
A26-107527,Applicant,ACT-23,High School,Member,4,School
A26-107527,Applicant,ACT-13,High School,Officer,3,State
A26-102414,Applicant,ACT-23,High School,Member,4,None
A26-102414,Applicant,ACT-07,High School,Member,1,Regional
A26-102414,Applicant,ACT-12,High School,Member,3,None
A26-102414,Applicant,ACT-27,High School,Member,3,None
A26-103287,Applicant,ACT-23,High School,Officer,1,None
A26-103287,Applicant,ACT-05,High School,Founder,1,Regional
A26-103287,Applicant,ACT-12,High School,Officer,4,None
A26-103287,Applicant,ACT-19,High School,Member,1,School
A26-103287,Applicant,ACT-14,High School,Member,4,None
A26-106677,Applicant,ACT-06,High School,Member,3,Regional
A26-106677,Applicant,ACT-30,High School,Member,3,School
A26-106677,Applicant,ACT-09,High School,Member,4,None
A26-104750,Applicant,ACT-30,High School,Captain,1,None
A26-104750,Applicant,ACT-23,High School,Captain,2,None
A26-104750,Applicant,ACT-12,High School,Member,2,School
A26-104750,Applicant,ACT-08,High School,Member,2,None
A26-104750,Applicant,ACT-17,High School,Officer,2,State
A26-107475,Applicant,ACT-23,High School,Officer,1,None
A26-107475,Applicant,ACT-13,High School,Member,2,None
A26-107475,Applicant,ACT-03,High School,Captain,1,School
A26-107475,Applicant,ACT-26,High School,Member,1,None
A26-105033,Applicant,ACT-29,High School,Captain,2,None
A26-105033,Applicant,ACT-09,High School,Captain,1,None
A26-105033,Applicant,ACT-15,High School,Member,4,School
A26-105033,Applicant,ACT-23,High School,President,2,State
A26-105033,Applicant,ACT-17,High School,Member,4,School
A26-100308,Applicant,ACT-04,High School,Member,1,School
A26-100308,Applicant,ACT-03,High School,Member,3,Regional
A26-100308,Applicant,ACT-08,High School,Member,3,None
A26-100308,Applicant,ACT-21,High School,Member,2,None
A26-104811,Applicant,ACT-08,High School,Member,2,None
A26-104811,Applicant,ACT-24,High School,Member,4,School
A26-104811,Applicant,ACT-07,High School,Member,3,None
A26-104811,Applicant,ACT-29,High School,President,3,School
A26-108283,Applicant,ACT-12,High School,President,2,School
A26-108283,Applicant,ACT-06,High School,Member,2,None
A26-108283,Applicant,ACT-23,High School,Officer,1,None
A26-108283,Applicant,ACT-15,High School,Member,4,Regional
A26-105103,Applicant,ACT-05,High School,Member,3,None
A26-105103,Applicant,ACT-12,High School,Member,2,None
A26-105103,Applicant,ACT-18,High School,Member,1,None
A26-108016,Applicant,ACT-23,High School,Member,3,Regional
A26-108016,Applicant,ACT-12,High School,Member,3,School
A26-108016,Applicant,ACT-21,High School,Member,3,School
A26-108016,Applicant,ACT-46,High School,Captain,4,None
A26-102770,Applicant,ACT-25,High School,Captain,1,State
A26-102770,Applicant,ACT-15,High School,Member,2,None
A26-102770,Applicant,ACT-06,High School,Member,1,None
A26-102770,Applicant,ACT-12,High School,Member,2,None
A26-102770,Applicant,ACT-20,High School,Officer,2,None
A26-102770,Applicant,ACT-47,High School,Member,3,School
A26-101092,Applicant,ACT-12,High School,Member,2,School
A26-101092,Applicant,ACT-23,High School,Member,1,School
A26-101092,Applicant,ACT-18,High School,Member,3,None
A26-101092,Applicant,ACT-08,High School,Officer,3,State
A26-101277,Applicant,ACT-01,High School,Officer,1,None
A26-101277,Applicant,ACT-08,High School,Member,4,None
A26-101277,Applicant,ACT-22,High School,Officer,3,None
A26-101277,Applicant,ACT-21,High School,Member,1,State
A26-101265,Applicant,ACT-28,High School,Member,4,None
A26-101265,Applicant,ACT-12,High School,Captain,2,Regional
A26-101265,Applicant,ACT-08,High School,Captain,2,Regional
A26-101265,Applicant,ACT-06,High School,Officer,2,None
A26-101265,Applicant,ACT-09,High School,Member,1,School
A26-101312,Applicant,ACT-23,High School,Member,1,None
A26-101312,Applicant,ACT-12,High School,Member,1,None
A26-101312,Applicant,ACT-17,High School,Member,1,School
A26-101754,Applicant,ACT-15,High School,Member,4,None
A26-101754,Applicant,ACT-12,High School,Member,3,None
A26-101754,Applicant,ACT-23,High School,Member,2,School
A26-101754,Applicant,ACT-28,High School,Founder,1,State
A26-101637,Applicant,ACT-23,High School,Member,3,None
A26-101637,Applicant,ACT-04,High School,Officer,1,Regional
A26-101637,Applicant,ACT-30,High School,Member,3,None
A26-101637,Applicant,ACT-09,High School,Member,2,School
A26-101726,Applicant,ACT-23,High School,Member,4,None
A26-101726,Applicant,ACT-31,High School,Member,1,None
A26-101726,Applicant,ACT-16,High School,Member,3,School
A26-101726,Applicant,ACT-07,High School,Member,2,None
A26-101726,Applicant,ACT-15,High School,Member,2,None
A26-101726,Applicant,ACT-12,High School,Captain,1,None
A26-105437,Applicant,ACT-11,High School,Member,1,None
A26-105437,Applicant,ACT-01,High School,Member,2,None
A26-105437,Applicant,ACT-15,High School,Member,1,School
A26-105437,Applicant,ACT-24,High School,Member,4,State
A26-103830,Applicant,ACT-08,High School,Officer,2,Regional
A26-103830,Applicant,ACT-28,High School,Member,4,None
A26-103830,Applicant,ACT-23,High School,Member,4,School
A26-106976,Applicant,ACT-07,High School,Member,3,State
A26-106976,Applicant,ACT-15,High School,Member,1,School
A26-106976,Applicant,ACT-08,High School,Officer,3,School
A26-100466,Applicant,ACT-20,High School,Member,1,None
A26-100466,Applicant,ACT-27,High School,Member,3,None
A26-100466,Applicant,ACT-12,High School,Officer,4,School
A26-100466,Applicant,ACT-06,High School,President,4,None
A26-101085,Applicant,ACT-15,High School,Member,1,School
A26-101085,Applicant,ACT-07,High School,Member,4,None
A26-101085,Applicant,ACT-21,High School,Officer,3,School
A26-101085,Applicant,ACT-22,High School,Officer,2,School
A26-101085,Applicant,ACT-12,High School,Officer,1,Regional
A26-101085,Applicant,ACT-45,High School,Member,3,None
A26-101366,Applicant,ACT-13,High School,Member,2,School
A26-101366,Applicant,ACT-19,High School,Member,3,Regional
A26-101366,Applicant,ACT-12,High School,Member,3,None
A26-101366,Applicant,ACT-21,High School,Officer,4,State
A26-101366,Applicant,ACT-20,High School,Member,3,School
A26-105778,Applicant,ACT-05,High School,Officer,3,None
A26-105778,Applicant,ACT-31,High School,Member,1,School
A26-105778,Applicant,ACT-23,High School,Member,2,None
A26-105778,Applicant,ACT-08,High School,Member,1,School
A26-105778,Applicant,ACT-04,High School,Member,4,School
A26-101361,Applicant,ACT-15,High School,Member,1,None
A26-101361,Applicant,ACT-06,High School,Member,1,Regional
A26-101361,Applicant,ACT-12,High School,Member,3,Regional
A26-101484,Applicant,ACT-12,High School,Member,1,State
A26-101484,Applicant,ACT-13,High School,Officer,3,Regional
A26-101484,Applicant,ACT-23,High School,Member,2,School
A26-105068,Applicant,ACT-12,High School,Member,1,None
A26-105068,Applicant,ACT-01,High School,Member,2,None
A26-105068,Applicant,ACT-15,High School,Member,2,None
A26-105068,Applicant,ACT-16,High School,Founder,4,None
A26-104898,Applicant,ACT-03,High School,President,2,School
A26-104898,Applicant,ACT-13,High School,Member,2,None
A26-104898,Applicant,ACT-31,High School,Captain,4,School
A26-104898,Applicant,ACT-17,High School,Member,1,School
A26-102786,Applicant,ACT-05,High School,Member,2,None
A26-102786,Applicant,ACT-12,High School,Officer,1,Regional
A26-102786,Applicant,ACT-19,High School,Officer,2,None
A26-102786,Applicant,ACT-04,High School,Member,3,None
A26-101433,Applicant,ACT-15,High School,Member,1,None
A26-101433,Applicant,ACT-01,High School,Member,4,None
A26-101433,Applicant,ACT-08,High School,Member,4,State
A26-101433,Applicant,ACT-24,High School,Captain,2,None
A26-100413,Applicant,ACT-23,High School,Member,1,None
A26-100413,Applicant,ACT-12,High School,Member,4,None
A26-100413,Applicant,ACT-29,High School,Founder,3,School
A26-100228,Applicant,ACT-12,High School,Member,4,None
A26-100228,Applicant,ACT-01,High School,Member,4,School
A26-100228,Applicant,ACT-24,High School,Member,3,State
A26-100228,Applicant,ACT-09,High School,Member,3,None
A26-105671,Applicant,ACT-28,High School,Member,3,None
A26-105671,Applicant,ACT-06,High School,Member,2,None
A26-105671,Applicant,ACT-01,High School,Member,3,School
A26-105671,Applicant,ACT-23,High School,Member,2,Regional
A26-105931,Applicant,ACT-02,High School,Member,1,None
A26-105931,Applicant,ACT-01,High School,Member,4,Regional
A26-105931,Applicant,ACT-17,High School,Captain,1,State
A26-105931,Applicant,ACT-03,High School,Member,2,School
A26-102436,Applicant,ACT-03,High School,Officer,4,None
A26-102436,Applicant,ACT-25,High School,President,2,None
A26-102436,Applicant,ACT-23,High School,Member,3,None
A26-102859,Applicant,ACT-17,High School,Member,2,State
A26-102859,Applicant,ACT-18,High School,Member,3,School
A26-102859,Applicant,ACT-21,High School,Officer,3,None
A26-102859,Applicant,ACT-25,High School,Captain,4,None
A26-102859,Applicant,ACT-19,High School,Officer,4,None
A26-105853,Applicant,ACT-02,High School,Member,3,None
A26-105853,Applicant,ACT-06,High School,Officer,4,None
A26-105853,Applicant,ACT-08,High School,Member,1,None
A26-105853,Applicant,ACT-22,High School,Member,2,None
A26-105853,Applicant,ACT-45,High School,Member,2,None
A26-103693,Applicant,ACT-07,High School,Captain,2,None
A26-103693,Applicant,ACT-06,High School,Member,3,None
A26-103693,Applicant,ACT-23,High School,Member,4,Regional
A26-103693,Applicant,ACT-17,High School,Captain,4,None
A26-100366,Applicant,ACT-17,High School,Officer,3,None
A26-100366,Applicant,ACT-04,High School,Member,3,None
A26-100366,Applicant,ACT-01,High School,Member,4,Regional
A26-100366,Applicant,ACT-09,High School,Member,3,None
A26-107844,Applicant,ACT-08,High School,Officer,3,School
A26-107844,Applicant,ACT-07,High School,Member,4,School
A26-107844,Applicant,ACT-17,High School,Member,4,School
A26-106956,Applicant,ACT-27,High School,President,3,None
A26-106956,Applicant,ACT-09,High School,Member,4,School
A26-106956,Applicant,ACT-23,High School,Member,2,None
A26-106956,Applicant,ACT-12,High School,Member,3,None
A26-106956,Applicant,ACT-15,High School,Captain,2,Regional
A26-101479,Applicant,ACT-19,High School,Captain,4,Regional
A26-101479,Applicant,ACT-25,High School,Member,2,School
A26-101479,Applicant,ACT-23,High School,Member,4,State
A26-102115,Applicant,ACT-12,High School,Officer,3,None
A26-102115,Applicant,ACT-20,High School,President,3,None
A26-102115,Applicant,ACT-23,High School,Officer,2,School
A26-104297,Applicant,ACT-11,High School,Member,1,School
A26-104297,Applicant,ACT-30,High School,Member,4,None
A26-104297,Applicant,ACT-08,High School,Officer,3,None
A26-102935,Applicant,ACT-23,High School,Member,4,Regional
A26-102935,Applicant,ACT-12,High School,Member,4,None
A26-102935,Applicant,ACT-31,High School,Member,3,None
A26-102935,Applicant,ACT-02,High School,Member,3,None
A26-101320,Applicant,ACT-17,High School,Member,4,None
A26-101320,Applicant,ACT-12,High School,Officer,3,Regional
A26-101320,Applicant,ACT-22,High School,Officer,2,School
A26-101884,Applicant,ACT-23,High School,President,4,None
A26-101884,Applicant,ACT-12,High School,Captain,1,School
A26-101884,Applicant,ACT-18,High School,Captain,4,None
A26-101884,Applicant,ACT-21,High School,Officer,2,None
A26-101884,Applicant,ACT-46,High School,Member,2,School
A26-106638,Applicant,ACT-06,High School,Member,3,None
A26-106638,Applicant,ACT-05,High School,Officer,4,National
A26-106638,Applicant,ACT-23,High School,Captain,1,None
A26-101530,Applicant,ACT-12,High School,Member,2,None
A26-101530,Applicant,ACT-18,High School,Member,1,None
A26-101530,Applicant,ACT-23,High School,Member,2,Regional
A26-101530,Applicant,ACT-06,High School,Member,3,None
A26-103805,Applicant,ACT-23,High School,Member,1,Regional
A26-103805,Applicant,ACT-12,High School,Member,3,School
A26-103805,Applicant,ACT-30,High School,Member,3,None
A26-104356,Applicant,ACT-24,High School,Member,3,None
A26-104356,Applicant,ACT-07,High School,Member,2,None
A26-104356,Applicant,ACT-11,High School,Member,2,None
A26-104356,Applicant,ACT-09,High School,Member,2,None
A26-104356,Applicant,ACT-03,High School,Captain,2,Regional
A26-103426,Applicant,ACT-12,High School,Member,4,None
A26-103426,Applicant,ACT-19,High School,Member,4,State
A26-103426,Applicant,ACT-06,High School,Member,4,None
A26-103426,Applicant,ACT-23,High School,Member,3,School
A26-103426,Applicant,ACT-21,High School,Founder,4,School
A26-105392,Applicant,ACT-12,High School,Member,4,State
A26-105392,Applicant,ACT-28,High School,Member,3,None
A26-105392,Applicant,ACT-05,High School,Member,1,None
A26-105392,Applicant,ACT-06,High School,Member,2,None
A26-105392,Applicant,ACT-23,High School,Officer,2,School
A26-103894,Applicant,ACT-21,High School,Member,1,School
A26-103894,Applicant,ACT-13,High School,Officer,4,None
A26-103894,Applicant,ACT-04,High School,Member,4,None
A26-104829,Applicant,ACT-05,High School,Member,2,None
A26-104829,Applicant,ACT-17,High School,Member,1,None
A26-104829,Applicant,ACT-08,High School,Member,2,None
A26-104829,Applicant,ACT-23,High School,President,2,None
A26-100480,Applicant,ACT-13,High School,Member,3,State
A26-100480,Applicant,ACT-15,High School,Member,3,None
A26-100480,Applicant,ACT-21,High School,Member,4,None
A26-100480,Applicant,ACT-29,High School,Member,4,School
A26-101046,Applicant,ACT-23,High School,Member,3,None
A26-101046,Applicant,ACT-09,High School,Member,2,Regional
A26-101046,Applicant,ACT-08,High School,Member,3,None
A26-101046,Applicant,ACT-12,High School,Member,2,None
A26-101046,Applicant,ACT-38,High School,Member,2,Regional
A26-104182,Applicant,ACT-23,High School,Member,1,School
A26-104182,Applicant,ACT-15,High School,Officer,2,School
A26-104182,Applicant,ACT-05,High School,Member,2,None
A26-104182,Applicant,ACT-21,High School,Member,1,None
A26-102745,Applicant,ACT-23,High School,Member,3,School
A26-102745,Applicant,ACT-17,High School,Captain,1,Regional
A26-102745,Applicant,ACT-19,High School,Officer,3,None
A26-102512,Applicant,ACT-23,High School,Member,1,Regional
A26-102512,Applicant,ACT-15,High School,Member,3,None
A26-102512,Applicant,ACT-05,High School,Captain,1,School
A26-105954,Applicant,ACT-16,High School,Captain,3,School
A26-105954,Applicant,ACT-29,High School,Member,3,School
A26-105954,Applicant,ACT-12,High School,Member,3,None
A26-105954,Applicant,ACT-17,High School,Officer,3,None
A26-105954,Applicant,ACT-15,High School,Member,4,Regional
A26-105954,Applicant,ACT-10,High School,Officer,2,State
A26-105954,Applicant,ACT-45,High School,Captain,4,None
A26-101968,Applicant,ACT-09,High School,Officer,1,State
A26-101968,Applicant,ACT-06,High School,Member,3,None
A26-101968,Applicant,ACT-01,High School,Member,4,School
A26-101968,Applicant,ACT-27,High School,Member,2,None
A26-101968,Applicant,ACT-23,High School,Officer,1,None
A26-103786,Applicant,ACT-17,High School,Member,3,School
A26-103786,Applicant,ACT-07,High School,Member,4,Regional
A26-103786,Applicant,ACT-18,High School,Member,4,School
A26-103786,Applicant,ACT-12,High School,Member,3,None
A26-103786,Applicant,ACT-08,High School,President,2,Regional
A26-107113,Applicant,ACT-06,High School,Captain,4,Regional
A26-107113,Applicant,ACT-21,High School,Member,4,School
A26-107113,Applicant,ACT-25,High School,Founder,2,None
A26-107113,Applicant,ACT-12,High School,Captain,1,State
A26-103602,Applicant,ACT-09,High School,Captain,3,None
A26-103602,Applicant,ACT-03,High School,Member,3,None
A26-103602,Applicant,ACT-13,High School,Member,4,School
A26-103602,Applicant,ACT-11,High School,Officer,4,None
A26-100274,Applicant,ACT-18,High School,Officer,3,None
A26-100274,Applicant,ACT-21,High School,Member,2,None
A26-100274,Applicant,ACT-12,High School,Member,1,Regional
A26-100274,Applicant,ACT-01,High School,Member,4,National
A26-107985,Applicant,ACT-25,High School,Officer,4,None
A26-107985,Applicant,ACT-15,High School,Captain,3,School
A26-107985,Applicant,ACT-06,High School,Officer,4,School
A26-107985,Applicant,ACT-08,High School,Member,1,None
A26-107985,Applicant,ACT-28,High School,Captain,2,None
A26-105214,Applicant,ACT-08,High School,Member,3,National
A26-105214,Applicant,ACT-06,High School,Member,4,Regional
A26-105214,Applicant,ACT-11,High School,Member,2,None
A26-105214,Applicant,ACT-23,High School,Officer,4,None
A26-105214,Applicant,ACT-12,High School,Founder,2,Regional
A26-101979,Applicant,ACT-17,High School,Member,4,None
A26-101979,Applicant,ACT-21,High School,Member,2,None
A26-101979,Applicant,ACT-08,High School,Member,3,School
A26-101001,Applicant,ACT-15,High School,Member,2,None
A26-101001,Applicant,ACT-31,High School,Officer,3,School
A26-101001,Applicant,ACT-12,High School,Captain,2,National
A26-106786,Applicant,ACT-28,High School,Member,3,School
A26-106786,Applicant,ACT-27,High School,Member,3,None
A26-106786,Applicant,ACT-17,High School,President,2,School
A26-106293,Applicant,ACT-15,High School,Member,3,School
A26-106293,Applicant,ACT-31,High School,Member,2,None
A26-106293,Applicant,ACT-19,High School,Officer,2,Regional
A26-106293,Applicant,ACT-05,High School,Member,4,School
A26-106293,Applicant,ACT-16,High School,Member,4,None
A26-100454,Applicant,ACT-10,High School,Captain,4,School
A26-100454,Applicant,ACT-21,High School,Member,2,Regional
A26-100454,Applicant,ACT-11,High School,Member,1,None
A26-100454,Applicant,ACT-06,High School,Officer,4,None
A26-100454,Applicant,ACT-08,High School,Member,1,Regional
A26-107724,Applicant,ACT-12,High School,Member,1,School
A26-107724,Applicant,ACT-28,High School,Member,3,None
A26-107724,Applicant,ACT-03,High School,Member,4,None
A26-107724,Applicant,ACT-15,High School,Member,4,None
A26-107724,Applicant,ACT-06,High School,Member,4,None
A26-100753,Applicant,ACT-30,High School,Captain,2,School
A26-100753,Applicant,ACT-12,High School,Officer,3,None
A26-100753,Applicant,ACT-08,High School,Member,3,Regional
A26-100753,Applicant,ACT-01,High School,Officer,1,School
A26-106580,Applicant,ACT-12,High School,Member,2,None
A26-106580,Applicant,ACT-09,High School,President,4,School
A26-106580,Applicant,ACT-15,High School,Officer,3,School
A26-106580,Applicant,ACT-25,High School,Member,3,None
A26-108154,Applicant,ACT-08,High School,Member,3,School
A26-108154,Applicant,ACT-06,High School,Member,2,Regional
A26-108154,Applicant,ACT-12,High School,Member,1,School
A26-108154,Applicant,ACT-04,High School,President,4,None
A26-105721,Applicant,ACT-15,High School,Member,2,Regional
A26-105721,Applicant,ACT-08,High School,Member,3,Regional
A26-105721,Applicant,ACT-18,High School,Officer,4,Regional
A26-101667,Applicant,ACT-15,High School,Member,3,None
A26-101667,Applicant,ACT-20,High School,Member,1,Regional
A26-101667,Applicant,ACT-01,High School,Member,4,State
A26-101667,Applicant,ACT-09,High School,Officer,2,None
A26-101667,Applicant,ACT-06,High School,Officer,4,None
A26-101667,Applicant,ACT-12,High School,Captain,2,None
A26-101682,Applicant,ACT-11,High School,Member,4,None
A26-101682,Applicant,ACT-06,High School,Member,1,None
A26-101682,Applicant,ACT-01,High School,Member,4,None
A26-101682,Applicant,ACT-13,High School,Member,4,School
A26-103205,Applicant,ACT-06,High School,Officer,1,State
A26-103205,Applicant,ACT-23,High School,Member,4,School
A26-103205,Applicant,ACT-01,High School,Member,1,None
A26-103205,Applicant,ACT-17,High School,Member,2,None
A26-103205,Applicant,ACT-12,High School,Officer,4,National
A26-107071,Applicant,ACT-12,High School,Member,2,None
A26-107071,Applicant,ACT-23,High School,Member,3,None
A26-107071,Applicant,ACT-11,High School,Member,4,School
A26-107071,Applicant,ACT-19,High School,Member,2,None
A26-101294,Applicant,ACT-08,High School,Member,2,School
A26-101294,Applicant,ACT-28,High School,Member,3,None
A26-101294,Applicant,ACT-26,High School,Officer,2,None
A26-106598,Applicant,ACT-01,High School,Member,1,School
A26-106598,Applicant,ACT-03,High School,Member,2,School
A26-106598,Applicant,ACT-21,High School,Founder,1,Regional
A26-106598,Applicant,ACT-07,High School,Officer,1,None
A26-106598,Applicant,ACT-23,High School,Officer,1,None
A26-106529,Applicant,ACT-23,High School,Member,3,Regional
A26-106529,Applicant,ACT-11,High School,Officer,4,School
A26-106529,Applicant,ACT-17,High School,President,4,School
A26-106529,Applicant,ACT-08,High School,Member,1,None
A26-103778,Applicant,ACT-23,High School,Member,1,None
A26-103778,Applicant,ACT-28,High School,Member,4,None
A26-103778,Applicant,ACT-10,High School,Member,3,Regional
A26-103778,Applicant,ACT-12,High School,Member,1,None
A26-103778,Applicant,ACT-47,High School,Member,3,School
A26-107201,Applicant,ACT-13,High School,Founder,2,None
A26-107201,Applicant,ACT-12,High School,Officer,4,None
A26-107201,Applicant,ACT-08,High School,Captain,3,None
A26-107201,Applicant,ACT-28,High School,Member,1,None
A26-106882,Applicant,ACT-02,High School,Member,1,School
A26-106882,Applicant,ACT-15,High School,Member,2,Regional
A26-106882,Applicant,ACT-11,High School,Member,1,Regional
A26-106882,Applicant,ACT-06,High School,Member,4,School
A26-106882,Applicant,ACT-05,High School,President,1,School
A26-100533,Applicant,ACT-12,High School,President,2,School
A26-100533,Applicant,ACT-17,High School,Officer,2,None
A26-100533,Applicant,ACT-29,High School,Founder,1,None
A26-100533,Applicant,ACT-21,High School,Member,3,State
A26-100671,Applicant,ACT-11,High School,Member,3,School
A26-100671,Applicant,ACT-25,High School,Officer,4,None
A26-100671,Applicant,ACT-06,High School,Founder,1,None
A26-100671,Applicant,ACT-46,High School,Captain,2,State
A26-106007,Applicant,ACT-14,High School,Officer,4,None
A26-106007,Applicant,ACT-26,High School,Member,4,School
A26-106007,Applicant,ACT-13,High School,Member,4,School
A26-106007,Applicant,ACT-12,High School,Member,1,None
A26-106007,Applicant,ACT-08,High School,Member,3,None
A26-106007,Applicant,ACT-25,High School,Member,3,School
A26-107408,Applicant,ACT-07,High School,Officer,4,None
A26-107408,Applicant,ACT-16,High School,Officer,3,School
A26-107408,Applicant,ACT-22,High School,Officer,3,None
A26-101181,Applicant,ACT-06,High School,Member,1,School
A26-101181,Applicant,ACT-15,High School,Captain,1,None
A26-101181,Applicant,ACT-23,High School,Member,4,None
A26-101181,Applicant,ACT-01,High School,Member,1,School
A26-101181,Applicant,ACT-16,High School,Member,4,State
A26-105384,Applicant,ACT-12,High School,Captain,2,Regional
A26-105384,Applicant,ACT-09,High School,Member,4,School
A26-105384,Applicant,ACT-23,High School,Member,3,School
A26-105384,Applicant,ACT-06,High School,Officer,4,Regional
A26-105384,Applicant,ACT-18,High School,Member,1,School
A26-105384,Applicant,ACT-13,High School,Member,1,Regional
A26-100782,Applicant,ACT-07,High School,Member,3,None
A26-100782,Applicant,ACT-11,High School,Member,1,State
A26-100782,Applicant,ACT-06,High School,Member,1,None
A26-100782,Applicant,ACT-18,High School,Member,3,State
A26-100782,Applicant,ACT-12,High School,Member,2,School
A26-102738,Applicant,ACT-07,High School,Member,2,None
A26-102738,Applicant,ACT-09,High School,Member,1,None
A26-102738,Applicant,ACT-08,High School,President,4,School
A26-105253,Applicant,ACT-07,High School,Officer,2,State
A26-105253,Applicant,ACT-31,High School,Member,3,National
A26-105253,Applicant,ACT-18,High School,Member,4,None
A26-108022,Applicant,ACT-24,High School,Member,3,School
A26-108022,Applicant,ACT-15,High School,Officer,4,School
A26-108022,Applicant,ACT-23,High School,Member,4,State
A26-108022,Applicant,ACT-04,High School,Officer,2,None
A26-108022,Applicant,ACT-03,High School,Member,4,None
A26-105538,Applicant,ACT-11,High School,Member,4,None
A26-105538,Applicant,ACT-12,High School,President,2,None
A26-105538,Applicant,ACT-15,High School,Member,3,School
A26-105538,Applicant,ACT-06,High School,Member,1,None
A26-107886,Applicant,ACT-07,High School,Member,2,School
A26-107886,Applicant,ACT-22,High School,Officer,2,School
A26-107886,Applicant,ACT-09,High School,Member,3,None
A26-107886,Applicant,ACT-23,High School,Officer,4,None
A26-101386,Applicant,ACT-25,High School,Member,4,None
A26-101386,Applicant,ACT-12,High School,Officer,4,None
A26-101386,Applicant,ACT-06,High School,Officer,4,School
A26-101386,Applicant,ACT-03,High School,Officer,3,School
A26-107719,Applicant,ACT-27,High School,Member,3,None
A26-107719,Applicant,ACT-01,High School,Officer,4,None
A26-107719,Applicant,ACT-14,High School,Officer,4,None
A26-107719,Applicant,ACT-23,High School,Member,1,None
A26-107719,Applicant,ACT-28,High School,Member,1,State
A26-104381,Applicant,ACT-04,High School,Member,3,None
A26-104381,Applicant,ACT-01,High School,Founder,3,School
A26-104381,Applicant,ACT-27,High School,Member,1,None
A26-104381,Applicant,ACT-28,High School,Member,3,None
A26-104381,Applicant,ACT-21,High School,Member,1,None
A26-102096,Applicant,ACT-20,High School,Member,3,None
A26-102096,Applicant,ACT-12,High School,Member,3,School
A26-102096,Applicant,ACT-28,High School,Member,1,School
A26-102096,Applicant,ACT-23,High School,Member,4,None
A26-102096,Applicant,ACT-02,High School,Member,1,School
A26-105237,Applicant,ACT-15,High School,President,2,None
A26-105237,Applicant,ACT-06,High School,Member,2,School
A26-105237,Applicant,ACT-17,High School,Member,2,None
A26-105237,Applicant,ACT-01,High School,Officer,2,School
A26-105328,Applicant,ACT-19,High School,Member,3,None
A26-105328,Applicant,ACT-01,High School,Officer,2,None
A26-105328,Applicant,ACT-13,High School,President,2,School
A26-105174,Applicant,ACT-20,High School,Member,3,None
A26-105174,Applicant,ACT-05,High School,Member,3,None
A26-105174,Applicant,ACT-23,High School,President,4,State
A26-105174,Applicant,ACT-18,High School,Member,4,School
A26-103567,Applicant,ACT-12,High School,Member,1,None
A26-103567,Applicant,ACT-23,High School,Officer,1,None
A26-103567,Applicant,ACT-31,High School,President,1,School
A26-103567,Applicant,ACT-24,High School,Member,2,None
A26-107445,Applicant,ACT-26,High School,Member,2,Regional
A26-107445,Applicant,ACT-12,High School,Member,4,None
A26-107445,Applicant,ACT-29,High School,Member,2,None
A26-107445,Applicant,ACT-14,High School,Officer,2,State
A26-102018,Applicant,ACT-07,High School,Member,4,None
A26-102018,Applicant,ACT-12,High School,Member,2,State
A26-102018,Applicant,ACT-15,High School,Member,4,Regional
A26-102018,Applicant,ACT-23,High School,Officer,1,School
A26-104260,Applicant,ACT-01,High School,Member,4,School
A26-104260,Applicant,ACT-08,High School,Member,4,None
A26-104260,Applicant,ACT-17,High School,Member,4,None
A26-104511,Applicant,ACT-08,High School,Officer,1,Regional
A26-104511,Applicant,ACT-06,High School,Member,3,None
A26-104511,Applicant,ACT-23,High School,Founder,3,School
A26-104511,Applicant,ACT-12,High School,Member,3,Regional
A26-104511,Applicant,ACT-10,High School,Member,1,None
A26-104511,Applicant,ACT-20,High School,Member,2,None
A26-108210,Applicant,ACT-23,High School,Member,1,None
A26-108210,Applicant,ACT-06,High School,Officer,2,School
A26-108210,Applicant,ACT-05,High School,Member,2,State
A26-108210,Applicant,ACT-11,High School,Member,1,Regional
A26-106030,Applicant,ACT-01,High School,Officer,1,School
A26-106030,Applicant,ACT-12,High School,Officer,3,None
A26-106030,Applicant,ACT-15,High School,Member,2,None
A26-106030,Applicant,ACT-22,High School,Member,2,Regional
A26-105248,Applicant,ACT-09,High School,Captain,4,Regional
A26-105248,Applicant,ACT-12,High School,Member,2,None
A26-105248,Applicant,ACT-23,High School,Member,3,School
A26-105248,Applicant,ACT-13,High School,Member,1,None
A26-105248,Applicant,ACT-06,High School,Founder,3,Regional
A26-105248,Applicant,ACT-32,High School,Member,2,Regional
A26-108217,Applicant,ACT-07,High School,Member,2,Regional
A26-108217,Applicant,ACT-01,High School,Member,1,State
A26-108217,Applicant,ACT-27,High School,Founder,2,Regional
A26-108217,Applicant,ACT-18,High School,Officer,1,None
A26-108217,Applicant,ACT-17,High School,Member,3,None
A26-108217,Applicant,ACT-24,High School,Officer,2,State
A26-106394,Applicant,ACT-15,High School,Member,2,Regional
A26-106394,Applicant,ACT-21,High School,President,3,None
A26-106394,Applicant,ACT-06,High School,Officer,2,School
A26-100816,Applicant,ACT-01,High School,Captain,3,None
A26-100816,Applicant,ACT-12,High School,President,2,Regional
A26-100816,Applicant,ACT-05,High School,Member,4,None
A26-100816,Applicant,ACT-15,High School,Member,2,None
A26-100816,Applicant,ACT-07,High School,Captain,2,None
A26-103219,Applicant,ACT-23,High School,Officer,3,School
A26-103219,Applicant,ACT-12,High School,Member,2,Regional
A26-103219,Applicant,ACT-18,High School,Member,4,None
A26-103219,Applicant,ACT-01,High School,Member,2,National
A26-103219,Applicant,ACT-14,High School,Member,4,None
A26-106288,Applicant,ACT-12,High School,Member,2,Regional
A26-106288,Applicant,ACT-08,High School,Officer,2,Regional
A26-106288,Applicant,ACT-23,High School,Member,2,State
A26-106288,Applicant,ACT-21,High School,Officer,2,School
A26-106288,Applicant,ACT-28,High School,Member,1,None
A26-106371,Applicant,ACT-10,High School,Member,1,National
A26-106371,Applicant,ACT-21,High School,Officer,4,School
A26-106371,Applicant,ACT-17,High School,Member,1,State
A26-106371,Applicant,ACT-16,High School,Member,1,School
A26-105996,Applicant,ACT-06,High School,Member,3,State
A26-105996,Applicant,ACT-15,High School,Officer,3,School
A26-105996,Applicant,ACT-09,High School,Member,4,School
A26-105996,Applicant,ACT-12,High School,Captain,2,Regional
A26-103587,Applicant,ACT-12,High School,Member,4,None
A26-103587,Applicant,ACT-11,High School,Member,3,Regional
A26-103587,Applicant,ACT-23,High School,President,4,School
A26-104285,Applicant,ACT-23,High School,President,2,None
A26-104285,Applicant,ACT-31,High School,Member,3,Regional
A26-104285,Applicant,ACT-24,High School,Officer,4,Regional
A26-104285,Applicant,ACT-08,High School,Officer,4,Regional
A26-104285,Applicant,ACT-12,High School,Member,2,School
A26-107643,Applicant,ACT-01,High School,President,1,None
A26-107643,Applicant,ACT-02,High School,Member,2,State
A26-107643,Applicant,ACT-09,High School,Member,2,School
A26-107643,Applicant,ACT-12,High School,Member,4,None
A26-107643,Applicant,ACT-21,High School,Member,2,None
A26-104049,Applicant,ACT-19,High School,Member,1,Regional
A26-104049,Applicant,ACT-15,High School,Member,4,None
A26-104049,Applicant,ACT-23,High School,Captain,2,None
A26-104049,Applicant,ACT-10,High School,Member,4,School
A26-100293,Applicant,ACT-22,High School,Member,2,None
A26-100293,Applicant,ACT-11,High School,President,4,State
A26-100293,Applicant,ACT-09,High School,Officer,1,School
A26-100293,Applicant,ACT-06,High School,Member,2,School
A26-100293,Applicant,ACT-03,High School,Officer,2,National
A26-100293,Applicant,ACT-12,High School,Member,4,None
A26-100591,Applicant,ACT-15,High School,Officer,1,None
A26-100591,Applicant,ACT-06,High School,Member,4,Regional
A26-100591,Applicant,ACT-24,High School,Member,1,None
A26-100591,Applicant,ACT-20,High School,Member,3,School
A26-101945,Applicant,ACT-25,High School,Member,2,School
A26-101945,Applicant,ACT-06,High School,Member,2,School
A26-101945,Applicant,ACT-08,High School,Member,1,None
A26-102400,Applicant,ACT-01,High School,Member,1,None
A26-102400,Applicant,ACT-23,High School,Member,1,None
A26-102400,Applicant,ACT-12,High School,Officer,3,None
A26-102400,Applicant,ACT-09,High School,Officer,3,School
A26-102400,Applicant,ACT-21,High School,Member,2,School
A26-102257,Applicant,ACT-23,High School,Member,3,Regional
A26-102257,Applicant,ACT-15,High School,Captain,1,State
A26-102257,Applicant,ACT-30,High School,Member,4,None
A26-102257,Applicant,ACT-12,High School,Member,4,Regional
A26-102257,Applicant,ACT-20,High School,Member,3,None
A26-108389,Applicant,ACT-19,High School,Member,2,School
A26-108389,Applicant,ACT-05,High School,Officer,2,Regional
A26-108389,Applicant,ACT-15,High School,Member,2,None
A26-108389,Applicant,ACT-21,High School,Member,1,None
A26-101708,Applicant,ACT-21,High School,Member,1,None
A26-101708,Applicant,ACT-12,High School,Officer,2,None
A26-101708,Applicant,ACT-01,High School,Officer,2,None
A26-101708,Applicant,ACT-07,High School,Member,1,None
A26-108051,Applicant,ACT-27,High School,Founder,1,State
A26-108051,Applicant,ACT-12,High School,Officer,2,Regional
A26-108051,Applicant,ACT-31,High School,President,4,School
A26-108051,Applicant,ACT-20,High School,Member,3,State
A26-102195,Applicant,ACT-09,High School,Member,1,None
A26-102195,Applicant,ACT-12,High School,Officer,1,None
A26-102195,Applicant,ACT-15,High School,Member,3,School
A26-102195,Applicant,ACT-10,High School,Officer,2,Regional
A26-102195,Applicant,ACT-01,High School,Officer,2,School
A26-102195,Applicant,ACT-08,High School,Member,1,None
A26-107977,Applicant,ACT-24,High School,Member,1,Regional
A26-107977,Applicant,ACT-16,High School,President,4,None
A26-107977,Applicant,ACT-07,High School,Member,3,School
A26-107977,Applicant,ACT-02,High School,Officer,3,None
A26-107977,Applicant,ACT-12,High School,Officer,4,None
A26-107977,Applicant,ACT-34,High School,Captain,3,None
A26-105149,Applicant,ACT-09,High School,Member,4,None
A26-105149,Applicant,ACT-06,High School,Member,3,State
A26-105149,Applicant,ACT-17,High School,Member,4,None
A26-105149,Applicant,ACT-01,High School,Founder,2,School
A26-106349,Applicant,ACT-09,High School,Member,1,Regional
A26-106349,Applicant,ACT-31,High School,Captain,4,None
A26-106349,Applicant,ACT-10,High School,Member,4,School
A26-106349,Applicant,ACT-01,High School,Member,4,National
A26-106349,Applicant,ACT-06,High School,Member,2,Regional
A26-101826,Applicant,ACT-27,High School,Officer,2,State
A26-101826,Applicant,ACT-03,High School,Member,3,None
A26-101826,Applicant,ACT-23,High School,Captain,3,None
A26-101826,Applicant,ACT-01,High School,Member,2,School
A26-101826,Applicant,ACT-09,High School,Captain,1,None
A26-101826,Applicant,ACT-32,High School,Member,3,State
A26-102229,Applicant,ACT-12,High School,Officer,2,School
A26-102229,Applicant,ACT-23,High School,Member,1,None
A26-102229,Applicant,ACT-26,High School,Member,1,School
A26-102985,Applicant,ACT-21,High School,Member,4,None
A26-102985,Applicant,ACT-15,High School,Officer,4,None
A26-102985,Applicant,ACT-17,High School,Officer,3,None
A26-102985,Applicant,ACT-12,High School,Member,1,Regional
A26-102985,Applicant,ACT-01,High School,Member,3,Regional
A26-105861,Applicant,ACT-12,High School,Captain,1,None
A26-105861,Applicant,ACT-20,High School,Member,1,State
A26-105861,Applicant,ACT-10,High School,Member,2,None
A26-106101,Applicant,ACT-01,High School,Member,1,Regional
A26-106101,Applicant,ACT-19,High School,President,4,None
A26-106101,Applicant,ACT-24,High School,Founder,2,School
A26-106101,Applicant,ACT-10,High School,Officer,2,State
A26-106101,Applicant,ACT-12,High School,Member,1,None
A26-106101,Applicant,ACT-05,High School,Member,3,School
A26-104618,Applicant,ACT-12,High School,Member,4,None
A26-104618,Applicant,ACT-17,High School,President,3,None
A26-104618,Applicant,ACT-18,High School,Member,2,None
A26-104618,Applicant,ACT-08,High School,Member,4,School
A26-104618,Applicant,ACT-04,High School,Member,4,State
A26-104618,Applicant,ACT-33,High School,Member,4,None
A26-106547,Applicant,ACT-21,High School,Member,2,Regional
A26-106547,Applicant,ACT-08,High School,Officer,1,None
A26-106547,Applicant,ACT-15,High School,Officer,3,School
A26-106547,Applicant,ACT-07,High School,Founder,4,None
A26-107267,Applicant,ACT-29,High School,Member,2,School
A26-107267,Applicant,ACT-05,High School,Member,3,School
A26-107267,Applicant,ACT-02,High School,Officer,1,None
A26-107267,Applicant,ACT-13,High School,Founder,4,None
A26-107267,Applicant,ACT-08,High School,Member,4,None
A26-102898,Applicant,ACT-09,High School,Member,4,None
A26-102898,Applicant,ACT-25,High School,President,1,School
A26-102898,Applicant,ACT-31,High School,Officer,1,National
A26-107148,Applicant,ACT-21,High School,Member,1,School
A26-107148,Applicant,ACT-23,High School,Member,3,None
A26-107148,Applicant,ACT-06,High School,Member,3,School
A26-107148,Applicant,ACT-07,High School,Member,3,None
A26-107148,Applicant,ACT-09,High School,Member,1,School
A26-104239,Applicant,ACT-17,High School,Officer,2,School
A26-104239,Applicant,ACT-12,High School,Officer,1,None
A26-104239,Applicant,ACT-04,High School,Officer,1,None
A26-107429,Applicant,ACT-22,High School,Member,2,None
A26-107429,Applicant,ACT-15,High School,Officer,2,None
A26-107429,Applicant,ACT-12,High School,Member,2,School
A26-100441,Applicant,ACT-02,High School,Member,4,None
A26-100441,Applicant,ACT-12,High School,Member,4,School
A26-100441,Applicant,ACT-31,High School,Member,3,School
A26-100441,Applicant,ACT-24,High School,Founder,4,Regional
A26-100441,Applicant,ACT-20,High School,President,4,None
A26-102032,Applicant,ACT-25,High School,Member,2,Regional
A26-102032,Applicant,ACT-27,High School,Officer,2,None
A26-102032,Applicant,ACT-08,High School,Member,2,None
A26-102032,Applicant,ACT-01,High School,Founder,3,None
A26-106988,Applicant,ACT-25,High School,Member,4,None
A26-106988,Applicant,ACT-31,High School,Founder,1,None
A26-106988,Applicant,ACT-01,High School,Member,3,Regional
A26-104910,Applicant,ACT-01,High School,Member,1,Regional
A26-104910,Applicant,ACT-02,High School,Member,2,Regional
A26-104910,Applicant,ACT-31,High School,President,2,None
A26-104910,Applicant,ACT-05,High School,Officer,1,School
A26-107648,Applicant,ACT-11,High School,Officer,4,None
A26-107648,Applicant,ACT-10,High School,President,4,National
A26-107648,Applicant,ACT-01,High School,Officer,1,Regional
A26-107648,Applicant,ACT-23,High School,Officer,1,Regional
A26-107648,Applicant,ACT-12,High School,Member,4,Regional
A26-106195,Applicant,ACT-01,High School,Member,2,None
A26-106195,Applicant,ACT-24,High School,Member,3,School
A26-106195,Applicant,ACT-31,High School,Member,4,None
A26-106195,Applicant,ACT-19,High School,Founder,1,None
A26-106195,Applicant,ACT-05,High School,Member,1,School
A26-106195,Applicant,ACT-23,High School,Member,2,School
A26-105601,Applicant,ACT-12,High School,Member,4,Regional
A26-105601,Applicant,ACT-06,High School,Member,1,None
A26-105601,Applicant,ACT-21,High School,Member,3,None
A26-101505,Applicant,ACT-12,High School,Captain,1,Regional
A26-101505,Applicant,ACT-07,High School,Member,4,State
A26-101505,Applicant,ACT-15,High School,Captain,3,None
A26-101505,Applicant,ACT-30,High School,Member,3,None
A26-101543,Applicant,ACT-05,High School,Founder,2,None
A26-101543,Applicant,ACT-12,High School,Member,4,School
A26-101543,Applicant,ACT-08,High School,Member,4,National
A26-102349,Applicant,ACT-20,High School,Officer,2,None
A26-102349,Applicant,ACT-05,High School,Officer,2,School
A26-102349,Applicant,ACT-12,High School,President,2,None
A26-108359,Applicant,ACT-28,High School,Member,1,School
A26-108359,Applicant,ACT-06,High School,Member,4,None
A26-108359,Applicant,ACT-25,High School,President,2,None
A26-106080,Applicant,ACT-02,High School,Member,4,School
A26-106080,Applicant,ACT-05,High School,Member,4,None
A26-106080,Applicant,ACT-27,High School,Member,3,Regional
A26-106080,Applicant,ACT-20,High School,Member,3,Regional
A26-106080,Applicant,ACT-47,High School,Member,4,State
A26-105800,Applicant,ACT-15,High School,Captain,4,None
A26-105800,Applicant,ACT-12,High School,Officer,4,State
A26-105800,Applicant,ACT-14,High School,Captain,2,School
A26-105800,Applicant,ACT-22,High School,Member,3,State
A26-105800,Applicant,ACT-19,High School,Officer,2,School
A26-101099,Applicant,ACT-23,High School,President,3,None
A26-101099,Applicant,ACT-19,High School,Member,2,None
A26-101099,Applicant,ACT-18,High School,Member,2,None
A26-101099,Applicant,ACT-17,High School,Founder,4,None
A26-105470,Applicant,ACT-02,High School,Member,1,Regional
A26-105470,Applicant,ACT-13,High School,Member,4,None
A26-105470,Applicant,ACT-12,High School,Member,4,None
A26-105470,Applicant,ACT-15,High School,Officer,3,None
A26-105470,Applicant,ACT-08,High School,Member,2,None
A26-105470,Applicant,ACT-30,High School,Officer,2,School
A26-107186,Applicant,ACT-08,High School,Officer,4,None
A26-107186,Applicant,ACT-17,High School,Member,1,School
A26-107186,Applicant,ACT-04,High School,Member,3,Regional
A26-107186,Applicant,ACT-05,High School,Member,2,National
A26-107186,Applicant,ACT-14,High School,Member,3,School
A26-107186,Applicant,ACT-06,High School,Founder,4,State
A26-100826,Applicant,ACT-08,High School,Member,2,State
A26-100826,Applicant,ACT-12,High School,Member,2,None
A26-100826,Applicant,ACT-15,High School,Member,1,None
A26-100826,Applicant,ACT-21,High School,Officer,3,State
A26-100428,Applicant,ACT-09,High School,Member,4,None
A26-100428,Applicant,ACT-23,High School,Officer,4,State
A26-100428,Applicant,ACT-12,High School,Member,4,None
A26-105707,Applicant,ACT-01,High School,Officer,4,None
A26-105707,Applicant,ACT-23,High School,Member,1,None
A26-105707,Applicant,ACT-06,High School,Member,4,None
A26-105707,Applicant,ACT-17,High School,Member,3,School
A26-105461,Applicant,ACT-07,High School,Member,2,None
A26-105461,Applicant,ACT-08,High School,President,3,School
A26-105461,Applicant,ACT-06,High School,Member,4,Regional
A26-105461,Applicant,ACT-12,High School,Officer,1,None
A26-104575,Applicant,ACT-28,High School,Member,4,School
A26-104575,Applicant,ACT-18,High School,Member,2,None
A26-104575,Applicant,ACT-21,High School,Member,3,Regional
A26-104575,Applicant,ACT-15,High School,Officer,2,Regional
A26-107750,Applicant,ACT-10,High School,Member,1,None
A26-107750,Applicant,ACT-09,High School,Officer,4,None
A26-107750,Applicant,ACT-15,High School,Officer,1,State
A26-101356,Applicant,ACT-23,High School,Member,2,State
A26-101356,Applicant,ACT-02,High School,Member,1,School
A26-101356,Applicant,ACT-06,High School,Member,3,School
A26-101356,Applicant,ACT-03,High School,Officer,1,None
A26-104602,Applicant,ACT-05,High School,Member,4,None
A26-104602,Applicant,ACT-28,High School,Member,2,State
A26-104602,Applicant,ACT-03,High School,Member,3,None
A26-104602,Applicant,ACT-29,High School,Member,2,School
A26-104602,Applicant,ACT-09,High School,Member,2,None
A26-104602,Applicant,ACT-12,High School,Member,2,None
A26-100683,Applicant,ACT-18,High School,Member,3,None
A26-100683,Applicant,ACT-27,High School,Officer,1,None
A26-100683,Applicant,ACT-26,High School,Officer,4,State
A26-100683,Applicant,ACT-14,High School,Officer,4,School
A26-100683,Applicant,ACT-28,High School,Officer,1,Regional
A26-100683,Applicant,ACT-23,High School,Member,2,State
A26-106738,Applicant,ACT-01,High School,Member,3,None
A26-106738,Applicant,ACT-28,High School,Member,2,None
A26-106738,Applicant,ACT-15,High School,Officer,1,None
A26-106738,Applicant,ACT-17,High School,Officer,4,School
A26-106738,Applicant,ACT-12,High School,Captain,1,School
A26-108158,Applicant,ACT-08,High School,Member,2,None
A26-108158,Applicant,ACT-12,High School,Member,4,None
A26-108158,Applicant,ACT-17,High School,Member,3,None
A26-108158,Applicant,ACT-19,High School,Member,2,None
A26-100469,Applicant,ACT-23,High School,Member,3,Regional
A26-100469,Applicant,ACT-10,High School,Member,2,None
A26-100469,Applicant,ACT-02,High School,Member,2,None
A26-100469,Applicant,ACT-18,High School,Member,3,School
A26-100469,Applicant,ACT-45,High School,Member,2,None
A26-107506,Applicant,ACT-12,High School,Member,2,School
A26-107506,Applicant,ACT-13,High School,Officer,4,School
A26-107506,Applicant,ACT-27,High School,Member,4,Regional
A26-107506,Applicant,ACT-15,High School,Member,1,National
A26-104640,Applicant,ACT-13,High School,Officer,2,Regional
A26-104640,Applicant,ACT-23,High School,Captain,3,State
A26-104640,Applicant,ACT-06,High School,Member,4,School
A26-100569,Applicant,ACT-08,High School,Member,1,None
A26-100569,Applicant,ACT-21,High School,President,2,None
A26-100569,Applicant,ACT-05,High School,Member,4,None
A26-100569,Applicant,ACT-04,High School,Captain,4,None
A26-100569,Applicant,ACT-15,High School,Officer,3,None
A26-107551,Applicant,ACT-12,High School,Member,1,None
A26-107551,Applicant,ACT-21,High School,Member,1,None
A26-107551,Applicant,ACT-16,High School,Member,3,State
A26-107551,Applicant,ACT-23,High School,Captain,4,None
A26-103556,Applicant,ACT-31,High School,Member,3,None
A26-103556,Applicant,ACT-16,High School,Captain,3,School
A26-103556,Applicant,ACT-10,High School,Officer,4,None
A26-103556,Applicant,ACT-05,High School,Officer,3,School
A26-103556,Applicant,ACT-30,High School,Officer,3,Regional
A26-103556,Applicant,ACT-15,High School,Member,2,None
A26-108002,Applicant,ACT-01,High School,Member,1,Regional
A26-108002,Applicant,ACT-27,High School,Member,1,School
A26-108002,Applicant,ACT-23,High School,Founder,2,None
A26-102911,Applicant,ACT-12,High School,Captain,3,None
A26-102911,Applicant,ACT-06,High School,Captain,1,None
A26-102911,Applicant,ACT-15,High School,Founder,1,None
A26-102911,Applicant,ACT-31,High School,Member,3,Regional
A26-101579,Applicant,ACT-23,High School,Member,4,Regional
A26-101579,Applicant,ACT-06,High School,Captain,4,School
A26-101579,Applicant,ACT-12,High School,Member,2,National
A26-101579,Applicant,ACT-24,High School,President,3,School
A26-101579,Applicant,ACT-02,High School,Member,1,None
A26-101579,Applicant,ACT-15,High School,Member,3,None
A26-107466,Applicant,ACT-15,High School,Member,1,State
A26-107466,Applicant,ACT-05,High School,Member,1,None
A26-107466,Applicant,ACT-11,High School,Member,2,None
A26-108249,Applicant,ACT-09,High School,Captain,4,None
A26-108249,Applicant,ACT-21,High School,Member,1,State
A26-108249,Applicant,ACT-24,High School,Member,2,State
A26-108249,Applicant,ACT-15,High School,Officer,3,None
A26-108249,Applicant,ACT-23,High School,Officer,3,None
A26-108249,Applicant,ACT-07,High School,Officer,1,Regional
A26-104199,Applicant,ACT-15,High School,Captain,3,Regional
A26-104199,Applicant,ACT-23,High School,Captain,1,School
A26-104199,Applicant,ACT-06,High School,Captain,1,None
A26-104199,Applicant,ACT-12,High School,Officer,1,None
A26-101739,Applicant,ACT-12,High School,Member,2,None
A26-101739,Applicant,ACT-29,High School,Member,3,School
A26-101739,Applicant,ACT-19,High School,Officer,1,School
A26-101739,Applicant,ACT-16,High School,Member,4,None
A26-105810,Applicant,ACT-02,High School,President,2,None
A26-105810,Applicant,ACT-09,High School,Member,1,None
A26-105810,Applicant,ACT-23,High School,Member,3,None
A26-105810,Applicant,ACT-10,High School,Member,4,School
A26-104455,Applicant,ACT-08,High School,Member,1,None
A26-104455,Applicant,ACT-12,High School,Member,4,School
A26-104455,Applicant,ACT-23,High School,Member,1,None
A26-106624,Applicant,ACT-05,High School,President,4,State
A26-106624,Applicant,ACT-15,High School,President,1,None
A26-106624,Applicant,ACT-12,High School,Founder,3,None
A26-106624,Applicant,ACT-17,High School,Officer,2,None
A26-106624,Applicant,ACT-08,High School,Member,2,School
A26-101699,Applicant,ACT-03,High School,President,3,None
A26-101699,Applicant,ACT-12,High School,Officer,3,None
A26-101699,Applicant,ACT-27,High School,President,1,None
A26-101699,Applicant,ACT-04,High School,Member,4,School
A26-101699,Applicant,ACT-07,High School,Officer,4,None
A26-104018,Applicant,ACT-23,High School,Member,4,None
A26-104018,Applicant,ACT-12,High School,Member,3,None
A26-104018,Applicant,ACT-06,High School,Officer,3,None
A26-104018,Applicant,ACT-13,High School,Member,2,School
A26-102612,Applicant,ACT-06,High School,Member,3,Regional
A26-102612,Applicant,ACT-30,High School,Member,3,School
A26-102612,Applicant,ACT-29,High School,Member,3,School
A26-102612,Applicant,ACT-15,High School,Member,3,None
A26-100835,Applicant,ACT-15,High School,President,2,State
A26-100835,Applicant,ACT-23,High School,Member,4,None
A26-100835,Applicant,ACT-27,High School,Member,1,School
A26-104777,Applicant,ACT-12,High School,Founder,3,Regional
A26-104777,Applicant,ACT-21,High School,Officer,1,Regional
A26-104777,Applicant,ACT-23,High School,Officer,2,National
A26-104777,Applicant,ACT-08,High School,Member,4,None
A26-104777,Applicant,ACT-19,High School,Member,4,Regional
A26-104777,Applicant,ACT-15,High School,Member,1,National
A26-101639,Applicant,ACT-21,High School,Member,3,School
A26-101639,Applicant,ACT-19,High School,Member,3,Regional
A26-101639,Applicant,ACT-12,High School,Member,4,None
A26-103419,Applicant,ACT-12,High School,Member,3,State
A26-103419,Applicant,ACT-23,High School,Officer,2,None
A26-103419,Applicant,ACT-25,High School,Member,4,School
A26-103419,Applicant,ACT-06,High School,Officer,3,State
A26-107544,Applicant,ACT-19,High School,Member,3,None
A26-107544,Applicant,ACT-06,High School,President,4,School
A26-107544,Applicant,ACT-23,High School,Officer,2,School
A26-107544,Applicant,ACT-01,High School,Member,2,National
A26-100676,Applicant,ACT-01,High School,Member,2,None
A26-100676,Applicant,ACT-08,High School,Captain,3,None
A26-100676,Applicant,ACT-15,High School,Member,2,Regional
A26-100676,Applicant,ACT-12,High School,Member,3,State
A26-102045,Applicant,ACT-07,High School,Founder,4,None
A26-102045,Applicant,ACT-22,High School,Officer,4,School
A26-102045,Applicant,ACT-06,High School,Member,2,School
A26-102045,Applicant,ACT-12,High School,President,4,None
A26-102045,Applicant,ACT-17,High School,Member,3,None
A26-102045,Applicant,ACT-23,High School,Officer,1,Regional
A26-104243,Applicant,ACT-12,High School,President,1,None
A26-104243,Applicant,ACT-17,High School,Member,1,School
A26-104243,Applicant,ACT-23,High School,Member,3,None
A26-104243,Applicant,ACT-28,High School,Member,1,State
A26-104243,Applicant,ACT-05,High School,Member,4,None
A26-107296,Applicant,ACT-01,High School,Founder,1,None
A26-107296,Applicant,ACT-11,High School,Member,4,None
A26-107296,Applicant,ACT-15,High School,Member,3,School
A26-107296,Applicant,ACT-23,High School,Officer,3,None
A26-102580,Applicant,ACT-04,High School,Member,1,None
A26-102580,Applicant,ACT-08,High School,Member,1,None
A26-102580,Applicant,ACT-29,High School,Officer,4,National
A26-102580,Applicant,ACT-23,High School,Captain,3,State
A26-102580,Applicant,ACT-07,High School,Captain,4,School
A26-102580,Applicant,ACT-03,High School,Member,4,None
A26-101609,Applicant,ACT-02,High School,Member,3,School
A26-101609,Applicant,ACT-13,High School,Member,1,School
A26-101609,Applicant,ACT-12,High School,Member,4,School
A26-105159,Applicant,ACT-01,High School,Member,4,None
A26-105159,Applicant,ACT-12,High School,Member,4,None
A26-105159,Applicant,ACT-09,High School,Member,3,Regional
A26-105159,Applicant,ACT-22,High School,Captain,3,School
A26-105159,Applicant,ACT-44,High School,Member,2,None
A26-101720,Applicant,ACT-05,High School,Member,1,School
A26-101720,Applicant,ACT-15,High School,Member,3,None
A26-101720,Applicant,ACT-12,High School,Officer,3,School
A26-101720,Applicant,ACT-26,High School,Member,2,School
A26-103143,Applicant,ACT-23,High School,Member,4,Regional
A26-103143,Applicant,ACT-15,High School,Member,1,None
A26-103143,Applicant,ACT-17,High School,Officer,1,School
A26-103143,Applicant,ACT-01,High School,Officer,1,Regional
A26-103143,Applicant,ACT-29,High School,Captain,4,None
A26-103143,Applicant,ACT-24,High School,Member,4,None
A26-107423,Applicant,ACT-05,High School,Officer,3,None
A26-107423,Applicant,ACT-15,High School,Officer,1,School
A26-107423,Applicant,ACT-06,High School,Member,2,School
A26-107423,Applicant,ACT-30,High School,Officer,2,None
A26-102550,Applicant,ACT-28,High School,Member,2,None
A26-102550,Applicant,ACT-30,High School,Member,3,Regional
A26-102550,Applicant,ACT-23,High School,Member,1,School
A26-106389,Applicant,ACT-08,High School,Member,2,None
A26-106389,Applicant,ACT-19,High School,President,4,None
A26-106389,Applicant,ACT-12,High School,Member,1,None
A26-106389,Applicant,ACT-23,High School,Member,1,Regional
A26-106389,Applicant,ACT-06,High School,Officer,4,None
A26-106389,Applicant,ACT-21,High School,Member,2,State
A26-106389,Applicant,ACT-32,High School,Member,2,School
A26-101920,Applicant,ACT-10,High School,Founder,3,None
A26-101920,Applicant,ACT-15,High School,Member,2,None
A26-101920,Applicant,ACT-23,High School,Member,2,None
A26-101920,Applicant,ACT-13,High School,Member,1,None
A26-101920,Applicant,ACT-38,High School,Captain,4,None
A26-104720,Applicant,ACT-01,High School,Member,3,None
A26-104720,Applicant,ACT-08,High School,Member,2,None
A26-104720,Applicant,ACT-23,High School,Member,2,None
A26-104720,Applicant,ACT-06,High School,Founder,3,State
A26-104720,Applicant,ACT-22,High School,Officer,2,None
A26-105062,Applicant,ACT-07,High School,Member,4,None
A26-105062,Applicant,ACT-27,High School,Member,2,None
A26-105062,Applicant,ACT-08,High School,Member,1,Regional
A26-105062,Applicant,ACT-23,High School,President,4,None
A26-102735,Applicant,ACT-12,High School,Officer,2,None
A26-102735,Applicant,ACT-22,High School,Member,1,None
A26-102735,Applicant,ACT-08,High School,Member,2,None
A26-102735,Applicant,ACT-15,High School,Member,3,None
A26-102735,Applicant,ACT-11,High School,Member,1,None
A26-106212,Applicant,ACT-05,High School,Officer,3,State
A26-106212,Applicant,ACT-08,High School,Founder,1,School
A26-106212,Applicant,ACT-12,High School,Member,1,School
A26-106212,Applicant,ACT-23,High School,Member,1,None
A26-107659,Applicant,ACT-24,High School,Member,3,School
A26-107659,Applicant,ACT-12,High School,Member,4,None
A26-107659,Applicant,ACT-27,High School,Member,1,State
A26-100968,Applicant,ACT-11,High School,Officer,1,Regional
A26-100968,Applicant,ACT-23,High School,Member,4,School
A26-100968,Applicant,ACT-07,High School,Member,1,School
A26-100968,Applicant,ACT-05,High School,Member,1,None
A26-101962,Applicant,ACT-01,High School,Member,4,None
A26-101962,Applicant,ACT-08,High School,Member,2,School
A26-101962,Applicant,ACT-28,High School,Member,2,None
A26-102169,Applicant,ACT-04,High School,Founder,2,None
A26-102169,Applicant,ACT-01,High School,Officer,4,None
A26-102169,Applicant,ACT-12,High School,Member,2,School
A26-102169,Applicant,ACT-07,High School,Member,4,Regional
A26-102169,Applicant,ACT-23,High School,Captain,4,None
A26-101132,Applicant,ACT-23,High School,Officer,3,School
A26-101132,Applicant,ACT-17,High School,Captain,2,None
A26-101132,Applicant,ACT-04,High School,Captain,3,Regional
A26-104492,Applicant,ACT-09,High School,Member,3,None
A26-104492,Applicant,ACT-24,High School,Captain,1,School
A26-104492,Applicant,ACT-06,High School,Member,2,None
A26-104492,Applicant,ACT-12,High School,Member,4,State
A26-104492,Applicant,ACT-01,High School,Member,4,School
A26-104492,Applicant,ACT-23,High School,Member,4,School
A26-102445,Applicant,ACT-12,High School,Member,1,Regional
A26-102445,Applicant,ACT-23,High School,Member,2,None
A26-102445,Applicant,ACT-08,High School,Officer,1,Regional
A26-102445,Applicant,ACT-19,High School,Member,3,None
A26-102445,Applicant,ACT-05,High School,Member,2,None
A26-102445,Applicant,ACT-16,High School,Member,3,School
A26-102179,Applicant,ACT-31,High School,Member,3,None
A26-102179,Applicant,ACT-08,High School,Captain,4,Regional
A26-102179,Applicant,ACT-23,High School,Member,1,Regional
A26-102179,Applicant,ACT-12,High School,Member,1,None
A26-102179,Applicant,ACT-14,High School,Member,3,None
A26-101845,Applicant,ACT-23,High School,Member,3,State
A26-101845,Applicant,ACT-25,High School,Member,2,School
A26-101845,Applicant,ACT-01,High School,Member,2,Regional
A26-100089,Applicant,ACT-28,High School,Officer,1,None
A26-100089,Applicant,ACT-12,High School,Officer,3,School
A26-100089,Applicant,ACT-14,High School,Member,2,None
A26-100089,Applicant,ACT-15,High School,Founder,1,Regional
A26-102121,Applicant,ACT-08,High School,Member,3,School
A26-102121,Applicant,ACT-09,High School,Officer,3,None
A26-102121,Applicant,ACT-17,High School,Officer,3,None
A26-102121,Applicant,ACT-12,High School,Member,3,School
A26-102121,Applicant,ACT-05,High School,Member,2,None
A26-105520,Applicant,ACT-28,High School,Member,1,None
A26-105520,Applicant,ACT-23,High School,Member,4,None
A26-105520,Applicant,ACT-03,High School,Member,3,School
A26-105257,Applicant,ACT-23,High School,Officer,3,Regional
A26-105257,Applicant,ACT-19,High School,Officer,4,None
A26-105257,Applicant,ACT-06,High School,Member,3,Regional
A26-106969,Applicant,ACT-08,High School,Member,4,School
A26-106969,Applicant,ACT-30,High School,Member,1,Regional
A26-106969,Applicant,ACT-11,High School,Member,4,None
A26-106969,Applicant,ACT-01,High School,Member,2,State
A26-106969,Applicant,ACT-27,High School,Member,1,None
A26-106969,Applicant,ACT-23,High School,Member,3,School
A26-108223,Applicant,ACT-23,High School,Member,3,School
A26-108223,Applicant,ACT-15,High School,Member,2,Regional
A26-108223,Applicant,ACT-21,High School,Member,1,State
A26-105820,Applicant,ACT-02,High School,Member,4,None
A26-105820,Applicant,ACT-23,High School,Member,4,None
A26-105820,Applicant,ACT-26,High School,Member,4,Regional
A26-100910,Applicant,ACT-13,High School,Member,1,None
A26-100910,Applicant,ACT-27,High School,Member,3,None
A26-100910,Applicant,ACT-12,High School,Member,2,None
A26-103152,Applicant,ACT-07,High School,Member,4,None
A26-103152,Applicant,ACT-29,High School,Member,4,None
A26-103152,Applicant,ACT-21,High School,President,4,Regional
A26-103152,Applicant,ACT-06,High School,Member,3,None
A26-106507,Applicant,ACT-23,High School,Member,3,None
A26-106507,Applicant,ACT-21,High School,Member,2,None
A26-106507,Applicant,ACT-12,High School,Captain,3,None
A26-106507,Applicant,ACT-09,High School,Member,2,None
A26-106507,Applicant,ACT-41,High School,Captain,3,None
A26-105127,Applicant,ACT-19,High School,Founder,1,None
A26-105127,Applicant,ACT-07,High School,President,3,None
A26-105127,Applicant,ACT-12,High School,Officer,1,None
A26-105127,Applicant,ACT-15,High School,Member,4,None
A26-106554,Applicant,ACT-03,High School,Member,1,None
A26-106554,Applicant,ACT-11,High School,Member,2,None
A26-106554,Applicant,ACT-27,High School,Member,2,School
A26-107838,Applicant,ACT-12,High School,Member,4,None
A26-107838,Applicant,ACT-23,High School,Officer,3,None
A26-107838,Applicant,ACT-08,High School,Member,3,None
A26-108326,Applicant,ACT-16,High School,Member,3,None
A26-108326,Applicant,ACT-12,High School,Officer,2,State
A26-108326,Applicant,ACT-07,High School,Member,4,Regional
A26-108326,Applicant,ACT-15,High School,Member,1,None
A26-108326,Applicant,ACT-05,High School,Officer,1,School
A26-106775,Applicant,ACT-12,High School,Member,3,School
A26-106775,Applicant,ACT-06,High School,Member,1,School
A26-106775,Applicant,ACT-23,High School,Officer,3,State
A26-106775,Applicant,ACT-08,High School,Member,3,None
A26-106775,Applicant,ACT-02,High School,Member,2,None
A26-108135,Applicant,ACT-24,High School,Member,3,None
A26-108135,Applicant,ACT-26,High School,Captain,3,State
A26-108135,Applicant,ACT-30,High School,Member,4,None
A26-101226,Applicant,ACT-01,High School,Member,1,None
A26-101226,Applicant,ACT-12,High School,Member,3,None
A26-101226,Applicant,ACT-11,High School,Officer,1,None
A26-101226,Applicant,ACT-06,High School,Officer,1,None
A26-101226,Applicant,ACT-17,High School,Member,4,None
A26-103307,Applicant,ACT-12,High School,Member,4,None
A26-103307,Applicant,ACT-04,High School,Member,1,None
A26-103307,Applicant,ACT-20,High School,Member,3,State
A26-103307,Applicant,ACT-02,High School,Officer,4,Regional
A26-107801,Applicant,ACT-11,High School,Member,4,None
A26-107801,Applicant,ACT-22,High School,Captain,1,None
A26-107801,Applicant,ACT-05,High School,Member,1,None
A26-106461,Applicant,ACT-12,High School,Officer,3,None
A26-106461,Applicant,ACT-23,High School,Member,2,School
A26-106461,Applicant,ACT-25,High School,Captain,2,None
A26-100154,Applicant,ACT-25,High School,Founder,1,None
A26-100154,Applicant,ACT-08,High School,Officer,1,State
A26-100154,Applicant,ACT-17,High School,Member,4,None
A26-101600,Applicant,ACT-25,High School,Member,4,None
A26-101600,Applicant,ACT-15,High School,Officer,2,State
A26-101600,Applicant,ACT-20,High School,Member,4,School
A26-101600,Applicant,ACT-21,High School,President,3,State
A26-106820,Applicant,ACT-17,High School,Officer,1,None
A26-106820,Applicant,ACT-01,High School,Member,4,Regional
A26-106820,Applicant,ACT-29,High School,Member,2,State
A26-106820,Applicant,ACT-05,High School,Founder,2,Regional
A26-102644,Applicant,ACT-18,High School,Captain,4,School
A26-102644,Applicant,ACT-05,High School,Member,4,School
A26-102644,Applicant,ACT-16,High School,President,3,None
A26-102465,Applicant,ACT-06,High School,Captain,4,None
A26-102465,Applicant,ACT-01,High School,Officer,3,School
A26-102465,Applicant,ACT-14,High School,Member,2,None
A26-102465,Applicant,ACT-12,High School,Member,1,None
A26-102465,Applicant,ACT-15,High School,President,2,School
A26-105277,Applicant,ACT-12,High School,Officer,3,None
A26-105277,Applicant,ACT-31,High School,Member,2,School
A26-105277,Applicant,ACT-07,High School,Member,1,Regional
A26-105277,Applicant,ACT-23,High School,President,4,Regional
A26-107946,Applicant,ACT-15,High School,Member,3,Regional
A26-107946,Applicant,ACT-21,High School,Member,1,School
A26-107946,Applicant,ACT-08,High School,Captain,4,None
A26-107946,Applicant,ACT-23,High School,Member,1,None
A26-107823,Applicant,ACT-13,High School,Member,3,None
A26-107823,Applicant,ACT-12,High School,Member,2,Regional
A26-107823,Applicant,ACT-25,High School,Officer,1,None
A26-105281,Applicant,ACT-03,High School,Member,1,School
A26-105281,Applicant,ACT-09,High School,Member,3,State
A26-105281,Applicant,ACT-13,High School,Officer,3,None
A26-105281,Applicant,ACT-11,High School,Member,3,None
A26-105281,Applicant,ACT-19,High School,Member,3,None
A26-105281,Applicant,ACT-06,High School,Member,4,School
A26-106718,Applicant,ACT-06,High School,Member,1,None
A26-106718,Applicant,ACT-12,High School,Captain,1,State
A26-106718,Applicant,ACT-22,High School,Member,1,Regional
A26-106718,Applicant,ACT-05,High School,Member,1,National
A26-106718,Applicant,ACT-20,High School,Member,3,Regional
A26-106718,Applicant,ACT-10,High School,Member,3,None
A26-104743,Applicant,ACT-12,High School,Member,3,School
A26-104743,Applicant,ACT-29,High School,Member,3,Regional
A26-104743,Applicant,ACT-01,High School,Member,4,Regional
A26-104743,Applicant,ACT-15,High School,Member,1,School
A26-104147,Applicant,ACT-08,High School,Member,1,None
A26-104147,Applicant,ACT-12,High School,Officer,3,School
A26-104147,Applicant,ACT-14,High School,Member,1,None
A26-104147,Applicant,ACT-09,High School,Officer,3,Regional
A26-104147,Applicant,ACT-13,High School,Member,2,None
A26-104147,Applicant,ACT-19,High School,Officer,3,Regional
A26-104501,Applicant,ACT-10,High School,Member,1,School
A26-104501,Applicant,ACT-12,High School,Member,1,None
A26-104501,Applicant,ACT-04,High School,Member,1,School
A26-104501,Applicant,ACT-02,High School,Member,4,None
A26-104501,Applicant,ACT-34,High School,Member,4,School
A26-100380,Applicant,ACT-24,High School,Member,4,None
A26-100380,Applicant,ACT-01,High School,Member,2,None
A26-100380,Applicant,ACT-17,High School,Member,2,None
A26-100380,Applicant,ACT-15,High School,Member,4,School
A26-101572,Applicant,ACT-23,High School,Member,4,Regional
A26-101572,Applicant,ACT-07,High School,Member,3,None
A26-101572,Applicant,ACT-18,High School,Officer,4,Regional
A26-101572,Applicant,ACT-04,High School,Member,1,None
A26-106500,Applicant,ACT-12,High School,Member,1,Regional
A26-106500,Applicant,ACT-23,High School,Member,2,None
A26-106500,Applicant,ACT-21,High School,Member,3,School
A26-106500,Applicant,ACT-17,High School,Member,1,Regional
A26-106500,Applicant,ACT-29,High School,Member,1,None
A26-106500,Applicant,ACT-43,High School,Member,4,National
A26-101835,Applicant,ACT-12,High School,Member,3,None
A26-101835,Applicant,ACT-08,High School,Officer,3,School
A26-101835,Applicant,ACT-17,High School,Member,2,Regional
A26-101835,Applicant,ACT-13,High School,Captain,3,National
A26-104305,Applicant,ACT-17,High School,Member,3,School
A26-104305,Applicant,ACT-15,High School,Officer,4,None
A26-104305,Applicant,ACT-04,High School,Member,3,State
A26-104305,Applicant,ACT-06,High School,Member,3,None
A26-104305,Applicant,ACT-08,High School,Officer,1,School
A26-104305,Applicant,ACT-12,High School,Member,3,School
A26-103960,Applicant,ACT-13,High School,Member,1,None
A26-103960,Applicant,ACT-25,High School,Officer,3,School
A26-103960,Applicant,ACT-29,High School,Officer,1,None
A26-103960,Applicant,ACT-27,High School,Member,4,None
A26-103960,Applicant,ACT-08,High School,Officer,1,None
A26-103960,Applicant,ACT-15,High School,Member,3,School
A26-103705,Applicant,ACT-26,High School,Member,2,State
A26-103705,Applicant,ACT-08,High School,Member,4,None
A26-103705,Applicant,ACT-12,High School,Officer,2,School
A26-103346,Applicant,ACT-23,High School,Member,2,None
A26-103346,Applicant,ACT-06,High School,President,3,Regional
A26-103346,Applicant,ACT-21,High School,President,4,None
A26-103346,Applicant,ACT-12,High School,Officer,3,None
A26-103346,Applicant,ACT-30,High School,Member,2,None
A26-108292,Applicant,ACT-15,High School,Member,1,None
A26-108292,Applicant,ACT-01,High School,President,4,None
A26-108292,Applicant,ACT-02,High School,Officer,1,None
A26-108292,Applicant,ACT-21,High School,Member,2,School
A26-108292,Applicant,ACT-40,High School,Member,2,School
A26-103867,Applicant,ACT-02,High School,Officer,3,None
A26-103867,Applicant,ACT-17,High School,Member,4,School
A26-103867,Applicant,ACT-15,High School,Member,2,None
A26-103867,Applicant,ACT-12,High School,Member,4,School
A26-101788,Applicant,ACT-29,High School,Member,2,None
A26-101788,Applicant,ACT-16,High School,President,4,None
A26-101788,Applicant,ACT-06,High School,Member,2,Regional
A26-101788,Applicant,ACT-08,High School,Member,4,None
A26-101788,Applicant,ACT-12,High School,Member,3,None
A26-102203,Applicant,ACT-27,High School,Officer,4,Regional
A26-102203,Applicant,ACT-12,High School,Founder,3,None
A26-102203,Applicant,ACT-10,High School,Officer,4,Regional
A26-101703,Applicant,ACT-21,High School,President,1,School
A26-101703,Applicant,ACT-01,High School,Member,4,School
A26-101703,Applicant,ACT-06,High School,Member,3,None
A26-101703,Applicant,ACT-15,High School,Member,1,None
A26-103609,Applicant,ACT-22,High School,Member,3,None
A26-103609,Applicant,ACT-17,High School,Officer,3,School
A26-103609,Applicant,ACT-07,High School,Member,4,None
A26-107622,Applicant,ACT-01,High School,Member,1,None
A26-107622,Applicant,ACT-06,High School,Member,2,None
A26-107622,Applicant,ACT-29,High School,Member,1,None
A26-107622,Applicant,ACT-25,High School,Founder,2,None
A26-103321,Applicant,ACT-15,High School,Member,4,None
A26-103321,Applicant,ACT-27,High School,Captain,2,None
A26-103321,Applicant,ACT-09,High School,Member,4,National
A26-103321,Applicant,ACT-24,High School,Officer,2,Regional
A26-107631,Applicant,ACT-12,High School,Captain,2,None
A26-107631,Applicant,ACT-08,High School,Member,2,None
A26-107631,Applicant,ACT-13,High School,Member,1,None
A26-107631,Applicant,ACT-02,High School,Officer,2,None
A26-107631,Applicant,ACT-21,High School,Member,3,None
A26-107631,Applicant,ACT-10,High School,Officer,1,School
A26-100840,Applicant,ACT-30,High School,Member,2,School
A26-100840,Applicant,ACT-08,High School,Member,2,None
A26-100840,Applicant,ACT-23,High School,Member,4,National
A26-103751,Applicant,ACT-01,High School,Member,4,None
A26-103751,Applicant,ACT-12,High School,Captain,1,School
A26-103751,Applicant,ACT-07,High School,President,3,None
A26-103857,Applicant,ACT-01,High School,Member,1,None
A26-103857,Applicant,ACT-19,High School,Captain,3,None
A26-103857,Applicant,ACT-12,High School,Member,4,National
A26-103857,Applicant,ACT-24,High School,Captain,1,School
A26-103661,Applicant,ACT-26,High School,Officer,4,Regional
A26-103661,Applicant,ACT-11,High School,Officer,4,None
A26-103661,Applicant,ACT-15,High School,Officer,1,None
A26-103661,Applicant,ACT-27,High School,Member,1,None
A26-103661,Applicant,ACT-05,High School,Member,3,School
A26-108067,Applicant,ACT-24,High School,Officer,1,State
A26-108067,Applicant,ACT-06,High School,Member,4,School
A26-108067,Applicant,ACT-18,High School,Captain,2,Regional
A26-100218,Applicant,ACT-23,High School,Member,4,None
A26-100218,Applicant,ACT-12,High School,Member,3,None
A26-100218,Applicant,ACT-06,High School,Member,4,None
A26-102724,Applicant,ACT-25,High School,Member,3,None
A26-102724,Applicant,ACT-01,High School,Member,2,School
A26-102724,Applicant,ACT-20,High School,Captain,1,None
A26-102724,Applicant,ACT-12,High School,Member,4,Regional
A26-106016,Applicant,ACT-13,High School,Officer,3,National
A26-106016,Applicant,ACT-07,High School,Member,3,State
A26-106016,Applicant,ACT-08,High School,Member,1,None
A26-106016,Applicant,ACT-21,High School,Captain,3,School
A26-106016,Applicant,ACT-12,High School,Member,3,None
A26-106575,Applicant,ACT-05,High School,Officer,2,None
A26-106575,Applicant,ACT-23,High School,Member,4,None
A26-106575,Applicant,ACT-25,High School,Member,3,School
A26-108268,Applicant,ACT-29,High School,Member,3,School
A26-108268,Applicant,ACT-15,High School,Officer,3,None
A26-108268,Applicant,ACT-07,High School,Member,1,None
A26-100099,Applicant,ACT-18,High School,Captain,1,None
A26-100099,Applicant,ACT-08,High School,Officer,3,State
A26-100099,Applicant,ACT-02,High School,Officer,4,None
A26-108236,Applicant,ACT-11,High School,Captain,1,None
A26-108236,Applicant,ACT-15,High School,Member,2,None
A26-108236,Applicant,ACT-19,High School,Member,1,School
A26-107511,Applicant,ACT-12,High School,Member,1,None
A26-107511,Applicant,ACT-15,High School,Officer,2,School
A26-107511,Applicant,ACT-23,High School,Member,1,None
A26-103479,Applicant,ACT-05,High School,Member,2,State
A26-103479,Applicant,ACT-29,High School,Member,2,School
A26-103479,Applicant,ACT-10,High School,Officer,1,State
A26-103479,Applicant,ACT-15,High School,Member,1,None
A26-107610,Applicant,ACT-31,High School,Member,3,Regional
A26-107610,Applicant,ACT-30,High School,Member,2,School
A26-107610,Applicant,ACT-23,High School,Officer,1,None
A26-107610,Applicant,ACT-17,High School,Member,3,None
A26-104806,Applicant,ACT-06,High School,Officer,2,School
A26-104806,Applicant,ACT-29,High School,Member,4,None
A26-104806,Applicant,ACT-10,High School,Officer,4,School
A26-104806,Applicant,ACT-12,High School,Member,2,School
A26-104806,Applicant,ACT-13,High School,Member,4,Regional
A26-104806,Applicant,ACT-46,High School,Member,4,None
A26-104033,Applicant,ACT-27,High School,Member,2,None
A26-104033,Applicant,ACT-02,High School,Founder,4,Regional
A26-104033,Applicant,ACT-01,High School,Member,4,None
A26-104033,Applicant,ACT-11,High School,Member,4,Regional
A26-104033,Applicant,ACT-09,High School,Member,4,None
A26-106260,Applicant,ACT-08,High School,President,1,None
A26-106260,Applicant,ACT-01,High School,Officer,3,None
A26-106260,Applicant,ACT-26,High School,Member,4,None
A26-106260,Applicant,ACT-15,High School,Member,4,None
A26-106260,Applicant,ACT-02,High School,Member,3,School
A26-102666,Applicant,ACT-21,High School,Member,2,None
A26-102666,Applicant,ACT-19,High School,Officer,4,School
A26-102666,Applicant,ACT-12,High School,Officer,4,None
A26-101240,Applicant,ACT-15,High School,Member,2,None
A26-101240,Applicant,ACT-19,High School,Member,4,None
A26-101240,Applicant,ACT-23,High School,Member,1,None
A26-101240,Applicant,ACT-12,High School,Member,2,School
A26-101240,Applicant,ACT-13,High School,Member,4,School
A26-101240,Applicant,ACT-08,High School,Member,3,School
A26-100739,Applicant,ACT-06,High School,Member,2,None
A26-100739,Applicant,ACT-28,High School,Officer,1,School
A26-100739,Applicant,ACT-12,High School,Officer,1,School
A26-100739,Applicant,ACT-18,High School,Member,3,None
A26-100739,Applicant,ACT-09,High School,Captain,4,None
A26-103062,Applicant,ACT-15,High School,Officer,2,None
A26-103062,Applicant,ACT-12,High School,Member,2,Regional
A26-103062,Applicant,ACT-03,High School,Member,1,National
A26-103062,Applicant,ACT-01,High School,Founder,4,School
A26-103062,Applicant,ACT-39,High School,Member,3,None
A26-101665,Applicant,ACT-28,High School,Member,1,School
A26-101665,Applicant,ACT-12,High School,Member,4,None
A26-101665,Applicant,ACT-07,High School,Member,2,None
A26-101665,Applicant,ACT-20,High School,Member,3,School
A26-101665,Applicant,ACT-11,High School,Member,1,None
A26-105310,Applicant,ACT-23,High School,Member,4,School
A26-105310,Applicant,ACT-04,High School,Officer,2,Regional
A26-105310,Applicant,ACT-30,High School,Member,3,School
A26-105310,Applicant,ACT-31,High School,Officer,4,School
A26-106795,Applicant,ACT-23,High School,Member,1,Regional
A26-106795,Applicant,ACT-05,High School,Member,1,School
A26-106795,Applicant,ACT-30,High School,Member,1,School
A26-106795,Applicant,ACT-16,High School,Officer,4,None
A26-106795,Applicant,ACT-17,High School,Officer,2,Regional
A26-101039,Applicant,ACT-15,High School,Member,3,None
A26-101039,Applicant,ACT-18,High School,Member,2,None
A26-101039,Applicant,ACT-21,High School,Member,2,State
A26-101039,Applicant,ACT-12,High School,Member,1,School
A26-101410,Applicant,ACT-16,High School,Member,2,National
A26-101410,Applicant,ACT-23,High School,Member,3,Regional
A26-101410,Applicant,ACT-30,High School,Captain,1,Regional
A26-103368,Applicant,ACT-07,High School,Member,3,Regional
A26-103368,Applicant,ACT-28,High School,Member,4,None
A26-103368,Applicant,ACT-17,High School,Member,1,Regional
A26-103368,Applicant,ACT-21,High School,Member,1,None
A26-106898,Applicant,ACT-19,High School,Member,2,Regional
A26-106898,Applicant,ACT-12,High School,Member,1,None
A26-106898,Applicant,ACT-23,High School,Member,4,School
A26-106898,Applicant,ACT-05,High School,Officer,2,School
A26-107925,Applicant,ACT-22,High School,President,3,School
A26-107925,Applicant,ACT-16,High School,Member,2,None
A26-107925,Applicant,ACT-01,High School,President,4,State
A26-101894,Applicant,ACT-13,High School,Member,1,None
A26-101894,Applicant,ACT-23,High School,Member,1,None
A26-101894,Applicant,ACT-05,High School,Member,2,Regional
A26-101135,Applicant,ACT-07,High School,Member,3,Regional
A26-101135,Applicant,ACT-23,High School,President,1,Regional
A26-101135,Applicant,ACT-27,High School,Member,3,None
A26-101135,Applicant,ACT-06,High School,President,2,State
A26-102529,Applicant,ACT-15,High School,Member,1,None
A26-102529,Applicant,ACT-01,High School,Member,1,School
A26-102529,Applicant,ACT-12,High School,Member,2,None
A26-102529,Applicant,ACT-03,High School,Officer,1,None
A26-102529,Applicant,ACT-05,High School,Officer,2,School
A26-107399,Applicant,ACT-12,High School,Officer,1,State
A26-107399,Applicant,ACT-15,High School,Member,1,Regional
A26-107399,Applicant,ACT-20,High School,Officer,3,State
A26-107399,Applicant,ACT-17,High School,Officer,1,None
A26-107399,Applicant,ACT-09,High School,Member,1,None
A26-105292,Applicant,ACT-12,High School,Officer,1,None
A26-105292,Applicant,ACT-23,High School,Member,1,None
A26-105292,Applicant,ACT-26,High School,Member,3,None
A26-105292,Applicant,ACT-25,High School,Officer,3,State
A26-105292,Applicant,ACT-02,High School,Officer,4,School
A26-103278,Applicant,ACT-29,High School,Member,2,Regional
A26-103278,Applicant,ACT-12,High School,Member,3,Regional
A26-103278,Applicant,ACT-31,High School,Member,2,School
A26-103278,Applicant,ACT-16,High School,Member,1,None
A26-103278,Applicant,ACT-21,High School,Officer,4,None
A26-106490,Applicant,ACT-12,High School,Member,2,None
A26-106490,Applicant,ACT-15,High School,Member,2,None
A26-106490,Applicant,ACT-01,High School,Member,3,None
A26-106490,Applicant,ACT-05,High School,Member,2,School
A26-106490,Applicant,ACT-23,High School,Captain,1,School
A26-106490,Applicant,ACT-36,High School,Member,3,School
A26-103267,Applicant,ACT-26,High School,Member,2,School
A26-103267,Applicant,ACT-09,High School,Member,4,None
A26-103267,Applicant,ACT-23,High School,Member,3,School
A26-103267,Applicant,ACT-15,High School,Founder,4,None
A26-103267,Applicant,ACT-02,High School,Member,4,State
A26-105428,Applicant,ACT-13,High School,Member,2,School
A26-105428,Applicant,ACT-23,High School,Member,1,School
A26-105428,Applicant,ACT-15,High School,Member,3,School
A26-105428,Applicant,ACT-08,High School,Officer,1,Regional
A26-104342,Applicant,ACT-28,High School,Captain,2,None
A26-104342,Applicant,ACT-11,High School,President,3,None
A26-104342,Applicant,ACT-05,High School,Member,2,None
A26-104342,Applicant,ACT-08,High School,Member,2,None
A26-104342,Applicant,ACT-01,High School,Member,3,None
A26-104342,Applicant,ACT-29,High School,Member,2,None
A26-105059,Applicant,ACT-10,High School,Member,4,Regional
A26-105059,Applicant,ACT-15,High School,Founder,1,State
A26-105059,Applicant,ACT-06,High School,Member,1,School
A26-105059,Applicant,ACT-19,High School,Member,4,School
A26-105059,Applicant,ACT-02,High School,Founder,3,None
A26-103395,Applicant,ACT-23,High School,Member,1,None
A26-103395,Applicant,ACT-03,High School,Officer,4,School
A26-103395,Applicant,ACT-10,High School,Founder,2,School
A26-103395,Applicant,ACT-12,High School,Officer,2,Regional
A26-103395,Applicant,ACT-17,High School,Officer,3,State
A26-102564,Applicant,ACT-30,High School,Captain,3,Regional
A26-102564,Applicant,ACT-03,High School,Member,1,None
A26-102564,Applicant,ACT-19,High School,Officer,4,Regional
A26-102564,Applicant,ACT-02,High School,Officer,4,Regional
A26-101743,Applicant,ACT-08,High School,Member,2,None
A26-101743,Applicant,ACT-12,High School,Member,1,None
A26-101743,Applicant,ACT-23,High School,Member,2,School
A26-101743,Applicant,ACT-16,High School,Member,3,None
A26-102387,Applicant,ACT-12,High School,Member,3,None
A26-102387,Applicant,ACT-17,High School,Founder,2,None
A26-102387,Applicant,ACT-06,High School,Member,4,None
A26-102387,Applicant,ACT-19,High School,Member,2,School
A26-108355,Applicant,ACT-23,High School,Member,4,None
A26-108355,Applicant,ACT-06,High School,Officer,3,National
A26-108355,Applicant,ACT-01,High School,Member,2,None
A26-108355,Applicant,ACT-31,High School,Member,1,School
A26-105422,Applicant,ACT-05,High School,Member,3,School
A26-105422,Applicant,ACT-12,High School,Member,1,None
A26-105422,Applicant,ACT-02,High School,Member,1,None
A26-105422,Applicant,ACT-15,High School,Officer,1,Regional
A26-105422,Applicant,ACT-19,High School,Officer,3,None
A26-107036,Applicant,ACT-06,High School,Officer,1,None
A26-107036,Applicant,ACT-23,High School,Founder,4,School
A26-107036,Applicant,ACT-07,High School,President,4,School
A26-107036,Applicant,ACT-02,High School,Member,2,None
A26-107036,Applicant,ACT-21,High School,Member,3,None
A26-107036,Applicant,ACT-45,High School,Captain,2,None
A26-103720,Applicant,ACT-05,High School,Officer,2,None
A26-103720,Applicant,ACT-23,High School,Founder,4,None
A26-103720,Applicant,ACT-11,High School,Captain,3,None
A26-105444,Applicant,ACT-12,High School,Member,4,School
A26-105444,Applicant,ACT-07,High School,Officer,3,School
A26-105444,Applicant,ACT-23,High School,Member,1,School
A26-105444,Applicant,ACT-17,High School,Captain,1,School
A26-104627,Applicant,ACT-19,High School,Founder,3,School
A26-104627,Applicant,ACT-25,High School,Member,2,School
A26-104627,Applicant,ACT-15,High School,Officer,2,School
A26-100301,Applicant,ACT-09,High School,Officer,4,None
A26-100301,Applicant,ACT-08,High School,Member,3,State
A26-100301,Applicant,ACT-06,High School,President,1,Regional
A26-106591,Applicant,ACT-12,High School,Member,3,School
A26-106591,Applicant,ACT-18,High School,Captain,4,School
A26-106591,Applicant,ACT-02,High School,Member,3,Regional
A26-106427,Applicant,ACT-07,High School,Member,4,School
A26-106427,Applicant,ACT-23,High School,Captain,3,None
A26-106427,Applicant,ACT-16,High School,Member,2,None
A26-106427,Applicant,ACT-21,High School,President,1,None
A26-103856,Applicant,ACT-16,High School,Member,2,None
A26-103856,Applicant,ACT-13,High School,Captain,3,None
A26-103856,Applicant,ACT-12,High School,Officer,2,None
A26-103856,Applicant,ACT-11,High School,President,4,None
A26-103856,Applicant,ACT-05,High School,Officer,2,State
A26-108122,Applicant,ACT-23,High School,Member,3,None
A26-108122,Applicant,ACT-28,High School,President,3,State
A26-108122,Applicant,ACT-24,High School,Member,4,None
A26-108122,Applicant,ACT-08,High School,Member,3,Regional
A26-108122,Applicant,ACT-17,High School,Member,4,State
A26-108122,Applicant,ACT-22,High School,Officer,3,None
A26-101347,Applicant,ACT-12,High School,Captain,1,None
A26-101347,Applicant,ACT-08,High School,Member,1,Regional
A26-101347,Applicant,ACT-15,High School,Member,3,None
A26-101347,Applicant,ACT-26,High School,Founder,1,None
A26-101347,Applicant,ACT-31,High School,Member,4,None
A26-101328,Applicant,ACT-17,High School,Officer,2,School
A26-101328,Applicant,ACT-25,High School,Member,3,School
A26-101328,Applicant,ACT-05,High School,Member,1,Regional
A26-101328,Applicant,ACT-15,High School,Officer,1,Regional
A26-100903,Applicant,ACT-15,High School,Member,3,None
A26-100903,Applicant,ACT-28,High School,Member,2,Regional
A26-100903,Applicant,ACT-02,High School,Member,3,None
A26-100903,Applicant,ACT-12,High School,Officer,4,None
A26-107451,Applicant,ACT-06,High School,Member,1,National
A26-107451,Applicant,ACT-22,High School,Officer,2,School
A26-107451,Applicant,ACT-10,High School,Member,2,None
A26-108311,Applicant,ACT-28,High School,Member,3,None
A26-108311,Applicant,ACT-14,High School,Officer,1,Regional
A26-108311,Applicant,ACT-06,High School,Officer,2,None
A26-108311,Applicant,ACT-31,High School,Founder,1,Regional
A26-100393,Applicant,ACT-21,High School,Member,1,Regional
A26-100393,Applicant,ACT-29,High School,Member,4,Regional
A26-100393,Applicant,ACT-06,High School,Captain,2,None
A26-102277,Applicant,ACT-23,High School,Officer,2,State
A26-102277,Applicant,ACT-07,High School,Member,1,None
A26-102277,Applicant,ACT-27,High School,Member,3,None
A26-103537,Applicant,ACT-17,High School,Member,1,None
A26-103537,Applicant,ACT-23,High School,Officer,2,None
A26-103537,Applicant,ACT-15,High School,Member,2,Regional
A26-103537,Applicant,ACT-04,High School,Member,3,None
A26-102962,Applicant,ACT-12,High School,Captain,1,None
A26-102962,Applicant,ACT-01,High School,Member,3,School
A26-102962,Applicant,ACT-09,High School,Member,1,None
A26-102962,Applicant,ACT-15,High School,Member,3,School
A26-102962,Applicant,ACT-23,High School,Member,3,None
A26-102369,Applicant,ACT-06,High School,Officer,2,Regional
A26-102369,Applicant,ACT-24,High School,Officer,4,Regional
A26-102369,Applicant,ACT-04,High School,Member,1,None
A26-104683,Applicant,ACT-04,High School,Member,4,None
A26-104683,Applicant,ACT-23,High School,Member,3,Regional
A26-104683,Applicant,ACT-12,High School,Member,1,State
A26-100124,Applicant,ACT-30,High School,Officer,1,None
A26-100124,Applicant,ACT-14,High School,Member,4,School
A26-100124,Applicant,ACT-23,High School,Member,2,School
A26-100124,Applicant,ACT-06,High School,Officer,2,School
A26-102713,Applicant,ACT-19,High School,Member,1,None
A26-102713,Applicant,ACT-22,High School,Officer,2,None
A26-102713,Applicant,ACT-17,High School,Member,1,State
A26-102713,Applicant,ACT-12,High School,Member,3,School
A26-102713,Applicant,ACT-10,High School,Member,1,Regional
A26-103737,Applicant,ACT-23,High School,Captain,3,None
A26-103737,Applicant,ACT-01,High School,Member,3,None
A26-103737,Applicant,ACT-06,High School,Member,2,Regional
A26-102187,Applicant,ACT-12,High School,Captain,4,School
A26-102187,Applicant,ACT-17,High School,Officer,4,School
A26-102187,Applicant,ACT-30,High School,Member,3,None
A26-102187,Applicant,ACT-06,High School,Founder,2,None
A26-102187,Applicant,ACT-23,High School,Member,4,Regional
A26-101201,Applicant,ACT-24,High School,Member,2,None
A26-101201,Applicant,ACT-12,High School,Member,1,None
A26-101201,Applicant,ACT-13,High School,Officer,4,None
A26-101201,Applicant,ACT-25,High School,Member,4,None
A26-101201,Applicant,ACT-44,High School,Captain,3,None
A26-101195,Applicant,ACT-09,High School,Member,2,None
A26-101195,Applicant,ACT-12,High School,Officer,2,None
A26-101195,Applicant,ACT-23,High School,Officer,1,School
A26-101195,Applicant,ACT-24,High School,Officer,2,National
A26-101195,Applicant,ACT-08,High School,Member,3,State
A26-101195,Applicant,ACT-13,High School,Officer,3,State
A26-103139,Applicant,ACT-12,High School,Member,4,None
A26-103139,Applicant,ACT-15,High School,Officer,2,School
A26-103139,Applicant,ACT-13,High School,Member,2,Regional
A26-103139,Applicant,ACT-27,High School,Officer,2,Regional
A26-103139,Applicant,ACT-46,High School,Member,2,State
A26-102001,Applicant,ACT-09,High School,Member,4,State
A26-102001,Applicant,ACT-12,High School,Member,4,None
A26-102001,Applicant,ACT-23,High School,Captain,4,None
A26-104976,Applicant,ACT-15,High School,Member,1,None
A26-104976,Applicant,ACT-30,High School,Member,3,None
A26-104976,Applicant,ACT-28,High School,President,1,None
A26-104976,Applicant,ACT-12,High School,Member,4,None
A26-106842,Applicant,ACT-05,High School,Founder,1,None
A26-106842,Applicant,ACT-22,High School,President,2,None
A26-106842,Applicant,ACT-06,High School,Member,1,None
A26-106842,Applicant,ACT-08,High School,Member,4,Regional
A26-100992,Applicant,ACT-15,High School,Officer,4,None
A26-100992,Applicant,ACT-02,High School,President,1,None
A26-100992,Applicant,ACT-23,High School,Officer,1,None
A26-100992,Applicant,ACT-09,High School,President,3,School
A26-103073,Applicant,ACT-27,High School,Officer,2,None
A26-103073,Applicant,ACT-12,High School,Member,3,None
A26-103073,Applicant,ACT-01,High School,Member,3,None
A26-105892,Applicant,ACT-09,High School,Member,3,None
A26-105892,Applicant,ACT-13,High School,President,3,None
A26-105892,Applicant,ACT-06,High School,Member,3,None
A26-105892,Applicant,ACT-23,High School,President,3,Regional
A26-105892,Applicant,ACT-27,High School,Member,3,None
A26-105892,Applicant,ACT-03,High School,Captain,3,State
A26-107599,Applicant,ACT-08,High School,Officer,3,None
A26-107599,Applicant,ACT-12,High School,Member,2,School
A26-107599,Applicant,ACT-23,High School,Officer,2,None
A26-107599,Applicant,ACT-01,High School,Member,4,Regional
A26-107790,Applicant,ACT-23,High School,Member,2,School
A26-107790,Applicant,ACT-24,High School,Member,1,None
A26-107790,Applicant,ACT-29,High School,Officer,4,None
A26-102886,Applicant,ACT-23,High School,Captain,1,School
A26-102886,Applicant,ACT-15,High School,Officer,4,School
A26-102886,Applicant,ACT-05,High School,Member,1,School
A26-102886,Applicant,ACT-29,High School,Member,3,School
A26-104737,Applicant,ACT-12,High School,Member,3,None
A26-104737,Applicant,ACT-26,High School,Member,1,National
A26-104737,Applicant,ACT-06,High School,Member,1,None
A26-104737,Applicant,ACT-30,High School,Member,4,School
A26-104737,Applicant,ACT-39,High School,Member,2,School
A26-102359,Applicant,ACT-23,High School,Member,4,None
A26-102359,Applicant,ACT-08,High School,Member,2,None
A26-102359,Applicant,ACT-15,High School,Member,4,None
A26-101333,Applicant,ACT-18,High School,Officer,4,None
A26-101333,Applicant,ACT-25,High School,Member,3,None
A26-101333,Applicant,ACT-29,High School,Member,3,State
A26-101333,Applicant,ACT-12,High School,Member,2,Regional
A26-101333,Applicant,ACT-24,High School,Member,2,None
A26-106225,Applicant,ACT-15,High School,Member,1,School
A26-106225,Applicant,ACT-07,High School,Officer,3,State
A26-106225,Applicant,ACT-04,High School,Member,1,None
A26-106225,Applicant,ACT-11,High School,Member,1,None
A26-104645,Applicant,ACT-08,High School,Member,2,None
A26-104645,Applicant,ACT-13,High School,Member,2,School
A26-104645,Applicant,ACT-17,High School,Officer,4,National
A26-104645,Applicant,ACT-01,High School,Member,1,None
A26-100604,Applicant,ACT-22,High School,Member,3,School
A26-100604,Applicant,ACT-23,High School,Member,2,None
A26-100604,Applicant,ACT-12,High School,Officer,3,State
A26-100604,Applicant,ACT-03,High School,Officer,3,School
A26-100604,Applicant,ACT-08,High School,Officer,4,School
A26-100184,Applicant,ACT-15,High School,Member,4,None
A26-100184,Applicant,ACT-03,High School,Officer,3,Regional
A26-100184,Applicant,ACT-29,High School,Captain,3,None
A26-100642,Applicant,ACT-21,High School,Captain,1,School
A26-100642,Applicant,ACT-23,High School,Member,4,None
A26-100642,Applicant,ACT-03,High School,Founder,4,None
A26-100642,Applicant,ACT-12,High School,President,1,None
A26-100642,Applicant,ACT-40,High School,Member,2,School
A26-103132,Applicant,ACT-12,High School,Member,4,None
A26-103132,Applicant,ACT-09,High School,Member,2,National
A26-103132,Applicant,ACT-02,High School,Member,1,School
A26-103132,Applicant,ACT-22,High School,Member,3,Regional
A26-100461,Applicant,ACT-08,High School,Member,4,None
A26-100461,Applicant,ACT-15,High School,Member,4,None
A26-100461,Applicant,ACT-23,High School,Member,2,School
A26-100461,Applicant,ACT-20,High School,Member,3,None
A26-100461,Applicant,ACT-27,High School,Member,4,Regional
A26-100461,Applicant,ACT-21,High School,Member,2,Regional
A26-103520,Applicant,ACT-16,High School,Member,4,None
A26-103520,Applicant,ACT-01,High School,Member,1,None
A26-103520,Applicant,ACT-15,High School,Officer,3,None
A26-104857,Applicant,ACT-03,High School,Member,1,Regional
A26-104857,Applicant,ACT-05,High School,Officer,1,School
A26-104857,Applicant,ACT-01,High School,Member,3,None
A26-104857,Applicant,ACT-07,High School,Officer,3,None
A26-103975,Applicant,ACT-10,High School,Member,4,School
A26-103975,Applicant,ACT-12,High School,Member,3,Regional
A26-103975,Applicant,ACT-23,High School,Member,3,None
A26-104140,Applicant,ACT-06,High School,Member,3,None
A26-104140,Applicant,ACT-12,High School,Officer,4,None
A26-104140,Applicant,ACT-30,High School,Captain,2,None
A26-104140,Applicant,ACT-15,High School,Member,4,None
A26-104140,Applicant,ACT-23,High School,Member,4,School
A26-107372,Applicant,ACT-07,High School,Officer,2,None
A26-107372,Applicant,ACT-25,High School,Member,3,None
A26-107372,Applicant,ACT-23,High School,Member,3,None
A26-107372,Applicant,ACT-01,High School,Captain,2,None
A26-106852,Applicant,ACT-05,High School,Member,4,State
A26-106852,Applicant,ACT-23,High School,Member,1,School
A26-106852,Applicant,ACT-19,High School,Member,1,None
A26-106852,Applicant,ACT-16,High School,Member,1,School
A26-106852,Applicant,ACT-14,High School,President,4,None
A26-105903,Applicant,ACT-09,High School,Officer,4,None
A26-105903,Applicant,ACT-02,High School,Member,4,School
A26-105903,Applicant,ACT-08,High School,Officer,1,School
A26-103496,Applicant,ACT-20,High School,Member,3,None
A26-103496,Applicant,ACT-14,High School,Member,4,School
A26-103496,Applicant,ACT-29,High School,Captain,3,None
A26-103496,Applicant,ACT-23,High School,Officer,2,None
A26-101809,Applicant,ACT-10,High School,Member,3,None
A26-101809,Applicant,ACT-24,High School,Member,1,None
A26-101809,Applicant,ACT-20,High School,Member,2,Regional
A26-101809,Applicant,ACT-08,High School,Member,3,School
A26-106072,Applicant,ACT-24,High School,Member,1,None
A26-106072,Applicant,ACT-23,High School,Member,2,State
A26-106072,Applicant,ACT-12,High School,Member,2,Regional
A26-106072,Applicant,ACT-05,High School,Officer,2,Regional
A26-106072,Applicant,ACT-11,High School,Founder,1,School
A26-106072,Applicant,ACT-16,High School,Member,4,School
A26-100412,Applicant,ACT-09,High School,Member,4,School
A26-100412,Applicant,ACT-05,High School,President,2,None
A26-100412,Applicant,ACT-23,High School,Officer,3,Regional
A26-100412,Applicant,ACT-19,High School,Captain,3,None
A26-107729,Applicant,ACT-09,High School,Member,1,School
A26-107729,Applicant,ACT-05,High School,Founder,3,Regional
A26-107729,Applicant,ACT-27,High School,Officer,2,School
A26-107729,Applicant,ACT-02,High School,President,3,None
A26-107344,Applicant,ACT-12,High School,Member,1,None
A26-107344,Applicant,ACT-19,High School,Member,1,None
A26-107344,Applicant,ACT-15,High School,Officer,1,State
A26-107344,Applicant,ACT-30,High School,Member,1,School
A26-105000,Applicant,ACT-08,High School,Member,2,None
A26-105000,Applicant,ACT-23,High School,Member,3,None
A26-105000,Applicant,ACT-31,High School,Member,3,None
A26-104252,Applicant,ACT-07,High School,Officer,4,Regional
A26-104252,Applicant,ACT-05,High School,Member,2,School
A26-104252,Applicant,ACT-19,High School,Officer,2,None
A26-104252,Applicant,ACT-12,High School,Officer,1,None
A26-105832,Applicant,ACT-05,High School,President,4,None
A26-105832,Applicant,ACT-08,High School,President,2,Regional
A26-105832,Applicant,ACT-29,High School,Member,3,None
A26-108079,Applicant,ACT-21,High School,Member,4,None
A26-108079,Applicant,ACT-02,High School,Member,2,School
A26-108079,Applicant,ACT-15,High School,Member,3,Regional
A26-102415,Applicant,ACT-12,High School,Member,1,School
A26-102415,Applicant,ACT-03,High School,Captain,4,Regional
A26-102415,Applicant,ACT-19,High School,Captain,4,None
A26-102415,Applicant,ACT-05,High School,Member,2,School
A26-102415,Applicant,ACT-40,High School,Member,2,School
A26-105613,Applicant,ACT-28,High School,President,4,School
A26-105613,Applicant,ACT-08,High School,Captain,1,School
A26-105613,Applicant,ACT-06,High School,Officer,3,School
A26-105613,Applicant,ACT-12,High School,Member,3,School
A26-105613,Applicant,ACT-05,High School,Member,3,None
A26-100694,Applicant,ACT-23,High School,Member,2,None
A26-100694,Applicant,ACT-31,High School,Member,2,State
A26-100694,Applicant,ACT-01,High School,Captain,3,State
A26-100704,Applicant,ACT-08,High School,Member,4,None
A26-100704,Applicant,ACT-11,High School,Member,3,None
A26-100704,Applicant,ACT-24,High School,Member,1,None
A26-100704,Applicant,ACT-15,High School,President,3,None
A26-103405,Applicant,ACT-18,High School,Member,4,None
A26-103405,Applicant,ACT-12,High School,Member,3,None
A26-103405,Applicant,ACT-17,High School,Captain,1,National
A26-103405,Applicant,ACT-19,High School,Member,2,Regional
A26-106998,Applicant,ACT-06,High School,Member,2,School
A26-106998,Applicant,ACT-12,High School,Officer,3,None
A26-106998,Applicant,ACT-15,High School,Member,1,Regional
A26-106998,Applicant,ACT-23,High School,Member,4,Regional
A26-106998,Applicant,ACT-05,High School,Officer,2,None
A26-106998,Applicant,ACT-25,High School,Captain,4,Regional
A26-106998,Applicant,ACT-42,High School,Member,3,State
A26-103057,Applicant,ACT-17,High School,Member,2,None
A26-103057,Applicant,ACT-12,High School,Member,4,School
A26-103057,Applicant,ACT-02,High School,Captain,2,School
A26-103057,Applicant,ACT-23,High School,Captain,3,State
A26-104178,Applicant,ACT-02,High School,Member,2,None
A26-104178,Applicant,ACT-14,High School,Officer,3,None
A26-104178,Applicant,ACT-31,High School,Officer,2,None
A26-104178,Applicant,ACT-12,High School,Member,4,School
A26-105841,Applicant,ACT-12,High School,Member,4,None
A26-105841,Applicant,ACT-21,High School,Member,3,School
A26-105841,Applicant,ACT-09,High School,Member,2,School
A26-105841,Applicant,ACT-04,High School,Founder,1,None
A26-105841,Applicant,ACT-23,High School,Member,3,School
A26-101904,Applicant,ACT-17,High School,Member,4,School
A26-101904,Applicant,ACT-05,High School,Member,3,None
A26-101904,Applicant,ACT-07,High School,Captain,2,School
A26-101904,Applicant,ACT-29,High School,Member,3,None
A26-101904,Applicant,ACT-27,High School,Member,1,None
A26-105098,Applicant,ACT-08,High School,Member,2,National
A26-105098,Applicant,ACT-29,High School,President,4,None
A26-105098,Applicant,ACT-27,High School,Officer,1,None
A26-105098,Applicant,ACT-15,High School,Captain,1,None
A26-102174,Applicant,ACT-12,High School,Member,4,None
A26-102174,Applicant,ACT-15,High School,Officer,3,National
A26-102174,Applicant,ACT-09,High School,Member,2,None
A26-103228,Applicant,ACT-12,High School,Member,4,None
A26-103228,Applicant,ACT-01,High School,Officer,3,School
A26-103228,Applicant,ACT-23,High School,Officer,4,School
A26-103228,Applicant,ACT-09,High School,Member,2,Regional
A26-103228,Applicant,ACT-15,High School,Member,1,None
A26-103228,Applicant,ACT-21,High School,Member,3,None
A26-103469,Applicant,ACT-12,High School,President,2,None
A26-103469,Applicant,ACT-20,High School,Member,4,School
A26-103469,Applicant,ACT-23,High School,Member,2,National
A26-103469,Applicant,ACT-15,High School,Member,1,School
A26-105315,Applicant,ACT-08,High School,Founder,3,None
A26-105315,Applicant,ACT-21,High School,Officer,2,School
A26-105315,Applicant,ACT-12,High School,Member,3,None
A26-105315,Applicant,ACT-17,High School,Member,3,None
A26-100803,Applicant,ACT-20,High School,Member,1,Regional
A26-100803,Applicant,ACT-09,High School,Member,1,State
A26-100803,Applicant,ACT-15,High School,Member,4,School
A26-100803,Applicant,ACT-21,High School,Founder,4,Regional
A26-105917,Applicant,ACT-23,High School,Member,1,None
A26-105917,Applicant,ACT-22,High School,Officer,2,None
A26-105917,Applicant,ACT-05,High School,Member,4,School
A26-105917,Applicant,ACT-16,High School,President,2,None
A26-107128,Applicant,ACT-26,High School,Member,4,None
A26-107128,Applicant,ACT-23,High School,Member,3,None
A26-107128,Applicant,ACT-06,High School,President,2,School
A26-107128,Applicant,ACT-19,High School,Member,1,Regional
A26-100038,Applicant,ACT-12,High School,Founder,2,School
A26-100038,Applicant,ACT-23,High School,Member,3,None
A26-100038,Applicant,ACT-30,High School,President,4,National
A26-100038,Applicant,ACT-08,High School,Officer,2,None
A26-100170,Applicant,ACT-28,High School,Officer,2,None
A26-100170,Applicant,ACT-15,High School,Member,3,School
A26-100170,Applicant,ACT-25,High School,Member,2,State
A26-103947,Applicant,ACT-12,High School,President,4,State
A26-103947,Applicant,ACT-08,High School,Member,3,School
A26-103947,Applicant,ACT-19,High School,Member,3,None
A26-103947,Applicant,ACT-23,High School,Officer,4,School
A26-103947,Applicant,ACT-03,High School,Member,1,None
A26-106668,Applicant,ACT-21,High School,Member,2,Regional
A26-106668,Applicant,ACT-26,High School,Member,1,None
A26-106668,Applicant,ACT-23,High School,Member,4,None
A26-106668,Applicant,ACT-05,High School,Member,4,None
A26-106668,Applicant,ACT-29,High School,Member,2,State
A26-107143,Applicant,ACT-01,High School,Member,2,None
A26-107143,Applicant,ACT-23,High School,Member,4,None
A26-107143,Applicant,ACT-06,High School,Member,4,Regional
A26-107143,Applicant,ACT-12,High School,Member,3,National
A26-106721,Applicant,ACT-07,High School,Member,3,Regional
A26-106721,Applicant,ACT-10,High School,Member,4,None
A26-106721,Applicant,ACT-26,High School,Member,1,None
A26-106721,Applicant,ACT-12,High School,Member,4,None
A26-106721,Applicant,ACT-29,High School,Member,4,None
A26-104093,Applicant,ACT-01,High School,Member,3,State
A26-104093,Applicant,ACT-08,High School,Founder,4,Regional
A26-104093,Applicant,ACT-11,High School,Member,2,None
A26-104093,Applicant,ACT-38,High School,Member,4,None
A26-106271,Applicant,ACT-06,High School,President,4,None
A26-106271,Applicant,ACT-24,High School,Member,2,School
A26-106271,Applicant,ACT-04,High School,Captain,1,None
A26-106745,Applicant,ACT-12,High School,Member,1,School
A26-106745,Applicant,ACT-01,High School,Member,4,None
A26-106745,Applicant,ACT-23,High School,Member,1,School
A26-106745,Applicant,ACT-19,High School,Member,1,Regional
A26-100062,Applicant,ACT-24,High School,Member,1,None
A26-100062,Applicant,ACT-09,High School,Member,3,None
A26-100062,Applicant,ACT-23,High School,Member,3,None
A26-100062,Applicant,ACT-05,High School,Member,1,School
A26-101593,Applicant,ACT-04,High School,Officer,1,None
A26-101593,Applicant,ACT-13,High School,Member,2,None
A26-101593,Applicant,ACT-05,High School,President,2,School
A26-101593,Applicant,ACT-01,High School,Member,3,None
A26-101593,Applicant,ACT-06,High School,Member,4,School
A26-101593,Applicant,ACT-23,High School,Member,4,None
A26-101296,Applicant,ACT-12,High School,Member,3,Regional
A26-101296,Applicant,ACT-23,High School,Member,4,None
A26-101296,Applicant,ACT-01,High School,President,3,State
A26-101296,Applicant,ACT-06,High School,Member,4,Regional
A26-101981,Applicant,ACT-08,High School,Member,3,None
A26-101981,Applicant,ACT-15,High School,Member,4,Regional
A26-101981,Applicant,ACT-12,High School,Officer,2,None
A26-101981,Applicant,ACT-01,High School,Member,4,None
A26-101981,Applicant,ACT-27,High School,Officer,1,None
A26-108240,Applicant,ACT-15,High School,Member,1,School
A26-108240,Applicant,ACT-08,High School,Member,4,School
A26-108240,Applicant,ACT-12,High School,Member,2,School
A26-108240,Applicant,ACT-03,High School,Member,3,State
A26-105667,Applicant,ACT-12,High School,Member,4,State
A26-105667,Applicant,ACT-23,High School,Member,4,None
A26-105667,Applicant,ACT-06,High School,Officer,1,National
A26-105667,Applicant,ACT-05,High School,Member,4,National
A26-105667,Applicant,ACT-08,High School,Member,4,None
A26-105667,Applicant,ACT-01,High School,Member,4,School
A26-103789,Applicant,ACT-06,High School,Member,2,School
A26-103789,Applicant,ACT-05,High School,Founder,2,School
A26-103789,Applicant,ACT-15,High School,Member,1,None
A26-103789,Applicant,ACT-19,High School,Member,4,School
A26-103789,Applicant,ACT-23,High School,President,4,None
A26-107489,Applicant,ACT-22,High School,Member,1,School
A26-107489,Applicant,ACT-21,High School,Captain,1,Regional
A26-107489,Applicant,ACT-27,High School,Officer,2,None
A26-105011,Applicant,ACT-13,High School,Member,2,School
A26-105011,Applicant,ACT-12,High School,Member,1,None
A26-105011,Applicant,ACT-04,High School,Member,4,School
A26-105011,Applicant,ACT-25,High School,Member,3,None
A26-105011,Applicant,ACT-31,High School,Member,2,None
A26-105011,Applicant,ACT-47,High School,Member,2,None
A26-106767,Applicant,ACT-03,High School,Member,1,School
A26-106767,Applicant,ACT-31,High School,Member,4,None
A26-106767,Applicant,ACT-11,High School,Member,1,None
A26-106767,Applicant,ACT-12,High School,Officer,4,School
A26-106053,Applicant,ACT-06,High School,Founder,3,Regional
A26-106053,Applicant,ACT-07,High School,Member,2,Regional
A26-106053,Applicant,ACT-23,High School,Member,2,None
A26-106053,Applicant,ACT-03,High School,Founder,4,None
A26-106053,Applicant,ACT-12,High School,Member,3,School
A26-106053,Applicant,ACT-29,High School,Officer,2,School
A26-101206,Applicant,ACT-01,High School,Member,2,None
A26-101206,Applicant,ACT-08,High School,Member,2,None
A26-101206,Applicant,ACT-18,High School,Member,4,School
A26-107242,Applicant,ACT-09,High School,Officer,2,Regional
A26-107242,Applicant,ACT-15,High School,Member,4,School
A26-107242,Applicant,ACT-17,High School,Officer,3,None
A26-107242,Applicant,ACT-02,High School,Member,2,None
A26-101628,Applicant,ACT-19,High School,Member,2,Regional
A26-101628,Applicant,ACT-28,High School,Member,1,None
A26-101628,Applicant,ACT-25,High School,Member,1,School
A26-101628,Applicant,ACT-01,High School,Member,4,School
A26-106888,Applicant,ACT-20,High School,President,4,School
A26-106888,Applicant,ACT-23,High School,President,3,None
A26-106888,Applicant,ACT-27,High School,Member,4,State
A26-106888,Applicant,ACT-15,High School,Captain,3,None
A26-104796,Applicant,ACT-24,High School,Officer,3,None
A26-104796,Applicant,ACT-05,High School,Member,3,None
A26-104796,Applicant,ACT-12,High School,Officer,4,School
A26-104796,Applicant,ACT-09,High School,Member,4,None
A26-104796,Applicant,ACT-08,High School,Member,3,None
A26-101519,Applicant,ACT-23,High School,Member,3,None
A26-101519,Applicant,ACT-12,High School,Member,1,None
A26-101519,Applicant,ACT-29,High School,Captain,3,Regional
A26-101519,Applicant,ACT-31,High School,Member,3,School
A26-101519,Applicant,ACT-26,High School,Officer,3,School
A26-106864,Applicant,ACT-11,High School,Member,1,None
A26-106864,Applicant,ACT-06,High School,Member,3,School
A26-106864,Applicant,ACT-12,High School,Member,2,None
A26-106864,Applicant,ACT-09,High School,Member,2,None
A26-102696,Applicant,ACT-16,High School,Officer,4,None
A26-102696,Applicant,ACT-31,High School,Officer,4,School
A26-102696,Applicant,ACT-19,High School,President,2,National
A26-102696,Applicant,ACT-15,High School,Member,3,School
A26-102696,Applicant,ACT-28,High School,Officer,2,None
A26-102696,Applicant,ACT-06,High School,Member,1,School
A26-100747,Applicant,ACT-15,High School,President,3,Regional
A26-100747,Applicant,ACT-27,High School,Member,2,None
A26-100747,Applicant,ACT-12,High School,Member,1,None
A26-100747,Applicant,ACT-30,High School,Officer,1,State
A26-106126,Applicant,ACT-06,High School,Member,2,None
A26-106126,Applicant,ACT-16,High School,Member,4,Regional
A26-106126,Applicant,ACT-05,High School,Captain,3,State
A26-103930,Applicant,ACT-09,High School,Member,3,Regional
A26-103930,Applicant,ACT-18,High School,Member,3,School
A26-103930,Applicant,ACT-12,High School,Captain,3,School
A26-103930,Applicant,ACT-01,High School,Founder,4,School
A26-103930,Applicant,ACT-22,High School,Member,1,None
A26-100296,Applicant,ACT-18,High School,Captain,3,State
A26-100296,Applicant,ACT-13,High School,President,3,Regional
A26-100296,Applicant,ACT-21,High School,Member,1,School
A26-100296,Applicant,ACT-27,High School,Member,1,None
A26-100296,Applicant,ACT-26,High School,Member,2,None
A26-100296,Applicant,ACT-23,High School,Officer,3,School
A26-100917,Applicant,ACT-23,High School,Member,2,School
A26-100917,Applicant,ACT-05,High School,Member,3,National
A26-100917,Applicant,ACT-12,High School,Member,4,School
A26-100917,Applicant,ACT-07,High School,Captain,2,Regional
A26-100774,Applicant,ACT-09,High School,Officer,4,None
A26-100774,Applicant,ACT-20,High School,Officer,3,None
A26-100774,Applicant,ACT-23,High School,Member,1,Regional
A26-100147,Applicant,ACT-29,High School,Member,2,None
A26-100147,Applicant,ACT-08,High School,Member,3,Regional
A26-100147,Applicant,ACT-16,High School,Officer,2,None
A26-100147,Applicant,ACT-24,High School,Officer,3,State
A26-108299,Applicant,ACT-12,High School,Member,3,None
A26-108299,Applicant,ACT-25,High School,President,2,School
A26-108299,Applicant,ACT-29,High School,Officer,1,None
A26-108299,Applicant,ACT-13,High School,Member,4,None
A26-100884,Applicant,ACT-23,High School,Officer,3,None
A26-100884,Applicant,ACT-06,High School,Member,3,None
A26-100884,Applicant,ACT-08,High School,Member,2,None
A26-106601,Applicant,ACT-31,High School,President,2,State
A26-106601,Applicant,ACT-06,High School,Member,2,None
A26-106601,Applicant,ACT-17,High School,Member,1,School
A26-106601,Applicant,ACT-15,High School,Member,4,School
A26-106601,Applicant,ACT-34,High School,Member,4,None
A26-105481,Applicant,ACT-21,High School,Member,1,Regional
A26-105481,Applicant,ACT-17,High School,Member,1,None
A26-105481,Applicant,ACT-11,High School,Member,2,None
A26-101383,Applicant,ACT-04,High School,Member,4,National
A26-101383,Applicant,ACT-23,High School,Captain,3,None
A26-101383,Applicant,ACT-15,High School,Officer,4,School
A26-101383,Applicant,ACT-06,High School,Officer,3,None
A26-101383,Applicant,ACT-17,High School,Founder,2,State
A26-106802,Applicant,ACT-16,High School,Member,1,School
A26-106802,Applicant,ACT-06,High School,Member,1,School
A26-106802,Applicant,ACT-11,High School,Member,2,None
A26-106802,Applicant,ACT-23,High School,Member,3,None
A26-106802,Applicant,ACT-27,High School,Member,2,National
A26-106802,Applicant,ACT-09,High School,Founder,4,None
A26-103654,Applicant,ACT-23,High School,Officer,4,None
A26-103654,Applicant,ACT-02,High School,Officer,4,None
A26-103654,Applicant,ACT-18,High School,Officer,4,None
A26-103654,Applicant,ACT-21,High School,Member,3,State
A26-103654,Applicant,ACT-16,High School,Member,1,State
A26-102223,Applicant,ACT-03,High School,Member,2,School
A26-102223,Applicant,ACT-15,High School,Officer,4,None
A26-102223,Applicant,ACT-06,High School,Member,3,Regional
A26-103246,Applicant,ACT-23,High School,Member,4,None
A26-103246,Applicant,ACT-06,High School,Member,4,School
A26-103246,Applicant,ACT-12,High School,Member,3,None
A26-103246,Applicant,ACT-07,High School,Officer,2,School
A26-101110,Applicant,ACT-08,High School,Member,2,Regional
A26-101110,Applicant,ACT-16,High School,Member,4,None
A26-101110,Applicant,ACT-24,High School,Member,1,None
A26-101110,Applicant,ACT-06,High School,Founder,4,None
A26-104462,Applicant,ACT-05,High School,Officer,2,None
A26-104462,Applicant,ACT-23,High School,Officer,2,Regional
A26-104462,Applicant,ACT-14,High School,Member,2,None
A26-104462,Applicant,ACT-10,High School,Officer,3,None
A26-104462,Applicant,ACT-30,High School,Member,4,None
A26-104462,Applicant,ACT-08,High School,Officer,3,School
A26-107654,Applicant,ACT-12,High School,Member,3,Regional
A26-107654,Applicant,ACT-06,High School,Captain,3,None
A26-107654,Applicant,ACT-15,High School,Officer,2,National
A26-107654,Applicant,ACT-14,High School,Member,3,School
A26-107654,Applicant,ACT-05,High School,Officer,4,School
A26-107654,Applicant,ACT-07,High School,Member,2,Regional
A26-106859,Applicant,ACT-03,High School,Officer,1,School
A26-106859,Applicant,ACT-13,High School,Member,1,None
A26-106859,Applicant,ACT-23,High School,Member,2,None
A26-106859,Applicant,ACT-08,High School,Member,3,None
A26-106859,Applicant,ACT-12,High School,Officer,3,None
A26-107562,Applicant,ACT-15,High School,Member,2,None
A26-107562,Applicant,ACT-09,High School,President,2,Regional
A26-107562,Applicant,ACT-22,High School,Member,1,Regional
A26-107562,Applicant,ACT-05,High School,Officer,2,Regional
A26-105809,Applicant,ACT-23,High School,Member,3,Regional
A26-105809,Applicant,ACT-01,High School,Member,1,None
A26-105809,Applicant,ACT-12,High School,Member,2,None
A26-103939,Applicant,ACT-29,High School,Member,1,None
A26-103939,Applicant,ACT-19,High School,Member,4,None
A26-103939,Applicant,ACT-02,High School,Member,4,None
A26-103939,Applicant,ACT-10,High School,Officer,3,None
A26-103939,Applicant,ACT-12,High School,President,2,None
A26-107255,Applicant,ACT-09,High School,Member,2,School
A26-107255,Applicant,ACT-08,High School,Officer,4,None
A26-107255,Applicant,ACT-03,High School,Member,2,None
A26-107255,Applicant,ACT-13,High School,Officer,1,Regional
A26-108088,Applicant,ACT-03,High School,Member,1,None
A26-108088,Applicant,ACT-11,High School,Member,4,State
A26-108088,Applicant,ACT-29,High School,Member,3,Regional
A26-108088,Applicant,ACT-12,High School,Member,3,School
A26-108088,Applicant,ACT-24,High School,Officer,3,None
A26-100240,Applicant,ACT-23,High School,Member,1,School
A26-100240,Applicant,ACT-12,High School,Captain,3,State
A26-100240,Applicant,ACT-03,High School,Captain,3,School
A26-100240,Applicant,ACT-22,High School,Officer,4,School
A26-100240,Applicant,ACT-06,High School,Captain,1,None
A26-106609,Applicant,ACT-05,High School,Member,3,None
A26-106609,Applicant,ACT-08,High School,Member,3,None
A26-106609,Applicant,ACT-12,High School,Officer,1,School
A26-106609,Applicant,ACT-01,High School,Captain,3,School
A26-106609,Applicant,ACT-16,High School,Officer,2,None
A26-106609,Applicant,ACT-19,High School,Officer,3,Regional
A26-102068,Applicant,ACT-01,High School,Member,1,National
A26-102068,Applicant,ACT-12,High School,Member,4,None
A26-102068,Applicant,ACT-31,High School,Member,3,Regional
A26-102068,Applicant,ACT-21,High School,Captain,4,None
A26-102948,Applicant,ACT-08,High School,President,3,None
A26-102948,Applicant,ACT-21,High School,Officer,3,School
A26-102948,Applicant,ACT-06,High School,Member,3,Regional
A26-102948,Applicant,ACT-23,High School,Member,1,National
A26-105479,Applicant,ACT-12,High School,Member,2,State
A26-105479,Applicant,ACT-23,High School,Officer,4,State
A26-105479,Applicant,ACT-22,High School,Member,2,Regional
A26-107106,Applicant,ACT-12,High School,Officer,3,None
A26-107106,Applicant,ACT-23,High School,Founder,3,None
A26-107106,Applicant,ACT-08,High School,Member,1,School
A26-107106,Applicant,ACT-15,High School,Member,3,None
A26-101499,Applicant,ACT-09,High School,Member,2,School
A26-101499,Applicant,ACT-16,High School,President,1,Regional
A26-101499,Applicant,ACT-04,High School,President,4,None
A26-101499,Applicant,ACT-20,High School,Member,3,None
A26-107522,Applicant,ACT-12,High School,Captain,4,School
A26-107522,Applicant,ACT-06,High School,Member,3,None
A26-107522,Applicant,ACT-21,High School,Officer,2,None
A26-104515,Applicant,ACT-23,High School,Officer,4,None
A26-104515,Applicant,ACT-07,High School,Member,3,School
A26-104515,Applicant,ACT-19,High School,Member,4,None
A26-104515,Applicant,ACT-12,High School,Member,2,None
A26-102337,Applicant,ACT-12,High School,Captain,3,None
A26-102337,Applicant,ACT-08,High School,Officer,3,State
A26-102337,Applicant,ACT-24,High School,Member,3,None
A26-102337,Applicant,ACT-31,High School,Member,1,State
A26-104565,Applicant,ACT-29,High School,Member,2,None
A26-104565,Applicant,ACT-06,High School,Member,2,Regional
A26-104565,Applicant,ACT-12,High School,Member,2,Regional
A26-104565,Applicant,ACT-22,High School,Member,1,School
A26-104565,Applicant,ACT-14,High School,Captain,4,School
A26-101393,Applicant,ACT-15,High School,Officer,2,None
A26-101393,Applicant,ACT-06,High School,Officer,3,None
A26-101393,Applicant,ACT-02,High School,Member,2,State
A26-101393,Applicant,ACT-07,High School,Officer,2,None
A26-101393,Applicant,ACT-04,High School,Member,3,National
A26-101393,Applicant,ACT-22,High School,Member,1,School
A26-103583,Applicant,ACT-12,High School,Officer,2,School
A26-103583,Applicant,ACT-25,High School,Member,1,None
A26-103583,Applicant,ACT-23,High School,Member,3,None
A26-108330,Applicant,ACT-15,High School,Captain,2,None
A26-108330,Applicant,ACT-08,High School,Member,2,School
A26-108330,Applicant,ACT-06,High School,Member,3,None
A26-108330,Applicant,ACT-20,High School,Founder,1,None
A26-108330,Applicant,ACT-12,High School,Member,1,State
A26-102424,Applicant,ACT-17,High School,Officer,4,None
A26-102424,Applicant,ACT-25,High School,Officer,4,State
A26-102424,Applicant,ACT-05,High School,Member,2,School
A26-102424,Applicant,ACT-30,High School,Member,1,None
A26-106066,Applicant,ACT-19,High School,Member,1,State
A26-106066,Applicant,ACT-12,High School,Member,2,None
A26-106066,Applicant,ACT-06,High School,Captain,3,None
A26-106308,Applicant,ACT-13,High School,President,1,School
A26-106308,Applicant,ACT-29,High School,Member,3,None
A26-106308,Applicant,ACT-30,High School,Member,2,Regional
A26-106308,Applicant,ACT-23,High School,Member,3,None
A26-106308,Applicant,ACT-39,High School,Member,2,Regional
A26-103298,Applicant,ACT-13,High School,Member,2,None
A26-103298,Applicant,ACT-20,High School,Member,2,School
A26-103298,Applicant,ACT-12,High School,Captain,2,None
A26-103298,Applicant,ACT-31,High School,Member,1,None
A26-103298,Applicant,ACT-24,High School,Officer,4,School
A26-102688,Applicant,ACT-12,High School,Member,3,Regional
A26-102688,Applicant,ACT-01,High School,Member,4,None
A26-102688,Applicant,ACT-23,High School,Founder,4,None
A26-102688,Applicant,ACT-03,High School,Member,3,None
A26-105760,Applicant,ACT-12,High School,Member,3,School
A26-105760,Applicant,ACT-28,High School,Member,1,School
A26-105760,Applicant,ACT-20,High School,Member,3,School
A26-100891,Applicant,ACT-23,High School,Member,1,State
A26-100891,Applicant,ACT-08,High School,Member,3,Regional
A26-100891,Applicant,ACT-05,High School,Officer,1,None
A26-100891,Applicant,ACT-09,High School,Member,3,School
A26-106404,Applicant,ACT-23,High School,Member,2,None
A26-106404,Applicant,ACT-15,High School,Officer,4,School
A26-106404,Applicant,ACT-12,High School,Member,4,None
A26-108110,Applicant,ACT-10,High School,Member,3,None
A26-108110,Applicant,ACT-27,High School,Member,3,None
A26-108110,Applicant,ACT-23,High School,Officer,3,National
A26-108110,Applicant,ACT-12,High School,Officer,1,School
A26-108077,Applicant,ACT-21,High School,Member,3,None
A26-108077,Applicant,ACT-17,High School,Captain,3,School
A26-108077,Applicant,ACT-12,High School,Officer,2,None
A26-108077,Applicant,ACT-29,High School,Officer,3,None
A26-108077,Applicant,ACT-23,High School,Member,1,School
A26-106140,Applicant,ACT-19,High School,Officer,3,None
A26-106140,Applicant,ACT-08,High School,President,3,None
A26-106140,Applicant,ACT-12,High School,Member,2,None
A26-106140,Applicant,ACT-17,High School,Member,4,Regional
A26-104435,Applicant,ACT-08,High School,Member,4,None
A26-104435,Applicant,ACT-23,High School,Member,3,School
A26-104435,Applicant,ACT-21,High School,Member,4,Regional
A26-104435,Applicant,ACT-19,High School,Member,2,School
A26-108165,Applicant,ACT-12,High School,Member,2,None
A26-108165,Applicant,ACT-01,High School,President,1,None
A26-108165,Applicant,ACT-17,High School,Member,2,Regional
A26-108165,Applicant,ACT-23,High School,Officer,2,School
A26-101122,Applicant,ACT-12,High School,Officer,2,None
A26-101122,Applicant,ACT-23,High School,Member,1,None
A26-101122,Applicant,ACT-28,High School,Member,1,Regional
A26-101122,Applicant,ACT-05,High School,Member,4,None
A26-103573,Applicant,ACT-12,High School,Member,1,School
A26-103573,Applicant,ACT-16,High School,Member,4,State
A26-103573,Applicant,ACT-22,High School,Member,1,None
A26-103573,Applicant,ACT-06,High School,Officer,1,School
A26-100717,Applicant,ACT-13,High School,Officer,3,School
A26-100717,Applicant,ACT-05,High School,Member,4,Regional
A26-100717,Applicant,ACT-12,High School,Officer,4,Regional
A26-100717,Applicant,ACT-06,High School,Member,4,State
A26-100717,Applicant,ACT-23,High School,Member,3,State
A26-106749,Applicant,ACT-14,High School,Member,3,None
A26-106749,Applicant,ACT-07,High School,Member,2,School
A26-106749,Applicant,ACT-23,High School,Member,4,None
A26-106749,Applicant,ACT-31,High School,Member,3,Regional
A26-100025,Applicant,ACT-08,High School,Officer,3,School
A26-100025,Applicant,ACT-29,High School,Member,3,School
A26-100025,Applicant,ACT-12,High School,Member,1,National
A26-100025,Applicant,ACT-19,High School,Officer,3,Regional
A26-105323,Applicant,ACT-26,High School,Member,4,None
A26-105323,Applicant,ACT-11,High School,Member,4,None
A26-105323,Applicant,ACT-06,High School,Officer,1,Regional
A26-105323,Applicant,ACT-15,High School,Member,4,Regional
A26-106475,Applicant,ACT-12,High School,Member,1,Regional
A26-106475,Applicant,ACT-01,High School,Officer,1,None
A26-106475,Applicant,ACT-23,High School,Member,2,None
A26-106475,Applicant,ACT-44,High School,Member,4,School
A26-105727,Applicant,ACT-26,High School,Captain,4,None
A26-105727,Applicant,ACT-06,High School,Member,1,None
A26-105727,Applicant,ACT-31,High School,Officer,4,None
A26-107390,Applicant,ACT-25,High School,Member,1,None
A26-107390,Applicant,ACT-08,High School,Founder,2,None
A26-107390,Applicant,ACT-21,High School,Officer,3,None
A26-107390,Applicant,ACT-23,High School,Captain,4,School
A26-101538,Applicant,ACT-15,High School,Member,4,Regional
A26-101538,Applicant,ACT-12,High School,Founder,1,School
A26-101538,Applicant,ACT-23,High School,President,4,Regional
A26-101538,Applicant,ACT-06,High School,Member,1,School
A26-104397,Applicant,ACT-12,High School,Member,2,None
A26-104397,Applicant,ACT-30,High School,Captain,4,State
A26-104397,Applicant,ACT-17,High School,Captain,3,None
A26-104397,Applicant,ACT-32,High School,Member,3,None
A26-101934,Applicant,ACT-03,High School,Member,2,None
A26-101934,Applicant,ACT-19,High School,Founder,4,None
A26-101934,Applicant,ACT-12,High School,Member,3,None
A26-101934,Applicant,ACT-15,High School,Member,2,None
A26-103174,Applicant,ACT-06,High School,Captain,1,None
A26-103174,Applicant,ACT-02,High School,Founder,1,None
A26-103174,Applicant,ACT-15,High School,Member,1,Regional
A26-103174,Applicant,ACT-41,High School,Member,3,None
A26-107878,Applicant,ACT-12,High School,Founder,1,None
A26-107878,Applicant,ACT-04,High School,Member,4,Regional
A26-107878,Applicant,ACT-09,High School,Officer,3,None
A26-107878,Applicant,ACT-31,High School,Member,2,None
A26-107878,Applicant,ACT-23,High School,Member,3,None
A26-107998,Applicant,ACT-03,High School,Founder,1,None
A26-107998,Applicant,ACT-27,High School,Member,4,None
A26-107998,Applicant,ACT-28,High School,Member,4,None
A26-100853,Applicant,ACT-15,High School,Member,1,None
A26-100853,Applicant,ACT-23,High School,President,4,None
A26-100853,Applicant,ACT-13,High School,Member,1,Regional
A26-100853,Applicant,ACT-31,High School,Member,4,Regional
A26-100853,Applicant,ACT-11,High School,Member,3,School
A26-106632,Applicant,ACT-11,High School,Member,2,State
A26-106632,Applicant,ACT-28,High School,Member,1,None
A26-106632,Applicant,ACT-01,High School,Member,4,None
A26-106632,Applicant,ACT-12,High School,President,4,None
A26-106632,Applicant,ACT-36,High School,Captain,4,None
A26-104546,Applicant,ACT-06,High School,Officer,2,None
A26-104546,Applicant,ACT-19,High School,President,3,State
A26-104546,Applicant,ACT-12,High School,Captain,3,None
A26-104546,Applicant,ACT-13,High School,Officer,3,School
A26-107331,Applicant,ACT-06,High School,Member,1,Regional
A26-107331,Applicant,ACT-11,High School,Member,1,None
A26-107331,Applicant,ACT-29,High School,Captain,2,None
A26-106339,Applicant,ACT-29,High School,Member,2,None
A26-106339,Applicant,ACT-21,High School,Member,1,State
A26-106339,Applicant,ACT-23,High School,Member,1,None
A26-106339,Applicant,ACT-18,High School,Member,2,State
A26-106339,Applicant,ACT-12,High School,Captain,1,None
A26-107179,Applicant,ACT-19,High School,Officer,1,None
A26-107179,Applicant,ACT-01,High School,Member,1,School
A26-107179,Applicant,ACT-16,High School,Member,4,School
A26-107179,Applicant,ACT-28,High School,Member,3,None
A26-104933,Applicant,ACT-23,High School,Member,2,School
A26-104933,Applicant,ACT-13,High School,Member,3,School
A26-104933,Applicant,ACT-15,High School,Officer,2,Regional
A26-104933,Applicant,ACT-03,High School,Member,2,Regional
A26-104867,Applicant,ACT-12,High School,Officer,1,None
A26-104867,Applicant,ACT-04,High School,Member,4,None
A26-104867,Applicant,ACT-21,High School,Member,2,None
A26-104867,Applicant,ACT-30,High School,President,4,None
A26-104867,Applicant,ACT-23,High School,Member,1,School
A26-107417,Applicant,ACT-16,High School,Member,1,None
A26-107417,Applicant,ACT-12,High School,Officer,2,School
A26-107417,Applicant,ACT-13,High School,Officer,3,School
A26-107417,Applicant,ACT-01,High School,Member,1,None
A26-101273,Applicant,ACT-11,High School,Captain,2,None
A26-101273,Applicant,ACT-01,High School,Member,4,None
A26-101273,Applicant,ACT-13,High School,Member,1,None
A26-101273,Applicant,ACT-23,High School,Officer,3,School
A26-107309,Applicant,ACT-05,High School,Founder,4,School
A26-107309,Applicant,ACT-21,High School,Member,1,Regional
A26-107309,Applicant,ACT-17,High School,President,4,School
A26-105881,Applicant,ACT-12,High School,President,4,School
A26-105881,Applicant,ACT-07,High School,Member,4,Regional
A26-105881,Applicant,ACT-25,High School,Member,2,None
A26-105881,Applicant,ACT-15,High School,Member,1,School
A26-102851,Applicant,ACT-08,High School,Member,1,State
A26-102851,Applicant,ACT-12,High School,Member,2,School
A26-102851,Applicant,ACT-05,High School,Member,3,None
A26-102851,Applicant,ACT-21,High School,Officer,1,None
A26-100014,Applicant,ACT-21,High School,Member,3,National
A26-100014,Applicant,ACT-06,High School,Member,4,None
A26-100014,Applicant,ACT-09,High School,Member,1,None
A26-100734,Applicant,ACT-23,High School,Member,4,School
A26-100734,Applicant,ACT-22,High School,Member,3,School
A26-100734,Applicant,ACT-19,High School,Member,4,None
A26-101734,Applicant,ACT-10,High School,Officer,1,School
A26-101734,Applicant,ACT-23,High School,Captain,1,Regional
A26-101734,Applicant,ACT-15,High School,Founder,4,School
A26-107338,Applicant,ACT-12,High School,Captain,1,State
A26-107338,Applicant,ACT-01,High School,Member,1,None
A26-107338,Applicant,ACT-14,High School,Member,3,School
A26-107338,Applicant,ACT-08,High School,Member,2,Regional
A26-102052,Applicant,ACT-04,High School,Officer,3,School
A26-102052,Applicant,ACT-23,High School,Member,1,National
A26-102052,Applicant,ACT-13,High School,Captain,2,None
A26-102052,Applicant,ACT-11,High School,Captain,4,None
A26-102052,Applicant,ACT-12,High School,Founder,3,None
A26-102052,Applicant,ACT-41,High School,Member,4,School
A26-106915,Applicant,ACT-18,High School,Officer,2,Regional
A26-106915,Applicant,ACT-29,High School,Member,4,None
A26-106915,Applicant,ACT-02,High School,Member,3,None
A26-106915,Applicant,ACT-06,High School,Officer,3,Regional
A26-105496,Applicant,ACT-24,High School,Member,3,None
A26-105496,Applicant,ACT-12,High School,Captain,1,Regional
A26-105496,Applicant,ACT-05,High School,Officer,3,None
A26-105496,Applicant,ACT-08,High School,Member,4,None
A26-105496,Applicant,ACT-23,High School,Member,1,School
A26-101017,Applicant,ACT-23,High School,Member,4,None
A26-101017,Applicant,ACT-12,High School,Officer,2,None
A26-101017,Applicant,ACT-08,High School,Member,4,None
A26-101017,Applicant,ACT-10,High School,Member,2,School
A26-104624,Applicant,ACT-09,High School,President,1,None
A26-104624,Applicant,ACT-12,High School,Member,2,School
A26-104624,Applicant,ACT-08,High School,Member,4,School
A26-104624,Applicant,ACT-21,High School,Member,3,State
A26-108049,Applicant,ACT-21,High School,Member,2,None
A26-108049,Applicant,ACT-24,High School,President,1,School
A26-108049,Applicant,ACT-15,High School,President,3,State
A26-108049,Applicant,ACT-19,High School,Officer,3,None
A26-104409,Applicant,ACT-28,High School,Officer,1,School
A26-104409,Applicant,ACT-17,High School,Member,1,School
A26-104409,Applicant,ACT-23,High School,Member,4,School
A26-104409,Applicant,ACT-08,High School,Member,4,National
A26-104409,Applicant,ACT-02,High School,Officer,2,School
A26-102606,Applicant,ACT-22,High School,Member,2,National
A26-102606,Applicant,ACT-02,High School,Officer,4,National
A26-102606,Applicant,ACT-12,High School,Member,3,Regional
A26-102606,Applicant,ACT-08,High School,Founder,2,School
A26-101796,Applicant,ACT-08,High School,Member,1,School
A26-101796,Applicant,ACT-23,High School,Member,1,State
A26-101796,Applicant,ACT-05,High School,Member,3,State
A26-100489,Applicant,ACT-08,High School,Member,2,Regional
A26-100489,Applicant,ACT-12,High School,Member,2,School
A26-100489,Applicant,ACT-02,High School,President,4,None
A26-106155,Applicant,ACT-01,High School,Member,1,Regional
A26-106155,Applicant,ACT-12,High School,Officer,4,School
A26-106155,Applicant,ACT-08,High School,Member,4,None
A26-106155,Applicant,ACT-13,High School,Officer,2,National
A26-106155,Applicant,ACT-14,High School,Member,3,School
A26-106155,Applicant,ACT-04,High School,Member,1,School
A26-105231,Applicant,ACT-15,High School,Member,3,Regional
A26-105231,Applicant,ACT-21,High School,Member,4,School
A26-105231,Applicant,ACT-17,High School,Officer,4,None
A26-105231,Applicant,ACT-01,High School,Member,2,None
A26-105231,Applicant,ACT-06,High School,Member,3,Regional
A26-108063,Applicant,ACT-01,High School,Captain,2,None
A26-108063,Applicant,ACT-23,High School,Member,1,None
A26-108063,Applicant,ACT-15,High School,Officer,3,None
A26-108063,Applicant,ACT-09,High School,Member,2,None
A26-108063,Applicant,ACT-12,High School,Member,1,School
A26-100347,Applicant,ACT-11,High School,Officer,4,None
A26-100347,Applicant,ACT-01,High School,Founder,2,State
A26-100347,Applicant,ACT-31,High School,Officer,3,None
A26-100347,Applicant,ACT-23,High School,Captain,1,None
A26-100347,Applicant,ACT-32,High School,Member,4,None
A26-102104,Applicant,ACT-27,High School,Member,2,Regional
A26-102104,Applicant,ACT-08,High School,Member,1,Regional
A26-102104,Applicant,ACT-12,High School,Captain,2,Regional
A26-102104,Applicant,ACT-17,High School,President,3,None
A26-102104,Applicant,ACT-23,High School,Member,2,School
A26-103209,Applicant,ACT-12,High School,Member,1,None
A26-103209,Applicant,ACT-03,High School,Member,4,Regional
A26-103209,Applicant,ACT-01,High School,Officer,2,School
A26-103209,Applicant,ACT-07,High School,Officer,4,None
A26-103209,Applicant,ACT-15,High School,Member,2,State
A26-103209,Applicant,ACT-40,High School,Member,4,School
A26-104654,Applicant,ACT-15,High School,Member,1,None
A26-104654,Applicant,ACT-13,High School,Member,2,None
A26-104654,Applicant,ACT-12,High School,Member,3,None
A26-104654,Applicant,ACT-06,High School,Member,3,None
A26-104654,Applicant,ACT-03,High School,Member,1,None
A26-104204,Applicant,ACT-27,High School,Captain,2,School
A26-104204,Applicant,ACT-09,High School,Captain,1,National
A26-104204,Applicant,ACT-23,High School,Member,1,Regional
A26-106249,Applicant,ACT-12,High School,Captain,3,None
A26-106249,Applicant,ACT-17,High School,Captain,2,None
A26-106249,Applicant,ACT-03,High School,Member,2,None
A26-106249,Applicant,ACT-15,High School,Member,2,State
A26-106249,Applicant,ACT-23,High School,Member,2,School
A26-100868,Applicant,ACT-01,High School,Member,1,None
A26-100868,Applicant,ACT-12,High School,Member,4,School
A26-100868,Applicant,ACT-21,High School,Member,2,School
A26-100868,Applicant,ACT-08,High School,Member,4,State
A26-100868,Applicant,ACT-02,High School,Member,4,None
A26-102583,Applicant,ACT-06,High School,Member,4,School
A26-102583,Applicant,ACT-12,High School,Member,1,School
A26-102583,Applicant,ACT-23,High School,Member,1,None
A26-102583,Applicant,ACT-24,High School,Member,1,School
A26-103810,Applicant,ACT-16,High School,Member,3,Regional
A26-103810,Applicant,ACT-13,High School,Member,4,State
A26-103810,Applicant,ACT-12,High School,Member,4,None
A26-103810,Applicant,ACT-21,High School,Captain,3,None
A26-103810,Applicant,ACT-07,High School,Officer,3,State
A26-103810,Applicant,ACT-06,High School,Member,4,None
A26-103810,Applicant,ACT-42,High School,Member,2,Regional
A26-105356,Applicant,ACT-01,High School,Member,1,None
A26-105356,Applicant,ACT-17,High School,Founder,1,Regional
A26-105356,Applicant,ACT-15,High School,Officer,1,None
A26-105642,Applicant,ACT-26,High School,Member,2,School
A26-105642,Applicant,ACT-06,High School,Member,1,None
A26-105642,Applicant,ACT-12,High School,Officer,4,School
A26-105642,Applicant,ACT-05,High School,Member,1,None
A26-105642,Applicant,ACT-29,High School,Member,4,Regional
A26-105642,Applicant,ACT-42,High School,Member,4,None
A26-104003,Applicant,ACT-29,High School,Member,3,Regional
A26-104003,Applicant,ACT-11,High School,Captain,2,State
A26-104003,Applicant,ACT-07,High School,Member,1,None
A26-104003,Applicant,ACT-15,High School,Member,3,National
A26-108228,Applicant,ACT-24,High School,Member,2,Regional
A26-108228,Applicant,ACT-12,High School,Member,1,None
A26-108228,Applicant,ACT-20,High School,Officer,1,State
A26-102539,Applicant,ACT-27,High School,Member,2,State
A26-102539,Applicant,ACT-07,High School,Member,2,None
A26-102539,Applicant,ACT-08,High School,Member,4,None
A26-102539,Applicant,ACT-09,High School,President,1,State
A26-102539,Applicant,ACT-10,High School,Member,4,None
A26-106037,Applicant,ACT-23,High School,Member,3,State
A26-106037,Applicant,ACT-05,High School,Member,1,School
A26-106037,Applicant,ACT-19,High School,Member,4,Regional
A26-106001,Applicant,ACT-15,High School,Captain,4,None
A26-106001,Applicant,ACT-13,High School,Officer,4,State
A26-106001,Applicant,ACT-05,High School,Member,4,None
A26-103549,Applicant,ACT-12,High School,Captain,1,School
A26-103549,Applicant,ACT-15,High School,Member,2,None
A26-103549,Applicant,ACT-24,High School,Member,3,Regional
A26-103549,Applicant,ACT-16,High School,Member,1,School
A26-102823,Applicant,ACT-06,High School,Captain,1,None
A26-102823,Applicant,ACT-29,High School,Member,3,School
A26-102823,Applicant,ACT-23,High School,Member,2,School
A26-102823,Applicant,ACT-15,High School,Member,3,None
A26-103044,Applicant,ACT-30,High School,Member,3,None
A26-103044,Applicant,ACT-11,High School,Member,4,School
A26-103044,Applicant,ACT-06,High School,Member,1,School
A26-105986,Applicant,ACT-28,High School,Member,4,None
A26-105986,Applicant,ACT-12,High School,Member,1,School
A26-105986,Applicant,ACT-15,High School,Member,4,School
A26-105045,Applicant,ACT-24,High School,Member,2,None
A26-105045,Applicant,ACT-28,High School,Officer,4,State
A26-105045,Applicant,ACT-08,High School,Captain,1,None
A26-105045,Applicant,ACT-15,High School,Member,2,None
A26-105704,Applicant,ACT-29,High School,Officer,3,None
A26-105704,Applicant,ACT-05,High School,Officer,4,Regional
A26-105704,Applicant,ACT-13,High School,Officer,2,National
A26-105704,Applicant,ACT-09,High School,Officer,4,None
A26-107585,Applicant,ACT-15,High School,Member,2,None
A26-107585,Applicant,ACT-28,High School,Member,1,None
A26-107585,Applicant,ACT-23,High School,Member,1,State
A26-103836,Applicant,ACT-23,High School,Member,4,None
A26-103836,Applicant,ACT-19,High School,Member,1,None
A26-103836,Applicant,ACT-05,High School,Member,1,None
A26-103836,Applicant,ACT-15,High School,Member,3,State
A26-103836,Applicant,ACT-37,High School,Captain,2,School
A26-107713,Applicant,ACT-10,High School,Officer,4,School
A26-107713,Applicant,ACT-01,High School,Member,1,None
A26-107713,Applicant,ACT-06,High School,Member,4,School
A26-107713,Applicant,ACT-05,High School,Member,1,None
A26-103446,Applicant,ACT-19,High School,Officer,1,None
A26-103446,Applicant,ACT-06,High School,Member,2,School
A26-103446,Applicant,ACT-15,High School,Member,2,None
A26-103446,Applicant,ACT-09,High School,Member,3,Regional
A26-101415,Applicant,ACT-09,High School,Member,1,None
A26-101415,Applicant,ACT-23,High School,Officer,1,None
A26-101415,Applicant,ACT-16,High School,Member,4,School
A26-101415,Applicant,ACT-29,High School,Member,1,None
A26-107093,Applicant,ACT-01,High School,President,3,None
A26-107093,Applicant,ACT-03,High School,Officer,1,None
A26-107093,Applicant,ACT-12,High School,Member,3,Regional
A26-107093,Applicant,ACT-23,High School,Member,3,None
A26-101249,Applicant,ACT-05,High School,Officer,3,School
A26-101249,Applicant,ACT-15,High School,Member,4,Regional
A26-101249,Applicant,ACT-17,High School,Member,1,Regional
A26-103178,Applicant,ACT-04,High School,Member,3,None
A26-103178,Applicant,ACT-07,High School,Captain,1,School
A26-103178,Applicant,ACT-05,High School,Member,2,None
A26-103178,Applicant,ACT-12,High School,Member,4,School
A26-103178,Applicant,ACT-15,High School,Captain,4,State
A26-103178,Applicant,ACT-21,High School,Member,1,None
A26-108305,Applicant,ACT-10,High School,Member,2,School
A26-108305,Applicant,ACT-12,High School,Member,2,None
A26-108305,Applicant,ACT-19,High School,Member,4,None
A26-108305,Applicant,ACT-24,High School,Member,1,Regional
A26-105589,Applicant,ACT-15,High School,Member,1,Regional
A26-105589,Applicant,ACT-30,High School,Member,3,None
A26-105589,Applicant,ACT-06,High School,Officer,4,Regional
A26-105589,Applicant,ACT-16,High School,President,3,None
A26-103949,Applicant,ACT-18,High School,Member,1,None
A26-103949,Applicant,ACT-03,High School,Member,4,Regional
A26-103949,Applicant,ACT-05,High School,Officer,3,None
A26-104008,Applicant,ACT-12,High School,Member,1,School
A26-104008,Applicant,ACT-14,High School,Member,1,School
A26-104008,Applicant,ACT-31,High School,Member,1,Regional
A26-104008,Applicant,ACT-29,High School,Member,4,School
A26-104008,Applicant,ACT-10,High School,Member,4,State
A26-108099,Applicant,ACT-10,High School,Officer,2,None
A26-108099,Applicant,ACT-08,High School,Member,1,None
A26-108099,Applicant,ACT-15,High School,Captain,4,National
A26-104477,Applicant,ACT-12,High School,President,1,State
A26-104477,Applicant,ACT-25,High School,Member,1,School
A26-104477,Applicant,ACT-21,High School,Member,3,None
A26-104477,Applicant,ACT-02,High School,Member,1,School
A26-105694,Applicant,ACT-16,High School,Founder,2,Regional
A26-105694,Applicant,ACT-23,High School,Member,4,None
A26-105694,Applicant,ACT-28,High School,Member,2,Regional
A26-107759,Applicant,ACT-04,High School,Founder,1,School
A26-107759,Applicant,ACT-15,High School,Member,4,None
A26-107759,Applicant,ACT-12,High School,Member,2,School
A26-107759,Applicant,ACT-02,High School,Officer,2,School
A26-101856,Applicant,ACT-05,High School,Member,1,None
A26-101856,Applicant,ACT-24,High School,Member,1,School
A26-101856,Applicant,ACT-02,High School,Captain,1,None
A26-101856,Applicant,ACT-29,High School,Officer,4,None
A26-101856,Applicant,ACT-18,High School,Captain,3,State
A26-101856,Applicant,ACT-12,High School,Member,4,None
A26-101515,Applicant,ACT-31,High School,Officer,2,None
A26-101515,Applicant,ACT-15,High School,President,2,School
A26-101515,Applicant,ACT-01,High School,Member,4,Regional
A26-101515,Applicant,ACT-02,High School,Officer,2,State
A26-101515,Applicant,ACT-23,High School,Member,3,Regional
A26-104593,Applicant,ACT-23,High School,Member,3,School
A26-104593,Applicant,ACT-12,High School,President,3,Regional
A26-104593,Applicant,ACT-09,High School,Captain,4,Regional
A26-104593,Applicant,ACT-30,High School,Member,3,None
A26-106438,Applicant,ACT-17,High School,Officer,1,School
A26-106438,Applicant,ACT-11,High School,Member,3,Regional
A26-106438,Applicant,ACT-23,High School,Member,2,None
A26-106438,Applicant,ACT-12,High School,Officer,3,None
A26-106438,Applicant,ACT-10,High School,Captain,3,School
A26-101953,Applicant,ACT-28,High School,Member,4,Regional
A26-101953,Applicant,ACT-23,High School,Member,3,School
A26-101953,Applicant,ACT-02,High School,Member,1,None
A26-101953,Applicant,ACT-12,High School,Member,2,None
A26-101953,Applicant,ACT-01,High School,Officer,3,None
A26-101054,Applicant,ACT-13,High School,President,1,State
A26-101054,Applicant,ACT-05,High School,Member,3,State
A26-101054,Applicant,ACT-21,High School,Officer,1,State
A26-107064,Applicant,ACT-05,High School,Member,3,None
A26-107064,Applicant,ACT-07,High School,Member,4,School
A26-107064,Applicant,ACT-24,High School,Member,3,None
A26-102383,Applicant,ACT-15,High School,Member,4,None
A26-102383,Applicant,ACT-13,High School,Member,4,None
A26-102383,Applicant,ACT-05,High School,Captain,4,National
A26-102995,Applicant,ACT-17,High School,Officer,2,State
A26-102995,Applicant,ACT-09,High School,Member,4,None
A26-102995,Applicant,ACT-12,High School,Officer,2,School
A26-102619,Applicant,ACT-07,High School,Member,3,Regional
A26-102619,Applicant,ACT-03,High School,Officer,3,Regional
A26-102619,Applicant,ACT-15,High School,Member,3,State
A26-108182,Applicant,ACT-09,High School,Member,4,Regional
A26-108182,Applicant,ACT-07,High School,President,3,Regional
A26-108182,Applicant,ACT-21,High School,Captain,2,None
A26-108182,Applicant,ACT-20,High School,Member,3,None
A26-100819,Applicant,ACT-12,High School,Officer,4,School
A26-100819,Applicant,ACT-08,High School,Member,2,School
A26-100819,Applicant,ACT-04,High School,President,3,None
A26-104764,Applicant,ACT-12,High School,Member,4,State
A26-104764,Applicant,ACT-23,High School,Member,3,School
A26-104764,Applicant,ACT-03,High School,Member,1,School
A26-103105,Applicant,ACT-08,High School,Officer,1,Regional
A26-103105,Applicant,ACT-12,High School,Officer,2,School
A26-103105,Applicant,ACT-15,High School,Officer,4,Regional
A26-103105,Applicant,ACT-06,High School,Member,2,School
A26-103105,Applicant,ACT-23,High School,Officer,3,None
A26-103875,Applicant,ACT-02,High School,Member,4,None
A26-103875,Applicant,ACT-11,High School,Founder,3,None
A26-103875,Applicant,ACT-07,High School,Member,1,School
A26-103875,Applicant,ACT-12,High School,President,3,Regional
A26-103770,Applicant,ACT-12,High School,Member,4,None
A26-103770,Applicant,ACT-25,High School,Member,3,State
A26-103770,Applicant,ACT-07,High School,Member,2,School
A26-103770,Applicant,ACT-13,High School,Member,3,School
A26-103770,Applicant,ACT-04,High School,Member,2,State
A26-102591,Applicant,ACT-08,High School,Member,2,None
A26-102591,Applicant,ACT-10,High School,Member,4,None
A26-102591,Applicant,ACT-12,High School,Member,4,None
A26-102599,Applicant,ACT-07,High School,Member,2,None
A26-102599,Applicant,ACT-08,High School,Member,4,School
A26-102599,Applicant,ACT-12,High School,Member,2,None
A26-102599,Applicant,ACT-06,High School,Member,2,School
A26-102599,Applicant,ACT-17,High School,Founder,3,School
A26-102599,Applicant,ACT-11,High School,Member,1,None
A26-101174,Applicant,ACT-28,High School,Member,1,None
A26-101174,Applicant,ACT-23,High School,Member,3,School
A26-101174,Applicant,ACT-12,High School,Officer,2,School
A26-101687,Applicant,ACT-15,High School,Officer,2,School
A26-101687,Applicant,ACT-04,High School,Member,2,None
A26-101687,Applicant,ACT-13,High School,Member,1,None
A26-105689,Applicant,ACT-04,High School,President,2,Regional
A26-105689,Applicant,ACT-19,High School,Officer,2,None
A26-105689,Applicant,ACT-15,High School,Member,2,School
A26-102543,Applicant,ACT-05,High School,Captain,4,None
A26-102543,Applicant,ACT-15,High School,Member,3,School
A26-102543,Applicant,ACT-22,High School,Member,1,Regional
A26-102543,Applicant,ACT-19,High School,Officer,4,None
A26-101648,Applicant,ACT-06,High School,Captain,4,None
A26-101648,Applicant,ACT-12,High School,Member,3,None
A26-101648,Applicant,ACT-11,High School,Member,1,School
A26-101648,Applicant,ACT-08,High School,Captain,3,None
A26-101648,Applicant,ACT-26,High School,Member,2,School
A26-102015,Applicant,ACT-12,High School,Captain,3,State
A26-102015,Applicant,ACT-24,High School,Officer,1,School
A26-102015,Applicant,ACT-15,High School,Member,2,School
A26-102015,Applicant,ACT-05,High School,Officer,3,School
A26-102015,Applicant,ACT-17,High School,Member,2,None
A26-103652,Applicant,ACT-11,High School,President,1,School
A26-103652,Applicant,ACT-15,High School,Member,1,School
A26-103652,Applicant,ACT-13,High School,Member,4,None
A26-103652,Applicant,ACT-30,High School,Member,1,National
A26-106088,Applicant,ACT-15,High School,Member,1,School
A26-106088,Applicant,ACT-23,High School,Founder,4,None
A26-106088,Applicant,ACT-22,High School,Member,2,State
A26-106088,Applicant,ACT-12,High School,Officer,2,School
A26-107703,Applicant,ACT-12,High School,Member,1,School
A26-107703,Applicant,ACT-06,High School,Officer,1,School
A26-107703,Applicant,ACT-09,High School,Officer,4,None
A26-107703,Applicant,ACT-19,High School,Member,1,State
A26-107498,Applicant,ACT-06,High School,Member,2,None
A26-107498,Applicant,ACT-08,High School,Member,4,State
A26-107498,Applicant,ACT-05,High School,Member,1,State
A26-107498,Applicant,ACT-31,High School,Member,3,None
A26-107498,Applicant,ACT-12,High School,Member,2,None
A26-100660,Applicant,ACT-01,High School,Member,3,School
A26-100660,Applicant,ACT-12,High School,Member,2,None
A26-100660,Applicant,ACT-15,High School,Captain,4,State
A26-100660,Applicant,ACT-19,High School,Member,3,School
A26-100660,Applicant,ACT-17,High School,Officer,2,National
A26-100399,Applicant,ACT-05,High School,Member,4,None
A26-100399,Applicant,ACT-17,High School,Member,1,School
A26-100399,Applicant,ACT-30,High School,Officer,2,School
A26-100399,Applicant,ACT-04,High School,Member,1,None
A26-107245,Applicant,ACT-19,High School,Officer,4,School
A26-107245,Applicant,ACT-05,High School,Member,2,School
A26-107245,Applicant,ACT-06,High School,Officer,2,None
A26-107245,Applicant,ACT-08,High School,Member,1,National
A26-107245,Applicant,ACT-12,High School,Member,2,Regional
A26-107669,Applicant,ACT-28,High School,Member,1,Regional
A26-107669,Applicant,ACT-12,High School,Member,1,School
A26-107669,Applicant,ACT-19,High School,Officer,1,None
A26-107669,Applicant,ACT-23,High School,Member,3,None
A26-108399,Applicant,ACT-11,High School,Officer,2,None
A26-108399,Applicant,ACT-03,High School,Member,3,None
A26-108399,Applicant,ACT-12,High School,Member,4,School
A26-108399,Applicant,ACT-15,High School,Member,2,School
A26-101610,Applicant,ACT-12,High School,Member,1,None
A26-101610,Applicant,ACT-21,High School,Captain,3,None
A26-101610,Applicant,ACT-24,High School,Member,2,None
A26-101610,Applicant,ACT-15,High School,Member,3,Regional
A26-100657,Applicant,ACT-08,High School,Member,4,None
A26-100657,Applicant,ACT-15,High School,Member,3,School
A26-100657,Applicant,ACT-20,High School,Member,1,None
A26-100657,Applicant,ACT-09,High School,Officer,2,None
A26-100657,Applicant,ACT-04,High School,Member,3,Regional
A26-107773,Applicant,ACT-19,High School,Member,2,None
A26-107773,Applicant,ACT-02,High School,Member,2,State
A26-107773,Applicant,ACT-15,High School,President,2,School
A26-107773,Applicant,ACT-16,High School,Member,4,School
A26-101882,Applicant,ACT-13,High School,Member,3,Regional
A26-101882,Applicant,ACT-16,High School,Captain,4,None
A26-101882,Applicant,ACT-08,High School,Member,3,None
A26-101882,Applicant,ACT-10,High School,Member,2,State
A26-101882,Applicant,ACT-12,High School,Member,1,State
A26-101882,Applicant,ACT-35,High School,Captain,4,None
A26-102925,Applicant,ACT-23,High School,Officer,1,State
A26-102925,Applicant,ACT-12,High School,Member,3,Regional
A26-102925,Applicant,ACT-06,High School,Member,1,None
A26-102925,Applicant,ACT-31,High School,Captain,1,School
A26-102214,Applicant,ACT-01,High School,President,2,None
A26-102214,Applicant,ACT-03,High School,Officer,4,State
A26-102214,Applicant,ACT-05,High School,Member,3,State
A26-102214,Applicant,ACT-12,High School,Member,2,State
A26-102214,Applicant,ACT-02,High School,Member,1,None
A26-102214,Applicant,ACT-21,High School,Member,1,School
A26-104169,Applicant,ACT-11,High School,Member,3,None
A26-104169,Applicant,ACT-06,High School,Officer,4,None
A26-104169,Applicant,ACT-01,High School,Member,3,None
A26-104169,Applicant,ACT-23,High School,Captain,2,Regional
A26-106173,Applicant,ACT-16,High School,Captain,4,Regional
A26-106173,Applicant,ACT-21,High School,Member,4,None
A26-106173,Applicant,ACT-01,High School,Member,4,None
A26-106173,Applicant,ACT-05,High School,Member,3,School
A26-107003,Applicant,ACT-25,High School,Member,3,School
A26-107003,Applicant,ACT-23,High School,Captain,2,School
A26-107003,Applicant,ACT-12,High School,Officer,4,None
A26-107003,Applicant,ACT-04,High School,Member,4,None
A26-100809,Applicant,ACT-23,High School,Member,3,State
A26-100809,Applicant,ACT-30,High School,President,1,State
A26-100809,Applicant,ACT-05,High School,President,2,School
A26-106517,Applicant,ACT-19,High School,Captain,2,None
A26-106517,Applicant,ACT-22,High School,Officer,4,None
A26-106517,Applicant,ACT-06,High School,Member,4,State
A26-106517,Applicant,ACT-17,High School,Member,2,None
A26-105488,Applicant,ACT-12,High School,President,3,State
A26-105488,Applicant,ACT-17,High School,Member,2,School
A26-105488,Applicant,ACT-09,High School,Member,4,None
A26-105488,Applicant,ACT-21,High School,Captain,3,School
A26-105488,Applicant,ACT-26,High School,Member,1,None
A26-105829,Applicant,ACT-10,High School,Member,4,Regional
A26-105829,Applicant,ACT-19,High School,Member,1,None
A26-105829,Applicant,ACT-25,High School,Officer,3,None
A26-100632,Applicant,ACT-07,High School,Member,2,None
A26-100632,Applicant,ACT-20,High School,Captain,1,State
A26-100632,Applicant,ACT-14,High School,Officer,4,State
A26-100632,Applicant,ACT-29,High School,Member,1,School
A26-100632,Applicant,ACT-17,High School,Member,3,Regional
A26-100632,Applicant,ACT-06,High School,President,4,None
A26-104960,Applicant,ACT-23,High School,Captain,1,None
A26-104960,Applicant,ACT-12,High School,Member,4,None
A26-104960,Applicant,ACT-08,High School,Officer,3,Regional
A26-101950,Applicant,ACT-12,High School,Member,2,School
A26-101950,Applicant,ACT-08,High School,Officer,4,National
A26-101950,Applicant,ACT-15,High School,Officer,1,School
A26-100502,Applicant,ACT-21,High School,Member,1,School
A26-100502,Applicant,ACT-03,High School,Officer,4,None
A26-100502,Applicant,ACT-15,High School,President,3,None
A26-100502,Applicant,ACT-23,High School,Captain,2,School
A26-103820,Applicant,ACT-15,High School,Officer,4,Regional
A26-103820,Applicant,ACT-23,High School,President,2,None
A26-103820,Applicant,ACT-12,High School,Member,1,None
A26-103820,Applicant,ACT-21,High School,Officer,4,State
A26-105398,Applicant,ACT-11,High School,Officer,2,School
A26-105398,Applicant,ACT-18,High School,Member,2,None
A26-105398,Applicant,ACT-29,High School,Member,2,None
A26-105398,Applicant,ACT-12,High School,Member,4,None
A26-105398,Applicant,ACT-26,High School,Member,1,Regional
A26-105288,Applicant,ACT-06,High School,Officer,4,School
A26-105288,Applicant,ACT-03,High School,Member,4,School
A26-105288,Applicant,ACT-13,High School,Member,2,None
A26-105288,Applicant,ACT-28,High School,Member,2,None
A26-102158,Applicant,ACT-21,High School,Captain,1,None
A26-102158,Applicant,ACT-12,High School,Captain,4,School
A26-102158,Applicant,ACT-16,High School,Officer,3,None
A26-102158,Applicant,ACT-02,High School,Member,1,School
A26-100579,Applicant,ACT-30,High School,Member,4,None
A26-100579,Applicant,ACT-12,High School,Member,3,None
A26-100579,Applicant,ACT-10,High School,Member,4,School
A26-106700,Applicant,ACT-15,High School,Member,4,None
A26-106700,Applicant,ACT-23,High School,Officer,1,None
A26-106700,Applicant,ACT-12,High School,Member,2,Regional
A26-106700,Applicant,ACT-25,High School,Member,3,None
A26-104532,Applicant,ACT-24,High School,Member,3,Regional
A26-104532,Applicant,ACT-12,High School,Captain,4,None
A26-104532,Applicant,ACT-01,High School,Officer,4,None
A26-104532,Applicant,ACT-27,High School,Member,1,School
A26-104532,Applicant,ACT-21,High School,Member,1,State
A26-104532,Applicant,ACT-23,High School,Officer,4,Regional
A26-100565,Applicant,ACT-19,High School,Member,3,None
A26-100565,Applicant,ACT-06,High School,Member,1,None
A26-100565,Applicant,ACT-17,High School,Member,3,Regional
A26-100565,Applicant,ACT-09,High School,Member,1,School
A26-100565,Applicant,ACT-12,High School,Member,4,None
A26-100565,Applicant,ACT-01,High School,Member,4,None
A26-102072,Applicant,ACT-13,High School,Officer,3,None
A26-102072,Applicant,ACT-18,High School,Captain,4,School
A26-102072,Applicant,ACT-25,High School,Member,4,None
A26-102072,Applicant,ACT-36,High School,Member,2,None
A26-106161,Applicant,ACT-12,High School,Member,4,None
A26-106161,Applicant,ACT-01,High School,Captain,3,None
A26-106161,Applicant,ACT-07,High School,Member,1,None
A26-106161,Applicant,ACT-23,High School,Member,1,School
A26-101493,Applicant,ACT-12,High School,Member,4,Regional
A26-101493,Applicant,ACT-21,High School,Officer,1,Regional
A26-101493,Applicant,ACT-11,High School,Member,1,None
A26-101493,Applicant,ACT-22,High School,Member,1,None
A26-101493,Applicant,ACT-01,High School,Member,4,State
A26-105365,Applicant,ACT-12,High School,Member,1,None
A26-105365,Applicant,ACT-18,High School,Officer,2,School
A26-105365,Applicant,ACT-23,High School,Member,4,None
A26-105365,Applicant,ACT-15,High School,Member,4,None
A26-100282,Applicant,ACT-21,High School,Member,1,Regional
A26-100282,Applicant,ACT-12,High School,Officer,4,None
A26-100282,Applicant,ACT-05,High School,Member,2,State
A26-100282,Applicant,ACT-07,High School,Member,1,School
A26-100282,Applicant,ACT-19,High School,Member,2,School
A26-102343,Applicant,ACT-09,High School,Member,3,School
A26-102343,Applicant,ACT-27,High School,Member,4,State
A26-102343,Applicant,ACT-05,High School,Member,2,School
A26-102811,Applicant,ACT-06,High School,Captain,1,None
A26-102811,Applicant,ACT-12,High School,Officer,2,Regional
A26-102811,Applicant,ACT-23,High School,Member,4,None
A26-102811,Applicant,ACT-17,High School,Member,2,None
A26-102811,Applicant,ACT-01,High School,Member,4,School
A26-103046,Applicant,ACT-27,High School,Officer,1,Regional
A26-103046,Applicant,ACT-19,High School,Officer,1,None
A26-103046,Applicant,ACT-06,High School,Member,2,National
A26-106238,Applicant,ACT-29,High School,Member,4,None
A26-106238,Applicant,ACT-04,High School,Member,3,None
A26-106238,Applicant,ACT-15,High School,Member,1,None
A26-100166,Applicant,ACT-21,High School,Captain,1,None
A26-100166,Applicant,ACT-06,High School,Officer,1,Regional
A26-100166,Applicant,ACT-12,High School,Member,3,School
A26-100166,Applicant,ACT-08,High School,Member,4,None
A26-105373,Applicant,ACT-02,High School,Officer,2,None
A26-105373,Applicant,ACT-06,High School,Officer,2,None
A26-105373,Applicant,ACT-08,High School,Member,2,None
A26-105373,Applicant,ACT-19,High School,Officer,3,School
A26-106334,Applicant,ACT-28,High School,Member,4,None
A26-106334,Applicant,ACT-23,High School,Member,3,None
A26-106334,Applicant,ACT-05,High School,Member,2,Regional
A26-102486,Applicant,ACT-01,High School,Member,2,None
A26-102486,Applicant,ACT-06,High School,Member,2,None
A26-102486,Applicant,ACT-18,High School,Member,2,School
A26-102486,Applicant,ACT-12,High School,Member,4,None
A26-104677,Applicant,ACT-12,High School,Officer,2,School
A26-104677,Applicant,ACT-02,High School,Officer,2,None
A26-104677,Applicant,ACT-23,High School,Officer,2,None
A26-104677,Applicant,ACT-07,High School,Member,4,None
A26-104677,Applicant,ACT-05,High School,Member,2,Regional
A26-104677,Applicant,ACT-25,High School,Officer,4,School
A26-102314,Applicant,ACT-23,High School,Member,4,School
A26-102314,Applicant,ACT-09,High School,Captain,3,Regional
A26-102314,Applicant,ACT-16,High School,Member,2,Regional
A26-102314,Applicant,ACT-17,High School,Member,3,National
A26-107858,Applicant,ACT-06,High School,Member,4,None
A26-107858,Applicant,ACT-01,High School,Member,3,None
A26-107858,Applicant,ACT-12,High School,Member,4,None
A26-105526,Applicant,ACT-29,High School,Member,4,School
A26-105526,Applicant,ACT-13,High School,Captain,4,None
A26-105526,Applicant,ACT-31,High School,Member,2,National
A26-105526,Applicant,ACT-19,High School,Founder,3,National
A26-107137,Applicant,ACT-11,High School,Member,3,School
A26-107137,Applicant,ACT-21,High School,Captain,1,State
A26-107137,Applicant,ACT-15,High School,Member,3,School
A26-100342,Applicant,ACT-23,High School,President,4,State
A26-100342,Applicant,ACT-18,High School,Officer,1,School
A26-100342,Applicant,ACT-05,High School,Member,2,None
A26-101156,Applicant,ACT-12,High School,Member,4,None
A26-101156,Applicant,ACT-08,High School,Officer,4,None
A26-101156,Applicant,ACT-23,High School,Captain,2,Regional
A26-101156,Applicant,ACT-03,High School,Member,1,None
A26-107043,Applicant,ACT-08,High School,Member,2,Regional
A26-107043,Applicant,ACT-28,High School,President,2,Regional
A26-107043,Applicant,ACT-21,High School,Member,1,School
A26-107043,Applicant,ACT-23,High School,Founder,3,School
A26-107043,Applicant,ACT-17,High School,Member,4,None
A26-107078,Applicant,ACT-11,High School,Member,1,State
A26-107078,Applicant,ACT-06,High School,Member,2,None
A26-107078,Applicant,ACT-04,High School,Member,3,National
A26-107078,Applicant,ACT-23,High School,Member,1,School
A26-105737,Applicant,ACT-27,High School,Member,1,None
A26-105737,Applicant,ACT-12,High School,Member,4,None
A26-105737,Applicant,ACT-08,High School,Officer,4,None
A26-105737,Applicant,ACT-15,High School,Member,2,None
A26-102145,Applicant,ACT-11,High School,Officer,4,None
A26-102145,Applicant,ACT-23,High School,Member,1,State
A26-102145,Applicant,ACT-08,High School,Member,3,None
A26-102145,Applicant,ACT-35,High School,Member,4,Regional
A26-107832,Applicant,ACT-12,High School,Member,3,State
A26-107832,Applicant,ACT-27,High School,Member,2,None
A26-107832,Applicant,ACT-14,High School,Member,4,None
A26-107832,Applicant,ACT-01,High School,Officer,1,State
A26-107832,Applicant,ACT-11,High School,Member,3,School
A26-107832,Applicant,ACT-18,High School,Member,3,School
A26-102305,Applicant,ACT-24,High School,Member,4,School
A26-102305,Applicant,ACT-06,High School,Member,1,School
A26-102305,Applicant,ACT-12,High School,Officer,2,None
A26-102305,Applicant,ACT-08,High School,Member,4,None
A26-100189,Applicant,ACT-05,High School,Officer,2,Regional
A26-100189,Applicant,ACT-12,High School,Member,1,School
A26-100189,Applicant,ACT-23,High School,President,3,None
A26-104885,Applicant,ACT-12,High School,Member,3,None
A26-104885,Applicant,ACT-15,High School,President,3,Regional
A26-104885,Applicant,ACT-05,High School,Member,1,School
A26-104885,Applicant,ACT-16,High School,Member,3,None
A26-104885,Applicant,ACT-26,High School,Member,1,State
A26-104885,Applicant,ACT-09,High School,Member,1,None
A26-104885,Applicant,ACT-41,High School,Member,4,Regional
A26-100031,Applicant,ACT-23,High School,Member,2,None
A26-100031,Applicant,ACT-03,High School,Officer,1,School
A26-100031,Applicant,ACT-05,High School,Member,1,School
A26-100031,Applicant,ACT-15,High School,Member,4,School
A26-104480,Applicant,ACT-09,High School,Member,4,None
A26-104480,Applicant,ACT-07,High School,Member,3,School
A26-104480,Applicant,ACT-05,High School,Member,1,School
A26-104480,Applicant,ACT-45,High School,Member,4,None
A26-105554,Applicant,ACT-19,High School,Member,3,National
A26-105554,Applicant,ACT-15,High School,President,1,None
A26-105554,Applicant,ACT-07,High School,Member,4,None
A26-105554,Applicant,ACT-05,High School,Member,3,None
A26-101217,Applicant,ACT-05,High School,Member,4,School
A26-101217,Applicant,ACT-06,High School,Officer,4,None
A26-101217,Applicant,ACT-12,High School,Member,3,None
A26-101217,Applicant,ACT-23,High School,Member,4,None
A26-101217,Applicant,ACT-03,High School,Member,4,National
A26-101217,Applicant,ACT-15,High School,Member,2,School
A26-104551,Applicant,ACT-15,High School,Member,2,None
A26-104551,Applicant,ACT-17,High School,Member,3,None
A26-104551,Applicant,ACT-02,High School,Member,2,School
A26-104551,Applicant,ACT-23,High School,Member,1,Regional
A26-105846,Applicant,ACT-13,High School,Member,3,School
A26-105846,Applicant,ACT-29,High School,Member,3,None
A26-105846,Applicant,ACT-09,High School,Member,3,Regional
A26-105846,Applicant,ACT-04,High School,Member,3,None
A26-105846,Applicant,ACT-27,High School,Member,1,None
A26-104925,Applicant,ACT-17,High School,Member,2,School
A26-104925,Applicant,ACT-06,High School,Member,3,Regional
A26-104925,Applicant,ACT-01,High School,Member,2,Regional
A26-104925,Applicant,ACT-30,High School,Member,2,State
A26-104925,Applicant,ACT-15,High School,President,3,Regional
A26-104925,Applicant,ACT-23,High School,Officer,2,State
A26-102841,Applicant,ACT-08,High School,Member,4,State
A26-102841,Applicant,ACT-04,High School,Member,2,School
A26-102841,Applicant,ACT-19,High School,Member,3,None
A26-102841,Applicant,ACT-15,High School,Member,2,None
A26-102841,Applicant,ACT-05,High School,Member,3,School
A26-103011,Applicant,ACT-17,High School,Member,3,Regional
A26-103011,Applicant,ACT-01,High School,Officer,2,None
A26-103011,Applicant,ACT-15,High School,Founder,2,None
A26-103011,Applicant,ACT-23,High School,President,3,None
A26-103011,Applicant,ACT-31,High School,Member,3,None
A26-100141,Applicant,ACT-07,High School,Member,2,None
A26-100141,Applicant,ACT-25,High School,Member,4,Regional
A26-100141,Applicant,ACT-12,High School,Officer,3,Regional
A26-100141,Applicant,ACT-01,High School,Member,2,None
A26-106316,Applicant,ACT-21,High School,Member,3,Regional
A26-106316,Applicant,ACT-12,High School,Member,4,None
A26-106316,Applicant,ACT-15,High School,Member,1,Regional
A26-106316,Applicant,ACT-13,High School,Member,4,State
A26-106316,Applicant,ACT-24,High School,Founder,1,Regional
A26-101917,Applicant,ACT-06,High School,Member,2,School
A26-101917,Applicant,ACT-03,High School,Member,1,Regional
A26-101917,Applicant,ACT-08,High School,Founder,4,None
A26-104987,Applicant,ACT-10,High School,Member,1,None
A26-104987,Applicant,ACT-01,High School,Member,2,School
A26-104987,Applicant,ACT-12,High School,Member,1,None
A26-104987,Applicant,ACT-29,High School,Member,2,None
A26-104275,Applicant,ACT-22,High School,President,2,School
A26-104275,Applicant,ACT-01,High School,Officer,4,School
A26-104275,Applicant,ACT-12,High School,Member,2,None
A26-104275,Applicant,ACT-23,High School,Officer,2,School
A26-104275,Applicant,ACT-15,High School,Member,4,Regional
A26-104275,Applicant,ACT-06,High School,Officer,2,School
A26-103845,Applicant,ACT-06,High School,Member,2,School
A26-103845,Applicant,ACT-20,High School,Member,2,School
A26-103845,Applicant,ACT-28,High School,Officer,4,None
A26-103845,Applicant,ACT-19,High School,Member,1,School
A26-108385,Applicant,ACT-16,High School,Member,4,School
A26-108385,Applicant,ACT-29,High School,Member,1,Regional
A26-108385,Applicant,ACT-23,High School,Member,4,State
A26-108385,Applicant,ACT-17,High School,Member,4,None
A26-108385,Applicant,ACT-01,High School,Officer,1,School
A26-103993,Applicant,ACT-08,High School,Officer,2,None
A26-103993,Applicant,ACT-21,High School,Member,3,None
A26-103993,Applicant,ACT-17,High School,Member,2,None
A26-100078,Applicant,ACT-28,High School,Member,3,None
A26-100078,Applicant,ACT-01,High School,Member,1,None
A26-100078,Applicant,ACT-08,High School,Member,3,Regional
A26-100078,Applicant,ACT-31,High School,Officer,2,None
A26-100078,Applicant,ACT-07,High School,Member,4,None
A26-100362,Applicant,ACT-26,High School,Member,4,National
A26-100362,Applicant,ACT-21,High School,Member,2,None
A26-100362,Applicant,ACT-01,High School,Member,3,None
A26-100362,Applicant,ACT-23,High School,Officer,2,Regional
A26-100362,Applicant,ACT-07,High School,Captain,3,None
A26-100362,Applicant,ACT-22,High School,Officer,2,None
A26-104225,Applicant,ACT-08,High School,Member,4,None
A26-104225,Applicant,ACT-21,High School,President,4,None
A26-104225,Applicant,ACT-01,High School,Member,3,None
A26-104225,Applicant,ACT-11,High School,Member,2,School
A26-104225,Applicant,ACT-15,High School,Officer,1,None
A26-102210,Applicant,ACT-26,High School,Member,1,National
A26-102210,Applicant,ACT-09,High School,Member,3,Regional
A26-102210,Applicant,ACT-03,High School,Officer,1,None
A26-102210,Applicant,ACT-12,High School,Member,4,Regional
A26-107496,Applicant,ACT-03,High School,Officer,4,None
A26-107496,Applicant,ACT-30,High School,Member,1,School
A26-107496,Applicant,ACT-23,High School,Member,3,School
A26-107496,Applicant,ACT-08,High School,Founder,4,None
A26-107496,Applicant,ACT-02,High School,Member,4,Regional
A26-102138,Applicant,ACT-11,High School,Member,3,None
A26-102138,Applicant,ACT-12,High School,Member,2,National
A26-102138,Applicant,ACT-06,High School,Member,2,None
A26-102138,Applicant,ACT-23,High School,Member,3,School
A26-102138,Applicant,ACT-02,High School,Member,3,School
A26-105653,Applicant,ACT-20,High School,Member,3,None
A26-105653,Applicant,ACT-12,High School,President,1,None
A26-105653,Applicant,ACT-24,High School,Member,2,None
A26-105653,Applicant,ACT-03,High School,Member,1,None
A26-105653,Applicant,ACT-28,High School,Founder,2,State
A26-105653,Applicant,ACT-23,High School,Member,1,State
A26-104352,Applicant,ACT-17,High School,Member,4,None
A26-104352,Applicant,ACT-09,High School,Member,3,School
A26-104352,Applicant,ACT-27,High School,Founder,3,School
A26-104352,Applicant,ACT-20,High School,President,4,None
A26-105743,Applicant,ACT-20,High School,Captain,2,Regional
A26-105743,Applicant,ACT-01,High School,Member,1,None
A26-105743,Applicant,ACT-12,High School,Member,1,None
A26-105743,Applicant,ACT-21,High School,Member,4,None
A26-105743,Applicant,ACT-17,High School,Member,4,State
A26-103760,Applicant,ACT-04,High School,Member,2,None
A26-103760,Applicant,ACT-31,High School,Member,1,None
A26-103760,Applicant,ACT-12,High School,Member,2,School
A26-103760,Applicant,ACT-10,High School,Member,3,Regional
A26-103760,Applicant,ACT-18,High School,Member,4,National
A26-104393,Applicant,ACT-18,High School,President,4,School
A26-104393,Applicant,ACT-10,High School,Member,3,School
A26-104393,Applicant,ACT-08,High School,Officer,1,None
A26-104393,Applicant,ACT-20,High School,Member,2,None
A26-107034,Applicant,ACT-12,High School,Captain,2,None
A26-107034,Applicant,ACT-23,High School,Founder,3,None
A26-107034,Applicant,ACT-03,High School,President,2,None
A26-107034,Applicant,ACT-31,High School,Member,1,None
A26-107034,Applicant,ACT-19,High School,Member,4,None
A26-103239,Applicant,ACT-12,High School,President,4,None
A26-103239,Applicant,ACT-05,High School,Member,4,National
A26-103239,Applicant,ACT-19,High School,Officer,1,None
A26-104791,Applicant,ACT-16,High School,Officer,4,None
A26-104791,Applicant,ACT-09,High School,Member,3,None
A26-104791,Applicant,ACT-30,High School,Member,4,Regional
A26-104791,Applicant,ACT-01,High School,Captain,1,School
A26-103504,Applicant,ACT-12,High School,Officer,4,Regional
A26-103504,Applicant,ACT-18,High School,Captain,3,School
A26-103504,Applicant,ACT-23,High School,Member,1,None
A26-101341,Applicant,ACT-09,High School,Founder,2,None
A26-101341,Applicant,ACT-15,High School,Member,1,None
A26-101341,Applicant,ACT-24,High School,Member,3,None
A26-101341,Applicant,ACT-10,High School,Member,3,None
A26-101341,Applicant,ACT-23,High School,Member,4,State
A26-106325,Applicant,ACT-28,High School,Member,3,None
A26-106325,Applicant,ACT-12,High School,Member,2,None
A26-106325,Applicant,ACT-09,High School,Member,3,Regional
A26-106325,Applicant,ACT-27,High School,Member,2,None
A26-106092,Applicant,ACT-21,High School,Member,2,Regional
A26-106092,Applicant,ACT-30,High School,Member,4,School
A26-106092,Applicant,ACT-23,High School,Member,2,None
A26-106092,Applicant,ACT-12,High School,Member,2,None
A26-102977,Applicant,ACT-11,High School,Member,1,Regional
A26-102977,Applicant,ACT-12,High School,Member,4,State
A26-102977,Applicant,ACT-15,High School,Officer,4,None
A26-102977,Applicant,ACT-28,High School,Member,1,Regional
A26-102977,Applicant,ACT-23,High School,Officer,4,State
A26-102977,Applicant,ACT-04,High School,President,2,Regional
A26-102977,Applicant,ACT-39,High School,Member,2,None
A26-106757,Applicant,ACT-21,High School,Member,4,National
A26-106757,Applicant,ACT-12,High School,Member,2,School
A26-106757,Applicant,ACT-06,High School,Captain,4,School
A26-106757,Applicant,ACT-46,High School,Member,4,School
A26-105346,Applicant,ACT-06,High School,President,1,None
A26-105346,Applicant,ACT-27,High School,Captain,4,School
A26-105346,Applicant,ACT-23,High School,President,3,None
A26-106645,Applicant,ACT-18,High School,Officer,4,None
A26-106645,Applicant,ACT-23,High School,President,4,School
A26-106645,Applicant,ACT-17,High School,Member,2,School
A26-106645,Applicant,ACT-08,High School,Member,3,School
A26-106645,Applicant,ACT-15,High School,Officer,4,Regional
A26-103272,Applicant,ACT-23,High School,Member,1,None
A26-103272,Applicant,ACT-11,High School,Member,2,School
A26-103272,Applicant,ACT-30,High School,Officer,1,None
A26-103272,Applicant,ACT-14,High School,Member,4,None
A26-103272,Applicant,ACT-15,High School,Officer,1,School
A26-105184,Applicant,ACT-23,High School,Officer,1,Regional
A26-105184,Applicant,ACT-01,High School,Member,3,None
A26-105184,Applicant,ACT-10,High School,Officer,1,None
A26-105184,Applicant,ACT-21,High School,President,1,School
A26-105184,Applicant,ACT-13,High School,Member,2,School
A26-102797,Applicant,ACT-05,High School,Member,2,Regional
A26-102797,Applicant,ACT-16,High School,Officer,3,None
A26-102797,Applicant,ACT-23,High School,Captain,2,None
A26-102797,Applicant,ACT-11,High School,Officer,1,None
A26-106936,Applicant,ACT-11,High School,Member,1,Regional
A26-106936,Applicant,ACT-21,High School,Member,1,National
A26-106936,Applicant,ACT-05,High School,Officer,3,State
A26-106936,Applicant,ACT-19,High School,Member,2,Regional
A26-102062,Applicant,ACT-13,High School,Officer,3,State
A26-102062,Applicant,ACT-23,High School,President,2,None
A26-102062,Applicant,ACT-07,High School,Member,3,School
A26-101988,Applicant,ACT-23,High School,Captain,3,None
A26-101988,Applicant,ACT-05,High School,Member,3,None
A26-101988,Applicant,ACT-19,High School,Captain,2,None
A26-104711,Applicant,ACT-12,High School,Member,4,None
A26-104711,Applicant,ACT-06,High School,Captain,4,School
A26-104711,Applicant,ACT-23,High School,Member,3,None
A26-104711,Applicant,ACT-17,High School,Captain,3,School
A26-102504,Applicant,ACT-08,High School,Officer,4,None
A26-102504,Applicant,ACT-29,High School,Member,1,None
A26-102504,Applicant,ACT-15,High School,Member,3,None
A26-102504,Applicant,ACT-12,High School,President,1,State
A26-102504,Applicant,ACT-06,High School,Member,2,State
A26-102504,Applicant,ACT-03,High School,Officer,2,None
A26-104448,Applicant,ACT-29,High School,Member,1,None
A26-104448,Applicant,ACT-08,High School,Member,4,None
A26-104448,Applicant,ACT-13,High School,Captain,3,Regional
A26-105339,Applicant,ACT-23,High School,Founder,1,None
A26-105339,Applicant,ACT-08,High School,Member,4,Regional
A26-105339,Applicant,ACT-19,High School,Member,1,None
A26-106456,Applicant,ACT-05,High School,Member,4,School
A26-106456,Applicant,ACT-12,High School,Member,2,None
A26-106456,Applicant,ACT-06,High School,Member,4,None
A26-106456,Applicant,ACT-22,High School,Officer,2,None
A26-106456,Applicant,ACT-09,High School,Member,1,State
A26-103035,Applicant,ACT-09,High School,Member,1,None
A26-103035,Applicant,ACT-08,High School,President,3,School
A26-103035,Applicant,ACT-22,High School,Member,4,Regional
A26-103035,Applicant,ACT-21,High School,Member,1,None
A26-100924,Applicant,ACT-05,High School,Member,4,None
A26-100924,Applicant,ACT-08,High School,Member,2,Regional
A26-100924,Applicant,ACT-12,High School,President,1,None
A26-100924,Applicant,ACT-06,High School,Officer,4,None
A26-100924,Applicant,ACT-27,High School,Member,3,None
A26-100924,Applicant,ACT-28,High School,Member,4,None
A26-102274,Applicant,ACT-18,High School,President,4,School
A26-102274,Applicant,ACT-23,High School,Member,1,School
A26-102274,Applicant,ACT-12,High School,Member,4,National
A26-102274,Applicant,ACT-16,High School,Member,1,None
A26-106448,Applicant,ACT-12,High School,Officer,4,School
A26-106448,Applicant,ACT-23,High School,Member,4,Regional
A26-106448,Applicant,ACT-27,High School,Member,2,None
A26-106448,Applicant,ACT-21,High School,Captain,4,Regional
A26-102247,Applicant,ACT-12,High School,Member,1,Regional
A26-102247,Applicant,ACT-15,High School,Member,1,None
A26-102247,Applicant,ACT-17,High School,Member,3,Regional
A26-104043,Applicant,ACT-05,High School,Member,1,School
A26-104043,Applicant,ACT-21,High School,Captain,1,None
A26-104043,Applicant,ACT-22,High School,Member,1,State
A26-104043,Applicant,ACT-11,High School,Member,4,State
A26-104043,Applicant,ACT-09,High School,Member,2,State
A26-104043,Applicant,ACT-08,High School,Member,3,Regional
A26-100196,Applicant,ACT-12,High School,Member,1,State
A26-100196,Applicant,ACT-08,High School,Member,4,Regional
A26-100196,Applicant,ACT-13,High School,Member,4,None
A26-100196,Applicant,ACT-26,High School,Member,1,None
A26-100196,Applicant,ACT-36,High School,Captain,4,School
A26-103825,Applicant,ACT-09,High School,Officer,3,None
A26-103825,Applicant,ACT-23,High School,Member,2,None
A26-103825,Applicant,ACT-19,High School,Member,2,None
A26-103825,Applicant,ACT-21,High School,Officer,3,School
A26-100256,Applicant,ACT-05,High School,Officer,2,None
A26-100256,Applicant,ACT-12,High School,Officer,1,None
A26-100256,Applicant,ACT-15,High School,Member,1,None
A26-100256,Applicant,ACT-01,High School,Officer,1,Regional
A26-100256,Applicant,ACT-19,High School,Officer,1,None
A26-106203,Applicant,ACT-27,High School,Founder,2,School
A26-106203,Applicant,ACT-12,High School,Member,3,None
A26-106203,Applicant,ACT-23,High School,Member,4,None
A26-106203,Applicant,ACT-13,High School,Member,3,None
A26-106203,Applicant,ACT-06,High School,Member,3,None
A26-103089,Applicant,ACT-12,High School,Member,2,School
A26-103089,Applicant,ACT-23,High School,Member,4,None
A26-103089,Applicant,ACT-21,High School,Captain,2,None
A26-107058,Applicant,ACT-13,High School,Member,1,None
A26-107058,Applicant,ACT-12,High School,Member,4,None
A26-107058,Applicant,ACT-08,High School,Member,4,School
A26-107058,Applicant,ACT-37,High School,Member,4,None
A26-107479,Applicant,ACT-07,High School,President,2,State
A26-107479,Applicant,ACT-31,High School,Member,3,Regional
A26-107479,Applicant,ACT-09,High School,Member,1,State
A26-101461,Applicant,ACT-23,High School,Member,1,State
A26-101461,Applicant,ACT-12,High School,Member,4,None
A26-101461,Applicant,ACT-15,High School,Member,2,Regional
A26-101461,Applicant,ACT-10,High School,Captain,4,None
A26-101461,Applicant,ACT-44,High School,Member,3,State
A26-106620,Applicant,ACT-23,High School,Officer,4,School
A26-106620,Applicant,ACT-16,High School,Member,3,None
A26-106620,Applicant,ACT-27,High School,Member,1,None
A26-106620,Applicant,ACT-12,High School,President,4,None
A26-102481,Applicant,ACT-15,High School,Member,1,Regional
A26-102481,Applicant,ACT-01,High School,Founder,4,None
A26-102481,Applicant,ACT-11,High School,Officer,1,None
A26-102481,Applicant,ACT-28,High School,Member,4,None
A26-104872,Applicant,ACT-06,High School,Captain,2,State
A26-104872,Applicant,ACT-15,High School,Member,1,None
A26-104872,Applicant,ACT-01,High School,Member,4,Regional
A26-104872,Applicant,ACT-08,High School,Member,1,None
A26-104606,Applicant,ACT-21,High School,Founder,1,None
A26-104606,Applicant,ACT-03,High School,Officer,3,School
A26-104606,Applicant,ACT-16,High School,Member,3,None
A26-106045,Applicant,ACT-15,High School,Member,1,State
A26-106045,Applicant,ACT-06,High School,Member,4,None
A26-106045,Applicant,ACT-21,High School,Member,2,Regional
A26-106045,Applicant,ACT-29,High School,Officer,2,None
A26-102289,Applicant,ACT-04,High School,Member,3,Regional
A26-102289,Applicant,ACT-07,High School,Member,4,None
A26-102289,Applicant,ACT-03,High School,Member,4,None
A26-102289,Applicant,ACT-21,High School,Member,4,None
A26-102289,Applicant,ACT-12,High School,Member,4,Regional
A26-102289,Applicant,ACT-15,High School,Founder,4,School
A26-101864,Applicant,ACT-08,High School,Member,4,None
A26-101864,Applicant,ACT-31,High School,Member,1,State
A26-101864,Applicant,ACT-12,High School,Member,4,State
A26-101864,Applicant,ACT-06,High School,Member,2,School
A26-101864,Applicant,ACT-05,High School,Member,1,None
A26-101151,Applicant,ACT-15,High School,Member,4,None
A26-101151,Applicant,ACT-01,High School,Member,3,None
A26-101151,Applicant,ACT-12,High School,Member,1,Regional
A26-101151,Applicant,ACT-03,High School,Member,3,Regional
A26-101151,Applicant,ACT-21,High School,Member,1,School
A26-105957,Applicant,ACT-10,High School,Officer,2,Regional
A26-105957,Applicant,ACT-05,High School,Member,2,None
A26-105957,Applicant,ACT-15,High School,Captain,1,School
A26-105957,Applicant,ACT-01,High School,Officer,1,None
A26-106115,Applicant,ACT-31,High School,Captain,2,None
A26-106115,Applicant,ACT-12,High School,Officer,4,None
A26-106115,Applicant,ACT-19,High School,Member,2,State
A26-108263,Applicant,ACT-12,High School,Member,2,Regional
A26-108263,Applicant,ACT-17,High School,Member,3,School
A26-108263,Applicant,ACT-16,High School,Member,3,None
A26-108263,Applicant,ACT-15,High School,Member,2,None
A26-102024,Applicant,ACT-15,High School,Member,4,Regional
A26-102024,Applicant,ACT-02,High School,Member,1,None
A26-102024,Applicant,ACT-11,High School,Member,2,Regional
A26-100265,Applicant,ACT-20,High School,Member,1,State
A26-100265,Applicant,ACT-04,High School,Captain,1,School
A26-100265,Applicant,ACT-31,High School,President,4,None
A26-100265,Applicant,ACT-23,High School,Member,4,None
A26-100265,Applicant,ACT-13,High School,Officer,4,None
A26-100265,Applicant,ACT-12,High School,Member,1,None
A26-104413,Applicant,ACT-23,High School,Member,2,None
A26-104413,Applicant,ACT-12,High School,Member,3,School
A26-104413,Applicant,ACT-05,High School,Officer,4,None
A26-104413,Applicant,ACT-15,High School,Member,1,None
A26-107937,Applicant,ACT-12,High School,President,2,School
A26-107937,Applicant,ACT-17,High School,Member,2,None
A26-107937,Applicant,ACT-16,High School,Officer,4,School
A26-105217,Applicant,ACT-12,High School,Officer,4,None
A26-105217,Applicant,ACT-03,High School,Member,1,School
A26-105217,Applicant,ACT-30,High School,Officer,3,State
A26-101218,Applicant,ACT-05,High School,Officer,2,None
A26-101218,Applicant,ACT-08,High School,Member,3,School
A26-101218,Applicant,ACT-24,High School,Captain,4,None
A26-101218,Applicant,ACT-15,High School,Member,2,Regional
A26-103070,Applicant,ACT-26,High School,Officer,3,None
A26-103070,Applicant,ACT-23,High School,Member,2,None
A26-103070,Applicant,ACT-25,High School,Member,1,School
A26-107119,Applicant,ACT-23,High School,Member,4,School
A26-107119,Applicant,ACT-08,High School,Captain,1,None
A26-107119,Applicant,ACT-13,High School,Member,1,State
A26-107119,Applicant,ACT-18,High School,Member,4,None
A26-107119,Applicant,ACT-12,High School,Officer,3,School
A26-103593,Applicant,ACT-08,High School,Member,3,Regional
A26-103593,Applicant,ACT-12,High School,Member,1,State
A26-103593,Applicant,ACT-17,High School,Member,4,School
A26-100051,Applicant,ACT-19,High School,Member,1,School
A26-100051,Applicant,ACT-12,High School,Officer,3,None
A26-100051,Applicant,ACT-07,High School,Member,1,Regional
A26-102669,Applicant,ACT-23,High School,President,3,None
A26-102669,Applicant,ACT-12,High School,Member,1,None
A26-102669,Applicant,ACT-10,High School,Officer,3,National
A26-102669,Applicant,ACT-15,High School,Member,4,None
A26-102669,Applicant,ACT-08,High School,Member,3,Regional
A26-102669,Applicant,ACT-09,High School,Member,1,None
A26-104580,Applicant,ACT-24,High School,Officer,3,National
A26-104580,Applicant,ACT-29,High School,Officer,4,None
A26-104580,Applicant,ACT-06,High School,Member,2,None
A26-104580,Applicant,ACT-20,High School,Officer,1,Regional
A26-105683,Applicant,ACT-06,High School,Officer,1,None
A26-105683,Applicant,ACT-12,High School,Member,4,School
A26-105683,Applicant,ACT-05,High School,Member,1,None
A26-105683,Applicant,ACT-03,High School,Member,3,None
A26-105683,Applicant,ACT-23,High School,Member,1,None
A26-105683,Applicant,ACT-08,High School,Member,2,National
A26-104321,Applicant,ACT-11,High School,Member,1,None
A26-104321,Applicant,ACT-28,High School,Officer,3,None
A26-104321,Applicant,ACT-05,High School,Founder,3,None
A26-103412,Applicant,ACT-12,High School,Officer,3,None
A26-103412,Applicant,ACT-25,High School,Member,4,None
A26-103412,Applicant,ACT-15,High School,Member,3,None
A26-103412,Applicant,ACT-01,High School,Officer,1,None
A26-103412,Applicant,ACT-16,High School,Officer,4,School
A26-106283,Applicant,ACT-02,High School,Officer,1,State
A26-106283,Applicant,ACT-06,High School,Member,3,None
A26-106283,Applicant,ACT-24,High School,Officer,3,School
A26-106283,Applicant,ACT-23,High School,Member,4,State
A26-106283,Applicant,ACT-30,High School,Officer,3,None
A26-107914,Applicant,ACT-14,High School,Officer,2,Regional
A26-107914,Applicant,ACT-22,High School,Captain,2,State
A26-107914,Applicant,ACT-16,High School,Captain,3,State
A26-107914,Applicant,ACT-07,High School,Member,4,None
A26-103635,Applicant,ACT-17,High School,Member,1,None
A26-103635,Applicant,ACT-01,High School,Member,1,School
A26-103635,Applicant,ACT-23,High School,Member,1,School
A26-104822,Applicant,ACT-26,High School,Member,1,None
A26-104822,Applicant,ACT-23,High School,Member,3,State
A26-104822,Applicant,ACT-08,High School,President,4,School
A26-104822,Applicant,ACT-11,High School,Officer,1,None
A26-103464,Applicant,ACT-12,High School,Member,2,None
A26-103464,Applicant,ACT-27,High School,Officer,3,School
A26-103464,Applicant,ACT-08,High School,Officer,2,None
A26-103464,Applicant,ACT-21,High School,Founder,4,None
A26-101927,Applicant,ACT-09,High School,Officer,1,None
A26-101927,Applicant,ACT-15,High School,Member,4,None
A26-101927,Applicant,ACT-08,High School,Officer,1,School
A26-101927,Applicant,ACT-13,High School,Member,2,Regional
A26-100333,Applicant,ACT-07,High School,Officer,4,None
A26-100333,Applicant,ACT-12,High School,Member,3,School
A26-100333,Applicant,ACT-04,High School,Member,1,School
A26-100333,Applicant,ACT-01,High School,Member,4,School
A26-100333,Applicant,ACT-05,High School,Officer,1,State
A26-100552,Applicant,ACT-31,High School,Officer,3,School
A26-100552,Applicant,ACT-04,High School,Officer,2,None
A26-100552,Applicant,ACT-08,High School,Officer,3,None
A26-102433,Applicant,ACT-04,High School,Member,2,State
A26-102433,Applicant,ACT-30,High School,Member,2,School
A26-102433,Applicant,ACT-15,High School,Member,1,None
A26-102433,Applicant,ACT-12,High School,President,3,None
A26-105640,Applicant,ACT-07,High School,Founder,2,None
A26-105640,Applicant,ACT-15,High School,Officer,1,None
A26-105640,Applicant,ACT-12,High School,Member,2,School
A26-105640,Applicant,ACT-04,High School,Member,4,None
A26-105640,Applicant,ACT-45,High School,Captain,3,None
A26-100046,Applicant,ACT-19,High School,Officer,4,None
A26-100046,Applicant,ACT-03,High School,Captain,4,None
A26-100046,Applicant,ACT-27,High School,Officer,2,None
A26-107605,Applicant,ACT-15,High School,Officer,4,None
A26-107605,Applicant,ACT-28,High School,Member,1,School
A26-107605,Applicant,ACT-08,High School,Member,1,School
A26-107605,Applicant,ACT-23,High School,Officer,1,None
A26-107605,Applicant,ACT-06,High School,Founder,1,Regional
A26-107605,Applicant,ACT-01,High School,Founder,4,None
A26-105572,Applicant,ACT-07,High School,Officer,2,None
A26-105572,Applicant,ACT-30,High School,Officer,4,None
A26-105572,Applicant,ACT-23,High School,Officer,4,National
A26-105572,Applicant,ACT-03,High School,Officer,2,None
A26-105572,Applicant,ACT-12,High School,Member,3,None
A26-100788,Applicant,ACT-09,High School,Member,2,None
A26-100788,Applicant,ACT-17,High School,President,1,School
A26-100788,Applicant,ACT-22,High School,Member,3,School
A26-104280,Applicant,ACT-13,High School,Member,2,Regional
A26-104280,Applicant,ACT-12,High School,Member,3,None
A26-104280,Applicant,ACT-16,High School,Founder,3,None
A26-104280,Applicant,ACT-15,High School,Member,1,None
A26-108349,Applicant,ACT-24,High School,Member,1,None
A26-108349,Applicant,ACT-05,High School,Member,2,None
A26-108349,Applicant,ACT-23,High School,Member,1,School
A26-105867,Applicant,ACT-23,High School,Member,2,None
A26-105867,Applicant,ACT-19,High School,Member,2,None
A26-105867,Applicant,ACT-29,High School,Member,3,None
A26-100524,Applicant,ACT-25,High School,Officer,3,Regional
A26-100524,Applicant,ACT-01,High School,Member,2,None
A26-100524,Applicant,ACT-19,High School,Member,3,School
A26-100524,Applicant,ACT-06,High School,Member,3,Regional
A26-101555,Applicant,ACT-07,High School,Captain,4,School
A26-101555,Applicant,ACT-10,High School,Member,2,School
A26-101555,Applicant,ACT-12,High School,Member,2,None
A26-101555,Applicant,ACT-19,High School,President,3,None
A26-105622,Applicant,ACT-06,High School,Member,1,None
A26-105622,Applicant,ACT-12,High School,Member,4,None
A26-105622,Applicant,ACT-23,High School,Member,2,None
A26-100513,Applicant,ACT-23,High School,Captain,1,None
A26-100513,Applicant,ACT-15,High School,Founder,2,None
A26-100513,Applicant,ACT-10,High School,Officer,3,State
A26-100513,Applicant,ACT-04,High School,Officer,1,None
A26-100513,Applicant,ACT-29,High School,Member,1,None
A26-103017,Applicant,ACT-25,High School,Officer,3,Regional
A26-103017,Applicant,ACT-19,High School,Captain,4,None
A26-103017,Applicant,ACT-21,High School,President,1,None
A26-103017,Applicant,ACT-05,High School,Member,3,None
A26-103017,Applicant,ACT-12,High School,President,1,None
A26-105749,Applicant,ACT-17,High School,Member,3,None
A26-105749,Applicant,ACT-12,High School,Member,4,None
A26-105749,Applicant,ACT-04,High School,Officer,3,None
A26-105749,Applicant,ACT-18,High School,Captain,4,Regional
A26-105749,Applicant,ACT-06,High School,Member,4,None
A26-105749,Applicant,ACT-22,High School,Officer,1,School
A26-103024,Applicant,ACT-13,High School,Member,3,Regional
A26-103024,Applicant,ACT-23,High School,Member,1,Regional
A26-103024,Applicant,ACT-11,High School,Member,2,None
A26-103024,Applicant,ACT-31,High School,Member,3,None
A26-103024,Applicant,ACT-12,High School,Captain,2,State
A26-100008,Applicant,ACT-08,High School,Founder,3,None
A26-100008,Applicant,ACT-23,High School,Member,2,None
A26-100008,Applicant,ACT-21,High School,President,3,School
A26-100008,Applicant,ACT-02,High School,Member,3,None
A26-100008,Applicant,ACT-29,High School,Member,3,None
A26-104941,Applicant,ACT-06,High School,Member,3,Regional
A26-104941,Applicant,ACT-05,High School,Member,1,Regional
A26-104941,Applicant,ACT-09,High School,Member,2,None
A26-104941,Applicant,ACT-07,High School,Officer,3,School
A26-107677,Applicant,ACT-12,High School,Officer,2,State
A26-107677,Applicant,ACT-29,High School,Member,3,School
A26-107677,Applicant,ACT-15,High School,Officer,3,None
A26-107677,Applicant,ACT-01,High School,Member,3,None
A26-107677,Applicant,ACT-23,High School,Member,2,School
A26-100110,Applicant,ACT-15,High School,Member,2,None
A26-100110,Applicant,ACT-09,High School,Member,3,Regional
A26-100110,Applicant,ACT-21,High School,Member,4,School
A26-103112,Applicant,ACT-05,High School,Captain,3,None
A26-103112,Applicant,ACT-15,High School,Member,3,None
A26-103112,Applicant,ACT-17,High School,Member,1,State
A26-103112,Applicant,ACT-16,High School,Member,2,None
A26-106825,Applicant,ACT-12,High School,Member,4,None
A26-106825,Applicant,ACT-15,High School,Officer,1,School
A26-106825,Applicant,ACT-23,High School,Member,2,None
A26-106825,Applicant,ACT-13,High School,Member,2,School
A26-106825,Applicant,ACT-22,High School,Member,3,Regional
A26-101674,Applicant,ACT-08,High School,Officer,4,Regional
A26-101674,Applicant,ACT-04,High School,Captain,4,Regional
A26-101674,Applicant,ACT-12,High School,Member,1,Regional
A26-104422,Applicant,ACT-27,High School,President,4,Regional
A26-104422,Applicant,ACT-20,High School,Officer,3,National
A26-104422,Applicant,ACT-25,High School,Officer,2,None
A26-100351,Applicant,ACT-12,High School,Officer,3,School
A26-100351,Applicant,ACT-13,High School,Member,3,None
A26-100351,Applicant,ACT-19,High School,Officer,1,None
A26-103345,Applicant,ACT-01,High School,Officer,4,Regional
A26-103345,Applicant,ACT-12,High School,Captain,3,School
A26-103345,Applicant,ACT-25,High School,Captain,4,School
A26-103345,Applicant,ACT-02,High School,Member,4,School
A26-107536,Applicant,ACT-11,High School,Member,2,School
A26-107536,Applicant,ACT-06,High School,Officer,2,None
A26-107536,Applicant,ACT-25,High School,Officer,4,None
A26-107536,Applicant,ACT-08,High School,Member,2,Regional
A26-107536,Applicant,ACT-21,High School,Member,3,None
A26-107318,Applicant,ACT-12,High School,Member,4,None
A26-107318,Applicant,ACT-17,High School,Member,1,State
A26-107318,Applicant,ACT-08,High School,President,1,Regional
A26-107318,Applicant,ACT-15,High School,Member,3,State
A26-107318,Applicant,ACT-01,High School,Founder,2,School
A26-100797,Applicant,ACT-11,High School,Officer,2,None
A26-100797,Applicant,ACT-02,High School,Captain,2,None
A26-100797,Applicant,ACT-07,High School,Member,4,Regional
A26-100797,Applicant,ACT-03,High School,Member,2,None
A26-100797,Applicant,ACT-20,High School,Officer,3,State
A26-101057,Applicant,ACT-08,High School,Member,3,School
A26-101057,Applicant,ACT-18,High School,Officer,1,School
A26-101057,Applicant,ACT-26,High School,Member,4,None
A26-106513,Applicant,ACT-30,High School,Member,4,None
A26-106513,Applicant,ACT-02,High School,Member,3,Regional
A26-106513,Applicant,ACT-08,High School,Officer,3,National
A26-106513,Applicant,ACT-25,High School,Officer,2,None
A26-106513,Applicant,ACT-12,High School,Member,3,State
A26-106680,Applicant,ACT-15,High School,Member,4,School
A26-106680,Applicant,ACT-12,High School,President,1,School
A26-106680,Applicant,ACT-25,High School,Member,1,State
A26-106680,Applicant,ACT-23,High School,Member,2,None
A26-101080,Applicant,ACT-18,High School,Member,4,Regional
A26-101080,Applicant,ACT-23,High School,Officer,2,School
A26-101080,Applicant,ACT-07,High School,Officer,2,None
A26-101080,Applicant,ACT-01,High School,Member,1,State
A26-101080,Applicant,ACT-38,High School,Captain,2,Regional
A26-105712,Applicant,ACT-03,High School,Officer,4,None
A26-105712,Applicant,ACT-15,High School,Member,3,None
A26-105712,Applicant,ACT-01,High School,Officer,1,Regional
A26-107864,Applicant,ACT-12,High School,Member,4,State
A26-107864,Applicant,ACT-15,High School,Member,1,None
A26-107864,Applicant,ACT-29,High School,Member,2,None
A26-107864,Applicant,ACT-20,High School,Officer,1,None
A26-107864,Applicant,ACT-21,High School,Member,1,None
A26-101183,Applicant,ACT-12,High School,Officer,1,State
A26-101183,Applicant,ACT-31,High School,President,1,Regional
A26-101183,Applicant,ACT-23,High School,Member,4,None
A26-101183,Applicant,ACT-07,High School,Member,4,None
A26-101183,Applicant,ACT-01,High School,Member,2,None
A26-101183,Applicant,ACT-13,High School,Member,2,None
A26-103442,Applicant,ACT-01,High School,President,1,None
A26-103442,Applicant,ACT-30,High School,Member,2,State
A26-103442,Applicant,ACT-27,High School,Officer,1,None
A26-102130,Applicant,ACT-05,High School,Captain,2,School
A26-102130,Applicant,ACT-30,High School,Member,2,None
A26-102130,Applicant,ACT-23,High School,Officer,3,None
A26-102130,Applicant,ACT-21,High School,Member,1,None
A26-102130,Applicant,ACT-11,High School,Captain,4,None
A26-102130,Applicant,ACT-20,High School,Member,4,Regional
A26-102130,Applicant,ACT-34,High School,Member,4,School
A26-103225,Applicant,ACT-08,High School,Captain,2,School
A26-103225,Applicant,ACT-01,High School,Member,3,State
A26-103225,Applicant,ACT-26,High School,Officer,4,School
A26-100768,Applicant,ACT-23,High School,Member,3,State
A26-100768,Applicant,ACT-13,High School,Member,1,Regional
A26-100768,Applicant,ACT-12,High School,Officer,3,None
A26-100768,Applicant,ACT-15,High School,Member,3,School
A26-101029,Applicant,ACT-12,High School,Member,2,School
A26-101029,Applicant,ACT-05,High School,Member,4,School
A26-101029,Applicant,ACT-08,High School,Captain,3,None
A26-104758,Applicant,ACT-12,High School,Member,2,None
A26-104758,Applicant,ACT-09,High School,Member,2,School
A26-104758,Applicant,ACT-08,High School,Member,2,None
A26-106121,Applicant,ACT-07,High School,President,4,State
A26-106121,Applicant,ACT-06,High School,President,3,School
A26-106121,Applicant,ACT-21,High School,Member,3,None
A26-100072,Applicant,ACT-09,High School,Officer,4,State
A26-100072,Applicant,ACT-14,High School,President,3,State
A26-100072,Applicant,ACT-17,High School,Member,4,None
A26-100072,Applicant,ACT-12,High School,Member,4,State
A26-100072,Applicant,ACT-28,High School,Officer,3,Regional
A26-107225,Applicant,ACT-01,High School,Officer,4,None
A26-107225,Applicant,ACT-08,High School,Member,2,None
A26-107225,Applicant,ACT-12,High School,Officer,2,None
A26-107225,Applicant,ACT-17,High School,Officer,1,Regional
A26-104992,Applicant,ACT-21,High School,Officer,1,School
A26-104992,Applicant,ACT-31,High School,Member,2,School
A26-104992,Applicant,ACT-12,High School,Member,4,School
A26-104992,Applicant,ACT-27,High School,Member,1,Regional
A26-107956,Applicant,ACT-01,High School,Captain,3,None
A26-107956,Applicant,ACT-12,High School,President,1,School
A26-107956,Applicant,ACT-02,High School,Member,4,State
A26-104025,Applicant,ACT-21,High School,Officer,2,School
A26-104025,Applicant,ACT-18,High School,Member,1,School
A26-104025,Applicant,ACT-06,High School,Member,3,None
A26-104025,Applicant,ACT-23,High School,Officer,3,None
A26-107923,Applicant,ACT-08,High School,Member,3,None
A26-107923,Applicant,ACT-23,High School,Member,4,None
A26-107923,Applicant,ACT-03,High School,Member,4,School
A26-107923,Applicant,ACT-12,High School,Member,1,None
A26-107923,Applicant,ACT-07,High School,Member,1,None
A26-107898,Applicant,ACT-13,High School,Member,1,State
A26-107898,Applicant,ACT-12,High School,Member,2,School
A26-107898,Applicant,ACT-11,High School,Officer,4,None
A26-105878,Applicant,ACT-14,High School,Officer,1,State
A26-105878,Applicant,ACT-01,High School,Member,3,None
A26-105878,Applicant,ACT-12,High School,President,3,Regional
A26-105878,Applicant,ACT-04,High School,Officer,3,State
A26-105878,Applicant,ACT-23,High School,President,4,None
A26-105878,Applicant,ACT-09,High School,Member,3,None
A26-106964,Applicant,ACT-22,High School,President,3,None
A26-106964,Applicant,ACT-03,High School,Officer,1,None
A26-106964,Applicant,ACT-31,High School,Member,4,None
A26-106964,Applicant,ACT-20,High School,Member,4,Regional
A26-101448,Applicant,ACT-28,High School,Member,4,Regional
A26-101448,Applicant,ACT-09,High School,Officer,1,None
A26-101448,Applicant,ACT-31,High School,Member,3,Regional
A26-101448,Applicant,ACT-15,High School,Member,3,Regional
A26-101448,Applicant,ACT-23,High School,Captain,3,None
A26-106874,Applicant,ACT-10,High School,Officer,2,None
A26-106874,Applicant,ACT-19,High School,Officer,1,None
A26-106874,Applicant,ACT-05,High School,Member,3,Regional
A26-106874,Applicant,ACT-23,High School,Member,4,None
L2019-10000,Alum,ACT-30,High School,President,3,School
L2019-10000,Alum,ACT-31,High School,Member,4,State
L2019-10000,Alum,ACT-06,High School,Member,3,Regional
L2019-10000,Alum,ACT-15,Undergraduate,Member,1,None
L2019-10000,Alum,ACT-12,Undergraduate,Member,1,None
L2020-10001,Alum,ACT-08,High School,Member,2,None
L2020-10001,Alum,ACT-03,High School,Member,3,State
L2020-10001,Alum,ACT-09,High School,President,1,National
L2020-10001,Alum,ACT-24,High School,Captain,2,Regional
L2020-10001,Alum,ACT-12,High School,Member,4,Regional
L2020-10001,Alum,ACT-16,Undergraduate,Member,2,State
L2020-10001,Alum,ACT-03,Undergraduate,Officer,2,None
L2021-10002,Alum,ACT-09,High School,Member,2,National
L2021-10002,Alum,ACT-05,High School,President,2,School
L2021-10002,Alum,ACT-12,High School,Member,2,School
L2021-10002,Alum,ACT-13,High School,Captain,1,State
L2021-10002,Alum,ACT-05,Undergraduate,Member,2,None
L2021-10002,Alum,ACT-12,Undergraduate,Captain,3,School
L2021-10002,Alum,ACT-41,Undergraduate,Member,4,State
L2022-10003,Alum,ACT-20,High School,Founder,3,None
L2022-10003,Alum,ACT-27,High School,President,1,Regional
L2022-10003,Alum,ACT-30,High School,Member,4,None
L2022-10003,Alum,ACT-08,High School,Member,3,None
L2022-10003,Alum,ACT-02,Undergraduate,Member,4,Regional
L2022-10003,Alum,ACT-29,Undergraduate,Member,2,Regional
L2023-10004,Alum,ACT-16,High School,Member,1,Regional
L2023-10004,Alum,ACT-07,High School,Member,4,None
L2023-10004,Alum,ACT-17,High School,Member,1,National
L2023-10004,Alum,ACT-09,High School,Officer,1,None
L2023-10004,Alum,ACT-23,Undergraduate,Officer,4,National
L2023-10004,Alum,ACT-22,Undergraduate,Member,3,None
L2023-10004,Alum,ACT-26,Undergraduate,Captain,2,National
L2024-10005,Alum,ACT-23,High School,Member,1,School
L2024-10005,Alum,ACT-12,High School,President,2,State
L2024-10005,Alum,ACT-08,High School,Member,2,School
L2024-10005,Alum,ACT-13,High School,Member,1,None
L2024-10005,Alum,ACT-05,Undergraduate,Officer,1,School
L2025-10006,Alum,ACT-19,High School,Member,3,None
L2025-10006,Alum,ACT-17,High School,Member,2,None
L2025-10006,Alum,ACT-03,High School,Officer,3,National
L2025-10006,Alum,ACT-02,High School,Member,4,School
L2025-10006,Alum,ACT-23,High School,President,4,None
L2025-10006,Alum,ACT-06,Undergraduate,Member,2,School
L2025-10006,Alum,ACT-01,Undergraduate,Officer,3,School
L2025-10006,Alum,ACT-11,Undergraduate,Captain,2,None
L2019-10007,Alum,ACT-06,High School,Founder,3,State
L2019-10007,Alum,ACT-13,High School,Member,4,School
L2019-10007,Alum,ACT-08,High School,Officer,4,None
L2019-10007,Alum,ACT-12,High School,Member,2,School
L2019-10007,Alum,ACT-20,Undergraduate,Captain,3,School
L2019-10007,Alum,ACT-15,Undergraduate,Member,1,School
L2019-10007,Alum,ACT-32,Undergraduate,Captain,4,Regional
L2020-10008,Alum,ACT-16,High School,Member,4,School
L2020-10008,Alum,ACT-23,High School,Member,4,None
L2020-10008,Alum,ACT-15,High School,President,2,None
L2020-10008,Alum,ACT-12,High School,Captain,4,School
L2020-10008,Alum,ACT-07,High School,Member,4,None
L2020-10008,Alum,ACT-15,Undergraduate,Member,3,None
L2021-10009,Alum,ACT-15,High School,Member,4,None
L2021-10009,Alum,ACT-23,High School,President,4,None
L2021-10009,Alum,ACT-12,High School,President,2,None
L2021-10009,Alum,ACT-15,Undergraduate,Officer,1,None
L2021-10009,Alum,ACT-20,Undergraduate,Member,4,None
L2022-10010,Alum,ACT-12,High School,Member,4,None
L2022-10010,Alum,ACT-13,High School,Member,3,None
L2022-10010,Alum,ACT-05,High School,Member,3,School
L2022-10010,Alum,ACT-14,High School,Member,3,State
L2022-10010,Alum,ACT-04,High School,Member,4,None
L2022-10010,Alum,ACT-01,Undergraduate,Member,2,None
L2022-10010,Alum,ACT-36,Undergraduate,Member,2,None
L2023-10011,Alum,ACT-17,High School,Member,1,None
L2023-10011,Alum,ACT-27,High School,Member,3,None
L2023-10011,Alum,ACT-06,High School,Member,2,School
L2023-10011,Alum,ACT-14,High School,Member,4,School
L2023-10011,Alum,ACT-05,High School,Member,3,None
L2023-10011,Alum,ACT-25,High School,Member,2,None
L2023-10011,Alum,ACT-12,Undergraduate,Officer,3,State
L2023-10011,Alum,ACT-19,Undergraduate,Member,4,None
L2024-10012,Alum,ACT-12,High School,Member,1,None
L2024-10012,Alum,ACT-13,High School,Captain,4,None
L2024-10012,Alum,ACT-16,High School,Officer,3,None
L2024-10012,Alum,ACT-15,High School,Member,3,None
L2024-10012,Alum,ACT-23,High School,Member,3,None
L2024-10012,Alum,ACT-18,Undergraduate,President,3,None
L2025-10013,Alum,ACT-02,High School,Member,4,School
L2025-10013,Alum,ACT-07,High School,Member,2,School
L2025-10013,Alum,ACT-12,High School,Officer,4,School
L2025-10013,Alum,ACT-17,High School,Member,1,None
L2025-10013,Alum,ACT-23,Undergraduate,Founder,1,School
L2025-10013,Alum,ACT-12,Undergraduate,Member,3,State
L2019-10014,Alum,ACT-01,High School,Member,4,None
L2019-10014,Alum,ACT-27,High School,President,2,None
L2019-10014,Alum,ACT-15,High School,Captain,3,None
L2019-10014,Alum,ACT-24,High School,Officer,1,None
L2019-10014,Alum,ACT-03,High School,Member,2,State
L2019-10014,Alum,ACT-23,High School,President,4,Regional
L2019-10014,Alum,ACT-04,Undergraduate,Officer,2,School
L2020-10015,Alum,ACT-06,High School,Member,3,None
L2020-10015,Alum,ACT-15,High School,Member,1,State
L2020-10015,Alum,ACT-05,High School,Member,3,School
L2020-10015,Alum,ACT-01,High School,Officer,4,None
L2020-10015,Alum,ACT-20,High School,Founder,3,None
L2020-10015,Alum,ACT-07,High School,Member,2,Regional
L2020-10015,Alum,ACT-09,Undergraduate,Member,3,School
L2020-10015,Alum,ACT-25,Undergraduate,Officer,1,Regional
L2021-10016,Alum,ACT-11,High School,Officer,2,School
L2021-10016,Alum,ACT-05,High School,Founder,2,None
L2021-10016,Alum,ACT-13,High School,Officer,1,None
L2021-10016,Alum,ACT-21,Undergraduate,Member,4,State
L2021-10016,Alum,ACT-15,Undergraduate,Member,3,None
L2021-10016,Alum,ACT-26,Undergraduate,Member,2,Regional
L2022-10017,Alum,ACT-15,High School,Founder,4,School
L2022-10017,Alum,ACT-25,High School,Member,2,School
L2022-10017,Alum,ACT-03,High School,Captain,2,School
L2022-10017,Alum,ACT-19,High School,Founder,3,Regional
L2022-10017,Alum,ACT-12,High School,Member,1,School
L2022-10017,Alum,ACT-29,Undergraduate,Captain,1,School
L2022-10017,Alum,ACT-23,Undergraduate,Member,2,None
L2023-10018,Alum,ACT-12,High School,Member,4,None
L2023-10018,Alum,ACT-03,High School,Officer,4,None
L2023-10018,Alum,ACT-25,High School,Member,2,School
L2023-10018,Alum,ACT-15,Undergraduate,Member,4,None
L2023-10018,Alum,ACT-18,Undergraduate,Member,3,Regional
L2023-10018,Alum,ACT-23,Undergraduate,Member,1,State
L2024-10019,Alum,ACT-23,High School,Member,3,None
L2024-10019,Alum,ACT-06,High School,Member,3,State
L2024-10019,Alum,ACT-29,High School,Member,1,None
L2024-10019,Alum,ACT-22,High School,Captain,3,School
L2024-10019,Alum,ACT-12,Undergraduate,Member,3,Regional
L2025-10020,Alum,ACT-23,High School,Member,2,None
L2025-10020,Alum,ACT-31,High School,Member,1,None
L2025-10020,Alum,ACT-15,High School,Officer,4,None
L2025-10020,Alum,ACT-22,High School,Founder,4,School
L2025-10020,Alum,ACT-16,High School,Officer,1,None
L2025-10020,Alum,ACT-18,High School,Member,4,School
L2025-10020,Alum,ACT-15,Undergraduate,Member,3,None
L2019-10021,Alum,ACT-12,High School,Member,3,School
L2019-10021,Alum,ACT-04,High School,Captain,4,None
L2019-10021,Alum,ACT-08,High School,Member,1,None
L2019-10021,Alum,ACT-29,High School,Member,1,State
L2019-10021,Alum,ACT-17,High School,Member,2,None
L2019-10021,Alum,ACT-16,High School,Captain,2,None
L2019-10021,Alum,ACT-24,Undergraduate,Member,2,None
L2020-10022,Alum,ACT-15,High School,Officer,1,School
L2020-10022,Alum,ACT-08,High School,Member,2,None
L2020-10022,Alum,ACT-12,High School,Member,1,School
L2020-10022,Alum,ACT-06,High School,Member,2,None
L2020-10022,Alum,ACT-03,High School,Captain,3,None
L2020-10022,Alum,ACT-04,High School,Officer,3,National
L2020-10022,Alum,ACT-12,Undergraduate,President,2,None
L2020-10022,Alum,ACT-23,Undergraduate,Member,4,None
L2020-10022,Alum,ACT-31,Undergraduate,Member,4,School
L2021-10023,Alum,ACT-12,High School,Member,3,None
L2021-10023,Alum,ACT-04,High School,Member,3,Regional
L2021-10023,Alum,ACT-24,High School,Member,4,School
L2021-10023,Alum,ACT-23,High School,Captain,4,None
L2021-10023,Alum,ACT-03,High School,Officer,1,None
L2021-10023,Alum,ACT-08,Undergraduate,Founder,4,State
L2022-10024,Alum,ACT-19,High School,Captain,1,State
L2022-10024,Alum,ACT-13,High School,Member,1,School
L2022-10024,Alum,ACT-08,High School,Member,4,None
L2022-10024,Alum,ACT-15,High School,Captain,4,None
L2022-10024,Alum,ACT-01,High School,Member,1,None
L2022-10024,Alum,ACT-15,Undergraduate,Member,2,School
L2023-10025,Alum,ACT-01,High School,Officer,1,State
L2023-10025,Alum,ACT-26,High School,Member,2,State
L2023-10025,Alum,ACT-09,High School,Officer,1,None
L2023-10025,Alum,ACT-12,High School,Member,4,School
L2023-10025,Alum,ACT-25,High School,Member,1,None
L2023-10025,Alum,ACT-13,Undergraduate,Member,1,Regional
L2024-10026,Alum,ACT-22,High School,Captain,2,Regional
L2024-10026,Alum,ACT-12,High School,Member,3,None
L2024-10026,Alum,ACT-25,High School,Member,3,None
L2024-10026,Alum,ACT-09,High School,Captain,1,School
L2024-10026,Alum,ACT-27,Undergraduate,Founder,1,Regional
L2024-10026,Alum,ACT-15,Undergraduate,Member,3,None
L2025-10027,Alum,ACT-06,High School,Member,1,None
L2025-10027,Alum,ACT-25,High School,Officer,4,National
L2025-10027,Alum,ACT-12,High School,Officer,2,Regional
L2025-10027,Alum,ACT-23,Undergraduate,Member,4,None
L2019-10028,Alum,ACT-05,High School,Member,3,School
L2019-10028,Alum,ACT-19,High School,Officer,4,None
L2019-10028,Alum,ACT-23,High School,Officer,3,None
L2019-10028,Alum,ACT-23,Undergraduate,Officer,4,None
L2019-10028,Alum,ACT-15,Undergraduate,Officer,4,None
L2019-10028,Alum,ACT-06,Undergraduate,Member,1,None
L2020-10029,Alum,ACT-12,High School,Member,3,School
L2020-10029,Alum,ACT-23,High School,Member,3,Regional
L2020-10029,Alum,ACT-01,High School,Member,3,None
L2020-10029,Alum,ACT-06,High School,Member,2,Regional
L2020-10029,Alum,ACT-13,High School,Member,1,State
L2020-10029,Alum,ACT-06,Undergraduate,Member,4,State
L2021-10030,Alum,ACT-23,High School,Member,3,None
L2021-10030,Alum,ACT-20,High School,Member,4,None
L2021-10030,Alum,ACT-12,High School,Member,2,None
L2021-10030,Alum,ACT-15,High School,Founder,3,School
L2021-10030,Alum,ACT-12,Undergraduate,Member,2,None
L2021-10030,Alum,ACT-15,Undergraduate,President,1,Regional
L2021-10030,Alum,ACT-30,Undergraduate,Member,4,None
L2022-10031,Alum,ACT-12,High School,Member,3,None
L2022-10031,Alum,ACT-23,High School,Captain,2,School
L2022-10031,Alum,ACT-05,High School,Member,4,School
L2022-10031,Alum,ACT-07,High School,Captain,2,None
L2022-10031,Alum,ACT-31,High School,Member,1,None
L2022-10031,Alum,ACT-21,Undergraduate,Member,4,None
L2022-10031,Alum,ACT-45,Undergraduate,Member,4,None
L2023-10032,Alum,ACT-12,High School,Member,1,School
L2023-10032,Alum,ACT-15,High School,Captain,2,None
L2023-10032,Alum,ACT-23,High School,Member,4,None
L2023-10032,Alum,ACT-23,Undergraduate,Founder,3,School
L2023-10032,Alum,ACT-19,Undergraduate,Member,3,None
L2023-10032,Alum,ACT-12,Undergraduate,Member,2,None
L2024-10033,Alum,ACT-20,High School,Member,1,None
L2024-10033,Alum,ACT-26,High School,Member,4,None
L2024-10033,Alum,ACT-03,High School,Member,3,Regional
L2024-10033,Alum,ACT-13,High School,Member,2,None
L2024-10033,Alum,ACT-08,High School,Member,2,None
L2024-10033,Alum,ACT-15,Undergraduate,Captain,2,None
L2025-10034,Alum,ACT-13,High School,Member,2,None
L2025-10034,Alum,ACT-21,High School,Member,1,None
L2025-10034,Alum,ACT-20,High School,Captain,1,State
L2025-10034,Alum,ACT-19,High School,Member,2,None
L2025-10034,Alum,ACT-12,High School,Member,3,State
L2025-10034,Alum,ACT-23,Undergraduate,Member,2,School
L2019-10035,Alum,ACT-04,High School,Member,4,State
L2019-10035,Alum,ACT-23,High School,Member,2,Regional
L2019-10035,Alum,ACT-09,High School,Member,2,None
L2019-10035,Alum,ACT-05,High School,Member,2,None
L2019-10035,Alum,ACT-01,High School,Officer,3,None
L2019-10035,Alum,ACT-01,Undergraduate,Member,2,State
L2019-10035,Alum,ACT-23,Undergraduate,Member,1,School
L2019-10035,Alum,ACT-14,Undergraduate,Member,3,State
L2020-10036,Alum,ACT-22,High School,Member,3,School
L2020-10036,Alum,ACT-25,High School,Member,2,School
L2020-10036,Alum,ACT-17,High School,Captain,2,None
L2020-10036,Alum,ACT-21,High School,Member,4,None
L2020-10036,Alum,ACT-15,High School,Member,4,State
L2020-10036,Alum,ACT-01,High School,Captain,2,None
L2020-10036,Alum,ACT-01,Undergraduate,Member,2,None
L2020-10036,Alum,ACT-12,Undergraduate,Member,4,School
L2021-10037,Alum,ACT-06,High School,President,2,None
L2021-10037,Alum,ACT-13,High School,President,3,School
L2021-10037,Alum,ACT-09,High School,Officer,4,School
L2021-10037,Alum,ACT-07,Undergraduate,Officer,2,None
L2021-10037,Alum,ACT-01,Undergraduate,Captain,1,None
L2022-10038,Alum,ACT-12,High School,Officer,1,School
L2022-10038,Alum,ACT-02,High School,Member,4,School
L2022-10038,Alum,ACT-30,High School,Member,4,None
L2022-10038,Alum,ACT-01,Undergraduate,Member,4,None
L2022-10038,Alum,ACT-15,Undergraduate,President,2,None
L2022-10038,Alum,ACT-10,Undergraduate,Member,3,Regional
L2023-10039,Alum,ACT-12,High School,Captain,3,School
L2023-10039,Alum,ACT-17,High School,Member,4,None
L2023-10039,Alum,ACT-06,High School,Officer,1,None
L2023-10039,Alum,ACT-31,High School,Officer,2,None
L2023-10039,Alum,ACT-23,Undergraduate,Member,4,National
L2023-10039,Alum,ACT-15,Undergraduate,Member,3,State
L2023-10039,Alum,ACT-01,Undergraduate,Member,4,National
L2024-10040,Alum,ACT-11,High School,Member,1,Regional
L2024-10040,Alum,ACT-10,High School,Member,1,None
L2024-10040,Alum,ACT-12,High School,Member,2,Regional
L2024-10040,Alum,ACT-14,High School,Member,3,None
L2024-10040,Alum,ACT-31,High School,Member,1,Regional
L2024-10040,Alum,ACT-19,Undergraduate,President,4,None
L2024-10040,Alum,ACT-23,Undergraduate,Member,3,None
L2025-10041,Alum,ACT-25,High School,Member,4,School
L2025-10041,Alum,ACT-15,High School,Member,3,Regional
L2025-10041,Alum,ACT-04,High School,Member,2,None
L2025-10041,Alum,ACT-23,High School,Member,3,None
L2025-10041,Alum,ACT-12,Undergraduate,President,1,None
L2019-10042,Alum,ACT-15,High School,Member,1,School
L2019-10042,Alum,ACT-12,High School,Member,4,None
L2019-10042,Alum,ACT-06,High School,Member,1,Regional
L2019-10042,Alum,ACT-20,High School,Member,4,National
L2019-10042,Alum,ACT-10,High School,Member,3,None
L2019-10042,Alum,ACT-19,High School,Captain,4,None
L2019-10042,Alum,ACT-12,Undergraduate,Officer,4,School
L2019-10042,Alum,ACT-21,Undergraduate,Member,4,None
L2020-10043,Alum,ACT-12,High School,Officer,2,Regional
L2020-10043,Alum,ACT-13,High School,Member,2,Regional
L2020-10043,Alum,ACT-15,High School,Member,2,None
L2020-10043,Alum,ACT-26,High School,Captain,3,Regional
L2020-10043,Alum,ACT-26,Undergraduate,Member,3,State
L2021-10044,Alum,ACT-24,High School,Member,2,School
L2021-10044,Alum,ACT-14,High School,Member,2,None
L2021-10044,Alum,ACT-12,High School,Member,2,State
L2021-10044,Alum,ACT-11,Undergraduate,Member,1,None
L2021-10044,Alum,ACT-07,Undergraduate,Member,3,None
L2021-10044,Alum,ACT-21,Undergraduate,Officer,4,School
L2022-10045,Alum,ACT-15,High School,Officer,1,None
L2022-10045,Alum,ACT-05,High School,Member,2,School
L2022-10045,Alum,ACT-12,High School,Officer,3,School
L2022-10045,Alum,ACT-30,High School,President,2,None
L2022-10045,Alum,ACT-30,Undergraduate,President,2,State
L2022-10045,Alum,ACT-26,Undergraduate,Officer,2,Regional
L2022-10045,Alum,ACT-07,Undergraduate,Member,3,None
L2023-10046,Alum,ACT-21,High School,Officer,4,None
L2023-10046,Alum,ACT-14,High School,Member,3,School
L2023-10046,Alum,ACT-06,High School,Member,2,None
L2023-10046,Alum,ACT-02,Undergraduate,Member,1,School
L2023-10046,Alum,ACT-01,Undergraduate,Member,3,None
L2023-10046,Alum,ACT-12,Undergraduate,Member,3,School
L2024-10047,Alum,ACT-31,High School,Captain,3,Regional
L2024-10047,Alum,ACT-15,High School,Captain,1,School
L2024-10047,Alum,ACT-05,High School,Member,1,None
L2024-10047,Alum,ACT-18,High School,Officer,1,None
L2024-10047,Alum,ACT-12,Undergraduate,Member,1,School
L2025-10048,Alum,ACT-21,High School,Member,1,None
L2025-10048,Alum,ACT-16,High School,Member,4,Regional
L2025-10048,Alum,ACT-15,High School,Member,3,Regional
L2025-10048,Alum,ACT-07,Undergraduate,Member,3,None
L2025-10048,Alum,ACT-08,Undergraduate,Member,3,Regional
L2025-10048,Alum,ACT-23,Undergraduate,Member,4,School
L2019-10049,Alum,ACT-29,High School,Member,2,None
L2019-10049,Alum,ACT-12,High School,Member,1,School
L2019-10049,Alum,ACT-08,High School,Member,2,None
L2019-10049,Alum,ACT-23,High School,Officer,2,None
L2019-10049,Alum,ACT-15,Undergraduate,President,1,School
L2019-10049,Alum,ACT-20,Undergraduate,Member,1,School
L2019-10049,Alum,ACT-08,Undergraduate,Officer,3,None
L2020-10050,Alum,ACT-08,High School,Captain,1,Regional
L2020-10050,Alum,ACT-05,High School,Member,2,Regional
L2020-10050,Alum,ACT-11,High School,Officer,1,School
L2020-10050,Alum,ACT-23,High School,Founder,2,None
L2020-10050,Alum,ACT-23,Undergraduate,Member,1,Regional
L2021-10051,Alum,ACT-04,High School,Member,3,None
L2021-10051,Alum,ACT-23,High School,Member,4,None
L2021-10051,Alum,ACT-08,High School,Member,4,None
L2021-10051,Alum,ACT-07,High School,Officer,1,State
L2021-10051,Alum,ACT-05,High School,Member,3,None
L2021-10051,Alum,ACT-12,High School,Member,4,School
L2021-10051,Alum,ACT-14,Undergraduate,Member,2,None
L2021-10051,Alum,ACT-04,Undergraduate,Member,4,None
L2022-10052,Alum,ACT-12,High School,Member,1,None
L2022-10052,Alum,ACT-21,High School,Member,2,None
L2022-10052,Alum,ACT-19,High School,Member,1,School
L2022-10052,Alum,ACT-08,High School,Member,4,State
L2022-10052,Alum,ACT-23,High School,Member,4,None
L2022-10052,Alum,ACT-01,Undergraduate,Founder,1,None
L2023-10053,Alum,ACT-06,High School,Founder,1,Regional
L2023-10053,Alum,ACT-17,High School,President,1,None
L2023-10053,Alum,ACT-02,High School,Officer,1,School
L2023-10053,Alum,ACT-25,High School,Officer,1,None
L2023-10053,Alum,ACT-13,High School,Member,2,National
L2023-10053,Alum,ACT-21,Undergraduate,Officer,2,None
L2024-10054,Alum,ACT-02,High School,Member,2,School
L2024-10054,Alum,ACT-23,High School,Officer,1,None
L2024-10054,Alum,ACT-12,High School,Member,1,None
L2024-10054,Alum,ACT-15,High School,Officer,2,National
L2024-10054,Alum,ACT-06,Undergraduate,Founder,1,State
L2024-10054,Alum,ACT-12,Undergraduate,Member,1,None
L2025-10055,Alum,ACT-29,High School,Member,4,None
L2025-10055,Alum,ACT-12,High School,Officer,3,None
L2025-10055,Alum,ACT-21,High School,Member,1,School
L2025-10055,Alum,ACT-26,High School,Captain,3,School
L2025-10055,Alum,ACT-08,Undergraduate,Founder,1,School
L2025-10055,Alum,ACT-45,Undergraduate,Member,3,None
L2019-10056,Alum,ACT-12,High School,Officer,3,None
L2019-10056,Alum,ACT-05,High School,Member,4,School
L2019-10056,Alum,ACT-27,High School,Member,4,National
L2019-10056,Alum,ACT-17,High School,Member,4,School
L2019-10056,Alum,ACT-21,Undergraduate,Member,4,State
L2020-10057,Alum,ACT-02,High School,Officer,3,School
L2020-10057,Alum,ACT-08,High School,Member,2,None
L2020-10057,Alum,ACT-28,High School,Member,1,None
L2020-10057,Alum,ACT-29,High School,Member,4,School
L2020-10057,Alum,ACT-02,Undergraduate,President,4,None
L2020-10057,Alum,ACT-06,Undergraduate,Member,4,School
L2020-10057,Alum,ACT-39,Undergraduate,Member,3,None
L2021-10058,Alum,ACT-16,High School,Member,3,Regional
L2021-10058,Alum,ACT-12,High School,Officer,2,None
L2021-10058,Alum,ACT-17,High School,Captain,4,School
L2021-10058,Alum,ACT-04,High School,Member,3,School
L2021-10058,Alum,ACT-23,Undergraduate,Member,3,None
L2021-10058,Alum,ACT-03,Undergraduate,Member,3,None
L2021-10058,Alum,ACT-21,Undergraduate,Member,4,National
L2022-10059,Alum,ACT-04,High School,Member,2,None
L2022-10059,Alum,ACT-12,High School,Officer,2,None
L2022-10059,Alum,ACT-21,High School,Captain,2,None
L2022-10059,Alum,ACT-20,High School,Member,2,None
L2022-10059,Alum,ACT-18,High School,Officer,2,None
L2022-10059,Alum,ACT-08,Undergraduate,Member,3,None
L2022-10059,Alum,ACT-12,Undergraduate,Member,3,School
L2023-10060,Alum,ACT-11,High School,Captain,2,School
L2023-10060,Alum,ACT-13,High School,Founder,3,Regional
L2023-10060,Alum,ACT-12,High School,Member,3,School
L2023-10060,Alum,ACT-31,High School,Member,4,None
L2023-10060,Alum,ACT-07,High School,Officer,4,None
L2023-10060,Alum,ACT-12,Undergraduate,Officer,1,National
L2023-10060,Alum,ACT-05,Undergraduate,Officer,4,None
L2024-10061,Alum,ACT-21,High School,Member,1,State
L2024-10061,Alum,ACT-09,High School,Member,1,None
L2024-10061,Alum,ACT-12,High School,Member,2,None
L2024-10061,Alum,ACT-15,Undergraduate,Member,1,None
L2025-10062,Alum,ACT-06,High School,Member,2,None
L2025-10062,Alum,ACT-30,High School,Member,4,None
L2025-10062,Alum,ACT-12,High School,Member,1,State
L2025-10062,Alum,ACT-05,High School,Member,1,School
L2025-10062,Alum,ACT-23,High School,Member,2,State
L2025-10062,Alum,ACT-12,Undergraduate,Officer,1,State
L2025-10062,Alum,ACT-20,Undergraduate,President,4,None
L2019-10063,Alum,ACT-13,High School,Member,4,School
L2019-10063,Alum,ACT-12,High School,Member,3,None
L2019-10063,Alum,ACT-18,High School,Member,3,School
L2019-10063,Alum,ACT-30,High School,Officer,3,None
L2019-10063,Alum,ACT-25,High School,Founder,3,Regional
L2019-10063,Alum,ACT-15,High School,Member,3,None
L2019-10063,Alum,ACT-23,Undergraduate,Officer,1,None
L2019-10063,Alum,ACT-12,Undergraduate,Member,1,None
L2019-10063,Alum,ACT-20,Undergraduate,Member,2,None
L2020-10064,Alum,ACT-26,High School,Member,3,State
L2020-10064,Alum,ACT-15,High School,Member,2,School
L2020-10064,Alum,ACT-16,High School,Captain,1,None
L2020-10064,Alum,ACT-30,High School,Officer,4,State
L2020-10064,Alum,ACT-04,High School,Member,1,State
L2020-10064,Alum,ACT-16,Undergraduate,Captain,4,None
L2020-10064,Alum,ACT-04,Undergraduate,Officer,4,None
L2020-10064,Alum,ACT-23,Undergraduate,Member,4,Regional
L2021-10065,Alum,ACT-06,High School,Captain,4,None
L2021-10065,Alum,ACT-13,High School,Member,1,State
L2021-10065,Alum,ACT-14,High School,Officer,3,Regional
L2021-10065,Alum,ACT-31,High School,Officer,1,Regional
L2021-10065,Alum,ACT-21,Undergraduate,Member,2,State
L2021-10065,Alum,ACT-12,Undergraduate,Member,1,None
L2021-10065,Alum,ACT-09,Undergraduate,Member,4,None
L2022-10066,Alum,ACT-04,High School,Member,4,None
L2022-10066,Alum,ACT-12,High School,Member,2,None
L2022-10066,Alum,ACT-29,High School,Officer,2,School
L2022-10066,Alum,ACT-31,Undergraduate,Founder,1,Regional
L2022-10066,Alum,ACT-15,Undergraduate,Member,2,None
L2023-10067,Alum,ACT-23,High School,Officer,3,None
L2023-10067,Alum,ACT-26,High School,Member,3,National
L2023-10067,Alum,ACT-12,High School,Officer,3,None
L2023-10067,Alum,ACT-11,Undergraduate,Member,4,School
L2024-10068,Alum,ACT-06,High School,Member,3,None
L2024-10068,Alum,ACT-03,High School,Member,3,None
L2024-10068,Alum,ACT-27,High School,Member,4,School
L2024-10068,Alum,ACT-16,High School,Member,2,None
L2024-10068,Alum,ACT-06,Undergraduate,Member,4,None
L2025-10069,Alum,ACT-12,High School,Member,3,None
L2025-10069,Alum,ACT-05,High School,Captain,2,None
L2025-10069,Alum,ACT-30,High School,Member,4,State
L2025-10069,Alum,ACT-23,High School,Member,4,None
L2025-10069,Alum,ACT-20,High School,Member,1,Regional
L2025-10069,Alum,ACT-12,Undergraduate,Member,2,School
L2025-10069,Alum,ACT-20,Undergraduate,Member,2,State
L2019-10070,Alum,ACT-07,High School,Member,3,Regional
L2019-10070,Alum,ACT-04,High School,Member,1,School
L2019-10070,Alum,ACT-15,High School,Member,4,State
L2019-10070,Alum,ACT-04,Undergraduate,Member,3,School
L2019-10070,Alum,ACT-21,Undergraduate,Member,3,None
L2019-10070,Alum,ACT-10,Undergraduate,Founder,1,None
L2020-10071,Alum,ACT-01,High School,Captain,1,None
L2020-10071,Alum,ACT-12,High School,Member,3,School
L2020-10071,Alum,ACT-15,High School,Member,3,Regional
L2020-10071,Alum,ACT-17,High School,Member,2,None
L2020-10071,Alum,ACT-18,Undergraduate,Member,1,State
L2020-10071,Alum,ACT-08,Undergraduate,Member,3,None
L2021-10072,Alum,ACT-14,High School,Captain,1,School
L2021-10072,Alum,ACT-12,High School,Member,1,None
L2021-10072,Alum,ACT-03,High School,Member,1,Regional
L2021-10072,Alum,ACT-12,Undergraduate,Member,1,None
L2021-10072,Alum,ACT-13,Undergraduate,Member,2,None
L2022-10073,Alum,ACT-28,High School,Member,3,State
L2022-10073,Alum,ACT-23,High School,Officer,3,None
L2022-10073,Alum,ACT-12,High School,Member,1,School
L2022-10073,Alum,ACT-08,High School,Member,3,School
L2022-10073,Alum,ACT-15,Undergraduate,Officer,2,Regional
L2022-10073,Alum,ACT-21,Undergraduate,Member,1,School
L2023-10074,Alum,ACT-12,High School,Officer,1,Regional
L2023-10074,Alum,ACT-23,High School,Member,1,School
L2023-10074,Alum,ACT-04,High School,Member,1,None
L2023-10074,Alum,ACT-26,High School,Member,2,School
L2023-10074,Alum,ACT-06,Undergraduate,Captain,3,Regional
L2023-10074,Alum,ACT-15,Undergraduate,Member,3,None
L2024-10075,Alum,ACT-26,High School,Member,3,School
L2024-10075,Alum,ACT-12,High School,Captain,4,None
L2024-10075,Alum,ACT-18,High School,President,1,Regional
L2024-10075,Alum,ACT-07,High School,Captain,1,School
L2024-10075,Alum,ACT-08,Undergraduate,Member,3,None
L2024-10075,Alum,ACT-15,Undergraduate,Officer,4,None
L2025-10076,Alum,ACT-29,High School,Captain,1,Regional
L2025-10076,Alum,ACT-23,High School,Officer,2,School
L2025-10076,Alum,ACT-16,High School,Member,4,Regional
L2025-10076,Alum,ACT-11,Undergraduate,Officer,1,None
L2019-10077,Alum,ACT-13,High School,Member,1,School
L2019-10077,Alum,ACT-08,High School,Member,1,State
L2019-10077,Alum,ACT-15,High School,Officer,2,None
L2019-10077,Alum,ACT-26,High School,Member,3,Regional
L2019-10077,Alum,ACT-29,High School,Officer,1,None
L2019-10077,Alum,ACT-23,High School,Officer,4,None
L2019-10077,Alum,ACT-12,Undergraduate,Member,2,None
L2020-10078,Alum,ACT-01,High School,Captain,3,Regional
L2020-10078,Alum,ACT-12,High School,Member,4,State
L2020-10078,Alum,ACT-15,High School,Founder,1,None
L2020-10078,Alum,ACT-09,High School,Officer,4,Regional
L2020-10078,Alum,ACT-31,High School,Member,3,None
L2020-10078,Alum,ACT-07,High School,Member,2,National
L2020-10078,Alum,ACT-27,Undergraduate,Founder,4,None
L2020-10078,Alum,ACT-12,Undergraduate,Member,1,State
L2021-10079,Alum,ACT-23,High School,Member,1,Regional
L2021-10079,Alum,ACT-13,High School,Member,4,State
L2021-10079,Alum,ACT-01,High School,Member,2,State
L2021-10079,Alum,ACT-03,High School,President,4,School
L2021-10079,Alum,ACT-29,High School,Officer,3,School
L2021-10079,Alum,ACT-29,Undergraduate,Member,2,None
L2021-10079,Alum,ACT-02,Undergraduate,Member,3,None
L2021-10079,Alum,ACT-01,Undergraduate,Member,2,School
L2022-10080,Alum,ACT-08,High School,Member,4,None
L2022-10080,Alum,ACT-05,High School,Captain,3,None
L2022-10080,Alum,ACT-13,High School,Member,4,None
L2022-10080,Alum,ACT-06,High School,Member,3,None
L2022-10080,Alum,ACT-27,High School,Member,1,School
L2022-10080,Alum,ACT-12,Undergraduate,Officer,4,School
L2023-10081,Alum,ACT-15,High School,Officer,3,State
L2023-10081,Alum,ACT-24,High School,Member,3,School
L2023-10081,Alum,ACT-07,High School,Officer,4,None
L2023-10081,Alum,ACT-12,Undergraduate,Officer,2,None
L2024-10082,Alum,ACT-05,High School,Officer,2,None
L2024-10082,Alum,ACT-06,High School,President,1,None
L2024-10082,Alum,ACT-17,High School,President,2,Regional
L2024-10082,Alum,ACT-23,High School,Member,4,Regional
L2024-10082,Alum,ACT-07,Undergraduate,Captain,3,School
L2025-10083,Alum,ACT-21,High School,Captain,4,School
L2025-10083,Alum,ACT-04,High School,Member,3,National
L2025-10083,Alum,ACT-15,High School,Member,1,None
L2025-10083,Alum,ACT-23,High School,Captain,2,School
L2025-10083,Alum,ACT-10,Undergraduate,Officer,1,School
L2025-10083,Alum,ACT-06,Undergraduate,Member,4,State
L2025-10083,Alum,ACT-23,Undergraduate,Member,3,School
L2019-10084,Alum,ACT-25,High School,Member,3,None
L2019-10084,Alum,ACT-24,High School,Member,1,School
L2019-10084,Alum,ACT-23,High School,Member,3,State
L2019-10084,Alum,ACT-06,High School,Founder,2,Regional
L2019-10084,Alum,ACT-23,Undergraduate,Member,4,State
L2019-10084,Alum,ACT-03,Undergraduate,Member,1,Regional
L2020-10085,Alum,ACT-08,High School,Member,2,None
L2020-10085,Alum,ACT-12,High School,Member,2,Regional
L2020-10085,Alum,ACT-02,High School,Member,4,School
L2020-10085,Alum,ACT-06,High School,Captain,1,None
L2020-10085,Alum,ACT-23,High School,Member,2,None
L2020-10085,Alum,ACT-15,Undergraduate,Member,3,None
L2020-10085,Alum,ACT-16,Undergraduate,Member,1,National
L2021-10086,Alum,ACT-09,High School,Member,3,State
L2021-10086,Alum,ACT-23,High School,Officer,4,None
L2021-10086,Alum,ACT-12,High School,Member,2,None
L2021-10086,Alum,ACT-01,High School,Member,1,None
L2021-10086,Alum,ACT-04,Undergraduate,Member,1,None
L2021-10086,Alum,ACT-17,Undergraduate,Officer,3,School
L2021-10086,Alum,ACT-05,Undergraduate,Member,2,None
L2022-10087,Alum,ACT-29,High School,President,2,National
L2022-10087,Alum,ACT-12,High School,Member,1,None
L2022-10087,Alum,ACT-31,High School,Member,2,Regional
L2022-10087,Alum,ACT-01,High School,Officer,2,None
L2022-10087,Alum,ACT-12,Undergraduate,Member,3,None
L2022-10087,Alum,ACT-03,Undergraduate,Member,4,None
L2022-10087,Alum,ACT-23,Undergraduate,Founder,4,None
L2023-10088,Alum,ACT-08,High School,Member,1,State
L2023-10088,Alum,ACT-24,High School,Member,4,School
L2023-10088,Alum,ACT-12,High School,Officer,2,National
L2023-10088,Alum,ACT-30,High School,Member,1,School
L2023-10088,Alum,ACT-23,Undergraduate,Member,1,School
L2023-10088,Alum,ACT-38,Undergraduate,Member,4,Regional
L2024-10089,Alum,ACT-15,High School,Member,3,None
L2024-10089,Alum,ACT-12,High School,Officer,4,None
L2024-10089,Alum,ACT-02,High School,Member,3,State
L2024-10089,Alum,ACT-17,High School,Member,1,School
L2024-10089,Alum,ACT-01,High School,Member,2,None
L2024-10089,Alum,ACT-08,Undergraduate,Founder,1,Regional
L2024-10089,Alum,ACT-21,Undergraduate,Member,2,Regional
L2025-10090,Alum,ACT-05,High School,Officer,1,None
L2025-10090,Alum,ACT-15,High School,Member,4,State
L2025-10090,Alum,ACT-12,High School,Member,4,None
L2025-10090,Alum,ACT-02,High School,Member,2,School
L2025-10090,Alum,ACT-12,Undergraduate,Member,1,Regional
L2025-10090,Alum,ACT-28,Undergraduate,Member,3,State
L2025-10090,Alum,ACT-04,Undergraduate,Officer,4,None
L2019-10091,Alum,ACT-17,High School,Member,2,School
L2019-10091,Alum,ACT-15,High School,Member,4,None
L2019-10091,Alum,ACT-12,High School,Captain,1,None
L2019-10091,Alum,ACT-27,High School,Member,1,Regional
L2019-10091,Alum,ACT-05,High School,Member,2,None
L2019-10091,Alum,ACT-26,Undergraduate,Member,2,State
L2019-10091,Alum,ACT-16,Undergraduate,Founder,2,None
L2019-10091,Alum,ACT-23,Undergraduate,Member,4,School
L2020-10092,Alum,ACT-12,High School,Officer,2,School
L2020-10092,Alum,ACT-26,High School,Captain,4,None
L2020-10092,Alum,ACT-15,High School,Member,2,None
L2020-10092,Alum,ACT-21,High School,President,3,None
L2020-10092,Alum,ACT-03,Undergraduate,Member,4,State
L2020-10092,Alum,ACT-17,Undergraduate,Member,4,Regional
L2021-10093,Alum,ACT-23,High School,Member,4,School
L2021-10093,Alum,ACT-08,High School,President,2,Regional
L2021-10093,Alum,ACT-12,High School,Captain,4,None
L2021-10093,Alum,ACT-11,Undergraduate,Member,1,None
L2021-10093,Alum,ACT-12,Undergraduate,Member,2,None
L2021-10093,Alum,ACT-14,Undergraduate,Member,3,School
L2022-10094,Alum,ACT-17,High School,Member,3,Regional
L2022-10094,Alum,ACT-16,High School,Member,4,Regional
L2022-10094,Alum,ACT-01,High School,Founder,4,None
L2022-10094,Alum,ACT-12,High School,Member,3,None
L2022-10094,Alum,ACT-04,High School,Member,2,None
L2022-10094,Alum,ACT-20,Undergraduate,President,3,None
L2022-10094,Alum,ACT-01,Undergraduate,Member,3,Regional
L2022-10094,Alum,ACT-22,Undergraduate,Officer,3,None
L2023-10095,Alum,ACT-12,High School,President,2,School
L2023-10095,Alum,ACT-15,High School,Officer,3,None
L2023-10095,Alum,ACT-21,High School,President,3,Regional
L2023-10095,Alum,ACT-07,Undergraduate,Member,2,School
L2024-10096,Alum,ACT-12,High School,Member,1,None
L2024-10096,Alum,ACT-14,High School,Captain,1,School
L2024-10096,Alum,ACT-23,High School,Member,4,Regional
L2024-10096,Alum,ACT-31,High School,Founder,4,School
L2024-10096,Alum,ACT-13,High School,Member,4,State
L2024-10096,Alum,ACT-12,Undergraduate,Member,3,None
L2024-10096,Alum,ACT-23,Undergraduate,Member,2,None
L2025-10097,Alum,ACT-17,High School,Officer,2,School
L2025-10097,Alum,ACT-06,High School,Member,2,Regional
L2025-10097,Alum,ACT-12,High School,Member,1,None
L2025-10097,Alum,ACT-12,Undergraduate,Officer,3,None
L2025-10097,Alum,ACT-08,Undergraduate,Member,2,None
L2025-10097,Alum,ACT-27,Undergraduate,Captain,3,School
L2019-10098,Alum,ACT-10,High School,Member,1,None
L2019-10098,Alum,ACT-15,High School,Member,2,School
L2019-10098,Alum,ACT-12,High School,Member,2,None
L2019-10098,Alum,ACT-23,High School,Member,3,Regional
L2019-10098,Alum,ACT-17,High School,Officer,3,School
L2019-10098,Alum,ACT-29,High School,Member,3,None
L2019-10098,Alum,ACT-10,Undergraduate,Member,2,School
L2020-10099,Alum,ACT-17,High School,Member,1,School
L2020-10099,Alum,ACT-23,High School,Member,2,None
L2020-10099,Alum,ACT-09,High School,Member,3,None
L2020-10099,Alum,ACT-01,High School,Officer,4,None
L2020-10099,Alum,ACT-12,High School,Member,1,None
L2020-10099,Alum,ACT-01,Undergraduate,Member,3,School
L2020-10099,Alum,ACT-47,Undergraduate,Captain,3,None
L2021-10100,Alum,ACT-21,High School,Member,1,Regional
L2021-10100,Alum,ACT-17,High School,Member,2,None
L2021-10100,Alum,ACT-13,High School,Member,3,None
L2021-10100,Alum,ACT-03,High School,Member,3,None
L2021-10100,Alum,ACT-23,High School,President,1,None
L2021-10100,Alum,ACT-16,Undergraduate,Member,3,School
L2021-10100,Alum,ACT-04,Undergraduate,Officer,1,Regional
L2021-10100,Alum,ACT-08,Undergraduate,Officer,1,None
L2021-10100,Alum,ACT-41,Undergraduate,Member,3,School
L2022-10101,Alum,ACT-04,High School,Member,3,State
L2022-10101,Alum,ACT-09,High School,Officer,3,None
L2022-10101,Alum,ACT-12,High School,Member,2,School
L2022-10101,Alum,ACT-20,High School,Captain,3,None
L2022-10101,Alum,ACT-30,High School,Member,2,None
L2022-10101,Alum,ACT-27,Undergraduate,Member,1,State
L2022-10101,Alum,ACT-12,Undergraduate,Member,2,None
L2023-10102,Alum,ACT-12,High School,President,3,School
L2023-10102,Alum,ACT-20,High School,Member,3,None
L2023-10102,Alum,ACT-19,High School,Captain,3,State
L2023-10102,Alum,ACT-28,High School,President,4,School
L2023-10102,Alum,ACT-04,High School,Member,4,None
L2023-10102,Alum,ACT-08,Undergraduate,President,2,None
L2023-10102,Alum,ACT-07,Undergraduate,Member,1,Regional
L2024-10103,Alum,ACT-01,High School,Member,3,State
L2024-10103,Alum,ACT-03,High School,Member,2,None
L2024-10103,Alum,ACT-25,High School,Member,1,National
L2024-10103,Alum,ACT-06,High School,Captain,2,None
L2024-10103,Alum,ACT-12,High School,Member,1,School
L2024-10103,Alum,ACT-05,Undergraduate,Member,2,None
L2024-10103,Alum,ACT-11,Undergraduate,Member,4,School
L2025-10104,Alum,ACT-05,High School,Captain,3,School
L2025-10104,Alum,ACT-23,High School,Officer,2,None
L2025-10104,Alum,ACT-19,High School,President,4,School
L2025-10104,Alum,ACT-12,High School,Founder,3,None
L2025-10104,Alum,ACT-08,Undergraduate,Founder,3,None
L2025-10104,Alum,ACT-14,Undergraduate,President,2,None
L2019-10105,Alum,ACT-21,High School,Officer,2,None
L2019-10105,Alum,ACT-12,High School,Officer,3,None
L2019-10105,Alum,ACT-16,High School,Captain,3,None
L2019-10105,Alum,ACT-11,High School,Member,2,None
L2019-10105,Alum,ACT-25,Undergraduate,Member,3,Regional
L2020-10106,Alum,ACT-14,High School,Member,1,None
L2020-10106,Alum,ACT-21,High School,Member,1,School
L2020-10106,Alum,ACT-02,High School,Member,1,None
L2020-10106,Alum,ACT-23,High School,Member,2,None
L2020-10106,Alum,ACT-04,High School,Member,4,None
L2020-10106,Alum,ACT-31,Undergraduate,Officer,4,None
L2020-10106,Alum,ACT-23,Undergraduate,Officer,4,None
L2020-10106,Alum,ACT-15,Undergraduate,President,3,None
L2021-10107,Alum,ACT-14,High School,Member,2,None
L2021-10107,Alum,ACT-27,High School,Officer,3,None
L2021-10107,Alum,ACT-01,High School,Officer,3,None
L2021-10107,Alum,ACT-12,High School,Member,2,School
L2021-10107,Alum,ACT-25,High School,Officer,4,State
L2021-10107,Alum,ACT-23,Undergraduate,Member,4,School
L2021-10107,Alum,ACT-03,Undergraduate,Member,2,School
L2021-10107,Alum,ACT-47,Undergraduate,Captain,3,None
L2022-10108,Alum,ACT-06,High School,Captain,3,State
L2022-10108,Alum,ACT-23,High School,Member,2,School
L2022-10108,Alum,ACT-13,High School,Officer,4,None
L2022-10108,Alum,ACT-18,High School,Officer,1,None
L2022-10108,Alum,ACT-12,High School,Member,1,None
L2022-10108,Alum,ACT-12,Undergraduate,Officer,2,None
L2022-10108,Alum,ACT-15,Undergraduate,Officer,3,None
L2022-10108,Alum,ACT-20,Undergraduate,Officer,3,School
L2023-10109,Alum,ACT-15,High School,Member,1,Regional
L2023-10109,Alum,ACT-19,High School,Member,3,None
L2023-10109,Alum,ACT-24,High School,Member,3,School
L2023-10109,Alum,ACT-09,Undergraduate,Officer,1,State
L2024-10110,Alum,ACT-05,High School,Member,2,State
L2024-10110,Alum,ACT-27,High School,Member,4,School
L2024-10110,Alum,ACT-12,High School,Officer,3,None
L2024-10110,Alum,ACT-19,High School,Officer,2,None
L2024-10110,Alum,ACT-15,High School,Member,4,State
L2024-10110,Alum,ACT-08,High School,Officer,3,None
L2024-10110,Alum,ACT-23,Undergraduate,Member,3,None
L2025-10111,Alum,ACT-15,High School,Founder,3,None
L2025-10111,Alum,ACT-07,High School,Captain,2,None
L2025-10111,Alum,ACT-12,High School,Officer,2,School
L2025-10111,Alum,ACT-22,High School,Member,1,None
L2025-10111,Alum,ACT-06,High School,Officer,3,School
L2025-10111,Alum,ACT-23,High School,Member,1,None
L2025-10111,Alum,ACT-15,Undergraduate,President,1,None
L2025-10111,Alum,ACT-19,Undergraduate,Member,3,None
L2025-10111,Alum,ACT-30,Undergraduate,Founder,4,None
L2019-10112,Alum,ACT-15,High School,Member,1,School
L2019-10112,Alum,ACT-14,High School,Member,1,State
L2019-10112,Alum,ACT-16,High School,Officer,4,School
L2019-10112,Alum,ACT-12,High School,Member,1,School
L2019-10112,Alum,ACT-12,Undergraduate,Member,1,State
L2019-10112,Alum,ACT-05,Undergraduate,Member,2,School
L2020-10113,Alum,ACT-01,High School,Member,1,School
L2020-10113,Alum,ACT-21,High School,Member,1,None
L2020-10113,Alum,ACT-23,High School,Officer,1,State
L2020-10113,Alum,ACT-06,High School,Member,2,None
L2020-10113,Alum,ACT-08,Undergraduate,Member,2,School
L2021-10114,Alum,ACT-20,High School,Member,4,None
L2021-10114,Alum,ACT-06,High School,Member,2,School
L2021-10114,Alum,ACT-12,High School,Member,3,School
L2021-10114,Alum,ACT-17,High School,Founder,3,Regional
L2021-10114,Alum,ACT-12,Undergraduate,Captain,1,Regional
L2021-10114,Alum,ACT-15,Undergraduate,Member,2,None
L2021-10114,Alum,ACT-39,Undergraduate,Member,1,None
L2022-10115,Alum,ACT-15,High School,Member,4,None
L2022-10115,Alum,ACT-06,High School,Member,3,None
L2022-10115,Alum,ACT-09,High School,Member,3,None
L2022-10115,Alum,ACT-31,High School,Member,4,None
L2022-10115,Alum,ACT-26,Undergraduate,Member,3,School
L2022-10115,Alum,ACT-12,Undergraduate,Officer,4,School
L2023-10116,Alum,ACT-21,High School,Officer,4,None
L2023-10116,Alum,ACT-04,High School,Founder,2,Regional
L2023-10116,Alum,ACT-01,High School,Member,4,Regional
L2023-10116,Alum,ACT-02,High School,Member,4,Regional
L2023-10116,Alum,ACT-22,Undergraduate,Member,2,None
L2024-10117,Alum,ACT-18,High School,Officer,3,None
L2024-10117,Alum,ACT-29,High School,Member,1,School
L2024-10117,Alum,ACT-21,High School,Member,3,None
L2024-10117,Alum,ACT-23,High School,Member,3,None
L2024-10117,Alum,ACT-05,Undergraduate,Captain,1,State
L2025-10118,Alum,ACT-05,High School,Member,1,School
L2025-10118,Alum,ACT-11,High School,Member,3,None
L2025-10118,Alum,ACT-08,High School,Member,2,None
L2025-10118,Alum,ACT-12,High School,Member,3,None
L2025-10118,Alum,ACT-17,Undergraduate,Captain,2,None
L2025-10118,Alum,ACT-08,Undergraduate,Member,4,None
L2019-10119,Alum,ACT-21,High School,Member,3,None
L2019-10119,Alum,ACT-15,High School,Member,4,Regional
L2019-10119,Alum,ACT-31,High School,Member,4,None
L2019-10119,Alum,ACT-12,High School,Member,1,None
L2019-10119,Alum,ACT-06,High School,Member,1,None
L2019-10119,Alum,ACT-06,Undergraduate,Founder,3,National
L2019-10119,Alum,ACT-12,Undergraduate,Member,3,Regional
L2019-10119,Alum,ACT-18,Undergraduate,Officer,2,None
L2020-10120,Alum,ACT-13,High School,Member,4,School
L2020-10120,Alum,ACT-12,High School,Member,4,None
L2020-10120,Alum,ACT-08,High School,Member,1,School
L2020-10120,Alum,ACT-06,High School,Member,3,Regional
L2020-10120,Alum,ACT-05,High School,Captain,2,None
L2020-10120,Alum,ACT-12,Undergraduate,Captain,3,Regional
L2020-10120,Alum,ACT-04,Undergraduate,Officer,4,None
L2021-10121,Alum,ACT-17,High School,Member,4,School
L2021-10121,Alum,ACT-15,High School,Officer,4,School
L2021-10121,Alum,ACT-23,High School,Member,2,School
L2021-10121,Alum,ACT-09,Undergraduate,Officer,2,School
L2021-10121,Alum,ACT-23,Undergraduate,Founder,3,School
L2022-10122,Alum,ACT-11,High School,Member,3,State
L2022-10122,Alum,ACT-14,High School,Member,1,None
L2022-10122,Alum,ACT-02,High School,Member,1,None
L2022-10122,Alum,ACT-12,High School,Member,4,None
L2022-10122,Alum,ACT-15,High School,President,2,None
L2022-10122,Alum,ACT-23,Undergraduate,Captain,2,None
L2023-10123,Alum,ACT-31,High School,Member,2,School
L2023-10123,Alum,ACT-12,High School,Member,3,School
L2023-10123,Alum,ACT-07,High School,Officer,4,School
L2023-10123,Alum,ACT-11,High School,Member,1,None
L2023-10123,Alum,ACT-06,Undergraduate,Member,4,Regional
L2023-10123,Alum,ACT-14,Undergraduate,Member,2,None
L2023-10123,Alum,ACT-31,Undergraduate,Captain,4,None
L2024-10124,Alum,ACT-11,High School,Officer,1,State
L2024-10124,Alum,ACT-07,High School,Member,1,School
L2024-10124,Alum,ACT-17,High School,President,1,National
L2024-10124,Alum,ACT-12,High School,Member,4,School
L2024-10124,Alum,ACT-08,High School,Officer,4,None
L2024-10124,Alum,ACT-06,High School,Member,4,None
L2024-10124,Alum,ACT-13,Undergraduate,Officer,3,School
L2024-10124,Alum,ACT-15,Undergraduate,Officer,4,None
L2024-10124,Alum,ACT-05,Undergraduate,Officer,1,None
L2025-10125,Alum,ACT-13,High School,Member,3,School
L2025-10125,Alum,ACT-06,High School,Member,4,National
L2025-10125,Alum,ACT-07,High School,Member,3,School
L2025-10125,Alum,ACT-23,High School,Member,2,Regional
L2025-10125,Alum,ACT-01,High School,Captain,4,None
L2025-10125,Alum,ACT-03,Undergraduate,Officer,3,None
L2025-10125,Alum,ACT-01,Undergraduate,Member,2,None
L2019-10126,Alum,ACT-18,High School,Officer,2,None
L2019-10126,Alum,ACT-29,High School,Captain,1,None
L2019-10126,Alum,ACT-12,High School,Member,2,None
L2019-10126,Alum,ACT-24,High School,Member,3,School
L2019-10126,Alum,ACT-15,Undergraduate,Member,4,School
L2019-10126,Alum,ACT-08,Undergraduate,Officer,4,None
L2020-10127,Alum,ACT-15,High School,Officer,3,Regional
L2020-10127,Alum,ACT-12,High School,Member,3,None
L2020-10127,Alum,ACT-03,High School,Captain,3,State
L2020-10127,Alum,ACT-23,High School,Founder,2,None
L2020-10127,Alum,ACT-24,Undergraduate,Officer,3,School
L2020-10127,Alum,ACT-19,Undergraduate,Officer,3,Regional
L2021-10128,Alum,ACT-15,High School,Member,4,None
L2021-10128,Alum,ACT-14,High School,Member,3,None
L2021-10128,Alum,ACT-12,High School,Member,2,None
L2021-10128,Alum,ACT-13,High School,Founder,1,State
L2021-10128,Alum,ACT-23,Undergraduate,Officer,4,State
L2021-10128,Alum,ACT-21,Undergraduate,Officer,3,Regional
L2021-10128,Alum,ACT-04,Undergraduate,Member,4,State
L2022-10129,Alum,ACT-01,High School,Officer,2,None
L2022-10129,Alum,ACT-23,High School,Member,1,None
L2022-10129,Alum,ACT-26,High School,Officer,3,School
L2022-10129,Alum,ACT-31,High School,Officer,1,None
L2022-10129,Alum,ACT-12,Undergraduate,Captain,2,None
L2022-10129,Alum,ACT-05,Undergraduate,Officer,3,School
L2022-10129,Alum,ACT-23,Undergraduate,Member,2,None
L2022-10129,Alum,ACT-42,Undergraduate,Member,2,State
L2023-10130,Alum,ACT-23,High School,Member,4,None
L2023-10130,Alum,ACT-01,High School,Member,4,State
L2023-10130,Alum,ACT-06,High School,Officer,4,None
L2023-10130,Alum,ACT-12,High School,Member,2,Regional
L2023-10130,Alum,ACT-25,High School,Member,1,State
L2023-10130,Alum,ACT-19,Undergraduate,Member,3,None
L2024-10131,Alum,ACT-15,High School,Member,2,None
L2024-10131,Alum,ACT-30,High School,Officer,4,None
L2024-10131,Alum,ACT-12,High School,Member,2,None
L2024-10131,Alum,ACT-06,High School,Captain,2,None
L2024-10131,Alum,ACT-24,High School,Member,2,Regional
L2024-10131,Alum,ACT-01,Undergraduate,Member,2,National
L2025-10132,Alum,ACT-06,High School,Officer,2,School
L2025-10132,Alum,ACT-21,High School,Member,3,None
L2025-10132,Alum,ACT-15,High School,Captain,2,School
L2025-10132,Alum,ACT-23,Undergraduate,Member,2,School
L2025-10132,Alum,ACT-11,Undergraduate,Founder,3,School
L2025-10132,Alum,ACT-08,Undergraduate,Member,1,State
L2019-10133,Alum,ACT-29,High School,Member,2,National
L2019-10133,Alum,ACT-23,High School,Member,4,Regional
L2019-10133,Alum,ACT-17,High School,Member,4,School
L2019-10133,Alum,ACT-12,High School,Member,1,None
L2019-10133,Alum,ACT-12,Undergraduate,Member,1,None
L2020-10134,Alum,ACT-08,High School,Officer,2,None
L2020-10134,Alum,ACT-07,High School,Member,1,None
L2020-10134,Alum,ACT-06,High School,Member,1,School
L2020-10134,Alum,ACT-05,Undergraduate,Member,2,State
L2021-10135,Alum,ACT-01,High School,President,2,None
L2021-10135,Alum,ACT-08,High School,Captain,1,School
L2021-10135,Alum,ACT-11,High School,Member,2,None
L2021-10135,Alum,ACT-09,Undergraduate,Member,1,Regional
L2022-10136,Alum,ACT-14,High School,Member,1,National
L2022-10136,Alum,ACT-21,High School,Member,2,None
L2022-10136,Alum,ACT-12,High School,Member,1,None
L2022-10136,Alum,ACT-17,High School,Member,2,None
L2022-10136,Alum,ACT-16,High School,Member,3,Regional
L2022-10136,Alum,ACT-23,Undergraduate,Member,2,School
L2023-10137,Alum,ACT-03,High School,Member,1,School
L2023-10137,Alum,ACT-13,High School,Member,1,None
L2023-10137,Alum,ACT-04,High School,Member,1,Regional
L2023-10137,Alum,ACT-23,High School,Member,3,None
L2023-10137,Alum,ACT-03,Undergraduate,Officer,1,State
L2024-10138,Alum,ACT-25,High School,Member,1,Regional
L2024-10138,Alum,ACT-15,High School,Member,3,School
L2024-10138,Alum,ACT-02,High School,Member,4,None
L2024-10138,Alum,ACT-14,High School,Officer,3,None
L2024-10138,Alum,ACT-21,High School,Member,3,None
L2024-10138,Alum,ACT-05,Undergraduate,Officer,3,State
L2025-10139,Alum,ACT-15,High School,Officer,4,National
L2025-10139,Alum,ACT-20,High School,Member,4,None
L2025-10139,Alum,ACT-27,High School,Member,1,None
L2025-10139,Alum,ACT-06,High School,Captain,1,State
L2025-10139,Alum,ACT-01,Undergraduate,Captain,1,Regional
L2025-10139,Alum,ACT-15,Undergraduate,Member,2,None
L2019-10140,Alum,ACT-12,High School,Member,4,State
L2019-10140,Alum,ACT-26,High School,Member,1,School
L2019-10140,Alum,ACT-27,High School,Member,3,Regional
L2019-10140,Alum,ACT-03,High School,Member,1,None
L2019-10140,Alum,ACT-05,Undergraduate,Member,3,Regional
L2019-10140,Alum,ACT-12,Undergraduate,Founder,2,School
L2019-10140,Alum,ACT-15,Undergraduate,Member,1,State
L2020-10141,Alum,ACT-15,High School,Captain,2,Regional
L2020-10141,Alum,ACT-12,High School,Member,1,None
L2020-10141,Alum,ACT-23,High School,Officer,4,None
L2020-10141,Alum,ACT-12,Undergraduate,Member,2,None
L2020-10141,Alum,ACT-08,Undergraduate,Officer,4,None
L2020-10141,Alum,ACT-23,Undergraduate,Member,2,Regional
L2021-10142,Alum,ACT-05,High School,Member,3,None
L2021-10142,Alum,ACT-23,High School,Member,4,Regional
L2021-10142,Alum,ACT-12,High School,Member,1,School
L2021-10142,Alum,ACT-19,High School,Member,2,Regional
L2021-10142,Alum,ACT-16,High School,Officer,4,None
L2021-10142,Alum,ACT-13,Undergraduate,Member,2,Regional
L2022-10143,Alum,ACT-12,High School,Officer,1,National
L2022-10143,Alum,ACT-31,High School,Officer,4,Regional
L2022-10143,Alum,ACT-10,High School,Member,3,None
L2022-10143,Alum,ACT-23,High School,Founder,2,Regional
L2022-10143,Alum,ACT-01,Undergraduate,Captain,2,None
L2022-10143,Alum,ACT-15,Undergraduate,Officer,3,Regional
L2022-10143,Alum,ACT-21,Undergraduate,President,2,None
L2023-10144,Alum,ACT-05,High School,Member,4,None
L2023-10144,Alum,ACT-23,High School,Member,2,None
L2023-10144,Alum,ACT-12,High School,Officer,2,None
L2023-10144,Alum,ACT-11,High School,Officer,3,None
L2023-10144,Alum,ACT-14,High School,Member,3,State
L2023-10144,Alum,ACT-12,Undergraduate,Member,2,None
L2023-10144,Alum,ACT-23,Undergraduate,Member,4,None
L2023-10144,Alum,ACT-15,Undergraduate,Officer,2,None
L2024-10145,Alum,ACT-16,High School,Member,2,None
L2024-10145,Alum,ACT-20,High School,Officer,1,None
L2024-10145,Alum,ACT-23,High School,Member,4,School
L2024-10145,Alum,ACT-15,Undergraduate,Member,3,Regional
L2024-10145,Alum,ACT-23,Undergraduate,Member,3,None
L2025-10146,Alum,ACT-25,High School,Member,3,None
L2025-10146,Alum,ACT-23,High School,Officer,4,None
L2025-10146,Alum,ACT-07,High School,Member,2,None
L2025-10146,Alum,ACT-12,High School,Officer,1,None
L2025-10146,Alum,ACT-01,High School,Member,3,State
L2025-10146,Alum,ACT-31,Undergraduate,Member,2,None
L2025-10146,Alum,ACT-15,Undergraduate,Member,4,None
L2019-10147,Alum,ACT-13,High School,Member,3,State
L2019-10147,Alum,ACT-23,High School,President,1,Regional
L2019-10147,Alum,ACT-09,High School,Member,3,None
L2019-10147,Alum,ACT-04,Undergraduate,Officer,2,None
L2019-10147,Alum,ACT-12,Undergraduate,Member,2,None
L2019-10147,Alum,ACT-01,Undergraduate,Member,3,None
L2019-10147,Alum,ACT-39,Undergraduate,Member,3,None
L2020-10148,Alum,ACT-19,High School,Captain,3,None
L2020-10148,Alum,ACT-23,High School,Member,1,State
L2020-10148,Alum,ACT-12,High School,Member,1,Regional
L2020-10148,Alum,ACT-12,Undergraduate,Member,3,None
L2021-10149,Alum,ACT-05,High School,Officer,2,None
L2021-10149,Alum,ACT-23,High School,Officer,1,School
L2021-10149,Alum,ACT-10,High School,Member,4,School
L2021-10149,Alum,ACT-12,Undergraduate,Founder,4,None
L2021-10149,Alum,ACT-21,Undergraduate,Member,3,School
L2022-10150,Alum,ACT-15,High School,Member,2,None
L2022-10150,Alum,ACT-12,High School,Member,3,None
L2022-10150,Alum,ACT-31,High School,Officer,3,None
L2022-10150,Alum,ACT-23,High School,Member,4,None
L2022-10150,Alum,ACT-08,High School,Officer,3,School
L2022-10150,Alum,ACT-12,Undergraduate,Officer,1,Regional
L2023-10151,Alum,ACT-05,High School,Founder,1,None
L2023-10151,Alum,ACT-23,High School,Officer,4,School
L2023-10151,Alum,ACT-11,High School,Officer,2,Regional
L2023-10151,Alum,ACT-20,High School,Member,1,None
L2023-10151,Alum,ACT-12,High School,Member,4,School
L2023-10151,Alum,ACT-24,Undergraduate,Member,1,School
L2023-10151,Alum,ACT-13,Undergraduate,Member,1,None
L2024-10152,Alum,ACT-23,High School,Member,2,State
L2024-10152,Alum,ACT-20,High School,Officer,1,None
L2024-10152,Alum,ACT-14,High School,Member,4,None
L2024-10152,Alum,ACT-12,High School,Member,4,None
L2024-10152,Alum,ACT-17,High School,Officer,3,National
L2024-10152,Alum,ACT-13,High School,Member,4,Regional
L2024-10152,Alum,ACT-07,Undergraduate,Officer,3,None
L2024-10152,Alum,ACT-11,Undergraduate,Member,3,School
L2025-10153,Alum,ACT-08,High School,Officer,1,Regional
L2025-10153,Alum,ACT-06,High School,Member,2,School
L2025-10153,Alum,ACT-11,High School,Member,4,Regional
L2025-10153,Alum,ACT-12,High School,Captain,1,Regional
L2025-10153,Alum,ACT-12,Undergraduate,Member,3,None
L2019-10154,Alum,ACT-13,High School,Member,2,National
L2019-10154,Alum,ACT-05,High School,Member,2,None
L2019-10154,Alum,ACT-19,High School,Member,3,School
L2019-10154,Alum,ACT-15,High School,Member,3,None
L2019-10154,Alum,ACT-18,High School,President,3,School
L2019-10154,Alum,ACT-01,Undergraduate,Member,4,National
L2019-10154,Alum,ACT-15,Undergraduate,Member,4,None
L2019-10154,Alum,ACT-11,Undergraduate,Founder,1,State
L2020-10155,Alum,ACT-26,High School,President,1,None
L2020-10155,Alum,ACT-23,High School,Member,2,School
L2020-10155,Alum,ACT-27,High School,Captain,2,None
L2020-10155,Alum,ACT-17,High School,Member,3,None
L2020-10155,Alum,ACT-23,Undergraduate,Member,1,None
L2020-10155,Alum,ACT-40,Undergraduate,Captain,3,None
L2021-10156,Alum,ACT-21,High School,Member,2,None
L2021-10156,Alum,ACT-12,High School,Officer,4,School
L2021-10156,Alum,ACT-27,High School,Member,1,None
L2021-10156,Alum,ACT-08,Undergraduate,Member,3,School
L2022-10157,Alum,ACT-16,High School,Member,2,None
L2022-10157,Alum,ACT-21,High School,Officer,1,None
L2022-10157,Alum,ACT-09,High School,Member,3,None
L2022-10157,Alum,ACT-13,High School,Member,1,None
L2022-10157,Alum,ACT-06,High School,Member,1,None
L2022-10157,Alum,ACT-05,High School,Member,3,Regional
L2022-10157,Alum,ACT-12,Undergraduate,Member,4,School
L2022-10157,Alum,ACT-22,Undergraduate,Officer,2,Regional
L2022-10157,Alum,ACT-14,Undergraduate,Officer,2,School
L2023-10158,Alum,ACT-12,High School,Officer,4,School
L2023-10158,Alum,ACT-09,High School,Officer,2,Regional
L2023-10158,Alum,ACT-16,High School,Captain,4,School
L2023-10158,Alum,ACT-16,Undergraduate,Member,4,None
L2024-10159,Alum,ACT-12,High School,Captain,4,Regional
L2024-10159,Alum,ACT-08,High School,Officer,1,Regional
L2024-10159,Alum,ACT-19,High School,Member,2,Regional
L2024-10159,Alum,ACT-23,High School,Member,3,None
L2024-10159,Alum,ACT-12,Undergraduate,Member,3,None
L2024-10159,Alum,ACT-19,Undergraduate,President,3,None
L2025-10160,Alum,ACT-23,High School,Officer,4,None
L2025-10160,Alum,ACT-08,High School,Officer,3,Regional
L2025-10160,Alum,ACT-07,High School,Founder,2,None
L2025-10160,Alum,ACT-23,Undergraduate,Officer,2,School
L2025-10160,Alum,ACT-05,Undergraduate,Member,1,National
L2019-10161,Alum,ACT-11,High School,Member,1,None
L2019-10161,Alum,ACT-23,High School,President,4,School
L2019-10161,Alum,ACT-19,High School,Member,2,School
L2019-10161,Alum,ACT-12,Undergraduate,Officer,2,None
L2019-10161,Alum,ACT-06,Undergraduate,Member,1,None
L2019-10161,Alum,ACT-23,Undergraduate,Member,3,None
L2019-10161,Alum,ACT-45,Undergraduate,Member,1,School
L2020-10162,Alum,ACT-03,High School,Member,4,Regional
L2020-10162,Alum,ACT-05,High School,Member,3,School
L2020-10162,Alum,ACT-25,High School,Member,4,None
L2020-10162,Alum,ACT-06,High School,Member,1,None
L2020-10162,Alum,ACT-11,High School,Member,4,None
L2020-10162,Alum,ACT-24,Undergraduate,Officer,3,State
L2020-10162,Alum,ACT-23,Undergraduate,Member,3,School
L2021-10163,Alum,ACT-29,High School,Member,3,None
L2021-10163,Alum,ACT-12,High School,Member,4,None
L2021-10163,Alum,ACT-06,High School,Member,1,School
L2021-10163,Alum,ACT-23,High School,Member,2,Regional
L2021-10163,Alum,ACT-08,Undergraduate,Member,1,Regional
L2021-10163,Alum,ACT-31,Undergraduate,Officer,3,None
L2021-10163,Alum,ACT-06,Undergraduate,Member,4,School
L2022-10164,Alum,ACT-05,High School,Member,1,None
L2022-10164,Alum,ACT-15,High School,Member,1,None
L2022-10164,Alum,ACT-06,High School,Member,2,None
L2022-10164,Alum,ACT-12,High School,Member,2,National
L2022-10164,Alum,ACT-27,Undergraduate,Member,2,None
L2022-10164,Alum,ACT-18,Undergraduate,Officer,3,None
L2023-10165,Alum,ACT-23,High School,Member,3,None
L2023-10165,Alum,ACT-19,High School,Member,3,School
L2023-10165,Alum,ACT-01,High School,Officer,1,State
L2023-10165,Alum,ACT-31,High School,Member,2,State
L2023-10165,Alum,ACT-27,Undergraduate,Member,4,None
L2024-10166,Alum,ACT-13,High School,Officer,3,School
L2024-10166,Alum,ACT-25,High School,Officer,3,School
L2024-10166,Alum,ACT-21,High School,Member,4,None
L2024-10166,Alum,ACT-05,High School,Member,2,State
L2024-10166,Alum,ACT-12,High School,Officer,1,Regional
L2024-10166,Alum,ACT-12,Undergraduate,Founder,3,School
L2024-10166,Alum,ACT-30,Undergraduate,Officer,3,School
L2024-10166,Alum,ACT-13,Undergraduate,Captain,1,Regional
L2025-10167,Alum,ACT-12,High School,President,2,School
L2025-10167,Alum,ACT-25,High School,Member,3,None
L2025-10167,Alum,ACT-23,High School,Member,2,None
L2025-10167,Alum,ACT-06,High School,Member,2,None
L2025-10167,Alum,ACT-20,High School,Member,4,School
L2025-10167,Alum,ACT-13,High School,Captain,1,None
L2025-10167,Alum,ACT-23,Undergraduate,Member,3,None
L2025-10167,Alum,ACT-06,Undergraduate,Member,3,None
L2025-10167,Alum,ACT-01,Undergraduate,Member,4,School
L2019-10168,Alum,ACT-22,High School,Captain,2,Regional
L2019-10168,Alum,ACT-24,High School,Captain,1,None
L2019-10168,Alum,ACT-16,High School,Member,4,None
L2019-10168,Alum,ACT-01,High School,Member,4,None
L2019-10168,Alum,ACT-12,Undergraduate,Member,4,None
L2020-10169,Alum,ACT-26,High School,Member,3,None
L2020-10169,Alum,ACT-12,High School,Member,4,None
L2020-10169,Alum,ACT-14,High School,President,3,None
L2020-10169,Alum,ACT-19,High School,Member,3,State
L2020-10169,Alum,ACT-05,Undergraduate,Officer,1,None
L2020-10169,Alum,ACT-26,Undergraduate,Member,4,National
L2020-10169,Alum,ACT-15,Undergraduate,Member,3,None
L2021-10170,Alum,ACT-15,High School,Member,2,None
L2021-10170,Alum,ACT-13,High School,Officer,4,None
L2021-10170,Alum,ACT-23,High School,Member,3,None
L2021-10170,Alum,ACT-01,High School,Officer,3,None
L2021-10170,Alum,ACT-06,Undergraduate,Member,1,School
L2021-10170,Alum,ACT-15,Undergraduate,Member,1,None
L2021-10170,Alum,ACT-23,Undergraduate,Officer,2,Regional
L2022-10171,Alum,ACT-19,High School,Member,1,Regional
L2022-10171,Alum,ACT-18,High School,Member,3,State
L2022-10171,Alum,ACT-29,High School,Member,4,Regional
L2022-10171,Alum,ACT-12,Undergraduate,Member,3,School
L2023-10172,Alum,ACT-23,High School,Member,1,None
L2023-10172,Alum,ACT-18,High School,Member,2,None
L2023-10172,Alum,ACT-20,High School,Captain,2,Regional
L2023-10172,Alum,ACT-08,High School,Officer,4,None
L2023-10172,Alum,ACT-23,Undergraduate,Member,3,None
L2023-10172,Alum,ACT-04,Undergraduate,Officer,1,None
L2023-10172,Alum,ACT-33,Undergraduate,Member,4,School
L2024-10173,Alum,ACT-23,High School,Member,4,School
L2024-10173,Alum,ACT-08,High School,Member,4,School
L2024-10173,Alum,ACT-01,High School,Officer,2,Regional
L2024-10173,Alum,ACT-12,Undergraduate,Member,1,None
L2024-10173,Alum,ACT-19,Undergraduate,Officer,1,School
L2025-10174,Alum,ACT-12,High School,Member,3,None
L2025-10174,Alum,ACT-11,High School,Member,3,State
L2025-10174,Alum,ACT-18,High School,President,1,None
L2025-10174,Alum,ACT-06,High School,Member,1,State
L2025-10174,Alum,ACT-02,Undergraduate,Officer,2,None
L2025-10174,Alum,ACT-23,Undergraduate,Member,1,None
L2025-10174,Alum,ACT-21,Undergraduate,Member,4,None
L2019-10175,Alum,ACT-12,High School,Officer,2,School
L2019-10175,Alum,ACT-06,High School,Member,4,None
L2019-10175,Alum,ACT-08,High School,Member,2,None
L2019-10175,Alum,ACT-23,High School,Member,1,None
L2019-10175,Alum,ACT-11,High School,Captain,3,Regional
L2019-10175,Alum,ACT-07,High School,Captain,4,State
L2019-10175,Alum,ACT-23,Undergraduate,Member,4,None
L2020-10176,Alum,ACT-30,High School,Captain,3,Regional
L2020-10176,Alum,ACT-08,High School,Member,4,School
L2020-10176,Alum,ACT-12,High School,Member,3,None
L2020-10176,Alum,ACT-14,High School,Member,4,School
L2020-10176,Alum,ACT-22,Undergraduate,Member,3,National
L2020-10176,Alum,ACT-25,Undergraduate,Officer,4,None
L2021-10177,Alum,ACT-11,High School,Member,3,None
L2021-10177,Alum,ACT-13,High School,Officer,1,None
L2021-10177,Alum,ACT-17,High School,Member,1,None
L2021-10177,Alum,ACT-12,High School,Member,3,None
L2021-10177,Alum,ACT-30,High School,Officer,4,None
L2021-10177,Alum,ACT-09,High School,Member,2,School
L2021-10177,Alum,ACT-12,Undergraduate,Member,4,None
L2022-10178,Alum,ACT-01,High School,Member,4,None
L2022-10178,Alum,ACT-22,High School,Member,1,Regional
L2022-10178,Alum,ACT-15,High School,Member,3,None
L2022-10178,Alum,ACT-28,High School,Officer,4,School
L2022-10178,Alum,ACT-21,Undergraduate,Member,2,None
L2022-10178,Alum,ACT-16,Undergraduate,Officer,1,School
L2023-10179,Alum,ACT-03,High School,Captain,3,None
L2023-10179,Alum,ACT-08,High School,Member,4,School
L2023-10179,Alum,ACT-06,High School,Officer,2,School
L2023-10179,Alum,ACT-06,Undergraduate,Member,1,None
L2024-10180,Alum,ACT-23,High School,Member,1,School
L2024-10180,Alum,ACT-13,High School,Member,1,None
L2024-10180,Alum,ACT-02,High School,Member,1,Regional
L2024-10180,Alum,ACT-19,Undergraduate,Founder,4,None
L2024-10180,Alum,ACT-30,Undergraduate,Captain,1,State
L2024-10180,Alum,ACT-13,Undergraduate,Founder,3,None
L2025-10181,Alum,ACT-13,High School,Member,1,None
L2025-10181,Alum,ACT-31,High School,Officer,1,State
L2025-10181,Alum,ACT-17,High School,Founder,1,School
L2025-10181,Alum,ACT-12,High School,Officer,3,Regional
L2025-10181,Alum,ACT-07,High School,Member,1,None
L2025-10181,Alum,ACT-22,Undergraduate,Member,3,School
L2025-10181,Alum,ACT-12,Undergraduate,Member,3,State
L2019-10182,Alum,ACT-06,High School,President,4,None
L2019-10182,Alum,ACT-12,High School,President,3,Regional
L2019-10182,Alum,ACT-17,High School,Founder,4,None
L2019-10182,Alum,ACT-13,High School,Member,4,State
L2019-10182,Alum,ACT-05,High School,Member,1,State
L2019-10182,Alum,ACT-06,Undergraduate,Member,3,School
L2019-10182,Alum,ACT-18,Undergraduate,Officer,1,School
L2019-10182,Alum,ACT-01,Undergraduate,Captain,3,Regional
L2020-10183,Alum,ACT-22,High School,Officer,1,None
L2020-10183,Alum,ACT-05,High School,Member,3,Regional
L2020-10183,Alum,ACT-12,High School,Officer,1,School
L2020-10183,Alum,ACT-06,Undergraduate,President,2,School
L2020-10183,Alum,ACT-12,Undergraduate,Member,4,None
L2021-10184,Alum,ACT-12,High School,Member,3,School
L2021-10184,Alum,ACT-01,High School,Founder,4,None
L2021-10184,Alum,ACT-10,High School,Member,4,None
L2021-10184,Alum,ACT-09,High School,Officer,1,School
L2021-10184,Alum,ACT-15,High School,Member,1,State
L2021-10184,Alum,ACT-06,Undergraduate,Member,4,None
L2021-10184,Alum,ACT-23,Undergraduate,Member,2,National
L2022-10185,Alum,ACT-12,High School,Founder,2,School
L2022-10185,Alum,ACT-19,High School,President,3,State
L2022-10185,Alum,ACT-15,High School,Officer,3,None
L2022-10185,Alum,ACT-12,Undergraduate,Member,2,None
L2022-10185,Alum,ACT-06,Undergraduate,Member,4,None
L2023-10186,Alum,ACT-05,High School,Member,1,None
L2023-10186,Alum,ACT-23,High School,Captain,2,School
L2023-10186,Alum,ACT-12,High School,President,3,None
L2023-10186,Alum,ACT-25,High School,Member,1,None
L2023-10186,Alum,ACT-02,High School,Officer,3,None
L2023-10186,Alum,ACT-10,High School,President,4,State
L2023-10186,Alum,ACT-31,Undergraduate,Captain,2,School
L2024-10187,Alum,ACT-23,High School,Founder,2,None
L2024-10187,Alum,ACT-05,High School,Member,3,Regional
L2024-10187,Alum,ACT-17,High School,President,2,Regional
L2024-10187,Alum,ACT-17,Undergraduate,Officer,3,None
L2024-10187,Alum,ACT-08,Undergraduate,Founder,2,None
L2024-10187,Alum,ACT-22,Undergraduate,Member,1,School
L2025-10188,Alum,ACT-08,High School,Officer,3,School
L2025-10188,Alum,ACT-13,High School,Member,2,School
L2025-10188,Alum,ACT-10,High School,Member,1,Regional
L2025-10188,Alum,ACT-30,Undergraduate,Officer,3,National
L2025-10188,Alum,ACT-14,Undergraduate,Member,4,School
L2025-10188,Alum,ACT-20,Undergraduate,Member,2,National
L2019-10189,Alum,ACT-15,High School,Officer,2,State
L2019-10189,Alum,ACT-12,High School,Member,4,None
L2019-10189,Alum,ACT-05,High School,Officer,4,None
L2019-10189,Alum,ACT-04,High School,Member,2,Regional
L2019-10189,Alum,ACT-23,Undergraduate,Member,1,None
L2019-10189,Alum,ACT-29,Undergraduate,President,3,None
L2020-10190,Alum,ACT-07,High School,President,2,State
L2020-10190,Alum,ACT-15,High School,President,4,Regional
L2020-10190,Alum,ACT-13,High School,Member,1,None
L2020-10190,Alum,ACT-04,High School,President,3,School
L2020-10190,Alum,ACT-24,Undergraduate,Member,2,None
L2020-10190,Alum,ACT-06,Undergraduate,Member,4,School
L2021-10191,Alum,ACT-05,High School,Member,3,None
L2021-10191,Alum,ACT-04,High School,Founder,2,None
L2021-10191,Alum,ACT-01,High School,Member,3,None
L2021-10191,Alum,ACT-06,High School,Member,2,None
L2021-10191,Alum,ACT-12,High School,Member,4,School
L2021-10191,Alum,ACT-11,Undergraduate,Member,3,None
L2021-10191,Alum,ACT-12,Undergraduate,Officer,3,School
L2021-10191,Alum,ACT-23,Undergraduate,Captain,2,School
L2022-10192,Alum,ACT-06,High School,Officer,4,None
L2022-10192,Alum,ACT-01,High School,Member,2,School
L2022-10192,Alum,ACT-10,High School,Member,1,Regional
L2022-10192,Alum,ACT-15,Undergraduate,Member,2,State
L2022-10192,Alum,ACT-05,Undergraduate,Member,4,None
L2022-10192,Alum,ACT-21,Undergraduate,Officer,4,None
L2023-10193,Alum,ACT-01,High School,Member,4,School
L2023-10193,Alum,ACT-23,High School,Member,1,Regional
L2023-10193,Alum,ACT-06,High School,Member,2,None
L2023-10193,Alum,ACT-15,High School,Member,4,None
L2023-10193,Alum,ACT-18,Undergraduate,Captain,2,None
L2023-10193,Alum,ACT-23,Undergraduate,President,2,None
L2024-10194,Alum,ACT-23,High School,Member,4,None
L2024-10194,Alum,ACT-21,High School,Member,3,School
L2024-10194,Alum,ACT-13,High School,Member,3,School
L2024-10194,Alum,ACT-09,High School,Officer,2,None
L2024-10194,Alum,ACT-27,High School,Member,3,None
L2024-10194,Alum,ACT-08,Undergraduate,Officer,1,None
L2024-10194,Alum,ACT-12,Undergraduate,Member,1,None
L2024-10194,Alum,ACT-31,Undergraduate,Officer,3,Regional
L2025-10195,Alum,ACT-23,High School,Member,1,None
L2025-10195,Alum,ACT-21,High School,Member,4,None
L2025-10195,Alum,ACT-12,High School,Officer,4,None
L2025-10195,Alum,ACT-15,High School,Captain,1,None
L2025-10195,Alum,ACT-02,High School,Member,4,None
L2025-10195,Alum,ACT-19,High School,Member,4,None
L2025-10195,Alum,ACT-15,Undergraduate,Officer,3,National
L2019-10196,Alum,ACT-23,High School,Member,1,Regional
L2019-10196,Alum,ACT-27,High School,Member,1,None
L2019-10196,Alum,ACT-30,High School,Member,3,None
L2019-10196,Alum,ACT-12,High School,Member,1,School
L2019-10196,Alum,ACT-08,High School,Member,4,Regional
L2019-10196,Alum,ACT-24,Undergraduate,Officer,2,None
L2019-10196,Alum,ACT-08,Undergraduate,Officer,1,School
L2019-10196,Alum,ACT-12,Undergraduate,Officer,2,None
L2020-10197,Alum,ACT-12,High School,Officer,1,None
L2020-10197,Alum,ACT-01,High School,Member,4,National
L2020-10197,Alum,ACT-30,High School,Member,1,None
L2020-10197,Alum,ACT-06,High School,President,1,None
L2020-10197,Alum,ACT-24,High School,President,3,Regional
L2020-10197,Alum,ACT-05,Undergraduate,Officer,1,None
L2021-10198,Alum,ACT-06,High School,Member,4,None
L2021-10198,Alum,ACT-08,High School,Captain,1,None
L2021-10198,Alum,ACT-15,High School,Captain,4,None
L2021-10198,Alum,ACT-17,High School,Captain,1,Regional
L2021-10198,Alum,ACT-12,Undergraduate,Captain,2,None
L2021-10198,Alum,ACT-31,Undergraduate,Member,2,National
L2021-10198,Alum,ACT-09,Undergraduate,Officer,3,State
L2022-10199,Alum,ACT-12,High School,Member,2,School
L2022-10199,Alum,ACT-23,High School,Captain,2,None
L2022-10199,Alum,ACT-01,High School,Member,3,School
L2022-10199,Alum,ACT-08,High School,Member,2,None
L2022-10199,Alum,ACT-29,Undergraduate,Member,2,State
L2022-10199,Alum,ACT-27,Undergraduate,Captain,1,State
L2022-10199,Alum,ACT-33,Undergraduate,Member,2,School
L2023-10200,Alum,ACT-15,High School,Member,1,School
L2023-10200,Alum,ACT-12,High School,Officer,4,State
L2023-10200,Alum,ACT-22,High School,Officer,4,None
L2023-10200,Alum,ACT-08,High School,Member,4,None
L2023-10200,Alum,ACT-01,High School,Member,2,Regional
L2023-10200,Alum,ACT-25,Undergraduate,Member,2,Regional
L2024-10201,Alum,ACT-06,High School,Member,2,Regional
L2024-10201,Alum,ACT-23,High School,Member,2,School
L2024-10201,Alum,ACT-28,High School,Captain,1,School
L2024-10201,Alum,ACT-12,High School,Member,4,None
L2024-10201,Alum,ACT-03,High School,Member,3,None
L2024-10201,Alum,ACT-27,Undergraduate,Member,3,None
L2025-10202,Alum,ACT-12,High School,Member,1,School
L2025-10202,Alum,ACT-19,High School,Member,4,State
L2025-10202,Alum,ACT-28,High School,Member,1,None
L2025-10202,Alum,ACT-23,High School,Captain,1,National
L2025-10202,Alum,ACT-21,High School,Captain,4,None
L2025-10202,Alum,ACT-23,Undergraduate,Captain,3,Regional
L2019-10203,Alum,ACT-25,High School,Officer,3,School
L2019-10203,Alum,ACT-12,High School,President,2,None
L2019-10203,Alum,ACT-09,High School,Member,4,None
L2019-10203,Alum,ACT-15,High School,Captain,4,None
L2019-10203,Alum,ACT-16,Undergraduate,Member,1,None
L2019-10203,Alum,ACT-11,Undergraduate,Member,4,None
L2020-10204,Alum,ACT-12,High School,Officer,3,Regional
L2020-10204,Alum,ACT-10,High School,Founder,3,None
L2020-10204,Alum,ACT-08,High School,Officer,2,Regional
L2020-10204,Alum,ACT-13,High School,Captain,4,None
L2020-10204,Alum,ACT-12,Undergraduate,Member,1,State
L2021-10205,Alum,ACT-25,High School,Officer,2,None
L2021-10205,Alum,ACT-12,High School,Member,3,None
L2021-10205,Alum,ACT-15,High School,Member,1,None
L2021-10205,Alum,ACT-01,High School,Member,1,School
L2021-10205,Alum,ACT-01,Undergraduate,Member,3,School
L2022-10206,Alum,ACT-30,High School,Member,3,None
L2022-10206,Alum,ACT-17,High School,Member,4,Regional
L2022-10206,Alum,ACT-04,High School,Founder,2,None
L2022-10206,Alum,ACT-15,High School,Member,2,None
L2022-10206,Alum,ACT-02,High School,Member,2,None
L2022-10206,Alum,ACT-14,High School,Member,3,None
L2022-10206,Alum,ACT-09,Undergraduate,Member,2,None
L2022-10206,Alum,ACT-12,Undergraduate,Officer,1,School
L2023-10207,Alum,ACT-12,High School,Member,4,School
L2023-10207,Alum,ACT-19,High School,Captain,2,None
L2023-10207,Alum,ACT-13,High School,Member,4,School
L2023-10207,Alum,ACT-26,High School,Member,3,School
L2023-10207,Alum,ACT-05,Undergraduate,Member,4,State
L2024-10208,Alum,ACT-23,High School,Captain,2,None
L2024-10208,Alum,ACT-12,High School,Member,1,School
L2024-10208,Alum,ACT-20,High School,Founder,2,Regional
L2024-10208,Alum,ACT-13,High School,Member,1,School
L2024-10208,Alum,ACT-06,Undergraduate,Officer,3,None
L2024-10208,Alum,ACT-07,Undergraduate,Officer,1,None
L2025-10209,Alum,ACT-08,High School,Member,1,None
L2025-10209,Alum,ACT-02,High School,President,2,None
L2025-10209,Alum,ACT-13,High School,Member,3,Regional
L2025-10209,Alum,ACT-12,High School,Captain,2,Regional
L2025-10209,Alum,ACT-13,Undergraduate,Member,4,School
L2025-10209,Alum,ACT-08,Undergraduate,Captain,4,None
L2019-10210,Alum,ACT-23,High School,President,2,None
L2019-10210,Alum,ACT-12,High School,Captain,4,Regional
L2019-10210,Alum,ACT-15,High School,Member,2,None
L2019-10210,Alum,ACT-21,High School,Officer,1,None
L2019-10210,Alum,ACT-23,Undergraduate,Founder,1,National
L2019-10210,Alum,ACT-12,Undergraduate,Member,2,None
L2019-10210,Alum,ACT-28,Undergraduate,Member,4,Regional
L2020-10211,Alum,ACT-21,High School,Member,2,Regional
L2020-10211,Alum,ACT-12,High School,Captain,2,None
L2020-10211,Alum,ACT-07,High School,Member,4,School
L2020-10211,Alum,ACT-02,Undergraduate,Member,1,School
L2020-10211,Alum,ACT-31,Undergraduate,Member,2,School
L2020-10211,Alum,ACT-08,Undergraduate,Member,3,National
L2021-10212,Alum,ACT-16,High School,Captain,2,None
L2021-10212,Alum,ACT-12,High School,Member,4,School
L2021-10212,Alum,ACT-03,High School,Member,2,Regional
L2021-10212,Alum,ACT-30,High School,Member,1,School
L2021-10212,Alum,ACT-23,High School,Member,1,School
L2021-10212,Alum,ACT-12,Undergraduate,Member,1,None
L2021-10212,Alum,ACT-22,Undergraduate,Member,1,School
L2022-10213,Alum,ACT-12,High School,Officer,1,School
L2022-10213,Alum,ACT-18,High School,Member,3,None
L2022-10213,Alum,ACT-15,High School,Member,3,School
L2022-10213,Alum,ACT-20,High School,Officer,1,None
L2022-10213,Alum,ACT-17,Undergraduate,Member,3,National
L2022-10213,Alum,ACT-25,Undergraduate,Member,4,State
L2023-10214,Alum,ACT-12,High School,Officer,4,None
L2023-10214,Alum,ACT-15,High School,Member,3,National
L2023-10214,Alum,ACT-02,High School,President,4,School
L2023-10214,Alum,ACT-13,High School,Member,1,School
L2023-10214,Alum,ACT-08,Undergraduate,Member,2,Regional
L2023-10214,Alum,ACT-07,Undergraduate,Member,4,School
L2024-10215,Alum,ACT-12,High School,President,2,School
L2024-10215,Alum,ACT-05,High School,Member,4,Regional
L2024-10215,Alum,ACT-30,High School,Member,3,None
L2024-10215,Alum,ACT-17,High School,Member,1,None
L2024-10215,Alum,ACT-15,High School,Member,1,School
L2024-10215,Alum,ACT-12,Undergraduate,Member,1,School
L2024-10215,Alum,ACT-23,Undergraduate,Captain,1,Regional
L2025-10216,Alum,ACT-12,High School,Officer,1,State
L2025-10216,Alum,ACT-24,High School,Founder,3,School
L2025-10216,Alum,ACT-06,High School,Member,3,School
L2025-10216,Alum,ACT-26,High School,Captain,2,State
L2025-10216,Alum,ACT-06,Undergraduate,Member,3,School
L2025-10216,Alum,ACT-15,Undergraduate,Member,3,State
L2025-10216,Alum,ACT-11,Undergraduate,Member,3,None
L2019-10217,Alum,ACT-12,High School,Member,4,School
L2019-10217,Alum,ACT-27,High School,Officer,2,None
L2019-10217,Alum,ACT-18,High School,Member,2,State
L2019-10217,Alum,ACT-14,High School,Member,4,None
L2019-10217,Alum,ACT-06,High School,Member,1,School
L2019-10217,Alum,ACT-06,Undergraduate,Member,3,School
L2019-10217,Alum,ACT-09,Undergraduate,Officer,1,None
L2020-10218,Alum,ACT-12,High School,Officer,2,Regional
L2020-10218,Alum,ACT-23,High School,President,1,State
L2020-10218,Alum,ACT-02,High School,Member,2,None
L2020-10218,Alum,ACT-08,High School,Officer,2,None
L2020-10218,Alum,ACT-01,High School,Member,4,None
L2020-10218,Alum,ACT-13,Undergraduate,Member,2,None
L2021-10219,Alum,ACT-12,High School,Member,2,None
L2021-10219,Alum,ACT-06,High School,Member,3,None
L2021-10219,Alum,ACT-22,High School,Officer,2,School
L2021-10219,Alum,ACT-10,High School,Officer,3,School
L2021-10219,Alum,ACT-05,High School,Officer,2,None
L2021-10219,Alum,ACT-19,Undergraduate,Member,4,None
L2021-10219,Alum,ACT-31,Undergraduate,Member,3,None
L2021-10219,Alum,ACT-08,Undergraduate,Member,3,None
L2022-10220,Alum,ACT-03,High School,Member,4,National
L2022-10220,Alum,ACT-30,High School,Member,3,School
L2022-10220,Alum,ACT-25,High School,Member,3,State
L2022-10220,Alum,ACT-07,Undergraduate,Member,1,Regional
L2022-10220,Alum,ACT-10,Undergraduate,Captain,1,None
L2023-10221,Alum,ACT-27,High School,Member,2,None
L2023-10221,Alum,ACT-08,High School,President,2,State
L2023-10221,Alum,ACT-23,High School,Member,4,Regional
L2023-10221,Alum,ACT-31,High School,Member,4,School
L2023-10221,Alum,ACT-15,High School,Member,2,None
L2023-10221,Alum,ACT-05,Undergraduate,Member,2,None
L2023-10221,Alum,ACT-12,Undergraduate,Member,4,School
L2023-10221,Alum,ACT-37,Undergraduate,Member,1,School
L2024-10222,Alum,ACT-23,High School,Officer,3,School
L2024-10222,Alum,ACT-05,High School,Member,3,None
L2024-10222,Alum,ACT-06,High School,President,2,National
L2024-10222,Alum,ACT-27,Undergraduate,Member,4,Regional
L2025-10223,Alum,ACT-13,High School,Member,3,School
L2025-10223,Alum,ACT-02,High School,Member,1,None
L2025-10223,Alum,ACT-28,High School,Founder,4,None
L2025-10223,Alum,ACT-23,High School,Member,4,School
L2025-10223,Alum,ACT-12,Undergraduate,Member,3,None
L2025-10223,Alum,ACT-23,Undergraduate,Founder,3,School
L2025-10223,Alum,ACT-03,Undergraduate,Member,2,State
L2019-10224,Alum,ACT-01,High School,President,2,None
L2019-10224,Alum,ACT-18,High School,Member,1,State
L2019-10224,Alum,ACT-13,High School,Officer,4,None
L2019-10224,Alum,ACT-12,High School,Member,2,None
L2019-10224,Alum,ACT-07,High School,Member,2,National
L2019-10224,Alum,ACT-15,Undergraduate,President,3,None
L2019-10224,Alum,ACT-01,Undergraduate,Member,3,None
L2020-10225,Alum,ACT-01,High School,Member,4,Regional
L2020-10225,Alum,ACT-09,High School,Member,2,None
L2020-10225,Alum,ACT-06,High School,Member,4,School
L2020-10225,Alum,ACT-15,Undergraduate,Member,3,None
L2020-10225,Alum,ACT-18,Undergraduate,Member,4,National
L2021-10226,Alum,ACT-08,High School,Member,4,Regional
L2021-10226,Alum,ACT-23,High School,Founder,2,Regional
L2021-10226,Alum,ACT-12,High School,Member,2,School
L2021-10226,Alum,ACT-06,High School,Captain,4,Regional
L2021-10226,Alum,ACT-23,Undergraduate,Member,1,None
L2021-10226,Alum,ACT-11,Undergraduate,Member,2,None
L2021-10226,Alum,ACT-02,Undergraduate,Officer,3,None
L2022-10227,Alum,ACT-12,High School,Member,3,National
L2022-10227,Alum,ACT-09,High School,Member,2,None
L2022-10227,Alum,ACT-14,High School,Member,1,None
L2022-10227,Alum,ACT-16,High School,Member,4,School
L2022-10227,Alum,ACT-27,Undergraduate,Officer,4,School
L2023-10228,Alum,ACT-28,High School,Member,3,School
L2023-10228,Alum,ACT-23,High School,Member,2,National
L2023-10228,Alum,ACT-19,High School,Member,1,None
L2023-10228,Alum,ACT-15,High School,Founder,3,None
L2023-10228,Alum,ACT-10,Undergraduate,Officer,3,School
L2023-10228,Alum,ACT-31,Undergraduate,Officer,2,None
L2024-10229,Alum,ACT-12,High School,Captain,1,None
L2024-10229,Alum,ACT-29,High School,Member,2,None
L2024-10229,Alum,ACT-01,High School,President,1,None
L2024-10229,Alum,ACT-13,High School,Member,1,School
L2024-10229,Alum,ACT-07,Undergraduate,Member,3,None
L2024-10229,Alum,ACT-22,Undergraduate,Member,1,Regional
L2024-10229,Alum,ACT-02,Undergraduate,Member,2,None
L2025-10230,Alum,ACT-28,High School,Member,2,School
L2025-10230,Alum,ACT-09,High School,Member,4,None
L2025-10230,Alum,ACT-25,High School,Officer,3,None
L2025-10230,Alum,ACT-04,Undergraduate,Member,3,State
L2025-10230,Alum,ACT-45,Undergraduate,Member,3,Regional
L2019-10231,Alum,ACT-16,High School,Member,2,Regional
L2019-10231,Alum,ACT-10,High School,Member,3,None
L2019-10231,Alum,ACT-15,High School,Captain,1,None
L2019-10231,Alum,ACT-15,Undergraduate,Member,4,School
L2019-10231,Alum,ACT-24,Undergraduate,Member,2,None
L2019-10231,Alum,ACT-08,Undergraduate,President,4,None
L2020-10232,Alum,ACT-08,High School,Member,3,State
L2020-10232,Alum,ACT-01,High School,Founder,2,None
L2020-10232,Alum,ACT-19,High School,Captain,4,None
L2020-10232,Alum,ACT-12,High School,Member,4,None
L2020-10232,Alum,ACT-12,Undergraduate,Member,2,School
L2021-10233,Alum,ACT-12,High School,Member,1,None
L2021-10233,Alum,ACT-31,High School,Officer,2,None
L2021-10233,Alum,ACT-03,High School,Officer,3,None
L2021-10233,Alum,ACT-26,High School,President,3,Regional
L2021-10233,Alum,ACT-15,Undergraduate,Member,1,None
L2021-10233,Alum,ACT-16,Undergraduate,Member,4,None
L2021-10233,Alum,ACT-09,Undergraduate,Member,1,State
L2022-10234,Alum,ACT-17,High School,Member,4,None
L2022-10234,Alum,ACT-12,High School,Member,4,None
L2022-10234,Alum,ACT-06,High School,Captain,1,Regional
L2022-10234,Alum,ACT-10,Undergraduate,Member,3,None
L2022-10234,Alum,ACT-12,Undergraduate,Member,2,Regional
L2022-10234,Alum,ACT-23,Undergraduate,Member,4,School
L2023-10235,Alum,ACT-01,High School,Member,3,School
L2023-10235,Alum,ACT-15,High School,Member,2,Regional
L2023-10235,Alum,ACT-19,High School,Member,4,None
L2023-10235,Alum,ACT-07,High School,Member,2,Regional
L2023-10235,Alum,ACT-05,High School,Member,2,School
L2023-10235,Alum,ACT-05,Undergraduate,Member,4,None
L2023-10235,Alum,ACT-23,Undergraduate,Member,1,None
L2024-10236,Alum,ACT-12,High School,President,2,None
L2024-10236,Alum,ACT-27,High School,Member,3,None
L2024-10236,Alum,ACT-15,High School,Member,2,School
L2024-10236,Alum,ACT-08,High School,Member,4,Regional
L2024-10236,Alum,ACT-01,High School,Member,3,None
L2024-10236,Alum,ACT-12,Undergraduate,Officer,1,School
L2025-10237,Alum,ACT-08,High School,Captain,1,None
L2025-10237,Alum,ACT-29,High School,Member,1,None
L2025-10237,Alum,ACT-15,High School,Member,2,School
L2025-10237,Alum,ACT-23,Undergraduate,Member,4,None
L2025-10237,Alum,ACT-08,Undergraduate,Member,1,None
L2019-10238,Alum,ACT-12,High School,Member,1,State
L2019-10238,Alum,ACT-29,High School,Member,1,None
L2019-10238,Alum,ACT-08,High School,Member,1,None
L2019-10238,Alum,ACT-17,High School,Member,2,National
L2019-10238,Alum,ACT-06,Undergraduate,Member,2,None
L2020-10239,Alum,ACT-17,High School,Member,1,None
L2020-10239,Alum,ACT-12,High School,Member,2,None
L2020-10239,Alum,ACT-15,High School,Officer,2,None
L2020-10239,Alum,ACT-01,Undergraduate,Member,4,None
L2020-10239,Alum,ACT-12,Undergraduate,Member,1,None
L2020-10239,Alum,ACT-05,Undergraduate,Member,4,None
L2021-10240,Alum,ACT-05,High School,Member,4,School
L2021-10240,Alum,ACT-12,High School,Officer,2,None
L2021-10240,Alum,ACT-21,High School,Member,3,None
L2021-10240,Alum,ACT-17,High School,Member,2,National
L2021-10240,Alum,ACT-08,High School,Member,2,School
L2021-10240,Alum,ACT-19,Undergraduate,Member,4,School
L2021-10240,Alum,ACT-06,Undergraduate,Member,3,School
L2022-10241,Alum,ACT-23,High School,Member,4,None
L2022-10241,Alum,ACT-12,High School,President,1,Regional
L2022-10241,Alum,ACT-09,High School,Officer,3,School
L2022-10241,Alum,ACT-19,High School,Member,2,None
L2022-10241,Alum,ACT-04,High School,Member,2,School
L2022-10241,Alum,ACT-17,Undergraduate,Member,2,None
L2022-10241,Alum,ACT-19,Undergraduate,Member,3,None
L2023-10242,Alum,ACT-28,High School,Member,1,Regional
L2023-10242,Alum,ACT-07,High School,Officer,1,School
L2023-10242,Alum,ACT-23,High School,President,4,None
L2023-10242,Alum,ACT-08,High School,Officer,3,None
L2023-10242,Alum,ACT-08,Undergraduate,President,3,None
L2024-10243,Alum,ACT-15,High School,Founder,2,None
L2024-10243,Alum,ACT-01,High School,Member,2,Regional
L2024-10243,Alum,ACT-12,High School,Member,2,None
L2024-10243,Alum,ACT-06,High School,President,2,National
L2024-10243,Alum,ACT-23,High School,Member,1,Regional
L2024-10243,Alum,ACT-10,Undergraduate,Officer,3,None
L2024-10243,Alum,ACT-04,Undergraduate,Member,3,School
L2024-10243,Alum,ACT-08,Undergraduate,Officer,3,None
L2025-10244,Alum,ACT-12,High School,Officer,4,School
L2025-10244,Alum,ACT-17,High School,Member,3,None
L2025-10244,Alum,ACT-07,High School,Member,1,None
L2025-10244,Alum,ACT-15,Undergraduate,Member,2,None
L2019-10245,Alum,ACT-01,High School,Member,1,None
L2019-10245,Alum,ACT-20,High School,Officer,4,None
L2019-10245,Alum,ACT-15,High School,Member,3,State
L2019-10245,Alum,ACT-12,Undergraduate,Member,3,Regional
L2020-10246,Alum,ACT-24,High School,President,3,None
L2020-10246,Alum,ACT-17,High School,Member,2,Regional
L2020-10246,Alum,ACT-06,High School,Member,2,None
L2020-10246,Alum,ACT-09,High School,Member,4,State
L2020-10246,Alum,ACT-23,High School,Member,4,School
L2020-10246,Alum,ACT-13,Undergraduate,Officer,2,School
L2020-10246,Alum,ACT-27,Undergraduate,Member,3,None
L2020-10246,Alum,ACT-12,Undergraduate,Founder,1,Regional
L2021-10247,Alum,ACT-12,High School,Officer,4,School
L2021-10247,Alum,ACT-23,High School,Member,2,None
L2021-10247,Alum,ACT-16,High School,Member,1,Regional
L2021-10247,Alum,ACT-23,Undergraduate,Member,3,School
L2021-10247,Alum,ACT-04,Undergraduate,Member,4,None
L2021-10247,Alum,ACT-06,Undergraduate,Member,1,Regional
L2022-10248,Alum,ACT-04,High School,Member,3,None
L2022-10248,Alum,ACT-23,High School,Officer,4,None
L2022-10248,Alum,ACT-13,High School,Member,2,None
L2022-10248,Alum,ACT-19,Undergraduate,Captain,1,None
L2023-10249,Alum,ACT-12,High School,Member,3,State
L2023-10249,Alum,ACT-23,High School,Officer,2,None
L2023-10249,Alum,ACT-19,High School,Member,2,State
L2023-10249,Alum,ACT-17,High School,Captain,3,Regional
L2023-10249,Alum,ACT-15,High School,Officer,2,None
L2023-10249,Alum,ACT-12,Undergraduate,Officer,2,State
L2023-10249,Alum,ACT-20,Undergraduate,Member,1,State
L2023-10249,Alum,ACT-04,Undergraduate,Member,2,None
L2024-10250,Alum,ACT-04,High School,Captain,4,Regional
L2024-10250,Alum,ACT-12,High School,Founder,3,State
L2024-10250,Alum,ACT-02,High School,Officer,4,Regional
L2024-10250,Alum,ACT-01,High School,Officer,3,Regional
L2024-10250,Alum,ACT-21,Undergraduate,Member,3,None
L2024-10250,Alum,ACT-12,Undergraduate,Captain,3,None
L2024-10250,Alum,ACT-32,Undergraduate,Member,4,None
L2025-10251,Alum,ACT-09,High School,Member,3,School
L2025-10251,Alum,ACT-20,High School,Member,3,None
L2025-10251,Alum,ACT-05,High School,Officer,1,State
L2025-10251,Alum,ACT-26,High School,Member,1,Regional
L2025-10251,Alum,ACT-01,High School,President,1,None
L2025-10251,Alum,ACT-18,Undergraduate,Member,2,Regional
L2025-10251,Alum,ACT-21,Undergraduate,Member,2,None
L2019-10252,Alum,ACT-24,High School,Member,2,None
L2019-10252,Alum,ACT-05,High School,President,2,None
L2019-10252,Alum,ACT-23,High School,President,2,School
L2019-10252,Alum,ACT-08,High School,Member,3,School
L2019-10252,Alum,ACT-12,Undergraduate,Member,3,State
L2019-10252,Alum,ACT-06,Undergraduate,Member,3,School
L2019-10252,Alum,ACT-17,Undergraduate,Captain,1,School
L2020-10253,Alum,ACT-21,High School,Member,2,None
L2020-10253,Alum,ACT-24,High School,Member,3,Regional
L2020-10253,Alum,ACT-02,High School,President,4,School
L2020-10253,Alum,ACT-30,High School,Member,3,None
L2020-10253,Alum,ACT-23,High School,Officer,3,None
L2020-10253,Alum,ACT-12,Undergraduate,Captain,4,Regional
L2020-10253,Alum,ACT-19,Undergraduate,Officer,3,None
L2021-10254,Alum,ACT-05,High School,Member,1,None
L2021-10254,Alum,ACT-13,High School,Member,1,None
L2021-10254,Alum,ACT-12,High School,Member,4,None
L2021-10254,Alum,ACT-19,Undergraduate,Member,4,None
L2022-10255,Alum,ACT-06,High School,Officer,2,None
L2022-10255,Alum,ACT-17,High School,Member,3,None
L2022-10255,Alum,ACT-15,High School,Member,3,State
L2022-10255,Alum,ACT-23,High School,Founder,1,School
L2022-10255,Alum,ACT-12,Undergraduate,Member,1,None
L2022-10255,Alum,ACT-02,Undergraduate,Member,1,School
L2023-10256,Alum,ACT-17,High School,Member,4,None
L2023-10256,Alum,ACT-15,High School,Captain,4,Regional
L2023-10256,Alum,ACT-02,High School,Officer,1,None
L2023-10256,Alum,ACT-30,Undergraduate,Member,4,Regional
L2023-10256,Alum,ACT-17,Undergraduate,President,4,State
L2023-10256,Alum,ACT-29,Undergraduate,Officer,4,None
L2024-10257,Alum,ACT-24,High School,Member,4,None
L2024-10257,Alum,ACT-08,High School,Member,3,None
L2024-10257,Alum,ACT-29,High School,Captain,3,School
L2024-10257,Alum,ACT-15,Undergraduate,President,2,None
L2024-10257,Alum,ACT-26,Undergraduate,Member,4,School
L2025-10258,Alum,ACT-12,High School,Officer,2,Regional
L2025-10258,Alum,ACT-21,High School,Member,1,None
L2025-10258,Alum,ACT-13,High School,Officer,3,None
L2025-10258,Alum,ACT-03,Undergraduate,Member,1,None
L2025-10258,Alum,ACT-23,Undergraduate,Member,1,State
L2019-10259,Alum,ACT-11,High School,Member,1,Regional
L2019-10259,Alum,ACT-09,High School,Member,4,None
L2019-10259,Alum,ACT-17,High School,Member,3,School
L2019-10259,Alum,ACT-28,High School,Member,4,School
L2019-10259,Alum,ACT-13,High School,Captain,4,None
L2019-10259,Alum,ACT-12,High School,President,4,Regional
L2019-10259,Alum,ACT-05,Undergraduate,Member,4,State
L2019-10259,Alum,ACT-08,Undergraduate,President,3,School
L2019-10259,Alum,ACT-01,Undergraduate,Member,4,None
L2020-10260,Alum,ACT-27,High School,Member,2,School
L2020-10260,Alum,ACT-23,High School,Member,1,Regional
L2020-10260,Alum,ACT-02,High School,Officer,4,None
L2020-10260,Alum,ACT-20,High School,Member,4,None
L2020-10260,Alum,ACT-26,High School,Member,2,None
L2020-10260,Alum,ACT-17,Undergraduate,Member,4,National
L2020-10260,Alum,ACT-07,Undergraduate,Member,1,School
L2020-10260,Alum,ACT-29,Undergraduate,Captain,2,None
L2021-10261,Alum,ACT-08,High School,Founder,2,None
L2021-10261,Alum,ACT-23,High School,Officer,2,None
L2021-10261,Alum,ACT-04,High School,Member,2,None
L2021-10261,Alum,ACT-01,High School,Member,1,School
L2021-10261,Alum,ACT-05,High School,Member,3,State
L2021-10261,Alum,ACT-21,High School,Member,2,None
L2021-10261,Alum,ACT-05,Undergraduate,President,1,Regional
L2021-10261,Alum,ACT-01,Undergraduate,Member,1,None
L2022-10262,Alum,ACT-15,High School,Member,1,None
L2022-10262,Alum,ACT-12,High School,Member,3,State
L2022-10262,Alum,ACT-21,High School,Member,3,National
L2022-10262,Alum,ACT-07,High School,Member,1,None
L2022-10262,Alum,ACT-17,Undergraduate,Officer,1,School
L2022-10262,Alum,ACT-05,Undergraduate,Officer,2,State
L2022-10262,Alum,ACT-10,Undergraduate,Member,4,State
L2023-10263,Alum,ACT-31,High School,Officer,2,National
L2023-10263,Alum,ACT-16,High School,Member,3,None
L2023-10263,Alum,ACT-18,High School,Member,2,Regional
L2023-10263,Alum,ACT-15,High School,Member,1,None
L2023-10263,Alum,ACT-04,High School,Captain,1,None
L2023-10263,Alum,ACT-09,Undergraduate,Founder,3,None
L2023-10263,Alum,ACT-33,Undergraduate,Member,4,None
L2024-10264,Alum,ACT-22,High School,Officer,3,None
L2024-10264,Alum,ACT-01,High School,Member,1,School
L2024-10264,Alum,ACT-25,High School,Member,4,Regional
L2024-10264,Alum,ACT-29,Undergraduate,Member,2,Regional
L2024-10264,Alum,ACT-15,Undergraduate,Member,3,Regional
L2024-10264,Alum,ACT-21,Undergraduate,Member,2,None
L2025-10265,Alum,ACT-23,High School,Member,1,None
L2025-10265,Alum,ACT-25,High School,Member,4,None
L2025-10265,Alum,ACT-05,High School,Member,4,School
L2025-10265,Alum,ACT-17,High School,Founder,3,None
L2025-10265,Alum,ACT-01,Undergraduate,Member,3,None
L2025-10265,Alum,ACT-12,Undergraduate,Member,4,None
L2019-10266,Alum,ACT-23,High School,Member,2,Regional
L2019-10266,Alum,ACT-15,High School,Captain,4,None
L2019-10266,Alum,ACT-12,High School,Captain,3,State
L2019-10266,Alum,ACT-09,Undergraduate,Member,1,Regional
L2019-10266,Alum,ACT-31,Undergraduate,Member,4,None
L2020-10267,Alum,ACT-06,High School,Officer,4,None
L2020-10267,Alum,ACT-23,High School,Captain,3,None
L2020-10267,Alum,ACT-21,High School,Member,3,None
L2020-10267,Alum,ACT-24,High School,Member,3,None
L2020-10267,Alum,ACT-08,Undergraduate,Member,4,National
L2020-10267,Alum,ACT-12,Undergraduate,Officer,2,School
L2020-10267,Alum,ACT-15,Undergraduate,Officer,4,State
L2021-10268,Alum,ACT-06,High School,Captain,4,National
L2021-10268,Alum,ACT-12,High School,Member,1,None
L2021-10268,Alum,ACT-02,High School,Member,4,Regional
L2021-10268,Alum,ACT-17,High School,President,3,None
L2021-10268,Alum,ACT-09,High School,Founder,2,None
L2021-10268,Alum,ACT-04,Undergraduate,Captain,3,None
L2022-10269,Alum,ACT-11,High School,President,4,None
L2022-10269,Alum,ACT-13,High School,Member,1,State
L2022-10269,Alum,ACT-23,High School,Member,4,None
L2022-10269,Alum,ACT-27,High School,Member,1,None
L2022-10269,Alum,ACT-02,High School,Member,4,None
L2022-10269,Alum,ACT-25,High School,Member,2,School
L2022-10269,Alum,ACT-12,Undergraduate,Member,2,School
L2023-10270,Alum,ACT-07,High School,Founder,1,None
L2023-10270,Alum,ACT-08,High School,Officer,2,None
L2023-10270,Alum,ACT-12,High School,Officer,2,School
L2023-10270,Alum,ACT-23,High School,Member,1,School
L2023-10270,Alum,ACT-12,Undergraduate,Officer,4,None
L2023-10270,Alum,ACT-21,Undergraduate,Officer,4,None
L2023-10270,Alum,ACT-23,Undergraduate,Member,3,None
L2024-10271,Alum,ACT-06,High School,Officer,4,State
L2024-10271,Alum,ACT-25,High School,Officer,4,None
L2024-10271,Alum,ACT-21,High School,Officer,2,None
L2024-10271,Alum,ACT-03,Undergraduate,Member,2,School
L2025-10272,Alum,ACT-05,High School,Officer,4,School
L2025-10272,Alum,ACT-28,High School,Member,1,Regional
L2025-10272,Alum,ACT-15,High School,Founder,2,School
L2025-10272,Alum,ACT-23,High School,Member,3,School
L2025-10272,Alum,ACT-12,High School,President,4,None
L2025-10272,Alum,ACT-08,High School,Member,3,School
L2025-10272,Alum,ACT-23,Undergraduate,Member,2,None
L2025-10272,Alum,ACT-05,Undergraduate,Member,4,None
L2025-10272,Alum,ACT-12,Undergraduate,Member,1,None
L2019-10273,Alum,ACT-14,High School,Officer,1,None
L2019-10273,Alum,ACT-15,High School,Member,3,None
L2019-10273,Alum,ACT-12,High School,Member,3,None
L2019-10273,Alum,ACT-23,High School,Member,3,None
L2019-10273,Alum,ACT-06,Undergraduate,Officer,3,None
L2019-10273,Alum,ACT-10,Undergraduate,Member,4,School
L2020-10274,Alum,ACT-17,High School,Captain,4,None
L2020-10274,Alum,ACT-08,High School,Member,2,School
L2020-10274,Alum,ACT-04,High School,Officer,2,None
L2020-10274,Alum,ACT-15,High School,Member,4,None
L2020-10274,Alum,ACT-17,Undergraduate,Member,4,None
L2021-10275,Alum,ACT-09,High School,Member,4,Regional
L2021-10275,Alum,ACT-07,High School,Member,1,None
L2021-10275,Alum,ACT-27,High School,Member,1,Regional
L2021-10275,Alum,ACT-15,Undergraduate,President,2,None
L2021-10275,Alum,ACT-32,Undergraduate,Member,4,School
L2022-10276,Alum,ACT-19,High School,Member,1,None
L2022-10276,Alum,ACT-12,High School,Member,2,State
L2022-10276,Alum,ACT-05,High School,Member,1,None
L2022-10276,Alum,ACT-18,High School,President,4,None
L2022-10276,Alum,ACT-13,Undergraduate,Member,4,None
L2022-10276,Alum,ACT-08,Undergraduate,Member,4,School
L2022-10276,Alum,ACT-18,Undergraduate,Member,4,None
L2023-10277,Alum,ACT-06,High School,Member,3,None
L2023-10277,Alum,ACT-21,High School,Member,4,Regional
L2023-10277,Alum,ACT-20,High School,Member,4,Regional
L2023-10277,Alum,ACT-14,High School,Officer,3,School
L2023-10277,Alum,ACT-12,High School,Member,3,Regional
L2023-10277,Alum,ACT-18,High School,Member,4,None
L2023-10277,Alum,ACT-08,Undergraduate,Member,3,School
L2024-10278,Alum,ACT-21,High School,Member,2,None
L2024-10278,Alum,ACT-29,High School,Member,1,Regional
L2024-10278,Alum,ACT-08,High School,Officer,2,None
L2024-10278,Alum,ACT-02,High School,Member,2,School
L2024-10278,Alum,ACT-09,High School,Officer,4,None
L2024-10278,Alum,ACT-18,Undergraduate,Member,2,None
L2025-10279,Alum,ACT-12,High School,Member,4,School
L2025-10279,Alum,ACT-15,High School,Member,2,None
L2025-10279,Alum,ACT-08,High School,Member,3,State
L2025-10279,Alum,ACT-21,High School,Member,1,None
L2025-10279,Alum,ACT-04,Undergraduate,Member,4,State
L2019-10280,Alum,ACT-12,High School,Member,3,None
L2019-10280,Alum,ACT-11,High School,Member,3,None
L2019-10280,Alum,ACT-08,High School,Member,4,School
L2019-10280,Alum,ACT-06,High School,Officer,3,School
L2019-10280,Alum,ACT-24,High School,Member,1,State
L2019-10280,Alum,ACT-12,Undergraduate,Member,3,School
L2019-10280,Alum,ACT-08,Undergraduate,Member,1,National
L2019-10280,Alum,ACT-23,Undergraduate,Member,1,None
L2020-10281,Alum,ACT-13,High School,Member,1,Regional
L2020-10281,Alum,ACT-23,High School,Member,3,School
L2020-10281,Alum,ACT-11,High School,Member,4,None
L2020-10281,Alum,ACT-12,High School,Founder,4,None
L2020-10281,Alum,ACT-30,High School,Member,2,None
L2020-10281,Alum,ACT-12,Undergraduate,Member,3,State
L2020-10281,Alum,ACT-02,Undergraduate,Member,1,School
L2020-10281,Alum,ACT-15,Undergraduate,Officer,3,Regional
L2021-10282,Alum,ACT-07,High School,Member,4,None
L2021-10282,Alum,ACT-21,High School,Captain,4,Regional
L2021-10282,Alum,ACT-18,High School,Member,2,Regional
L2021-10282,Alum,ACT-17,High School,Officer,1,None
L2021-10282,Alum,ACT-15,High School,Member,4,None
L2021-10282,Alum,ACT-26,High School,Officer,1,Regional
L2021-10282,Alum,ACT-06,Undergraduate,President,2,School
L2021-10282,Alum,ACT-07,Undergraduate,Captain,2,State
L2022-10283,Alum,ACT-03,High School,Member,2,School
L2022-10283,Alum,ACT-16,High School,Member,2,School
L2022-10283,Alum,ACT-21,High School,Officer,1,None
L2022-10283,Alum,ACT-15,Undergraduate,Member,3,Regional
L2022-10283,Alum,ACT-07,Undergraduate,Member,4,Regional
L2022-10283,Alum,ACT-45,Undergraduate,Member,2,None
L2023-10284,Alum,ACT-04,High School,Officer,3,None
L2023-10284,Alum,ACT-19,High School,Member,3,Regional
L2023-10284,Alum,ACT-06,High School,Captain,4,None
L2023-10284,Alum,ACT-05,High School,Member,4,Regional
L2023-10284,Alum,ACT-12,Undergraduate,Founder,2,None
L2023-10284,Alum,ACT-23,Undergraduate,Member,4,School
L2024-10285,Alum,ACT-19,High School,Officer,4,None
L2024-10285,Alum,ACT-06,High School,Officer,4,State
L2024-10285,Alum,ACT-12,High School,Founder,1,School
L2024-10285,Alum,ACT-15,Undergraduate,Member,2,None
L2025-10286,Alum,ACT-28,High School,Member,4,None
L2025-10286,Alum,ACT-12,High School,Officer,1,None
L2025-10286,Alum,ACT-08,High School,Officer,1,None
L2025-10286,Alum,ACT-19,Undergraduate,Member,1,None
L2019-10287,Alum,ACT-12,High School,Officer,2,Regional
L2019-10287,Alum,ACT-02,High School,Member,3,None
L2019-10287,Alum,ACT-08,High School,Member,1,None
L2019-10287,Alum,ACT-14,High School,Officer,1,None
L2019-10287,Alum,ACT-15,High School,Member,4,School
L2019-10287,Alum,ACT-23,Undergraduate,Member,3,None
L2020-10288,Alum,ACT-02,High School,Captain,3,School
L2020-10288,Alum,ACT-24,High School,Captain,4,None
L2020-10288,Alum,ACT-01,High School,Member,3,School
L2020-10288,Alum,ACT-17,High School,Captain,1,None
L2020-10288,Alum,ACT-01,Undergraduate,Member,1,None
L2021-10289,Alum,ACT-17,High School,Member,3,None
L2021-10289,Alum,ACT-12,High School,Member,4,Regional
L2021-10289,Alum,ACT-23,High School,Member,1,None
L2021-10289,Alum,ACT-31,High School,Captain,3,None
L2021-10289,Alum,ACT-25,High School,Member,2,School
L2021-10289,Alum,ACT-16,Undergraduate,Member,4,Regional
L2021-10289,Alum,ACT-19,Undergraduate,Officer,4,None
L2021-10289,Alum,ACT-12,Undergraduate,Member,1,None
L2022-10290,Alum,ACT-18,High School,Member,2,School
L2022-10290,Alum,ACT-27,High School,Member,4,None
L2022-10290,Alum,ACT-23,High School,Member,3,State
L2022-10290,Alum,ACT-06,High School,Member,2,State
L2022-10290,Alum,ACT-13,High School,Member,1,State
L2022-10290,Alum,ACT-11,High School,Captain,4,National
L2022-10290,Alum,ACT-27,Undergraduate,Member,1,Regional
L2023-10291,Alum,ACT-26,High School,Member,3,School
L2023-10291,Alum,ACT-01,High School,Officer,4,Regional
L2023-10291,Alum,ACT-14,High School,Member,1,Regional
L2023-10291,Alum,ACT-17,Undergraduate,Captain,4,None
L2023-10291,Alum,ACT-01,Undergraduate,Captain,2,None
L2024-10292,Alum,ACT-13,High School,Member,3,School
L2024-10292,Alum,ACT-30,High School,Member,1,None
L2024-10292,Alum,ACT-12,High School,Member,1,School
L2024-10292,Alum,ACT-09,High School,Officer,1,National
L2024-10292,Alum,ACT-21,High School,Member,3,None
L2024-10292,Alum,ACT-11,Undergraduate,Member,4,None
L2024-10292,Alum,ACT-22,Undergraduate,Officer,4,None
L2025-10293,Alum,ACT-20,High School,Member,1,Regional
L2025-10293,Alum,ACT-12,High School,Officer,2,None
L2025-10293,Alum,ACT-23,High School,Member,2,School
L2025-10293,Alum,ACT-23,Undergraduate,Member,3,None
L2025-10293,Alum,ACT-41,Undergraduate,Captain,2,School
L2019-10294,Alum,ACT-21,High School,Founder,3,None
L2019-10294,Alum,ACT-23,High School,Member,4,None
L2019-10294,Alum,ACT-05,High School,Member,3,None
L2019-10294,Alum,ACT-01,High School,Member,1,School
L2019-10294,Alum,ACT-12,Undergraduate,Member,1,None
L2019-10294,Alum,ACT-15,Undergraduate,Member,1,Regional
L2020-10295,Alum,ACT-20,High School,Founder,4,None
L2020-10295,Alum,ACT-06,High School,Member,4,None
L2020-10295,Alum,ACT-04,High School,Member,3,School
L2020-10295,Alum,ACT-12,Undergraduate,Member,4,None
L2020-10295,Alum,ACT-19,Undergraduate,Founder,3,None
L2021-10296,Alum,ACT-23,High School,Member,3,None
L2021-10296,Alum,ACT-03,High School,Officer,1,None
L2021-10296,Alum,ACT-16,High School,Member,2,State
L2021-10296,Alum,ACT-21,Undergraduate,Member,1,Regional
L2021-10296,Alum,ACT-27,Undergraduate,Member,1,None
L2021-10296,Alum,ACT-07,Undergraduate,Founder,4,State
L2021-10296,Alum,ACT-35,Undergraduate,Member,4,None
L2022-10297,Alum,ACT-17,High School,Member,2,School
L2022-10297,Alum,ACT-21,High School,Captain,4,National
L2022-10297,Alum,ACT-24,High School,Captain,3,None
L2022-10297,Alum,ACT-12,High School,Officer,1,None
L2022-10297,Alum,ACT-02,High School,Officer,3,School
L2022-10297,Alum,ACT-21,Undergraduate,Officer,4,None
L2023-10298,Alum,ACT-09,High School,Member,3,None
L2023-10298,Alum,ACT-15,High School,Captain,1,Regional
L2023-10298,Alum,ACT-12,High School,Captain,1,School
L2023-10298,Alum,ACT-05,High School,President,1,School
L2023-10298,Alum,ACT-12,Undergraduate,Member,2,Regional
L2024-10299,Alum,ACT-13,High School,Member,3,None
L2024-10299,Alum,ACT-20,High School,Member,2,None
L2024-10299,Alum,ACT-08,High School,Officer,3,None
L2024-10299,Alum,ACT-05,High School,Captain,3,None
L2024-10299,Alum,ACT-06,High School,President,2,Regional
L2024-10299,Alum,ACT-10,Undergraduate,Officer,4,None
L2024-10299,Alum,ACT-23,Undergraduate,Officer,2,School
L2025-10300,Alum,ACT-15,High School,Member,3,Regional
L2025-10300,Alum,ACT-19,High School,Member,3,None
L2025-10300,Alum,ACT-16,High School,Officer,2,None
L2025-10300,Alum,ACT-10,High School,Member,1,National
L2025-10300,Alum,ACT-23,High School,Officer,1,None
L2025-10300,Alum,ACT-17,Undergraduate,Member,2,None
L2025-10300,Alum,ACT-29,Undergraduate,Member,2,None
L2019-10301,Alum,ACT-23,High School,Member,1,School
L2019-10301,Alum,ACT-15,High School,Member,4,None
L2019-10301,Alum,ACT-07,High School,President,3,Regional
L2019-10301,Alum,ACT-09,High School,Officer,3,School
L2019-10301,Alum,ACT-28,Undergraduate,Member,2,State
L2020-10302,Alum,ACT-12,High School,Captain,3,None
L2020-10302,Alum,ACT-13,High School,Member,4,None
L2020-10302,Alum,ACT-31,High School,Member,2,School
L2020-10302,Alum,ACT-27,High School,Captain,3,None
L2020-10302,Alum,ACT-15,High School,Member,2,None
L2020-10302,Alum,ACT-23,High School,Officer,2,None
L2020-10302,Alum,ACT-14,Undergraduate,Officer,4,School
L2020-10302,Alum,ACT-23,Undergraduate,President,1,School
L2020-10302,Alum,ACT-15,Undergraduate,President,1,Regional
L2021-10303,Alum,ACT-30,High School,Officer,3,School
L2021-10303,Alum,ACT-03,High School,Member,3,School
L2021-10303,Alum,ACT-06,High School,President,1,None
L2021-10303,Alum,ACT-23,High School,Member,4,School
L2021-10303,Alum,ACT-23,Undergraduate,Member,1,None
L2022-10304,Alum,ACT-05,High School,Member,3,None
L2022-10304,Alum,ACT-12,High School,President,2,None
L2022-10304,Alum,ACT-01,High School,Member,4,School
L2022-10304,Alum,ACT-20,High School,Officer,4,School
L2022-10304,Alum,ACT-17,Undergraduate,Captain,2,None
L2022-10304,Alum,ACT-26,Undergraduate,Member,1,None
L2023-10305,Alum,ACT-17,High School,Member,3,None
L2023-10305,Alum,ACT-02,High School,Member,1,School
L2023-10305,Alum,ACT-30,High School,Officer,3,School
L2023-10305,Alum,ACT-21,Undergraduate,Member,4,School
L2023-10305,Alum,ACT-12,Undergraduate,Member,3,None
L2024-10306,Alum,ACT-12,High School,Officer,4,School
L2024-10306,Alum,ACT-14,High School,Captain,2,None
L2024-10306,Alum,ACT-15,High School,Member,1,None
L2024-10306,Alum,ACT-13,High School,Member,2,None
L2024-10306,Alum,ACT-17,High School,Member,2,State
L2024-10306,Alum,ACT-11,High School,Member,2,School
L2024-10306,Alum,ACT-05,Undergraduate,Member,3,None
L2024-10306,Alum,ACT-17,Undergraduate,Member,1,Regional
L2024-10306,Alum,ACT-12,Undergraduate,Officer,4,School
L2025-10307,Alum,ACT-06,High School,Captain,4,None
L2025-10307,Alum,ACT-13,High School,Member,1,None
L2025-10307,Alum,ACT-12,High School,Member,2,School
L2025-10307,Alum,ACT-23,High School,Founder,4,None
L2025-10307,Alum,ACT-23,Undergraduate,Officer,4,None
L2025-10307,Alum,ACT-12,Undergraduate,Member,2,State
L2019-10308,Alum,ACT-08,High School,Officer,4,School
L2019-10308,Alum,ACT-14,High School,Member,4,Regional
L2019-10308,Alum,ACT-23,High School,Officer,2,None
L2019-10308,Alum,ACT-16,Undergraduate,Member,4,State
L2019-10308,Alum,ACT-19,Undergraduate,Officer,4,None
L2020-10309,Alum,ACT-23,High School,Member,1,School
L2020-10309,Alum,ACT-06,High School,President,2,None
L2020-10309,Alum,ACT-05,High School,Officer,1,School
L2020-10309,Alum,ACT-26,High School,Member,2,School
L2020-10309,Alum,ACT-03,Undergraduate,Officer,4,Regional
L2020-10309,Alum,ACT-12,Undergraduate,Member,2,State
L2020-10309,Alum,ACT-29,Undergraduate,Member,4,None
L2021-10310,Alum,ACT-21,High School,Officer,3,None
L2021-10310,Alum,ACT-24,High School,Officer,4,None
L2021-10310,Alum,ACT-10,High School,Member,3,School
L2021-10310,Alum,ACT-27,High School,Member,2,School
L2021-10310,Alum,ACT-11,High School,Member,2,State
L2021-10310,Alum,ACT-22,High School,Member,4,None
L2021-10310,Alum,ACT-21,Undergraduate,Officer,1,School
L2022-10311,Alum,ACT-02,High School,Member,2,School
L2022-10311,Alum,ACT-23,High School,Member,2,School
L2022-10311,Alum,ACT-12,High School,Member,1,None
L2022-10311,Alum,ACT-13,High School,Member,2,None
L2022-10311,Alum,ACT-01,High School,Member,2,School
L2022-10311,Alum,ACT-12,Undergraduate,Member,3,National
L2022-10311,Alum,ACT-09,Undergraduate,Member,2,None
L2022-10311,Alum,ACT-22,Undergraduate,Member,2,State
L2023-10312,Alum,ACT-11,High School,President,3,None
L2023-10312,Alum,ACT-05,High School,Member,2,None
L2023-10312,Alum,ACT-06,High School,Member,3,Regional
L2023-10312,Alum,ACT-29,High School,Member,3,School
L2023-10312,Alum,ACT-12,Undergraduate,Officer,3,None
L2024-10313,Alum,ACT-12,High School,Member,4,None
L2024-10313,Alum,ACT-05,High School,Member,3,School
L2024-10313,Alum,ACT-16,High School,Member,3,National
L2024-10313,Alum,ACT-04,High School,Member,4,None
L2024-10313,Alum,ACT-15,Undergraduate,Member,1,None
L2024-10313,Alum,ACT-28,Undergraduate,Captain,1,School
L2024-10313,Alum,ACT-12,Undergraduate,Member,3,None
L2025-10314,Alum,ACT-06,High School,Officer,2,Regional
L2025-10314,Alum,ACT-17,High School,Officer,1,Regional
L2025-10314,Alum,ACT-21,High School,Captain,1,Regional
L2025-10314,Alum,ACT-12,High School,Member,3,None
L2025-10314,Alum,ACT-08,High School,Member,4,School
L2025-10314,Alum,ACT-08,Undergraduate,Member,1,None
L2019-10315,Alum,ACT-12,High School,Captain,1,None
L2019-10315,Alum,ACT-09,High School,President,1,State
L2019-10315,Alum,ACT-15,High School,Officer,1,Regional
L2019-10315,Alum,ACT-08,High School,Officer,2,School
L2019-10315,Alum,ACT-23,High School,Member,1,School
L2019-10315,Alum,ACT-03,Undergraduate,Member,4,School
L2020-10316,Alum,ACT-21,High School,Member,1,None
L2020-10316,Alum,ACT-12,High School,Member,4,State
L2020-10316,Alum,ACT-01,High School,Member,4,None
L2020-10316,Alum,ACT-11,High School,Officer,4,Regional
L2020-10316,Alum,ACT-05,High School,Member,3,None
L2020-10316,Alum,ACT-23,Undergraduate,Officer,4,None
L2021-10317,Alum,ACT-10,High School,Captain,1,None
L2021-10317,Alum,ACT-23,High School,Officer,1,None
L2021-10317,Alum,ACT-12,High School,Member,2,Regional
L2021-10317,Alum,ACT-25,High School,Member,2,None
L2021-10317,Alum,ACT-07,High School,Officer,3,None
L2021-10317,Alum,ACT-20,Undergraduate,Member,1,State
L2022-10318,Alum,ACT-08,High School,Member,4,Regional
L2022-10318,Alum,ACT-09,High School,Member,1,None
L2022-10318,Alum,ACT-13,High School,President,4,School
L2022-10318,Alum,ACT-15,High School,Member,1,State
L2022-10318,Alum,ACT-12,High School,Member,1,Regional
L2022-10318,Alum,ACT-22,Undergraduate,Member,2,Regional
L2023-10319,Alum,ACT-25,High School,Member,2,None
L2023-10319,Alum,ACT-23,High School,Member,3,None
L2023-10319,Alum,ACT-05,High School,Officer,4,None
L2023-10319,Alum,ACT-05,Undergraduate,Captain,4,Regional
L2023-10319,Alum,ACT-12,Undergraduate,Officer,4,None
L2024-10320,Alum,ACT-16,High School,Officer,3,School
L2024-10320,Alum,ACT-19,High School,Member,1,State
L2024-10320,Alum,ACT-26,High School,Member,4,None
L2024-10320,Alum,ACT-17,High School,Founder,3,State
L2024-10320,Alum,ACT-13,Undergraduate,Member,4,National
L2024-10320,Alum,ACT-14,Undergraduate,Officer,2,None
L2024-10320,Alum,ACT-12,Undergraduate,Member,4,None
L2025-10321,Alum,ACT-23,High School,Member,3,Regional
L2025-10321,Alum,ACT-15,High School,Officer,2,Regional
L2025-10321,Alum,ACT-09,High School,Member,4,None
L2025-10321,Alum,ACT-18,Undergraduate,Member,3,Regional
L2025-10321,Alum,ACT-19,Undergraduate,President,2,None
L2025-10321,Alum,ACT-12,Undergraduate,Member,1,State
L2019-10322,Alum,ACT-17,High School,Officer,3,None
L2019-10322,Alum,ACT-04,High School,Member,4,None
L2019-10322,Alum,ACT-02,High School,Member,4,None
L2019-10322,Alum,ACT-06,High School,Member,1,School
L2019-10322,Alum,ACT-05,Undergraduate,Founder,2,None
L2019-10322,Alum,ACT-12,Undergraduate,President,1,School
L2020-10323,Alum,ACT-12,High School,Member,1,School
L2020-10323,Alum,ACT-06,High School,Officer,2,State
L2020-10323,Alum,ACT-05,High School,Member,2,None
L2020-10323,Alum,ACT-02,High School,Member,3,School
L2020-10323,Alum,ACT-12,Undergraduate,Captain,3,None
L2020-10323,Alum,ACT-05,Undergraduate,Member,2,School
L2020-10323,Alum,ACT-13,Undergraduate,Captain,1,None
L2021-10324,Alum,ACT-11,High School,Member,4,None
L2021-10324,Alum,ACT-20,High School,Officer,3,School
L2021-10324,Alum,ACT-29,High School,Member,3,None
L2021-10324,Alum,ACT-23,Undergraduate,Officer,4,None
L2021-10324,Alum,ACT-19,Undergraduate,Member,3,Regional
L2022-10325,Alum,ACT-06,High School,President,4,School
L2022-10325,Alum,ACT-23,High School,Officer,2,Regional
L2022-10325,Alum,ACT-10,High School,Member,2,None
L2022-10325,Alum,ACT-05,High School,Officer,2,Regional
L2022-10325,Alum,ACT-17,High School,Founder,2,None
L2022-10325,Alum,ACT-29,High School,Member,1,None
L2022-10325,Alum,ACT-15,Undergraduate,Member,1,None
L2022-10325,Alum,ACT-29,Undergraduate,Member,4,State
L2022-10325,Alum,ACT-19,Undergraduate,Officer,4,State
L2023-10326,Alum,ACT-04,High School,Officer,4,None
L2023-10326,Alum,ACT-06,High School,Member,4,None
L2023-10326,Alum,ACT-15,High School,Member,3,Regional
L2023-10326,Alum,ACT-07,High School,Member,1,School
L2023-10326,Alum,ACT-08,Undergraduate,Member,4,School
L2023-10326,Alum,ACT-21,Undergraduate,President,2,None
L2024-10327,Alum,ACT-23,High School,Member,2,None
L2024-10327,Alum,ACT-12,High School,Member,3,None
L2024-10327,Alum,ACT-07,High School,Member,1,School
L2024-10327,Alum,ACT-20,Undergraduate,Captain,4,None
L2024-10327,Alum,ACT-24,Undergraduate,Captain,3,None
L2024-10327,Alum,ACT-31,Undergraduate,Officer,3,National
L2025-10328,Alum,ACT-28,High School,Officer,3,School
L2025-10328,Alum,ACT-27,High School,Member,1,School
L2025-10328,Alum,ACT-26,High School,Member,3,State
L2025-10328,Alum,ACT-20,High School,Member,3,State
L2025-10328,Alum,ACT-08,High School,Member,2,None
L2025-10328,Alum,ACT-30,Undergraduate,Member,4,None
L2025-10328,Alum,ACT-12,Undergraduate,Member,4,None
L2025-10328,Alum,ACT-15,Undergraduate,Member,1,Regional
L2019-10329,Alum,ACT-08,High School,Officer,2,None
L2019-10329,Alum,ACT-12,High School,Officer,2,None
L2019-10329,Alum,ACT-06,High School,Member,1,State
L2019-10329,Alum,ACT-01,High School,Member,2,None
L2019-10329,Alum,ACT-22,High School,Officer,3,School
L2019-10329,Alum,ACT-15,High School,Member,4,School
L2019-10329,Alum,ACT-12,Undergraduate,Member,3,School
L2019-10329,Alum,ACT-05,Undergraduate,Member,2,School
L2020-10330,Alum,ACT-23,High School,Member,3,None
L2020-10330,Alum,ACT-18,High School,Captain,2,Regional
L2020-10330,Alum,ACT-15,High School,President,4,None
L2020-10330,Alum,ACT-01,High School,Member,4,State
L2020-10330,Alum,ACT-06,High School,Captain,4,School
L2020-10330,Alum,ACT-12,High School,Member,1,None
L2020-10330,Alum,ACT-12,Undergraduate,Member,4,School
L2020-10330,Alum,ACT-01,Undergraduate,Member,4,School
L2020-10330,Alum,ACT-05,Undergraduate,Captain,3,National
L2021-10331,Alum,ACT-20,High School,Officer,4,Regional
L2021-10331,Alum,ACT-28,High School,President,3,None
L2021-10331,Alum,ACT-23,High School,Founder,2,None
L2021-10331,Alum,ACT-13,High School,President,4,School
L2021-10331,Alum,ACT-08,High School,Member,4,School
L2021-10331,Alum,ACT-10,Undergraduate,Officer,2,None
L2022-10332,Alum,ACT-17,High School,Officer,3,None
L2022-10332,Alum,ACT-03,High School,Officer,3,Regional
L2022-10332,Alum,ACT-02,High School,Officer,2,School
L2022-10332,Alum,ACT-05,High School,Officer,3,School
L2022-10332,Alum,ACT-10,High School,Officer,3,None
L2022-10332,Alum,ACT-12,Undergraduate,Member,2,Regional
L2023-10333,Alum,ACT-11,High School,Member,2,Regional
L2023-10333,Alum,ACT-28,High School,Member,2,School
L2023-10333,Alum,ACT-12,High School,Member,1,None
L2023-10333,Alum,ACT-08,High School,Member,4,None
L2023-10333,Alum,ACT-09,Undergraduate,Member,4,Regional
L2024-10334,Alum,ACT-29,High School,Member,1,None
L2024-10334,Alum,ACT-02,High School,Founder,3,None
L2024-10334,Alum,ACT-23,High School,Member,4,None
L2024-10334,Alum,ACT-06,High School,Captain,4,None
L2024-10334,Alum,ACT-05,Undergraduate,Captain,3,None
L2025-10335,Alum,ACT-05,High School,Member,3,None
L2025-10335,Alum,ACT-12,High School,Member,2,None
L2025-10335,Alum,ACT-18,High School,Member,4,State
L2025-10335,Alum,ACT-15,Undergraduate,Member,4,School
L2019-10336,Alum,ACT-12,High School,President,2,None
L2019-10336,Alum,ACT-03,High School,Member,3,None
L2019-10336,Alum,ACT-13,High School,Officer,2,None
L2019-10336,Alum,ACT-16,High School,Officer,1,None
L2019-10336,Alum,ACT-04,High School,Member,2,Regional
L2019-10336,Alum,ACT-17,Undergraduate,Member,3,None
L2019-10336,Alum,ACT-21,Undergraduate,Member,1,None
L2020-10337,Alum,ACT-31,High School,Member,2,None
L2020-10337,Alum,ACT-08,High School,Officer,4,None
L2020-10337,Alum,ACT-04,High School,Member,3,State
L2020-10337,Alum,ACT-12,High School,Officer,3,None
L2020-10337,Alum,ACT-06,High School,Member,3,None
L2020-10337,Alum,ACT-18,Undergraduate,Officer,2,Regional
L2020-10337,Alum,ACT-06,Undergraduate,Member,2,None
L2021-10338,Alum,ACT-08,High School,Officer,4,National
L2021-10338,Alum,ACT-20,High School,Member,4,None
L2021-10338,Alum,ACT-15,High School,Member,1,None
L2021-10338,Alum,ACT-17,Undergraduate,Member,3,State
L2021-10338,Alum,ACT-22,Undergraduate,Captain,2,School
L2022-10339,Alum,ACT-15,High School,Member,3,None
L2022-10339,Alum,ACT-12,High School,Member,1,None
L2022-10339,Alum,ACT-21,High School,Member,3,School
L2022-10339,Alum,ACT-08,High School,Member,3,State
L2022-10339,Alum,ACT-03,High School,Member,4,None
L2022-10339,Alum,ACT-08,Undergraduate,Officer,4,None
L2022-10339,Alum,ACT-12,Undergraduate,Member,2,None
L2022-10339,Alum,ACT-27,Undergraduate,Member,4,None
L2023-10340,Alum,ACT-06,High School,Member,1,None
L2023-10340,Alum,ACT-23,High School,Officer,4,None
L2023-10340,Alum,ACT-21,High School,Member,4,None
L2023-10340,Alum,ACT-12,High School,Member,3,Regional
L2023-10340,Alum,ACT-27,High School,Captain,4,None
L2023-10340,Alum,ACT-20,Undergraduate,Member,4,None
L2023-10340,Alum,ACT-13,Undergraduate,Member,2,None
L2023-10340,Alum,ACT-28,Undergraduate,Member,1,School
L2024-10341,Alum,ACT-05,High School,Member,2,State
L2024-10341,Alum,ACT-14,High School,President,2,None
L2024-10341,Alum,ACT-06,High School,Officer,1,None
L2024-10341,Alum,ACT-12,High School,Founder,3,None
L2024-10341,Alum,ACT-12,Undergraduate,President,3,Regional
L2025-10342,Alum,ACT-12,High School,Officer,4,Regional
L2025-10342,Alum,ACT-08,High School,Captain,4,Regional
L2025-10342,Alum,ACT-05,High School,Officer,1,National
L2025-10342,Alum,ACT-02,Undergraduate,Member,2,None
L2025-10342,Alum,ACT-11,Undergraduate,Founder,1,School
L2025-10342,Alum,ACT-25,Undergraduate,Member,4,School
L2019-10343,Alum,ACT-17,High School,Member,4,None
L2019-10343,Alum,ACT-04,High School,Founder,2,None
L2019-10343,Alum,ACT-02,High School,Member,1,School
L2019-10343,Alum,ACT-12,High School,Member,4,School
L2019-10343,Alum,ACT-12,Undergraduate,Member,3,Regional
L2019-10343,Alum,ACT-21,Undergraduate,Member,3,National
L2020-10344,Alum,ACT-19,High School,Member,4,None
L2020-10344,Alum,ACT-12,High School,Member,3,None
L2020-10344,Alum,ACT-17,High School,Member,2,School
L2020-10344,Alum,ACT-08,Undergraduate,President,2,None
L2020-10344,Alum,ACT-02,Undergraduate,President,2,None
L2020-10344,Alum,ACT-19,Undergraduate,Member,1,None
L2021-10345,Alum,ACT-30,High School,Officer,3,National
L2021-10345,Alum,ACT-22,High School,Member,3,Regional
L2021-10345,Alum,ACT-17,High School,Member,3,State
L2021-10345,Alum,ACT-12,High School,Officer,3,School
L2021-10345,Alum,ACT-01,Undergraduate,Officer,3,School
L2022-10346,Alum,ACT-21,High School,Member,4,School
L2022-10346,Alum,ACT-23,High School,Member,3,None
L2022-10346,Alum,ACT-03,High School,Member,1,None
L2022-10346,Alum,ACT-16,High School,Officer,3,None
L2022-10346,Alum,ACT-12,High School,Officer,4,Regional
L2022-10346,Alum,ACT-12,Undergraduate,Member,1,None
L2023-10347,Alum,ACT-18,High School,President,2,None
L2023-10347,Alum,ACT-31,High School,Member,1,None
L2023-10347,Alum,ACT-08,High School,Member,4,None
L2023-10347,Alum,ACT-14,High School,Member,4,School
L2023-10347,Alum,ACT-21,Undergraduate,Member,1,Regional
L2023-10347,Alum,ACT-04,Undergraduate,Member,1,None
L2024-10348,Alum,ACT-23,High School,President,2,None
L2024-10348,Alum,ACT-07,High School,Officer,3,None
L2024-10348,Alum,ACT-12,High School,Member,3,School
L2024-10348,Alum,ACT-21,Undergraduate,Member,3,None
L2024-10348,Alum,ACT-12,Undergraduate,Officer,2,None
L2024-10348,Alum,ACT-16,Undergraduate,Member,4,None
L2025-10349,Alum,ACT-20,High School,Officer,4,School
L2025-10349,Alum,ACT-30,High School,Member,1,School
L2025-10349,Alum,ACT-05,High School,Officer,2,State
L2025-10349,Alum,ACT-12,High School,Member,1,State
L2025-10349,Alum,ACT-23,High School,Member,1,None
L2025-10349,Alum,ACT-17,Undergraduate,Member,1,None
L2025-10349,Alum,ACT-19,Undergraduate,Member,4,None
L2025-10349,Alum,ACT-01,Undergraduate,Officer,1,None
L2019-10350,Alum,ACT-09,High School,Member,2,Regional
L2019-10350,Alum,ACT-31,High School,President,3,Regional
L2019-10350,Alum,ACT-21,High School,Member,4,None
L2019-10350,Alum,ACT-15,High School,Member,4,None
L2019-10350,Alum,ACT-29,High School,Captain,3,None
L2019-10350,Alum,ACT-17,Undergraduate,Officer,1,None
L2019-10350,Alum,ACT-16,Undergraduate,Member,4,None
L2019-10350,Alum,ACT-06,Undergraduate,Member,2,Regional
L2019-10350,Alum,ACT-43,Undergraduate,Captain,3,State
L2020-10351,Alum,ACT-06,High School,Member,3,None
L2020-10351,Alum,ACT-15,High School,President,3,None
L2020-10351,Alum,ACT-01,High School,Officer,2,School
L2020-10351,Alum,ACT-25,High School,Officer,2,None
L2020-10351,Alum,ACT-15,Undergraduate,Member,2,None
L2020-10351,Alum,ACT-40,Undergraduate,Member,1,Regional
L2021-10352,Alum,ACT-06,High School,Captain,3,School
L2021-10352,Alum,ACT-12,High School,Member,1,School
L2021-10352,Alum,ACT-10,High School,Member,2,None
L2021-10352,Alum,ACT-20,Undergraduate,Member,2,School
L2021-10352,Alum,ACT-07,Undergraduate,Member,3,None
L2022-10353,Alum,ACT-13,High School,Member,3,None
L2022-10353,Alum,ACT-26,High School,Member,1,Regional
L2022-10353,Alum,ACT-08,High School,Member,1,Regional
L2022-10353,Alum,ACT-09,Undergraduate,Member,3,None
L2022-10353,Alum,ACT-01,Undergraduate,Member,4,None
L2022-10353,Alum,ACT-15,Undergraduate,Officer,4,National
L2023-10354,Alum,ACT-26,High School,Member,4,Regional
L2023-10354,Alum,ACT-21,High School,Member,1,None
L2023-10354,Alum,ACT-01,High School,President,3,Regional
L2023-10354,Alum,ACT-12,Undergraduate,Officer,4,None
L2024-10355,Alum,ACT-13,High School,Member,4,None
L2024-10355,Alum,ACT-23,High School,Officer,2,State
L2024-10355,Alum,ACT-21,High School,Officer,1,School
L2024-10355,Alum,ACT-01,Undergraduate,Captain,1,None
L2024-10355,Alum,ACT-08,Undergraduate,Member,2,None
L2024-10355,Alum,ACT-06,Undergraduate,Member,4,Regional
L2025-10356,Alum,ACT-06,High School,Founder,3,School
L2025-10356,Alum,ACT-05,High School,Member,3,None
L2025-10356,Alum,ACT-11,High School,Member,3,School
L2025-10356,Alum,ACT-07,Undergraduate,Officer,3,Regional
L2025-10356,Alum,ACT-12,Undergraduate,Member,4,Regional
L2019-10357,Alum,ACT-30,High School,Member,4,None
L2019-10357,Alum,ACT-05,High School,Founder,2,Regional
L2019-10357,Alum,ACT-16,High School,Member,3,None
L2019-10357,Alum,ACT-09,High School,President,4,None
L2019-10357,Alum,ACT-08,Undergraduate,Member,3,None
L2020-10358,Alum,ACT-13,High School,Member,3,None
L2020-10358,Alum,ACT-09,High School,Member,1,Regional
L2020-10358,Alum,ACT-23,High School,President,3,State
L2020-10358,Alum,ACT-23,Undergraduate,Member,3,None
L2020-10358,Alum,ACT-05,Undergraduate,Member,1,None
L2020-10358,Alum,ACT-15,Undergraduate,Member,2,School
L2021-10359,Alum,ACT-08,High School,Member,3,None
L2021-10359,Alum,ACT-23,High School,Officer,3,None
L2021-10359,Alum,ACT-06,High School,Member,3,None
L2021-10359,Alum,ACT-31,High School,Member,3,None
L2021-10359,Alum,ACT-06,Undergraduate,Member,2,None
L2021-10359,Alum,ACT-15,Undergraduate,Captain,4,None
L2022-10360,Alum,ACT-15,High School,Member,4,School
L2022-10360,Alum,ACT-19,High School,Member,2,Regional
L2022-10360,Alum,ACT-17,High School,Founder,2,None
L2022-10360,Alum,ACT-16,High School,Member,1,Regional
L2022-10360,Alum,ACT-12,Undergraduate,Captain,4,None
L2023-10361,Alum,ACT-26,High School,Officer,1,None
L2023-10361,Alum,ACT-25,High School,Member,2,None
L2023-10361,Alum,ACT-02,High School,Founder,3,None
L2023-10361,Alum,ACT-16,High School,Member,4,School
L2023-10361,Alum,ACT-29,Undergraduate,Member,2,None
L2024-10362,Alum,ACT-05,High School,Member,1,None
L2024-10362,Alum,ACT-08,High School,Member,4,Regional
L2024-10362,Alum,ACT-21,High School,Member,2,School
L2024-10362,Alum,ACT-07,High School,Member,1,None
L2024-10362,Alum,ACT-24,High School,Member,2,School
L2024-10362,Alum,ACT-12,High School,Officer,4,None
L2024-10362,Alum,ACT-20,Undergraduate,Officer,3,None
L2024-10362,Alum,ACT-05,Undergraduate,Member,4,None
L2025-10363,Alum,ACT-02,High School,Officer,3,School
L2025-10363,Alum,ACT-12,High School,President,1,School
L2025-10363,Alum,ACT-11,High School,Member,3,None
L2025-10363,Alum,ACT-10,Undergraduate,Officer,4,National
L2025-10363,Alum,ACT-05,Undergraduate,Member,4,Regional
L2019-10364,Alum,ACT-28,High School,Officer,4,National
L2019-10364,Alum,ACT-23,High School,Officer,3,None
L2019-10364,Alum,ACT-15,High School,Member,4,Regional
L2019-10364,Alum,ACT-04,High School,Member,1,None
L2019-10364,Alum,ACT-06,High School,Member,3,None
L2019-10364,Alum,ACT-08,Undergraduate,President,2,None
L2019-10364,Alum,ACT-12,Undergraduate,Founder,2,None
L2020-10365,Alum,ACT-02,High School,Member,3,Regional
L2020-10365,Alum,ACT-12,High School,Member,3,None
L2020-10365,Alum,ACT-20,High School,Member,4,None
L2020-10365,Alum,ACT-13,High School,Officer,3,None
L2020-10365,Alum,ACT-15,Undergraduate,Officer,1,School
L2020-10365,Alum,ACT-12,Undergraduate,Officer,4,None
L2021-10366,Alum,ACT-17,High School,Officer,3,School
L2021-10366,Alum,ACT-12,High School,Member,3,None
L2021-10366,Alum,ACT-31,High School,President,2,None
L2021-10366,Alum,ACT-06,High School,Member,3,None
L2021-10366,Alum,ACT-11,High School,Member,3,School
L2021-10366,Alum,ACT-19,Undergraduate,Member,2,School
L2021-10366,Alum,ACT-20,Undergraduate,Member,2,Regional
L2022-10367,Alum,ACT-12,High School,Member,4,School
L2022-10367,Alum,ACT-17,High School,Captain,3,State
L2022-10367,Alum,ACT-18,High School,Member,2,None
L2022-10367,Alum,ACT-06,High School,Captain,2,None
L2022-10367,Alum,ACT-08,Undergraduate,Member,3,State
L2022-10367,Alum,ACT-25,Undergraduate,Member,1,None
L2023-10368,Alum,ACT-12,High School,Member,1,School
L2023-10368,Alum,ACT-23,High School,Officer,2,School
L2023-10368,Alum,ACT-17,High School,Member,1,None
L2023-10368,Alum,ACT-13,High School,Member,2,Regional
L2023-10368,Alum,ACT-09,High School,Member,2,School
L2023-10368,Alum,ACT-15,Undergraduate,Officer,4,None
L2023-10368,Alum,ACT-41,Undergraduate,Member,4,School
L2024-10369,Alum,ACT-05,High School,Member,2,School
L2024-10369,Alum,ACT-12,High School,Member,4,None
L2024-10369,Alum,ACT-27,High School,Member,4,None
L2024-10369,Alum,ACT-21,High School,Member,4,Regional
L2024-10369,Alum,ACT-06,High School,Founder,4,State
L2024-10369,Alum,ACT-13,Undergraduate,Member,3,None
L2025-10370,Alum,ACT-24,High School,Officer,3,None
L2025-10370,Alum,ACT-15,High School,Member,2,National
L2025-10370,Alum,ACT-12,High School,Officer,4,School
L2025-10370,Alum,ACT-08,Undergraduate,Member,1,School
L2025-10370,Alum,ACT-12,Undergraduate,Member,3,None
L2025-10370,Alum,ACT-18,Undergraduate,Member,3,None
L2019-10371,Alum,ACT-28,High School,Captain,4,Regional
L2019-10371,Alum,ACT-12,High School,Member,3,School
L2019-10371,Alum,ACT-15,High School,President,4,None
L2019-10371,Alum,ACT-23,High School,Member,3,Regional
L2019-10371,Alum,ACT-10,High School,Member,3,None
L2019-10371,Alum,ACT-06,Undergraduate,Member,1,None
L2020-10372,Alum,ACT-15,High School,President,1,None
L2020-10372,Alum,ACT-05,High School,Member,3,None
L2020-10372,Alum,ACT-07,High School,Member,3,School
L2020-10372,Alum,ACT-21,High School,Member,1,National
L2020-10372,Alum,ACT-12,High School,Member,2,None
L2020-10372,Alum,ACT-12,Undergraduate,Member,2,Regional
L2020-10372,Alum,ACT-01,Undergraduate,Member,3,School
L2021-10373,Alum,ACT-01,High School,Member,4,None
L2021-10373,Alum,ACT-02,High School,Captain,2,State
L2021-10373,Alum,ACT-26,High School,Founder,2,None
L2021-10373,Alum,ACT-02,Undergraduate,President,4,None
L2022-10374,Alum,ACT-07,High School,Member,1,Regional
L2022-10374,Alum,ACT-03,High School,Member,3,None
L2022-10374,Alum,ACT-20,High School,Member,2,Regional
L2022-10374,Alum,ACT-15,High School,Officer,4,School
L2022-10374,Alum,ACT-21,High School,Member,1,State
L2022-10374,Alum,ACT-01,High School,Officer,4,None
L2022-10374,Alum,ACT-19,Undergraduate,Member,1,None
L2022-10374,Alum,ACT-14,Undergraduate,President,2,None
L2023-10375,Alum,ACT-12,High School,Officer,1,School
L2023-10375,Alum,ACT-15,High School,Member,2,None
L2023-10375,Alum,ACT-21,High School,Founder,4,Regional
L2023-10375,Alum,ACT-08,Undergraduate,Member,4,School
L2023-10375,Alum,ACT-12,Undergraduate,Member,3,None
L2024-10376,Alum,ACT-19,High School,Member,1,None
L2024-10376,Alum,ACT-01,High School,President,4,None
L2024-10376,Alum,ACT-06,High School,Member,4,School
L2024-10376,Alum,ACT-02,High School,Member,2,None
L2024-10376,Alum,ACT-21,High School,Officer,2,National
L2024-10376,Alum,ACT-17,Undergraduate,Member,4,None
L2024-10376,Alum,ACT-15,Undergraduate,Officer,2,None
L2024-10376,Alum,ACT-23,Undergraduate,Member,3,None
L2025-10377,Alum,ACT-19,High School,President,3,National
L2025-10377,Alum,ACT-04,High School,Officer,4,Regional
L2025-10377,Alum,ACT-15,High School,Officer,4,None
L2025-10377,Alum,ACT-12,High School,Officer,2,Regional
L2025-10377,Alum,ACT-25,High School,Member,1,State
L2025-10377,Alum,ACT-16,Undergraduate,Captain,3,School
L2025-10377,Alum,ACT-12,Undergraduate,Member,1,Regional
L2025-10377,Alum,ACT-23,Undergraduate,Officer,1,School
L2019-10378,Alum,ACT-17,High School,Member,2,None
L2019-10378,Alum,ACT-19,High School,Member,4,None
L2019-10378,Alum,ACT-22,High School,Member,3,National
L2019-10378,Alum,ACT-06,High School,Member,4,None
L2019-10378,Alum,ACT-16,Undergraduate,Officer,2,None
L2019-10378,Alum,ACT-11,Undergraduate,Member,2,None
L2019-10378,Alum,ACT-12,Undergraduate,Member,3,None
L2019-10378,Alum,ACT-40,Undergraduate,Captain,4,Regional
L2020-10379,Alum,ACT-22,High School,President,4,None
L2020-10379,Alum,ACT-12,High School,Officer,4,None
L2020-10379,Alum,ACT-15,High School,Member,4,School
L2020-10379,Alum,ACT-23,Undergraduate,Member,3,None
L2021-10380,Alum,ACT-23,High School,Founder,4,None
L2021-10380,Alum,ACT-12,High School,Founder,3,School
L2021-10380,Alum,ACT-21,High School,President,3,School
L2021-10380,Alum,ACT-05,High School,Member,2,School
L2021-10380,Alum,ACT-27,High School,Captain,3,None
L2021-10380,Alum,ACT-09,Undergraduate,Member,4,None
L2021-10380,Alum,ACT-17,Undergraduate,Officer,4,Regional
L2021-10380,Alum,ACT-23,Undergraduate,Member,3,None
L2022-10381,Alum,ACT-23,High School,Member,1,School
L2022-10381,Alum,ACT-20,High School,Member,2,State
L2022-10381,Alum,ACT-13,High School,Member,3,Regional
L2022-10381,Alum,ACT-16,High School,Member,1,State
L2022-10381,Alum,ACT-01,Undergraduate,Officer,3,School
L2022-10381,Alum,ACT-23,Undergraduate,Officer,1,None
L2023-10382,Alum,ACT-06,High School,Member,1,National
L2023-10382,Alum,ACT-23,High School,Officer,4,Regional
L2023-10382,Alum,ACT-12,High School,Member,4,None
L2023-10382,Alum,ACT-18,High School,Member,3,School
L2023-10382,Alum,ACT-12,Undergraduate,Member,2,None
L2023-10382,Alum,ACT-03,Undergraduate,President,2,None
L2024-10383,Alum,ACT-09,High School,Member,3,School
L2024-10383,Alum,ACT-23,High School,Officer,3,None
L2024-10383,Alum,ACT-12,High School,Member,4,None
L2024-10383,Alum,ACT-12,Undergraduate,Member,4,None
L2024-10383,Alum,ACT-30,Undergraduate,Officer,3,None
L2025-10384,Alum,ACT-24,High School,Member,4,School
L2025-10384,Alum,ACT-03,High School,Member,2,None
L2025-10384,Alum,ACT-12,High School,Officer,4,School
L2025-10384,Alum,ACT-15,Undergraduate,Member,2,None
L2025-10384,Alum,ACT-23,Undergraduate,Member,3,School
L2025-10384,Alum,ACT-14,Undergraduate,Officer,2,None
L2019-10385,Alum,ACT-12,High School,Member,2,None
L2019-10385,Alum,ACT-15,High School,Member,4,None
L2019-10385,Alum,ACT-02,High School,Member,3,School
L2019-10385,Alum,ACT-09,Undergraduate,Member,1,School
L2020-10386,Alum,ACT-12,High School,Officer,3,State
L2020-10386,Alum,ACT-21,High School,Founder,3,None
L2020-10386,Alum,ACT-18,High School,Member,3,None
L2020-10386,Alum,ACT-11,High School,Member,4,None
L2020-10386,Alum,ACT-08,High School,Founder,2,Regional
L2020-10386,Alum,ACT-28,Undergraduate,President,4,None
L2020-10386,Alum,ACT-26,Undergraduate,Member,3,None
L2020-10386,Alum,ACT-07,Undergraduate,Officer,1,Regional
L2021-10387,Alum,ACT-19,High School,President,3,Regional
L2021-10387,Alum,ACT-12,High School,Member,3,Regional
L2021-10387,Alum,ACT-23,High School,Member,2,None
L2021-10387,Alum,ACT-05,High School,Member,1,None
L2021-10387,Alum,ACT-27,High School,President,3,None
L2021-10387,Alum,ACT-01,High School,Member,3,National
L2021-10387,Alum,ACT-23,Undergraduate,Member,2,Regional
L2022-10388,Alum,ACT-14,High School,Member,4,School
L2022-10388,Alum,ACT-17,High School,Member,3,National
L2022-10388,Alum,ACT-01,High School,Member,2,None
L2022-10388,Alum,ACT-07,High School,Member,1,Regional
L2022-10388,Alum,ACT-12,High School,Member,1,None
L2022-10388,Alum,ACT-17,Undergraduate,Member,2,School
L2022-10388,Alum,ACT-24,Undergraduate,Member,2,None
L2023-10389,Alum,ACT-12,High School,Founder,2,None
L2023-10389,Alum,ACT-31,High School,Officer,3,School
L2023-10389,Alum,ACT-15,High School,Member,1,School
L2023-10389,Alum,ACT-09,High School,Member,3,State
L2023-10389,Alum,ACT-26,High School,Captain,2,State
L2023-10389,Alum,ACT-05,Undergraduate,Member,1,School
L2023-10389,Alum,ACT-23,Undergraduate,Officer,2,State
L2024-10390,Alum,ACT-15,High School,Member,1,Regional
L2024-10390,Alum,ACT-09,High School,Officer,2,None
L2024-10390,Alum,ACT-24,High School,Officer,4,School
L2024-10390,Alum,ACT-15,Undergraduate,President,3,Regional
L2024-10390,Alum,ACT-23,Undergraduate,Founder,3,None
L2024-10390,Alum,ACT-17,Undergraduate,Officer,4,National
L2025-10391,Alum,ACT-05,High School,Officer,3,None
L2025-10391,Alum,ACT-17,High School,Member,1,School
L2025-10391,Alum,ACT-10,High School,Member,4,National
L2025-10391,Alum,ACT-11,High School,Officer,2,None
L2025-10391,Alum,ACT-11,Undergraduate,Officer,3,None
L2025-10391,Alum,ACT-06,Undergraduate,Member,4,None
L2025-10391,Alum,ACT-12,Undergraduate,President,1,None
L2019-10392,Alum,ACT-19,High School,Member,4,None
L2019-10392,Alum,ACT-01,High School,Member,3,None
L2019-10392,Alum,ACT-12,High School,Member,3,School
L2019-10392,Alum,ACT-13,High School,Member,1,None
L2019-10392,Alum,ACT-20,High School,Member,4,None
L2019-10392,Alum,ACT-27,Undergraduate,Member,2,None
L2020-10393,Alum,ACT-15,High School,Founder,1,School
L2020-10393,Alum,ACT-07,High School,Officer,1,None
L2020-10393,Alum,ACT-08,High School,Member,4,None
L2020-10393,Alum,ACT-03,Undergraduate,Officer,3,School
L2020-10393,Alum,ACT-02,Undergraduate,Member,3,State
L2020-10393,Alum,ACT-19,Undergraduate,Captain,3,None
L2021-10394,Alum,ACT-23,High School,Member,4,None
L2021-10394,Alum,ACT-15,High School,Captain,4,None
L2021-10394,Alum,ACT-17,High School,Member,4,State
L2021-10394,Alum,ACT-09,High School,Member,2,None
L2021-10394,Alum,ACT-08,Undergraduate,President,2,Regional
L2022-10395,Alum,ACT-12,High School,Member,3,None
L2022-10395,Alum,ACT-29,High School,Member,4,None
L2022-10395,Alum,ACT-13,High School,Founder,3,None
L2022-10395,Alum,ACT-19,Undergraduate,Captain,1,Regional
L2023-10396,Alum,ACT-21,High School,Member,1,None
L2023-10396,Alum,ACT-12,High School,Member,4,None
L2023-10396,Alum,ACT-19,High School,Member,3,State
L2023-10396,Alum,ACT-15,High School,Officer,1,None
L2023-10396,Alum,ACT-02,Undergraduate,Member,4,Regional
L2023-10396,Alum,ACT-12,Undergraduate,Member,3,State
L2023-10396,Alum,ACT-19,Undergraduate,Member,4,None
L2024-10397,Alum,ACT-08,High School,Founder,1,National
L2024-10397,Alum,ACT-01,High School,Member,2,None
L2024-10397,Alum,ACT-21,High School,Member,1,School
L2024-10397,Alum,ACT-12,Undergraduate,Member,4,None
L2024-10397,Alum,ACT-06,Undergraduate,Member,3,None
L2024-10397,Alum,ACT-08,Undergraduate,President,1,None
L2025-10398,Alum,ACT-24,High School,Member,1,None
L2025-10398,Alum,ACT-16,High School,Officer,2,National
L2025-10398,Alum,ACT-21,High School,Officer,4,School
L2025-10398,Alum,ACT-06,High School,Member,2,Regional
L2025-10398,Alum,ACT-29,High School,Member,3,None
L2025-10398,Alum,ACT-18,High School,Member,4,None
L2025-10398,Alum,ACT-29,Undergraduate,Officer,2,State
L2025-10398,Alum,ACT-01,Undergraduate,Member,4,None
L2025-10398,Alum,ACT-08,Undergraduate,Member,3,Regional
L2019-10399,Alum,ACT-01,High School,Member,1,None
L2019-10399,Alum,ACT-24,High School,Member,2,None
L2019-10399,Alum,ACT-12,High School,Member,2,School
L2019-10399,Alum,ACT-22,Undergraduate,Founder,2,None
L2019-10399,Alum,ACT-19,Undergraduate,Member,2,None
L2019-10399,Alum,ACT-17,Undergraduate,Member,4,None
L2019-10399,Alum,ACT-43,Undergraduate,Member,1,None
L2020-10400,Alum,ACT-12,High School,Member,3,None
L2020-10400,Alum,ACT-23,High School,Officer,4,None
L2020-10400,Alum,ACT-13,High School,Member,1,School
L2020-10400,Alum,ACT-19,High School,Member,1,None
L2020-10400,Alum,ACT-23,Undergraduate,Member,2,None
L2021-10401,Alum,ACT-01,High School,Member,3,School
L2021-10401,Alum,ACT-12,High School,Member,2,State
L2021-10401,Alum,ACT-19,High School,Officer,2,None
L2021-10401,Alum,ACT-08,High School,Member,4,None
L2021-10401,Alum,ACT-03,High School,Officer,2,None
L2021-10401,Alum,ACT-22,Undergraduate,Captain,2,None
L2021-10401,Alum,ACT-12,Undergraduate,Member,3,Regional
L2022-10402,Alum,ACT-17,High School,Member,1,Regional
L2022-10402,Alum,ACT-08,High School,Member,1,None
L2022-10402,Alum,ACT-23,High School,Member,2,Regional
L2022-10402,Alum,ACT-03,High School,Member,1,None
L2022-10402,Alum,ACT-12,High School,Officer,4,None
L2022-10402,Alum,ACT-21,Undergraduate,Member,2,Regional
L2023-10403,Alum,ACT-23,High School,Member,4,State
L2023-10403,Alum,ACT-12,High School,Member,2,None
L2023-10403,Alum,ACT-05,High School,Officer,2,State
L2023-10403,Alum,ACT-21,High School,Member,2,None
L2023-10403,Alum,ACT-22,High School,Member,1,None
L2023-10403,Alum,ACT-03,Undergraduate,Member,3,Regional
L2023-10403,Alum,ACT-08,Undergraduate,Member,3,None
L2023-10403,Alum,ACT-29,Undergraduate,Officer,3,None
L2024-10404,Alum,ACT-25,High School,Member,2,Regional
L2024-10404,Alum,ACT-16,High School,Captain,4,None
L2024-10404,Alum,ACT-12,High School,Member,2,School
L2024-10404,Alum,ACT-15,Undergraduate,Member,4,State
L2024-10404,Alum,ACT-47,Undergraduate,Member,4,Regional
L2025-10405,Alum,ACT-01,High School,President,4,None
L2025-10405,Alum,ACT-12,High School,Member,1,None
L2025-10405,Alum,ACT-13,High School,Member,4,School
L2025-10405,Alum,ACT-23,High School,President,1,None
L2025-10405,Alum,ACT-10,Undergraduate,Member,1,None
L2019-10406,Alum,ACT-16,High School,Officer,3,Regional
L2019-10406,Alum,ACT-17,High School,Officer,4,None
L2019-10406,Alum,ACT-08,High School,Member,4,Regional
L2019-10406,Alum,ACT-17,Undergraduate,Member,2,None
L2019-10406,Alum,ACT-08,Undergraduate,Captain,2,School
L2020-10407,Alum,ACT-23,High School,Member,3,Regional
L2020-10407,Alum,ACT-15,High School,Officer,4,School
L2020-10407,Alum,ACT-03,High School,President,2,None
L2020-10407,Alum,ACT-01,High School,Officer,4,School
L2020-10407,Alum,ACT-06,High School,Member,1,Regional
L2020-10407,Alum,ACT-30,High School,Member,2,National
L2020-10407,Alum,ACT-03,Undergraduate,Member,2,Regional
L2021-10408,Alum,ACT-09,High School,Founder,1,None
L2021-10408,Alum,ACT-12,High School,Member,4,School
L2021-10408,Alum,ACT-05,High School,Member,2,None
L2021-10408,Alum,ACT-26,High School,Member,4,None
L2021-10408,Alum,ACT-23,Undergraduate,Member,4,None
L2022-10409,Alum,ACT-06,High School,Member,4,None
L2022-10409,Alum,ACT-21,High School,President,4,None
L2022-10409,Alum,ACT-15,High School,Member,3,None
L2022-10409,Alum,ACT-23,High School,President,4,Regional
L2022-10409,Alum,ACT-03,High School,Officer,2,None
L2022-10409,Alum,ACT-10,High School,Officer,2,Regional
L2022-10409,Alum,ACT-27,Undergraduate,Member,2,None
L2022-10409,Alum,ACT-02,Undergraduate,Captain,3,None
L2022-10409,Alum,ACT-12,Undergraduate,Captain,4,None
L2023-10410,Alum,ACT-09,High School,Member,3,State
L2023-10410,Alum,ACT-06,High School,Member,3,State
L2023-10410,Alum,ACT-13,High School,Founder,3,None
L2023-10410,Alum,ACT-19,High School,Member,2,Regional
L2023-10410,Alum,ACT-17,High School,Member,4,Regional
L2023-10410,Alum,ACT-29,Undergraduate,Member,1,School
L2023-10410,Alum,ACT-07,Undergraduate,Member,1,None
L2024-10411,Alum,ACT-28,High School,Member,2,None
L2024-10411,Alum,ACT-03,High School,Officer,1,None
L2024-10411,Alum,ACT-19,High School,Member,2,Regional
L2024-10411,Alum,ACT-14,Undergraduate,Member,3,State
L2024-10411,Alum,ACT-03,Undergraduate,Member,3,School
L2024-10411,Alum,ACT-19,Undergraduate,Officer,4,State
L2025-10412,Alum,ACT-06,High School,Member,3,School
L2025-10412,Alum,ACT-15,High School,Member,1,Regional
L2025-10412,Alum,ACT-08,High School,President,2,None
L2025-10412,Alum,ACT-16,Undergraduate,Member,2,None
L2019-10413,Alum,ACT-23,High School,Member,2,None
L2019-10413,Alum,ACT-31,High School,Officer,3,School
L2019-10413,Alum,ACT-12,High School,Captain,3,Regional
L2019-10413,Alum,ACT-16,High School,Member,4,None
L2019-10413,Alum,ACT-28,High School,Captain,2,None
L2019-10413,Alum,ACT-01,Undergraduate,Officer,3,National
L2019-10413,Alum,ACT-05,Undergraduate,Member,2,None
L2019-10413,Alum,ACT-17,Undergraduate,Member,1,State
L2020-10414,Alum,ACT-03,High School,Member,2,State
L2020-10414,Alum,ACT-17,High School,Captain,3,School
L2020-10414,Alum,ACT-12,High School,Officer,4,None
L2020-10414,Alum,ACT-10,Undergraduate,Member,4,None
L2020-10414,Alum,ACT-11,Undergraduate,Member,2,None
L2021-10415,Alum,ACT-12,High School,Officer,4,None
L2021-10415,Alum,ACT-17,High School,Member,1,None
L2021-10415,Alum,ACT-06,High School,Officer,2,None
L2021-10415,Alum,ACT-29,High School,Member,4,None
L2021-10415,Alum,ACT-20,Undergraduate,Captain,1,None
L2021-10415,Alum,ACT-01,Undergraduate,Captain,3,State
L2021-10415,Alum,ACT-15,Undergraduate,Member,3,None
L2022-10416,Alum,ACT-17,High School,Officer,2,None
L2022-10416,Alum,ACT-08,High School,Officer,4,Regional
L2022-10416,Alum,ACT-12,High School,Member,3,State
L2022-10416,Alum,ACT-01,High School,Member,2,Regional
L2022-10416,Alum,ACT-06,Undergraduate,Member,3,None
L2023-10417,Alum,ACT-23,High School,Founder,2,School
L2023-10417,Alum,ACT-18,High School,Member,1,None
L2023-10417,Alum,ACT-06,High School,Member,1,None
L2023-10417,Alum,ACT-08,Undergraduate,Member,2,None
L2024-10418,Alum,ACT-05,High School,Member,1,None
L2024-10418,Alum,ACT-12,High School,Member,4,State
L2024-10418,Alum,ACT-23,High School,Officer,2,State
L2024-10418,Alum,ACT-27,High School,Officer,4,School
L2024-10418,Alum,ACT-01,Undergraduate,Officer,4,Regional
L2025-10419,Alum,ACT-08,High School,Member,3,National
L2025-10419,Alum,ACT-05,High School,Officer,4,None
L2025-10419,Alum,ACT-15,High School,Member,1,None
L2025-10419,Alum,ACT-17,High School,Member,2,None
L2025-10419,Alum,ACT-12,Undergraduate,Member,4,None
L2025-10419,Alum,ACT-08,Undergraduate,Member,3,School
L2019-10420,Alum,ACT-05,High School,Member,3,School
L2019-10420,Alum,ACT-03,High School,Member,4,None
L2019-10420,Alum,ACT-08,High School,Officer,4,School
L2019-10420,Alum,ACT-27,Undergraduate,Member,2,None
L2019-10420,Alum,ACT-19,Undergraduate,Officer,1,None
L2020-10421,Alum,ACT-12,High School,President,2,None
L2020-10421,Alum,ACT-16,High School,Member,3,School
L2020-10421,Alum,ACT-17,High School,Member,2,School
L2020-10421,Alum,ACT-08,High School,Officer,3,School
L2020-10421,Alum,ACT-23,Undergraduate,Officer,1,None
L2020-10421,Alum,ACT-12,Undergraduate,Officer,1,None
L2021-10422,Alum,ACT-27,High School,Member,3,State
L2021-10422,Alum,ACT-23,High School,Captain,2,None
L2021-10422,Alum,ACT-06,High School,Member,4,None
L2021-10422,Alum,ACT-11,Undergraduate,Officer,3,None
L2022-10423,Alum,ACT-16,High School,Member,1,None
L2022-10423,Alum,ACT-03,High School,President,3,None
L2022-10423,Alum,ACT-01,High School,Member,3,None
L2022-10423,Alum,ACT-11,High School,Officer,2,School
L2022-10423,Alum,ACT-15,Undergraduate,Captain,3,None
L2022-10423,Alum,ACT-03,Undergraduate,President,4,None
L2022-10423,Alum,ACT-01,Undergraduate,Officer,2,None
L2023-10424,Alum,ACT-15,High School,Member,2,National
L2023-10424,Alum,ACT-12,High School,Member,2,None
L2023-10424,Alum,ACT-29,High School,Member,3,School
L2023-10424,Alum,ACT-11,Undergraduate,Officer,1,State
L2023-10424,Alum,ACT-03,Undergraduate,Member,3,None
L2023-10424,Alum,ACT-12,Undergraduate,Member,1,None
L2024-10425,Alum,ACT-01,High School,Founder,1,Regional
L2024-10425,Alum,ACT-05,High School,Member,1,None
L2024-10425,Alum,ACT-19,High School,Member,3,School
L2024-10425,Alum,ACT-01,Undergraduate,Member,4,Regional
L2025-10426,Alum,ACT-12,High School,Member,4,Regional
L2025-10426,Alum,ACT-17,High School,Member,4,None
L2025-10426,Alum,ACT-23,High School,President,1,State
L2025-10426,Alum,ACT-01,High School,Member,1,None
L2025-10426,Alum,ACT-23,Undergraduate,Member,4,None
L2025-10426,Alum,ACT-22,Undergraduate,Member,3,None
L2025-10426,Alum,ACT-01,Undergraduate,Member,1,None
L2019-10427,Alum,ACT-12,High School,Member,3,None
L2019-10427,Alum,ACT-27,High School,Member,2,None
L2019-10427,Alum,ACT-11,High School,Officer,3,School
L2019-10427,Alum,ACT-17,Undergraduate,Member,3,None
L2019-10427,Alum,ACT-16,Undergraduate,Member,2,School
L2020-10428,Alum,ACT-29,High School,Member,4,None
L2020-10428,Alum,ACT-24,High School,Member,3,School
L2020-10428,Alum,ACT-08,High School,Officer,2,School
L2020-10428,Alum,ACT-21,Undergraduate,Member,1,State
L2021-10429,Alum,ACT-15,High School,Member,3,None
L2021-10429,Alum,ACT-23,High School,Member,4,State
L2021-10429,Alum,ACT-16,High School,Member,3,None
L2021-10429,Alum,ACT-29,Undergraduate,Member,2,None
L2021-10429,Alum,ACT-08,Undergraduate,Member,4,State
L2022-10430,Alum,ACT-07,High School,Member,2,None
L2022-10430,Alum,ACT-11,High School,Member,2,None
L2022-10430,Alum,ACT-15,High School,Officer,1,None
L2022-10430,Alum,ACT-23,High School,President,4,School
L2022-10430,Alum,ACT-24,High School,Captain,2,Regional
L2022-10430,Alum,ACT-01,Undergraduate,Member,2,Regional
L2022-10430,Alum,ACT-08,Undergraduate,Member,3,Regional
L2023-10431,Alum,ACT-31,High School,Member,1,Regional
L2023-10431,Alum,ACT-05,High School,Member,1,Regional
L2023-10431,Alum,ACT-30,High School,Member,1,Regional
L2023-10431,Alum,ACT-07,Undergraduate,Member,1,None
L2023-10431,Alum,ACT-27,Undergraduate,Member,2,None
L2023-10431,Alum,ACT-04,Undergraduate,Member,3,Regional
L2024-10432,Alum,ACT-12,High School,Member,4,None
L2024-10432,Alum,ACT-07,High School,Member,4,None
L2024-10432,Alum,ACT-05,High School,Member,2,None
L2024-10432,Alum,ACT-03,High School,Member,3,Regional
L2024-10432,Alum,ACT-12,Undergraduate,Officer,4,School
L2024-10432,Alum,ACT-29,Undergraduate,President,2,None
L2024-10432,Alum,ACT-16,Undergraduate,Member,1,Regional
L2025-10433,Alum,ACT-18,High School,Officer,3,None
L2025-10433,Alum,ACT-17,High School,Founder,3,School
L2025-10433,Alum,ACT-03,High School,Member,2,State
L2025-10433,Alum,ACT-12,High School,Member,4,None
L2025-10433,Alum,ACT-27,Undergraduate,Member,2,None
L2025-10433,Alum,ACT-08,Undergraduate,Officer,4,State
L2025-10433,Alum,ACT-23,Undergraduate,Member,3,School
L2019-10434,Alum,ACT-23,High School,Officer,4,Regional
L2019-10434,Alum,ACT-01,High School,Member,4,Regional
L2019-10434,Alum,ACT-11,High School,Member,4,National
L2019-10434,Alum,ACT-21,Undergraduate,Officer,4,None
L2019-10434,Alum,ACT-05,Undergraduate,Member,3,None
L2019-10434,Alum,ACT-12,Undergraduate,Member,2,State
L2020-10435,Alum,ACT-07,High School,Member,3,None
L2020-10435,Alum,ACT-08,High School,Member,2,None
L2020-10435,Alum,ACT-09,High School,Member,2,State
L2020-10435,Alum,ACT-15,Undergraduate,Member,2,None
L2020-10435,Alum,ACT-12,Undergraduate,Member,4,School
L2021-10436,Alum,ACT-12,High School,Member,2,Regional
L2021-10436,Alum,ACT-08,High School,Member,3,School
L2021-10436,Alum,ACT-09,High School,Member,3,Regional
L2021-10436,Alum,ACT-13,High School,President,2,Regional
L2021-10436,Alum,ACT-03,High School,Member,2,None
L2021-10436,Alum,ACT-23,Undergraduate,Member,4,None
L2021-10436,Alum,ACT-21,Undergraduate,Officer,3,None
L2021-10436,Alum,ACT-12,Undergraduate,Member,3,Regional
L2022-10437,Alum,ACT-09,High School,Member,4,None
L2022-10437,Alum,ACT-21,High School,Captain,4,None
L2022-10437,Alum,ACT-12,High School,Member,4,None
L2022-10437,Alum,ACT-13,High School,Captain,1,None
L2022-10437,Alum,ACT-08,High School,Officer,2,None
L2022-10437,Alum,ACT-30,Undergraduate,Founder,3,State
L2023-10438,Alum,ACT-23,High School,Member,2,None
L2023-10438,Alum,ACT-30,High School,Member,3,State
L2023-10438,Alum,ACT-26,High School,Member,3,School
L2023-10438,Alum,ACT-10,Undergraduate,Officer,2,State
L2023-10438,Alum,ACT-19,Undergraduate,Member,2,None
L2023-10438,Alum,ACT-31,Undergraduate,Officer,3,None
L2024-10439,Alum,ACT-08,High School,Member,1,None
L2024-10439,Alum,ACT-23,High School,Officer,1,School
L2024-10439,Alum,ACT-06,High School,Officer,2,State
L2024-10439,Alum,ACT-25,High School,Member,2,None
L2024-10439,Alum,ACT-14,High School,Member,1,National
L2024-10439,Alum,ACT-01,Undergraduate,Officer,1,School
L2024-10439,Alum,ACT-12,Undergraduate,Captain,4,None
L2024-10439,Alum,ACT-06,Undergraduate,Captain,4,Regional
L2025-10440,Alum,ACT-05,High School,Member,2,School
L2025-10440,Alum,ACT-01,High School,President,3,School
L2025-10440,Alum,ACT-12,High School,Officer,4,None
L2025-10440,Alum,ACT-15,High School,Captain,4,State
L2025-10440,Alum,ACT-21,High School,Member,3,School
L2025-10440,Alum,ACT-06,Undergraduate,Founder,3,School
L2025-10440,Alum,ACT-23,Undergraduate,Captain,4,None
L2025-10440,Alum,ACT-13,Undergraduate,Member,2,School
L2019-10441,Alum,ACT-08,High School,Member,3,None
L2019-10441,Alum,ACT-09,High School,Member,1,School
L2019-10441,Alum,ACT-12,High School,Officer,2,None
L2019-10441,Alum,ACT-16,Undergraduate,Member,3,School
L2019-10441,Alum,ACT-01,Undergraduate,Officer,3,None
L2019-10441,Alum,ACT-23,Undergraduate,Member,1,School
L2020-10442,Alum,ACT-08,High School,Member,3,School
L2020-10442,Alum,ACT-23,High School,President,4,Regional
L2020-10442,Alum,ACT-04,High School,Member,4,School
L2020-10442,Alum,ACT-02,High School,Member,4,State
L2020-10442,Alum,ACT-12,High School,Officer,2,None
L2020-10442,Alum,ACT-23,Undergraduate,Officer,4,School
L2020-10442,Alum,ACT-27,Undergraduate,Member,1,None
L2020-10442,Alum,ACT-43,Undergraduate,Member,4,None
L2021-10443,Alum,ACT-05,High School,Captain,2,School
L2021-10443,Alum,ACT-17,High School,President,1,None
L2021-10443,Alum,ACT-15,High School,Member,1,State
L2021-10443,Alum,ACT-23,High School,Member,3,School
L2021-10443,Alum,ACT-23,Undergraduate,Member,2,None
L2021-10443,Alum,ACT-29,Undergraduate,Captain,3,School
L2022-10444,Alum,ACT-01,High School,Officer,2,School
L2022-10444,Alum,ACT-22,High School,Member,4,None
L2022-10444,Alum,ACT-12,High School,Officer,2,School
L2022-10444,Alum,ACT-06,High School,Member,1,None
L2022-10444,Alum,ACT-20,High School,Member,2,School
L2022-10444,Alum,ACT-18,High School,Member,1,Regional
L2022-10444,Alum,ACT-01,Undergraduate,Member,4,None
L2022-10444,Alum,ACT-03,Undergraduate,Member,3,State
L2023-10445,Alum,ACT-12,High School,Member,2,None
L2023-10445,Alum,ACT-09,High School,Member,3,None
L2023-10445,Alum,ACT-23,High School,Member,3,None
L2023-10445,Alum,ACT-19,High School,Officer,1,None
L2023-10445,Alum,ACT-02,Undergraduate,Member,1,School
L2023-10445,Alum,ACT-23,Undergraduate,Captain,2,None
L2024-10446,Alum,ACT-17,High School,Member,3,None
L2024-10446,Alum,ACT-08,High School,Member,3,School
L2024-10446,Alum,ACT-01,High School,Officer,3,None
L2024-10446,Alum,ACT-21,Undergraduate,Member,4,None
L2025-10447,Alum,ACT-08,High School,Member,4,School
L2025-10447,Alum,ACT-12,High School,Member,2,School
L2025-10447,Alum,ACT-19,High School,Founder,2,State
L2025-10447,Alum,ACT-06,High School,Member,3,None
L2025-10447,Alum,ACT-29,High School,Member,4,None
L2025-10447,Alum,ACT-26,Undergraduate,Member,3,State
L2019-10448,Alum,ACT-05,High School,Member,1,State
L2019-10448,Alum,ACT-29,High School,Member,2,None
L2019-10448,Alum,ACT-27,High School,Member,3,None
L2019-10448,Alum,ACT-12,Undergraduate,Officer,2,None
L2019-10448,Alum,ACT-04,Undergraduate,Officer,1,School
L2019-10448,Alum,ACT-02,Undergraduate,Founder,3,School
L2019-10448,Alum,ACT-33,Undergraduate,Member,1,National
L2020-10449,Alum,ACT-08,High School,Member,3,None
L2020-10449,Alum,ACT-10,High School,Member,3,School
L2020-10449,Alum,ACT-13,High School,Officer,1,Regional
L2020-10449,Alum,ACT-12,High School,Member,2,None
L2020-10449,Alum,ACT-23,Undergraduate,Founder,2,None
L2020-10449,Alum,ACT-47,Undergraduate,Member,1,None
L2021-10450,Alum,ACT-19,High School,Officer,1,School
L2021-10450,Alum,ACT-17,High School,Founder,3,Regional
L2021-10450,Alum,ACT-08,High School,Member,3,None
L2021-10450,Alum,ACT-07,Undergraduate,Member,3,State
L2021-10450,Alum,ACT-13,Undergraduate,Officer,1,School
L2021-10450,Alum,ACT-31,Undergraduate,Member,2,School
L2022-10451,Alum,ACT-12,High School,Officer,2,None
L2022-10451,Alum,ACT-23,High School,Member,4,None
L2022-10451,Alum,ACT-27,High School,Member,1,None
L2022-10451,Alum,ACT-12,Undergraduate,Member,1,None
L2022-10451,Alum,ACT-47,Undergraduate,Captain,4,School
L2023-10452,Alum,ACT-14,High School,Officer,4,None
L2023-10452,Alum,ACT-21,High School,Officer,3,Regional
L2023-10452,Alum,ACT-08,High School,Member,3,School
L2023-10452,Alum,ACT-20,High School,Member,2,None
L2023-10452,Alum,ACT-06,High School,Member,4,None
L2023-10452,Alum,ACT-21,Undergraduate,Member,3,School
L2023-10452,Alum,ACT-23,Undergraduate,Officer,1,Regional
L2024-10453,Alum,ACT-15,High School,Member,2,None
L2024-10453,Alum,ACT-21,High School,Member,1,School
L2024-10453,Alum,ACT-17,High School,Officer,4,State
L2024-10453,Alum,ACT-12,High School,Member,1,School
L2024-10453,Alum,ACT-03,High School,Officer,1,None
L2024-10453,Alum,ACT-12,Undergraduate,Member,3,None
L2024-10453,Alum,ACT-35,Undergraduate,Member,1,School
L2025-10454,Alum,ACT-22,High School,Member,3,None
L2025-10454,Alum,ACT-01,High School,Member,3,School
L2025-10454,Alum,ACT-15,High School,Member,2,None
L2025-10454,Alum,ACT-12,High School,Member,3,School
L2025-10454,Alum,ACT-06,High School,Member,4,None
L2025-10454,Alum,ACT-28,High School,Officer,3,None
L2025-10454,Alum,ACT-30,Undergraduate,Member,1,None
L2025-10454,Alum,ACT-23,Undergraduate,Member,3,Regional
L2025-10454,Alum,ACT-12,Undergraduate,Member,1,None
L2019-10455,Alum,ACT-24,High School,Member,1,None
L2019-10455,Alum,ACT-23,High School,Member,2,School
L2019-10455,Alum,ACT-16,High School,President,2,None
L2019-10455,Alum,ACT-10,High School,Member,2,Regional
L2019-10455,Alum,ACT-08,High School,Founder,3,None
L2019-10455,Alum,ACT-21,Undergraduate,Officer,2,Regional
L2019-10455,Alum,ACT-45,Undergraduate,Member,3,School
L2020-10456,Alum,ACT-04,High School,Captain,4,State
L2020-10456,Alum,ACT-31,High School,Member,4,None
L2020-10456,Alum,ACT-12,High School,Member,1,School
L2020-10456,Alum,ACT-25,Undergraduate,Member,1,None
L2021-10457,Alum,ACT-10,High School,Member,1,None
L2021-10457,Alum,ACT-12,High School,Officer,2,Regional
L2021-10457,Alum,ACT-06,High School,Member,4,None
L2021-10457,Alum,ACT-02,High School,Officer,2,School
L2021-10457,Alum,ACT-06,Undergraduate,President,3,None
L2022-10458,Alum,ACT-08,High School,Member,2,Regional
L2022-10458,Alum,ACT-17,High School,Member,2,None
L2022-10458,Alum,ACT-12,High School,Member,4,None
L2022-10458,Alum,ACT-06,High School,Member,3,School
L2022-10458,Alum,ACT-02,High School,Member,2,None
L2022-10458,Alum,ACT-12,Undergraduate,Member,4,None
L2022-10458,Alum,ACT-23,Undergraduate,Member,1,State
L2023-10459,Alum,ACT-06,High School,Member,1,Regional
L2023-10459,Alum,ACT-21,High School,Member,1,School
L2023-10459,Alum,ACT-10,High School,Captain,2,None
L2023-10459,Alum,ACT-09,High School,Member,2,State
L2023-10459,Alum,ACT-17,Undergraduate,Member,3,State
L2023-10459,Alum,ACT-35,Undergraduate,Member,2,None
L2024-10460,Alum,ACT-01,High School,Officer,1,State
L2024-10460,Alum,ACT-22,High School,President,1,School
L2024-10460,Alum,ACT-23,High School,Officer,4,None
L2024-10460,Alum,ACT-12,High School,Member,1,None
L2024-10460,Alum,ACT-10,High School,President,3,None
L2024-10460,Alum,ACT-27,Undergraduate,Founder,1,None
L2025-10461,Alum,ACT-13,High School,Member,1,None
L2025-10461,Alum,ACT-07,High School,Member,4,None
L2025-10461,Alum,ACT-23,High School,Member,2,None
L2025-10461,Alum,ACT-06,Undergraduate,Officer,1,None
L2025-10461,Alum,ACT-10,Undergraduate,Member,3,None
L2019-10462,Alum,ACT-01,High School,Member,2,School
L2019-10462,Alum,ACT-31,High School,Member,1,None
L2019-10462,Alum,ACT-06,High School,Member,3,None
L2019-10462,Alum,ACT-09,High School,Captain,4,None
L2019-10462,Alum,ACT-05,High School,Member,1,State
L2019-10462,Alum,ACT-28,Undergraduate,Member,2,None
L2019-10462,Alum,ACT-12,Undergraduate,Member,1,None
L2020-10463,Alum,ACT-04,High School,Captain,1,None
L2020-10463,Alum,ACT-02,High School,Member,3,None
L2020-10463,Alum,ACT-15,High School,Officer,4,State
L2020-10463,Alum,ACT-17,High School,Officer,1,None
L2020-10463,Alum,ACT-23,High School,Member,3,School
L2020-10463,Alum,ACT-13,Undergraduate,Captain,1,National
L2020-10463,Alum,ACT-23,Undergraduate,Member,2,None
L2020-10463,Alum,ACT-22,Undergraduate,Member,1,School
L2021-10464,Alum,ACT-17,High School,Member,4,School
L2021-10464,Alum,ACT-01,High School,Officer,4,None
L2021-10464,Alum,ACT-15,High School,Member,3,School
L2021-10464,Alum,ACT-09,High School,Member,4,Regional
L2021-10464,Alum,ACT-07,Undergraduate,Member,3,None
L2021-10464,Alum,ACT-12,Undergraduate,Member,2,Regional
L2021-10464,Alum,ACT-10,Undergraduate,Member,2,School
L2022-10465,Alum,ACT-23,High School,Member,2,None
L2022-10465,Alum,ACT-12,High School,Member,4,State
L2022-10465,Alum,ACT-14,High School,Officer,4,School
L2022-10465,Alum,ACT-31,High School,Officer,1,Regional
L2022-10465,Alum,ACT-04,High School,Member,2,None
L2022-10465,Alum,ACT-18,High School,Member,4,None
L2022-10465,Alum,ACT-20,Undergraduate,Officer,2,Regional
L2022-10465,Alum,ACT-17,Undergraduate,Member,1,None
L2022-10465,Alum,ACT-07,Undergraduate,Member,3,School
L2023-10466,Alum,ACT-21,High School,Member,4,School
L2023-10466,Alum,ACT-12,High School,Member,1,None
L2023-10466,Alum,ACT-06,High School,President,3,None
L2023-10466,Alum,ACT-15,Undergraduate,Captain,1,None
L2023-10466,Alum,ACT-11,Undergraduate,Member,1,School
L2024-10467,Alum,ACT-08,High School,Member,1,State
L2024-10467,Alum,ACT-29,High School,Member,4,None
L2024-10467,Alum,ACT-23,High School,Captain,3,School
L2024-10467,Alum,ACT-31,Undergraduate,Officer,2,School
L2024-10467,Alum,ACT-23,Undergraduate,Captain,2,School
L2024-10467,Alum,ACT-47,Undergraduate,Member,2,Regional
L2025-10468,Alum,ACT-21,High School,Officer,3,Regional
L2025-10468,Alum,ACT-17,High School,Member,1,None
L2025-10468,Alum,ACT-28,High School,Captain,2,School
L2025-10468,Alum,ACT-12,High School,Member,2,None
L2025-10468,Alum,ACT-28,Undergraduate,Member,4,State
L2019-10469,Alum,ACT-06,High School,Member,2,None
L2019-10469,Alum,ACT-12,High School,Officer,4,None
L2019-10469,Alum,ACT-16,High School,Member,2,National
L2019-10469,Alum,ACT-08,Undergraduate,President,3,Regional
L2020-10470,Alum,ACT-15,High School,President,2,School
L2020-10470,Alum,ACT-20,High School,Member,4,School
L2020-10470,Alum,ACT-01,High School,Member,4,None
L2020-10470,Alum,ACT-30,High School,Member,4,None
L2020-10470,Alum,ACT-02,Undergraduate,Member,2,Regional
L2020-10470,Alum,ACT-04,Undergraduate,Member,3,None
L2021-10471,Alum,ACT-15,High School,Member,3,State
L2021-10471,Alum,ACT-21,High School,Captain,3,None
L2021-10471,Alum,ACT-23,High School,Member,4,Regional
L2021-10471,Alum,ACT-12,High School,Member,4,None
L2021-10471,Alum,ACT-05,High School,Member,2,State
L2021-10471,Alum,ACT-17,High School,Officer,4,None
L2021-10471,Alum,ACT-14,Undergraduate,Member,4,None
L2021-10471,Alum,ACT-25,Undergraduate,Member,2,School
L2022-10472,Alum,ACT-21,High School,Officer,1,School
L2022-10472,Alum,ACT-06,High School,President,2,School
L2022-10472,Alum,ACT-08,High School,Member,2,School
L2022-10472,Alum,ACT-06,Undergraduate,Founder,2,None
L2022-10472,Alum,ACT-12,Undergraduate,Member,1,National
L2022-10472,Alum,ACT-24,Undergraduate,Member,3,None
L2023-10473,Alum,ACT-12,High School,Member,2,School
L2023-10473,Alum,ACT-17,High School,President,2,Regional
L2023-10473,Alum,ACT-06,High School,President,3,None
L2023-10473,Alum,ACT-04,High School,Member,4,Regional
L2023-10473,Alum,ACT-01,High School,Member,1,State
L2023-10473,Alum,ACT-23,Undergraduate,Member,4,None
L2023-10473,Alum,ACT-01,Undergraduate,Member,2,None
L2023-10473,Alum,ACT-06,Undergraduate,Officer,4,National
L2024-10474,Alum,ACT-22,High School,Member,3,None
L2024-10474,Alum,ACT-13,High School,Member,3,Regional
L2024-10474,Alum,ACT-15,High School,Member,4,None
L2024-10474,Alum,ACT-12,High School,Captain,2,School
L2024-10474,Alum,ACT-27,Undergraduate,Member,3,School
L2024-10474,Alum,ACT-08,Undergraduate,Member,3,None
L2024-10474,Alum,ACT-15,Undergraduate,Member,1,State
L2025-10475,Alum,ACT-12,High School,Officer,2,None
L2025-10475,Alum,ACT-29,High School,Member,4,School
L2025-10475,Alum,ACT-15,High School,Captain,1,None
L2025-10475,Alum,ACT-15,Undergraduate,Member,2,School
L2019-10476,Alum,ACT-24,High School,Member,3,School
L2019-10476,Alum,ACT-12,High School,Member,4,School
L2019-10476,Alum,ACT-06,High School,Member,1,None
L2019-10476,Alum,ACT-27,Undergraduate,Member,1,None
L2020-10477,Alum,ACT-13,High School,Founder,3,School
L2020-10477,Alum,ACT-15,High School,Officer,4,None
L2020-10477,Alum,ACT-12,High School,Officer,2,Regional
L2020-10477,Alum,ACT-23,High School,Member,2,None
L2020-10477,Alum,ACT-01,Undergraduate,Member,1,School
L2020-10477,Alum,ACT-05,Undergraduate,Member,1,None
L2020-10477,Alum,ACT-02,Undergraduate,Member,1,School
L2021-10478,Alum,ACT-23,High School,Captain,4,None
L2021-10478,Alum,ACT-15,High School,Captain,1,None
L2021-10478,Alum,ACT-30,High School,Officer,2,None
L2021-10478,Alum,ACT-12,High School,Officer,1,None
L2021-10478,Alum,ACT-02,High School,Captain,2,None
L2021-10478,Alum,ACT-21,Undergraduate,Founder,2,School
L2021-10478,Alum,ACT-12,Undergraduate,Member,2,None
L2022-10479,Alum,ACT-12,High School,Captain,1,School
L2022-10479,Alum,ACT-16,High School,Member,3,None
L2022-10479,Alum,ACT-23,High School,Officer,1,School
L2022-10479,Alum,ACT-21,High School,Member,1,State
L2022-10479,Alum,ACT-12,Undergraduate,Officer,2,Regional
L2023-10480,Alum,ACT-15,High School,President,2,None
L2023-10480,Alum,ACT-25,High School,President,1,School
L2023-10480,Alum,ACT-01,High School,Captain,2,None
L2023-10480,Alum,ACT-12,High School,Officer,4,School
L2023-10480,Alum,ACT-18,Undergraduate,Member,1,Regional
L2023-10480,Alum,ACT-29,Undergraduate,Founder,4,None
L2023-10480,Alum,ACT-06,Undergraduate,Officer,2,None
L2024-10481,Alum,ACT-01,High School,Member,2,None
L2024-10481,Alum,ACT-22,High School,Member,2,Regional
L2024-10481,Alum,ACT-24,High School,Member,4,None
L2024-10481,Alum,ACT-15,Undergraduate,Captain,2,Regional
L2024-10481,Alum,ACT-12,Undergraduate,Member,3,None
L2025-10482,Alum,ACT-17,High School,Member,4,School
L2025-10482,Alum,ACT-21,High School,Officer,1,Regional
L2025-10482,Alum,ACT-18,High School,Officer,3,None
L2025-10482,Alum,ACT-08,Undergraduate,Member,1,None
L2025-10482,Alum,ACT-16,Undergraduate,Member,1,Regional
L2025-10482,Alum,ACT-12,Undergraduate,Member,3,None
L2019-10483,Alum,ACT-11,High School,Officer,1,None
L2019-10483,Alum,ACT-08,High School,Member,2,National
L2019-10483,Alum,ACT-04,High School,Member,4,None
L2019-10483,Alum,ACT-05,High School,Member,2,Regional
L2019-10483,Alum,ACT-24,High School,Member,4,None
L2019-10483,Alum,ACT-05,Undergraduate,Member,3,None
L2019-10483,Alum,ACT-12,Undergraduate,President,1,Regional
L2019-10483,Alum,ACT-19,Undergraduate,Member,2,None
L2020-10484,Alum,ACT-21,High School,President,2,School
L2020-10484,Alum,ACT-22,High School,Member,1,State
L2020-10484,Alum,ACT-12,High School,Member,4,None
L2020-10484,Alum,ACT-08,High School,Member,2,State
L2020-10484,Alum,ACT-26,High School,Member,4,School
L2020-10484,Alum,ACT-12,Undergraduate,President,3,State
L2021-10485,Alum,ACT-23,High School,Member,4,None
L2021-10485,Alum,ACT-13,High School,Member,1,None
L2021-10485,Alum,ACT-17,High School,Member,2,School
L2021-10485,Alum,ACT-07,High School,Member,1,None
L2021-10485,Alum,ACT-12,Undergraduate,Member,4,State
L2022-10486,Alum,ACT-12,High School,Captain,4,School
L2022-10486,Alum,ACT-20,High School,Member,4,State
L2022-10486,Alum,ACT-17,High School,Member,2,None
L2022-10486,Alum,ACT-16,High School,Member,4,School
L2022-10486,Alum,ACT-15,High School,Member,4,None
L2022-10486,Alum,ACT-13,Undergraduate,Member,1,None
L2023-10487,Alum,ACT-12,High School,Member,2,Regional
L2023-10487,Alum,ACT-08,High School,Member,1,School
L2023-10487,Alum,ACT-21,High School,Member,1,None
L2023-10487,Alum,ACT-15,Undergraduate,Founder,1,School
L2023-10487,Alum,ACT-38,Undergraduate,Member,1,None
L2024-10488,Alum,ACT-19,High School,Member,4,State
L2024-10488,Alum,ACT-23,High School,Officer,1,None
L2024-10488,Alum,ACT-15,High School,Officer,4,None
L2024-10488,Alum,ACT-26,High School,Member,2,None
L2024-10488,Alum,ACT-17,High School,Member,1,None
L2024-10488,Alum,ACT-23,Undergraduate,Member,4,School
L2024-10488,Alum,ACT-28,Undergraduate,Officer,1,None
L2025-10489,Alum,ACT-12,High School,Member,4,None
L2025-10489,Alum,ACT-04,High School,Member,3,None
L2025-10489,Alum,ACT-21,High School,Member,1,None
L2025-10489,Alum,ACT-03,High School,Officer,3,Regional
L2025-10489,Alum,ACT-08,High School,Member,1,None
L2025-10489,Alum,ACT-27,High School,Member,4,State
L2025-10489,Alum,ACT-27,Undergraduate,Member,2,None
L2025-10489,Alum,ACT-25,Undergraduate,Member,3,State
L2025-10489,Alum,ACT-05,Undergraduate,Member,2,None
L2019-10490,Alum,ACT-12,High School,Member,3,None
L2019-10490,Alum,ACT-08,High School,Member,1,None
L2019-10490,Alum,ACT-02,High School,Member,4,None
L2019-10490,Alum,ACT-15,Undergraduate,Member,1,None
L2019-10490,Alum,ACT-21,Undergraduate,President,4,School
L2019-10490,Alum,ACT-19,Undergraduate,Member,3,School
L2020-10491,Alum,ACT-01,High School,Member,1,School
L2020-10491,Alum,ACT-23,High School,Member,4,None
L2020-10491,Alum,ACT-20,High School,Member,3,State
L2020-10491,Alum,ACT-04,High School,Member,2,None
L2020-10491,Alum,ACT-26,Undergraduate,Member,3,None
L2020-10491,Alum,ACT-10,Undergraduate,Member,1,Regional
L2020-10491,Alum,ACT-15,Undergraduate,Member,2,Regional
L2020-10491,Alum,ACT-40,Undergraduate,Member,4,None
L2021-10492,Alum,ACT-12,High School,Member,1,None
L2021-10492,Alum,ACT-08,High School,Officer,2,School
L2021-10492,Alum,ACT-14,High School,Captain,2,None
L2021-10492,Alum,ACT-05,High School,Officer,1,Regional
L2021-10492,Alum,ACT-23,Undergraduate,Member,2,State
L2022-10493,Alum,ACT-23,High School,Officer,2,None
L2022-10493,Alum,ACT-09,High School,Member,3,State
L2022-10493,Alum,ACT-12,High School,Member,3,School
L2022-10493,Alum,ACT-18,High School,Officer,3,None
L2022-10493,Alum,ACT-31,High School,Member,3,Regional
L2022-10493,Alum,ACT-15,Undergraduate,Member,1,None
L2022-10493,Alum,ACT-09,Undergraduate,Member,3,School
L2022-10493,Alum,ACT-12,Undergraduate,Founder,3,None
L2023-10494,Alum,ACT-09,High School,Member,2,State
L2023-10494,Alum,ACT-02,High School,President,1,None
L2023-10494,Alum,ACT-01,High School,Member,1,None
L2023-10494,Alum,ACT-21,High School,Member,1,School
L2023-10494,Alum,ACT-12,Undergraduate,Member,2,State
L2023-10494,Alum,ACT-23,Undergraduate,Member,4,School
L2023-10494,Alum,ACT-06,Undergraduate,President,4,None
L2024-10495,Alum,ACT-23,High School,Founder,4,School
L2024-10495,Alum,ACT-08,High School,Member,1,State
L2024-10495,Alum,ACT-15,High School,President,1,Regional
L2024-10495,Alum,ACT-17,High School,Member,4,State
L2024-10495,Alum,ACT-12,Undergraduate,Founder,2,Regional
L2024-10495,Alum,ACT-30,Undergraduate,President,3,None
L2025-10496,Alum,ACT-01,High School,Officer,3,None
L2025-10496,Alum,ACT-12,High School,Member,2,National
L2025-10496,Alum,ACT-08,High School,Officer,1,Regional
L2025-10496,Alum,ACT-04,High School,Member,2,School
L2025-10496,Alum,ACT-23,High School,Member,3,None
L2025-10496,Alum,ACT-12,Undergraduate,President,3,None
L2019-10497,Alum,ACT-21,High School,President,1,None
L2019-10497,Alum,ACT-31,High School,Member,3,None
L2019-10497,Alum,ACT-06,High School,Member,3,None
L2019-10497,Alum,ACT-02,High School,Member,1,Regional
L2019-10497,Alum,ACT-02,Undergraduate,Member,3,National
L2019-10497,Alum,ACT-45,Undergraduate,Member,1,None
L2020-10498,Alum,ACT-16,High School,Officer,3,National
L2020-10498,Alum,ACT-13,High School,Member,2,None
L2020-10498,Alum,ACT-09,High School,President,4,None
L2020-10498,Alum,ACT-11,High School,Member,1,School
L2020-10498,Alum,ACT-21,High School,Member,3,None
L2020-10498,Alum,ACT-23,Undergraduate,Member,2,None
L2020-10498,Alum,ACT-17,Undergraduate,President,4,None
L2021-10499,Alum,ACT-06,High School,Member,2,None
L2021-10499,Alum,ACT-13,High School,Member,1,School
L2021-10499,Alum,ACT-12,High School,Member,4,None
L2021-10499,Alum,ACT-01,High School,Member,2,None
L2021-10499,Alum,ACT-18,Undergraduate,Captain,1,School
L2021-10499,Alum,ACT-21,Undergraduate,Member,2,None
L2022-10500,Alum,ACT-06,High School,President,3,None
L2022-10500,Alum,ACT-15,High School,Member,3,None
L2022-10500,Alum,ACT-09,High School,Member,3,None
L2022-10500,Alum,ACT-21,High School,Member,4,None
L2022-10500,Alum,ACT-15,Undergraduate,Member,2,None
L2022-10500,Alum,ACT-12,Undergraduate,Founder,2,State
L2023-10501,Alum,ACT-12,High School,Member,1,School
L2023-10501,Alum,ACT-21,High School,Officer,4,None
L2023-10501,Alum,ACT-23,High School,President,1,None
L2023-10501,Alum,ACT-28,High School,Member,1,None
L2023-10501,Alum,ACT-12,Undergraduate,Member,4,None
L2023-10501,Alum,ACT-20,Undergraduate,Member,2,Regional
L2023-10501,Alum,ACT-15,Undergraduate,President,2,Regional
L2024-10502,Alum,ACT-08,High School,Officer,1,None
L2024-10502,Alum,ACT-07,High School,President,3,None
L2024-10502,Alum,ACT-06,High School,Member,1,State
L2024-10502,Alum,ACT-09,High School,President,4,School
L2024-10502,Alum,ACT-12,Undergraduate,President,3,School
L2024-10502,Alum,ACT-27,Undergraduate,Captain,2,School
L2024-10502,Alum,ACT-23,Undergraduate,Member,1,State
L2025-10503,Alum,ACT-12,High School,Founder,4,None
L2025-10503,Alum,ACT-21,High School,Member,4,Regional
L2025-10503,Alum,ACT-06,High School,Captain,1,Regional
L2025-10503,Alum,ACT-30,Undergraduate,Member,2,School
L2019-10504,Alum,ACT-12,High School,Member,4,State
L2019-10504,Alum,ACT-11,High School,Member,2,None
L2019-10504,Alum,ACT-30,High School,Member,1,None
L2019-10504,Alum,ACT-05,High School,President,3,State
L2019-10504,Alum,ACT-19,High School,Officer,4,None
L2019-10504,Alum,ACT-31,Undergraduate,Member,2,None
L2019-10504,Alum,ACT-06,Undergraduate,Captain,2,None
L2020-10505,Alum,ACT-23,High School,Member,3,Regional
L2020-10505,Alum,ACT-12,High School,Member,4,School
L2020-10505,Alum,ACT-19,High School,Member,3,Regional
L2020-10505,Alum,ACT-22,High School,Member,4,School
L2020-10505,Alum,ACT-06,Undergraduate,Member,3,None
L2020-10505,Alum,ACT-39,Undergraduate,Member,1,Regional
L2021-10506,Alum,ACT-12,High School,Member,4,None
L2021-10506,Alum,ACT-03,High School,Member,3,School
L2021-10506,Alum,ACT-13,High School,Officer,3,State
L2021-10506,Alum,ACT-24,High School,Member,3,None
L2021-10506,Alum,ACT-14,High School,Member,4,Regional
L2021-10506,Alum,ACT-15,High School,Member,2,State
L2021-10506,Alum,ACT-08,Undergraduate,Founder,1,None
L2021-10506,Alum,ACT-02,Undergraduate,Officer,4,None
L2022-10507,Alum,ACT-23,High School,Member,1,Regional
L2022-10507,Alum,ACT-07,High School,President,1,School
L2022-10507,Alum,ACT-30,High School,Officer,1,None
L2022-10507,Alum,ACT-12,High School,Member,1,None
L2022-10507,Alum,ACT-09,Undergraduate,Member,4,None
L2023-10508,Alum,ACT-21,High School,Member,3,None
L2023-10508,Alum,ACT-23,High School,Officer,1,School
L2023-10508,Alum,ACT-02,High School,Member,1,School
L2023-10508,Alum,ACT-15,Undergraduate,Member,1,Regional
L2023-10508,Alum,ACT-21,Undergraduate,Member,1,Regional
L2023-10508,Alum,ACT-01,Undergraduate,Member,2,None
L2024-10509,Alum,ACT-23,High School,Founder,2,School
L2024-10509,Alum,ACT-10,High School,Captain,1,State
L2024-10509,Alum,ACT-14,High School,Member,1,None
L2024-10509,Alum,ACT-15,Undergraduate,Member,3,Regional
L2024-10509,Alum,ACT-16,Undergraduate,Member,3,None
L2024-10509,Alum,ACT-09,Undergraduate,Member,2,None
L2025-10510,Alum,ACT-10,High School,Member,2,School
L2025-10510,Alum,ACT-19,High School,Captain,1,State
L2025-10510,Alum,ACT-15,High School,Member,1,State
L2025-10510,Alum,ACT-06,High School,Member,3,Regional
L2025-10510,Alum,ACT-21,High School,Member,2,None
L2025-10510,Alum,ACT-12,Undergraduate,Member,3,None
L2025-10510,Alum,ACT-01,Undergraduate,Member,4,School
L2025-10510,Alum,ACT-10,Undergraduate,Member,3,National
L2019-10511,Alum,ACT-27,High School,President,1,Regional
L2019-10511,Alum,ACT-12,High School,Officer,4,State
L2019-10511,Alum,ACT-23,High School,Officer,4,None
L2019-10511,Alum,ACT-12,Undergraduate,Member,2,None
L2019-10511,Alum,ACT-30,Undergraduate,Member,3,None
L2020-10512,Alum,ACT-15,High School,Officer,2,School
L2020-10512,Alum,ACT-21,High School,Member,3,None
L2020-10512,Alum,ACT-06,High School,Member,4,None
L2020-10512,Alum,ACT-06,Undergraduate,Founder,3,None
L2020-10512,Alum,ACT-12,Undergraduate,Member,1,None
L2020-10512,Alum,ACT-08,Undergraduate,Captain,2,Regional
L2021-10513,Alum,ACT-23,High School,Member,2,None
L2021-10513,Alum,ACT-25,High School,Member,3,Regional
L2021-10513,Alum,ACT-09,High School,Member,3,School
L2021-10513,Alum,ACT-12,High School,President,2,State
L2021-10513,Alum,ACT-08,Undergraduate,Captain,1,School
L2021-10513,Alum,ACT-12,Undergraduate,Member,1,None
L2021-10513,Alum,ACT-23,Undergraduate,Member,4,None
L2022-10514,Alum,ACT-30,High School,Member,2,National
L2022-10514,Alum,ACT-04,High School,Member,4,None
L2022-10514,Alum,ACT-23,High School,Captain,4,None
L2022-10514,Alum,ACT-01,Undergraduate,Officer,4,Regional
L2023-10515,Alum,ACT-30,High School,Officer,1,Regional
L2023-10515,Alum,ACT-04,High School,Member,3,School
L2023-10515,Alum,ACT-01,High School,Member,2,School
L2023-10515,Alum,ACT-12,Undergraduate,Member,4,School
L2023-10515,Alum,ACT-02,Undergraduate,Member,2,None
L2024-10516,Alum,ACT-23,High School,Captain,3,None
L2024-10516,Alum,ACT-12,High School,Officer,4,None
L2024-10516,Alum,ACT-28,High School,Member,4,None
L2024-10516,Alum,ACT-15,Undergraduate,Member,1,None
L2024-10516,Alum,ACT-21,Undergraduate,Member,1,None
L2025-10517,Alum,ACT-13,High School,Member,1,None
L2025-10517,Alum,ACT-19,High School,Officer,1,None
L2025-10517,Alum,ACT-15,High School,Officer,2,None
L2025-10517,Alum,ACT-12,High School,Captain,1,None
L2025-10517,Alum,ACT-10,Undergraduate,Member,3,None
L2019-10518,Alum,ACT-12,High School,Captain,4,None
L2019-10518,Alum,ACT-06,High School,Member,3,School
L2019-10518,Alum,ACT-27,High School,Member,3,Regional
L2019-10518,Alum,ACT-15,High School,Member,4,School
L2019-10518,Alum,ACT-04,Undergraduate,Member,1,None
L2019-10518,Alum,ACT-23,Undergraduate,Member,3,Regional
L2020-10519,Alum,ACT-15,High School,Member,4,None
L2020-10519,Alum,ACT-17,High School,Officer,1,State
L2020-10519,Alum,ACT-13,High School,Captain,1,Regional
L2020-10519,Alum,ACT-12,High School,Member,4,School
L2020-10519,Alum,ACT-23,High School,Member,3,School
L2020-10519,Alum,ACT-12,Undergraduate,Officer,2,None
L2021-10520,Alum,ACT-31,High School,Member,3,None
L2021-10520,Alum,ACT-23,High School,Member,2,None
L2021-10520,Alum,ACT-05,High School,Member,2,None
L2021-10520,Alum,ACT-17,High School,Member,2,School
L2021-10520,Alum,ACT-12,High School,Member,2,None
L2021-10520,Alum,ACT-26,Undergraduate,Member,4,School
L2021-10520,Alum,ACT-18,Undergraduate,Captain,2,None
L2022-10521,Alum,ACT-12,High School,Member,1,None
L2022-10521,Alum,ACT-17,High School,Founder,1,None
L2022-10521,Alum,ACT-27,High School,Officer,1,School
L2022-10521,Alum,ACT-08,High School,Member,2,None
L2022-10521,Alum,ACT-19,High School,Officer,1,School
L2022-10521,Alum,ACT-23,Undergraduate,Founder,3,Regional
L2023-10522,Alum,ACT-12,High School,Officer,4,School
L2023-10522,Alum,ACT-01,High School,President,2,None
L2023-10522,Alum,ACT-23,High School,Officer,2,None
L2023-10522,Alum,ACT-15,High School,Member,2,Regional
L2023-10522,Alum,ACT-02,High School,Captain,1,None
L2023-10522,Alum,ACT-27,High School,Member,2,School
L2023-10522,Alum,ACT-12,Undergraduate,Captain,1,None
L2023-10522,Alum,ACT-26,Undergraduate,Member,3,School
L2023-10522,Alum,ACT-15,Undergraduate,Member,3,State
L2024-10523,Alum,ACT-25,High School,Member,1,State
L2024-10523,Alum,ACT-12,High School,Officer,1,Regional
L2024-10523,Alum,ACT-09,High School,Officer,3,Regional
L2024-10523,Alum,ACT-30,High School,Member,2,State
L2024-10523,Alum,ACT-13,High School,Member,1,Regional
L2024-10523,Alum,ACT-06,High School,Member,1,Regional
L2024-10523,Alum,ACT-23,Undergraduate,Member,2,Regional
L2024-10523,Alum,ACT-12,Undergraduate,President,2,State
L2024-10523,Alum,ACT-15,Undergraduate,Member,2,None
L2025-10524,Alum,ACT-12,High School,President,3,School
L2025-10524,Alum,ACT-18,High School,Officer,1,None
L2025-10524,Alum,ACT-17,High School,Member,3,School
L2025-10524,Alum,ACT-08,High School,Member,1,Regional
L2025-10524,Alum,ACT-20,High School,Member,1,None
L2025-10524,Alum,ACT-29,Undergraduate,Officer,4,School
L2019-10525,Alum,ACT-01,High School,Member,1,None
L2019-10525,Alum,ACT-12,High School,Member,3,School
L2019-10525,Alum,ACT-23,High School,Member,2,None
L2019-10525,Alum,ACT-07,High School,Officer,4,Regional
L2019-10525,Alum,ACT-13,Undergraduate,Founder,3,None
L2020-10526,Alum,ACT-09,High School,Member,3,None
L2020-10526,Alum,ACT-21,High School,Member,3,School
L2020-10526,Alum,ACT-05,High School,Officer,3,Regional
L2020-10526,Alum,ACT-01,Undergraduate,President,1,Regional
L2020-10526,Alum,ACT-03,Undergraduate,Founder,4,School
L2021-10527,Alum,ACT-02,High School,Officer,3,School
L2021-10527,Alum,ACT-24,High School,Member,4,None
L2021-10527,Alum,ACT-13,High School,Officer,4,School
L2021-10527,Alum,ACT-01,High School,Member,3,None
L2021-10527,Alum,ACT-25,Undergraduate,Member,3,State
L2021-10527,Alum,ACT-12,Undergraduate,Member,4,School
L2022-10528,Alum,ACT-12,High School,Captain,2,None
L2022-10528,Alum,ACT-15,High School,Member,4,School
L2022-10528,Alum,ACT-21,High School,Member,2,Regional
L2022-10528,Alum,ACT-19,High School,Officer,1,State
L2022-10528,Alum,ACT-29,High School,Member,1,None
L2022-10528,Alum,ACT-23,High School,Member,2,State
L2022-10528,Alum,ACT-12,Undergraduate,Member,2,Regional
L2022-10528,Alum,ACT-15,Undergraduate,Captain,2,School
L2023-10529,Alum,ACT-08,High School,Member,2,School
L2023-10529,Alum,ACT-11,High School,Officer,2,None
L2023-10529,Alum,ACT-15,High School,Officer,3,School
L2023-10529,Alum,ACT-31,High School,Member,2,Regional
L2023-10529,Alum,ACT-12,Undergraduate,President,2,School
L2023-10529,Alum,ACT-14,Undergraduate,President,1,School
L2023-10529,Alum,ACT-21,Undergraduate,Officer,3,None
L2024-10530,Alum,ACT-07,High School,Member,4,School
L2024-10530,Alum,ACT-23,High School,Founder,4,None
L2024-10530,Alum,ACT-27,High School,Member,2,None
L2024-10530,Alum,ACT-12,High School,Member,2,School
L2024-10530,Alum,ACT-05,High School,Member,3,None
L2024-10530,Alum,ACT-03,High School,Member,4,None
L2024-10530,Alum,ACT-23,Undergraduate,Member,4,None
L2024-10530,Alum,ACT-12,Undergraduate,Member,3,Regional
L2025-10531,Alum,ACT-17,High School,Captain,2,School
L2025-10531,Alum,ACT-05,High School,President,1,Regional
L2025-10531,Alum,ACT-27,High School,Captain,1,None
L2025-10531,Alum,ACT-15,Undergraduate,Member,2,None
L2019-10532,Alum,ACT-09,High School,Member,2,None
L2019-10532,Alum,ACT-22,High School,Officer,3,None
L2019-10532,Alum,ACT-08,High School,Member,1,Regional
L2019-10532,Alum,ACT-01,High School,Officer,1,None
L2019-10532,Alum,ACT-12,Undergraduate,Member,4,None
L2019-10532,Alum,ACT-15,Undergraduate,Member,2,None
L2020-10533,Alum,ACT-10,High School,Member,2,Regional
L2020-10533,Alum,ACT-15,High School,Member,1,None
L2020-10533,Alum,ACT-06,High School,Member,1,School
L2020-10533,Alum,ACT-23,High School,Member,4,None
L2020-10533,Alum,ACT-15,Undergraduate,Member,3,Regional
L2020-10533,Alum,ACT-24,Undergraduate,Member,1,None
L2020-10533,Alum,ACT-21,Undergraduate,Member,2,State
L2021-10534,Alum,ACT-04,High School,Officer,1,Regional
L2021-10534,Alum,ACT-03,High School,Officer,3,School
L2021-10534,Alum,ACT-02,High School,Member,2,State
L2021-10534,Alum,ACT-24,Undergraduate,Member,3,Regional
L2022-10535,Alum,ACT-05,High School,Member,4,None
L2022-10535,Alum,ACT-10,High School,Officer,4,None
L2022-10535,Alum,ACT-30,High School,Founder,2,None
L2022-10535,Alum,ACT-22,High School,Member,4,School
L2022-10535,Alum,ACT-03,Undergraduate,Officer,3,School
L2022-10535,Alum,ACT-23,Undergraduate,President,4,None
L2022-10535,Alum,ACT-08,Undergraduate,Member,4,Regional
L2023-10536,Alum,ACT-12,High School,Captain,1,Regional
L2023-10536,Alum,ACT-23,High School,President,3,None
L2023-10536,Alum,ACT-19,High School,Member,1,None
L2023-10536,Alum,ACT-18,High School,Officer,1,None
L2023-10536,Alum,ACT-06,Undergraduate,Member,2,School
L2024-10537,Alum,ACT-27,High School,Member,3,None
L2024-10537,Alum,ACT-03,High School,Officer,1,Regional
L2024-10537,Alum,ACT-06,High School,Member,2,None
L2024-10537,Alum,ACT-07,High School,Member,1,National
L2024-10537,Alum,ACT-12,Undergraduate,Founder,2,School
L2024-10537,Alum,ACT-06,Undergraduate,Member,3,None
L2024-10537,Alum,ACT-15,Undergraduate,Member,1,None
L2025-10538,Alum,ACT-12,High School,Member,4,School
L2025-10538,Alum,ACT-15,High School,Officer,3,None
L2025-10538,Alum,ACT-19,High School,Captain,2,None
L2025-10538,Alum,ACT-06,High School,Member,1,None
L2025-10538,Alum,ACT-27,High School,Member,4,None
L2025-10538,Alum,ACT-23,Undergraduate,Member,2,None
L2025-10538,Alum,ACT-03,Undergraduate,Member,4,Regional
L2025-10538,Alum,ACT-44,Undergraduate,Captain,3,None
L2019-10539,Alum,ACT-21,High School,Member,3,School
L2019-10539,Alum,ACT-01,High School,Member,4,None
L2019-10539,Alum,ACT-14,High School,Member,4,None
L2019-10539,Alum,ACT-04,High School,Member,2,None
L2019-10539,Alum,ACT-06,High School,Founder,1,None
L2019-10539,Alum,ACT-12,Undergraduate,Officer,1,None
L2020-10540,Alum,ACT-15,High School,Officer,2,Regional
L2020-10540,Alum,ACT-01,High School,Officer,1,None
L2020-10540,Alum,ACT-29,High School,Officer,1,Regional
L2020-10540,Alum,ACT-06,High School,Captain,2,School
L2020-10540,Alum,ACT-14,High School,Officer,1,School
L2020-10540,Alum,ACT-29,Undergraduate,Officer,3,None
L2020-10540,Alum,ACT-30,Undergraduate,Officer,3,None
L2020-10540,Alum,ACT-17,Undergraduate,Founder,2,None
L2021-10541,Alum,ACT-01,High School,Member,1,School
L2021-10541,Alum,ACT-26,High School,President,2,None
L2021-10541,Alum,ACT-19,High School,President,2,School
L2021-10541,Alum,ACT-22,High School,Member,4,School
L2021-10541,Alum,ACT-12,High School,Officer,1,None
L2021-10541,Alum,ACT-08,High School,President,2,State
L2021-10541,Alum,ACT-19,Undergraduate,Member,2,None
L2021-10541,Alum,ACT-08,Undergraduate,Officer,4,None
L2021-10541,Alum,ACT-06,Undergraduate,Member,2,National
L2022-10542,Alum,ACT-30,High School,Captain,4,National
L2022-10542,Alum,ACT-01,High School,Member,1,State
L2022-10542,Alum,ACT-18,High School,Member,3,None
L2022-10542,Alum,ACT-16,High School,Officer,2,None
L2022-10542,Alum,ACT-17,Undergraduate,Officer,1,None
L2022-10542,Alum,ACT-15,Undergraduate,Captain,1,None
L2023-10543,Alum,ACT-23,High School,Member,2,None
L2023-10543,Alum,ACT-05,High School,Member,4,None
L2023-10543,Alum,ACT-15,High School,Officer,4,None
L2023-10543,Alum,ACT-12,High School,Member,1,School
L2023-10543,Alum,ACT-08,Undergraduate,Member,4,National
L2024-10544,Alum,ACT-06,High School,President,2,None
L2024-10544,Alum,ACT-12,High School,Officer,3,School
L2024-10544,Alum,ACT-14,High School,Member,4,State
L2024-10544,Alum,ACT-23,High School,Member,1,State
L2024-10544,Alum,ACT-23,Undergraduate,Member,2,School
L2024-10544,Alum,ACT-17,Undergraduate,Member,3,None
L2024-10544,Alum,ACT-21,Undergraduate,Member,3,School
L2025-10545,Alum,ACT-23,High School,Captain,3,None
L2025-10545,Alum,ACT-01,High School,Captain,3,None
L2025-10545,Alum,ACT-05,High School,President,3,None
L2025-10545,Alum,ACT-17,High School,Member,4,None
L2025-10545,Alum,ACT-27,Undergraduate,Member,4,None
L2025-10545,Alum,ACT-25,Undergraduate,Officer,3,School
L2019-10546,Alum,ACT-06,High School,Member,1,School
L2019-10546,Alum,ACT-29,High School,Member,1,None
L2019-10546,Alum,ACT-16,High School,Member,2,National
L2019-10546,Alum,ACT-21,High School,Member,4,None
L2019-10546,Alum,ACT-04,High School,Captain,3,School
L2019-10546,Alum,ACT-06,Undergraduate,Member,3,School
L2019-10546,Alum,ACT-23,Undergraduate,Member,1,None
L2019-10546,Alum,ACT-15,Undergraduate,Founder,3,School
L2020-10547,Alum,ACT-12,High School,Member,2,State
L2020-10547,Alum,ACT-01,High School,Member,1,None
L2020-10547,Alum,ACT-31,High School,Captain,4,None
L2020-10547,Alum,ACT-12,Undergraduate,Founder,3,Regional
L2020-10547,Alum,ACT-23,Undergraduate,Officer,1,National
L2020-10547,Alum,ACT-13,Undergraduate,Member,4,Regional
L2021-10548,Alum,ACT-21,High School,Member,4,None
L2021-10548,Alum,ACT-23,High School,Member,1,None
L2021-10548,Alum,ACT-12,High School,Member,2,None
L2021-10548,Alum,ACT-06,High School,Member,2,None
L2021-10548,Alum,ACT-09,High School,Member,2,State
L2021-10548,Alum,ACT-11,Undergraduate,Member,3,None
L2022-10549,Alum,ACT-12,High School,Captain,1,School
L2022-10549,Alum,ACT-06,High School,Member,1,School
L2022-10549,Alum,ACT-02,High School,Member,3,Regional
L2022-10549,Alum,ACT-08,High School,Member,1,Regional
L2022-10549,Alum,ACT-16,Undergraduate,Member,3,None
L2023-10550,Alum,ACT-28,High School,Member,2,None
L2023-10550,Alum,ACT-02,High School,Member,1,None
L2023-10550,Alum,ACT-12,High School,Officer,1,School
L2023-10550,Alum,ACT-02,Undergraduate,Member,1,None
L2023-10550,Alum,ACT-09,Undergraduate,Captain,1,Regional
L2024-10551,Alum,ACT-23,High School,President,3,Regional
L2024-10551,Alum,ACT-12,High School,Member,4,None
L2024-10551,Alum,ACT-01,High School,Member,4,None
L2024-10551,Alum,ACT-07,Undergraduate,Member,2,Regional
L2024-10551,Alum,ACT-08,Undergraduate,Member,3,None
L2025-10552,Alum,ACT-31,High School,Member,1,Regional
L2025-10552,Alum,ACT-12,High School,Member,1,National
L2025-10552,Alum,ACT-13,High School,Captain,1,School
L2025-10552,Alum,ACT-06,High School,Officer,1,School
L2025-10552,Alum,ACT-23,High School,President,4,None
L2025-10552,Alum,ACT-17,Undergraduate,Member,2,School
L2019-10553,Alum,ACT-12,High School,Member,4,Regional
L2019-10553,Alum,ACT-04,High School,Member,2,School
L2019-10553,Alum,ACT-17,High School,Member,4,None
L2019-10553,Alum,ACT-23,High School,Member,3,None
L2019-10553,Alum,ACT-28,Undergraduate,Officer,3,School
L2019-10553,Alum,ACT-06,Undergraduate,President,4,None
L2019-10553,Alum,ACT-34,Undergraduate,Member,4,School
L2020-10554,Alum,ACT-17,High School,President,4,None
L2020-10554,Alum,ACT-12,High School,Member,3,None
L2020-10554,Alum,ACT-26,High School,Member,3,State
L2020-10554,Alum,ACT-18,High School,Officer,2,School
L2020-10554,Alum,ACT-11,Undergraduate,Member,3,School
L2020-10554,Alum,ACT-17,Undergraduate,Member,1,State
L2020-10554,Alum,ACT-23,Undergraduate,Officer,3,None
L2021-10555,Alum,ACT-30,High School,Member,1,None
L2021-10555,Alum,ACT-12,High School,Member,1,National
L2021-10555,Alum,ACT-15,High School,Officer,1,School
L2021-10555,Alum,ACT-31,High School,Member,3,Regional
L2021-10555,Alum,ACT-23,High School,Officer,4,None
L2021-10555,Alum,ACT-23,Undergraduate,Member,2,State
L2021-10555,Alum,ACT-04,Undergraduate,Member,2,None
L2021-10555,Alum,ACT-01,Undergraduate,Captain,3,None
L2021-10555,Alum,ACT-45,Undergraduate,Member,1,None
L2022-10556,Alum,ACT-09,High School,Member,3,None
L2022-10556,Alum,ACT-18,High School,Member,4,State
L2022-10556,Alum,ACT-12,High School,Officer,2,School
L2022-10556,Alum,ACT-07,High School,Member,4,None
L2022-10556,Alum,ACT-06,High School,Founder,1,School
L2022-10556,Alum,ACT-02,Undergraduate,Member,1,None
L2022-10556,Alum,ACT-19,Undergraduate,Founder,4,Regional
L2022-10556,Alum,ACT-05,Undergraduate,Member,4,Regional
L2023-10557,Alum,ACT-23,High School,Member,3,None
L2023-10557,Alum,ACT-31,High School,Founder,4,None
L2023-10557,Alum,ACT-12,High School,Member,3,None
L2023-10557,Alum,ACT-01,Undergraduate,President,1,Regional
L2024-10558,Alum,ACT-20,High School,Officer,3,None
L2024-10558,Alum,ACT-28,High School,Member,2,None
L2024-10558,Alum,ACT-15,High School,Member,3,None
L2024-10558,Alum,ACT-18,High School,Member,3,None
L2024-10558,Alum,ACT-06,High School,Member,4,State
L2024-10558,Alum,ACT-15,Undergraduate,Member,4,None
L2024-10558,Alum,ACT-29,Undergraduate,Founder,3,State
L2024-10558,Alum,ACT-12,Undergraduate,Member,1,School
L2024-10558,Alum,ACT-46,Undergraduate,Member,4,None
L2025-10559,Alum,ACT-05,High School,Member,1,Regional
L2025-10559,Alum,ACT-07,High School,Member,1,None
L2025-10559,Alum,ACT-06,High School,Member,3,None
L2025-10559,Alum,ACT-12,High School,President,4,Regional
L2025-10559,Alum,ACT-13,High School,Member,4,None
L2025-10559,Alum,ACT-08,High School,Member,4,School
L2025-10559,Alum,ACT-23,Undergraduate,Member,2,School
L2025-10559,Alum,ACT-21,Undergraduate,Member,4,None
L2019-10560,Alum,ACT-05,High School,Member,2,National
L2019-10560,Alum,ACT-31,High School,Member,1,School
L2019-10560,Alum,ACT-17,High School,Member,1,None
L2019-10560,Alum,ACT-15,Undergraduate,Officer,4,School
L2019-10560,Alum,ACT-01,Undergraduate,Member,3,School
L2019-10560,Alum,ACT-10,Undergraduate,Member,4,School
L2020-10561,Alum,ACT-25,High School,Member,2,None
L2020-10561,Alum,ACT-15,High School,Member,1,National
L2020-10561,Alum,ACT-08,High School,Officer,1,None
L2020-10561,Alum,ACT-23,Undergraduate,Officer,1,None
L2021-10562,Alum,ACT-08,High School,Member,3,National
L2021-10562,Alum,ACT-23,High School,Member,2,None
L2021-10562,Alum,ACT-06,High School,Member,2,None
L2021-10562,Alum,ACT-05,Undergraduate,President,4,None
L2021-10562,Alum,ACT-01,Undergraduate,Officer,3,Regional
L2021-10562,Alum,ACT-08,Undergraduate,Founder,4,None
L2022-10563,Alum,ACT-05,High School,Member,4,None
L2022-10563,Alum,ACT-24,High School,Member,3,None
L2022-10563,Alum,ACT-22,High School,Captain,3,State
L2022-10563,Alum,ACT-08,High School,Founder,3,School
L2022-10563,Alum,ACT-16,High School,Member,4,None
L2022-10563,Alum,ACT-12,Undergraduate,President,2,School
L2022-10563,Alum,ACT-15,Undergraduate,Officer,1,None
L2023-10564,Alum,ACT-01,High School,President,3,None
L2023-10564,Alum,ACT-15,High School,Officer,3,None
L2023-10564,Alum,ACT-07,High School,Member,1,Regional
L2023-10564,Alum,ACT-23,Undergraduate,Member,4,None
L2024-10565,Alum,ACT-04,High School,Officer,3,None
L2024-10565,Alum,ACT-13,High School,Member,4,None
L2024-10565,Alum,ACT-05,High School,Member,2,None
L2024-10565,Alum,ACT-03,Undergraduate,Member,3,School
L2024-10565,Alum,ACT-08,Undergraduate,Officer,2,None
L2024-10565,Alum,ACT-12,Undergraduate,Member,4,School
L2025-10566,Alum,ACT-19,High School,Member,2,None
L2025-10566,Alum,ACT-12,High School,Founder,3,School
L2025-10566,Alum,ACT-23,High School,Officer,4,None
L2025-10566,Alum,ACT-17,High School,Officer,2,Regional
L2025-10566,Alum,ACT-09,High School,Member,4,None
L2025-10566,Alum,ACT-24,Undergraduate,Officer,3,State
L2019-10567,Alum,ACT-21,High School,Member,4,None
L2019-10567,Alum,ACT-23,High School,Member,2,None
L2019-10567,Alum,ACT-06,High School,Captain,4,None
L2019-10567,Alum,ACT-12,Undergraduate,Member,2,School
L2019-10567,Alum,ACT-17,Undergraduate,Member,4,Regional
L2019-10567,Alum,ACT-19,Undergraduate,Member,1,School
L2020-10568,Alum,ACT-21,High School,Member,3,Regional
L2020-10568,Alum,ACT-12,High School,Member,1,None
L2020-10568,Alum,ACT-06,High School,Member,2,None
L2020-10568,Alum,ACT-18,High School,Member,4,None
L2020-10568,Alum,ACT-17,High School,Member,3,Regional
L2020-10568,Alum,ACT-04,High School,Member,2,School
L2020-10568,Alum,ACT-23,Undergraduate,Member,1,None
L2021-10569,Alum,ACT-12,High School,Member,4,School
L2021-10569,Alum,ACT-23,High School,President,3,School
L2021-10569,Alum,ACT-08,High School,Member,1,State
L2021-10569,Alum,ACT-06,Undergraduate,Member,2,Regional
L2022-10570,Alum,ACT-01,High School,Founder,4,None
L2022-10570,Alum,ACT-02,High School,Officer,2,None
L2022-10570,Alum,ACT-12,High School,Officer,2,School
L2022-10570,Alum,ACT-19,Undergraduate,Member,2,State
L2023-10571,Alum,ACT-24,High School,Officer,1,State
L2023-10571,Alum,ACT-12,High School,President,4,State
L2023-10571,Alum,ACT-01,High School,Member,4,State
L2023-10571,Alum,ACT-02,High School,Member,2,None
L2023-10571,Alum,ACT-11,High School,Founder,2,School
L2023-10571,Alum,ACT-08,Undergraduate,Founder,1,Regional
L2023-10571,Alum,ACT-06,Undergraduate,Officer,3,State
L2023-10571,Alum,ACT-24,Undergraduate,Officer,4,None
L2024-10572,Alum,ACT-24,High School,Member,3,School
L2024-10572,Alum,ACT-29,High School,Member,3,School
L2024-10572,Alum,ACT-27,High School,Member,1,None
L2024-10572,Alum,ACT-07,High School,Member,3,Regional
L2024-10572,Alum,ACT-02,High School,Member,4,Regional
L2024-10572,Alum,ACT-09,Undergraduate,Officer,4,State
L2024-10572,Alum,ACT-08,Undergraduate,Member,3,School
L2024-10572,Alum,ACT-14,Undergraduate,Member,4,None
L2025-10573,Alum,ACT-23,High School,Member,2,Regional
L2025-10573,Alum,ACT-18,High School,President,3,None
L2025-10573,Alum,ACT-08,High School,Captain,1,National
L2025-10573,Alum,ACT-21,Undergraduate,Captain,3,None
L2019-10574,Alum,ACT-04,High School,Member,2,School
L2019-10574,Alum,ACT-06,High School,Officer,3,None
L2019-10574,Alum,ACT-12,High School,Member,3,None
L2019-10574,Alum,ACT-01,High School,Member,1,None
L2019-10574,Alum,ACT-31,High School,Member,2,None
L2019-10574,Alum,ACT-23,Undergraduate,Officer,1,Regional
L2020-10575,Alum,ACT-18,High School,Member,2,None
L2020-10575,Alum,ACT-25,High School,Member,3,None
L2020-10575,Alum,ACT-03,High School,Officer,1,None
L2020-10575,Alum,ACT-04,High School,Member,4,School
L2020-10575,Alum,ACT-08,High School,Member,1,None
L2020-10575,Alum,ACT-01,Undergraduate,Officer,4,None
L2020-10575,Alum,ACT-15,Undergraduate,Founder,4,None
L2020-10575,Alum,ACT-21,Undergraduate,Member,2,School
L2020-10575,Alum,ACT-45,Undergraduate,Member,4,School
L2021-10576,Alum,ACT-27,High School,Member,3,None
L2021-10576,Alum,ACT-08,High School,Member,2,Regional
L2021-10576,Alum,ACT-16,High School,Officer,1,School
L2021-10576,Alum,ACT-13,Undergraduate,President,2,None
L2021-10576,Alum,ACT-23,Undergraduate,President,1,State
L2022-10577,Alum,ACT-12,High School,Member,2,School
L2022-10577,Alum,ACT-16,High School,Member,4,National
L2022-10577,Alum,ACT-03,High School,Member,2,None
L2022-10577,Alum,ACT-06,High School,Member,1,None
L2022-10577,Alum,ACT-23,Undergraduate,President,2,School
L2022-10577,Alum,ACT-06,Undergraduate,Captain,2,None
L2022-10577,Alum,ACT-21,Undergraduate,Member,1,Regional
L2023-10578,Alum,ACT-19,High School,Member,2,State
L2023-10578,Alum,ACT-21,High School,Member,4,State
L2023-10578,Alum,ACT-12,High School,Member,2,None
L2023-10578,Alum,ACT-30,High School,Member,3,National
L2023-10578,Alum,ACT-08,High School,Officer,2,None
L2023-10578,Alum,ACT-07,Undergraduate,Member,1,School
L2023-10578,Alum,ACT-21,Undergraduate,Member,4,Regional
L2023-10578,Alum,ACT-22,Undergraduate,Member,1,None
L2024-10579,Alum,ACT-05,High School,Member,1,None
L2024-10579,Alum,ACT-09,High School,Member,1,Regional
L2024-10579,Alum,ACT-07,High School,Member,1,School
L2024-10579,Alum,ACT-16,High School,Member,2,None
L2024-10579,Alum,ACT-07,Undergraduate,Officer,2,None
L2024-10579,Alum,ACT-12,Undergraduate,Member,1,State
L2025-10580,Alum,ACT-12,High School,Member,2,School
L2025-10580,Alum,ACT-08,High School,Member,2,None
L2025-10580,Alum,ACT-14,High School,Officer,4,School
L2025-10580,Alum,ACT-13,High School,Member,1,None
L2025-10580,Alum,ACT-11,High School,President,2,None
L2025-10580,Alum,ACT-21,Undergraduate,Member,4,State
L2019-10581,Alum,ACT-23,High School,Member,1,None
L2019-10581,Alum,ACT-21,High School,Member,2,None
L2019-10581,Alum,ACT-04,High School,Member,3,School
L2019-10581,Alum,ACT-09,Undergraduate,Member,1,None
L2020-10582,Alum,ACT-15,High School,Member,4,None
L2020-10582,Alum,ACT-18,High School,Member,2,School
L2020-10582,Alum,ACT-24,High School,Officer,2,School
L2020-10582,Alum,ACT-12,High School,Officer,4,School
L2020-10582,Alum,ACT-16,Undergraduate,Member,4,School
L2021-10583,Alum,ACT-12,High School,Member,3,None
L2021-10583,Alum,ACT-06,High School,Founder,4,School
L2021-10583,Alum,ACT-19,High School,Member,4,School
L2021-10583,Alum,ACT-21,High School,Member,1,None
L2021-10583,Alum,ACT-12,Undergraduate,Captain,4,None
L2021-10583,Alum,ACT-08,Undergraduate,Officer,3,None
L2021-10583,Alum,ACT-28,Undergraduate,Member,2,None
L2022-10584,Alum,ACT-02,High School,Member,1,School
L2022-10584,Alum,ACT-15,High School,Captain,1,None
L2022-10584,Alum,ACT-06,High School,Officer,1,School
L2022-10584,Alum,ACT-11,Undergraduate,Captain,2,School
L2023-10585,Alum,ACT-12,High School,Officer,4,None
L2023-10585,Alum,ACT-26,High School,Member,1,School
L2023-10585,Alum,ACT-01,High School,Member,4,None
L2023-10585,Alum,ACT-23,High School,Member,3,None
L2023-10585,Alum,ACT-15,High School,Member,4,State
L2023-10585,Alum,ACT-12,Undergraduate,Officer,4,State
L2023-10585,Alum,ACT-04,Undergraduate,Member,4,None
L2024-10586,Alum,ACT-21,High School,Founder,1,None
L2024-10586,Alum,ACT-12,High School,Member,4,Regional
L2024-10586,Alum,ACT-08,High School,Captain,4,None
L2024-10586,Alum,ACT-20,High School,Member,1,Regional
L2024-10586,Alum,ACT-04,Undergraduate,Member,1,School
L2024-10586,Alum,ACT-12,Undergraduate,Member,2,School
L2025-10587,Alum,ACT-28,High School,Officer,1,None
L2025-10587,Alum,ACT-20,High School,Member,4,None
L2025-10587,Alum,ACT-21,High School,Member,2,None
L2025-10587,Alum,ACT-12,Undergraduate,Member,4,State
L2019-10588,Alum,ACT-12,High School,Member,3,None
L2019-10588,Alum,ACT-21,High School,Member,2,None
L2019-10588,Alum,ACT-15,High School,Officer,1,School
L2019-10588,Alum,ACT-23,Undergraduate,Member,4,School
L2020-10589,Alum,ACT-16,High School,Member,4,None
L2020-10589,Alum,ACT-09,High School,President,1,None
L2020-10589,Alum,ACT-25,High School,Member,3,None
L2020-10589,Alum,ACT-28,Undergraduate,Officer,1,School
L2020-10589,Alum,ACT-31,Undergraduate,Member,1,Regional
L2020-10589,Alum,ACT-02,Undergraduate,Captain,4,None
L2020-10589,Alum,ACT-37,Undergraduate,Member,1,Regional
L2021-10590,Alum,ACT-08,High School,Captain,4,Regional
L2021-10590,Alum,ACT-23,High School,Founder,2,None
L2021-10590,Alum,ACT-01,High School,Member,2,None
L2021-10590,Alum,ACT-19,High School,Officer,4,None
L2021-10590,Alum,ACT-12,High School,Member,1,None
L2021-10590,Alum,ACT-21,Undergraduate,Member,4,Regional
L2022-10591,Alum,ACT-12,High School,Member,4,Regional
L2022-10591,Alum,ACT-06,High School,Captain,4,School
L2022-10591,Alum,ACT-08,High School,Member,2,School
L2022-10591,Alum,ACT-31,High School,Member,2,School
L2022-10591,Alum,ACT-26,High School,President,1,None
L2022-10591,Alum,ACT-29,Undergraduate,Member,4,School
L2022-10591,Alum,ACT-23,Undergraduate,Member,1,School
L2023-10592,Alum,ACT-07,High School,Member,2,School
L2023-10592,Alum,ACT-06,High School,Officer,4,School
L2023-10592,Alum,ACT-03,High School,Founder,2,None
L2023-10592,Alum,ACT-05,High School,Member,4,State
L2023-10592,Alum,ACT-30,Undergraduate,Member,4,None
L2023-10592,Alum,ACT-05,Undergraduate,Member,1,None
L2024-10593,Alum,ACT-12,High School,Captain,1,None
L2024-10593,Alum,ACT-15,High School,Founder,3,None
L2024-10593,Alum,ACT-23,High School,Member,2,School
L2024-10593,Alum,ACT-15,Undergraduate,Member,4,State
L2025-10594,Alum,ACT-19,High School,Member,3,State
L2025-10594,Alum,ACT-12,High School,Member,4,School
L2025-10594,Alum,ACT-11,High School,Member,4,None
L2025-10594,Alum,ACT-24,High School,Member,2,National
L2025-10594,Alum,ACT-23,Undergraduate,Member,1,School
L2025-10594,Alum,ACT-15,Undergraduate,Member,2,School
L2019-10595,Alum,ACT-12,High School,Member,3,State
L2019-10595,Alum,ACT-29,High School,Member,4,State
L2019-10595,Alum,ACT-01,High School,Member,2,None
L2019-10595,Alum,ACT-24,Undergraduate,President,1,School
L2019-10595,Alum,ACT-02,Undergraduate,Member,4,None
L2019-10595,Alum,ACT-04,Undergraduate,Member,4,None
L2020-10596,Alum,ACT-23,High School,Officer,2,None
L2020-10596,Alum,ACT-12,High School,Member,1,None
L2020-10596,Alum,ACT-29,High School,Member,3,School
L2020-10596,Alum,ACT-16,Undergraduate,Member,1,School
L2021-10597,Alum,ACT-15,High School,Member,4,Regional
L2021-10597,Alum,ACT-17,High School,Member,1,School
L2021-10597,Alum,ACT-01,High School,President,1,School
L2021-10597,Alum,ACT-22,High School,Member,3,None
L2021-10597,Alum,ACT-07,Undergraduate,President,1,None
L2021-10597,Alum,ACT-06,Undergraduate,Captain,2,Regional
L2022-10598,Alum,ACT-24,High School,Member,2,None
L2022-10598,Alum,ACT-13,High School,Officer,1,None
L2022-10598,Alum,ACT-09,High School,Member,3,None
L2022-10598,Alum,ACT-04,High School,Member,2,None
L2022-10598,Alum,ACT-20,Undergraduate,Officer,4,None
L2022-10598,Alum,ACT-02,Undergraduate,Member,2,Regional
L2022-10598,Alum,ACT-21,Undergraduate,Officer,2,Regional
L2022-10598,Alum,ACT-35,Undergraduate,Member,4,None
L2023-10599,Alum,ACT-15,High School,Founder,1,Regional
L2023-10599,Alum,ACT-11,High School,Founder,3,None
L2023-10599,Alum,ACT-02,High School,Officer,1,School
L2023-10599,Alum,ACT-23,High School,Member,3,None
L2023-10599,Alum,ACT-15,Undergraduate,Member,2,None
L2023-10599,Alum,ACT-21,Undergraduate,Member,1,School
