alum_id,cohort_year,entry_academic_rating,entry_hs_gpa_recalc,entry_testing_policy,entry_sat_total,entry_region,entry_hs_type,entry_first_generation,entry_family_income_band,entry_institutional_aid,entry_intended_school,entry_intended_major,entry_athletic_recruit_sport,entry_demonstrated_interest_rating,final_school,final_major,first_year_gpa,final_cum_gpa,gpa_delta,retained_year2,graduated_4yr,graduated_6yr,academic_probation_ever,major_changes,leadership_roles_count,varsity_seasons,team_captain,honors_thesis,latin_honors,internships_count,study_abroad,postgrad_status_6mo,success_attainment,success_growth,success_completion,success_contribution,exemplar_flag,success_composite_tier
L2019-10000,2019,2,3.25,Submitted,1200,West,Public,N,$100K - $149K,13700,College of Arts & Sciences,History,,2,College of Arts & Sciences,Chemistry,2.85,3.18,0.33,Y,Y,Y,Y,0,0,0,N,N,N,0,N,Graduate or professional school,0.672,0.7624,0.85,0.0,N,Tier 3 - Solid
L2020-10001,2020,4,3.85,Submitted,1320,International,Public,N,$60K - $99K,41700,School of Business,Accounting,,2,School of Business,Accounting,3.23,3.41,0.18,Y,Y,Y,Y,3,3,0,N,N,N,1,Y,Graduate or professional school,0.764,0.6139,0.85,0.5455,Y,Tier 2 - Strong
L2021-10002,2021,4,4.02,Submitted,1430,West,Charter,N,$100K - $149K,8900,School of Engineering,Civil Engineering,Track & Field,5,School of Engineering,Computer Science,2.98,2.91,-0.07,Y,N,Y,N,2,1,4,N,Y,N,0,N,Employed full-time,0.564,0.3663,0.6,0.4545,N,Tier 4 - Struggled
L2022-10003,2022,2,3.38,Submitted,1210,International,Parochial,N,$100K - $149K,27200,College of Arts & Sciences,Psychology,,3,College of Arts & Sciences,Psychology,2.64,2.76,0.12,Y,Y,Y,N,1,1,0,N,N,N,0,N,Employed full-time,0.504,0.5545,1.0,0.1818,N,Tier 3 - Solid
L2023-10004,2023,3,3.60,Submitted,1280,International,Public,N,$60K - $99K,38400,School of Business,Business Analytics,,3,School of Business,Business Analytics,2.65,2.71,0.06,Y,Y,Y,N,1,2,0,N,N,N,1,N,Graduate or professional school,0.484,0.495,1.0,0.3636,N,Tier 3 - Solid
L2024-10005,2024,2,3.47,Test Optional,,South,Public,N,$60K - $99K,13700,College of Arts & Sciences,Chemistry,,3,College of Arts & Sciences,Chemistry,2.32,2.50,0.18,Y,N,Y,N,2,1,0,N,N,N,0,N,Unknown,0.4,0.6139,0.6,0.1818,N,Tier 4 - Struggled
L2025-10006,2025,2,3.39,Test Optional,,Mid-Atlantic,Public,N,$60K - $99K,41600,College of Arts & Sciences,Undeclared,,4,College of Arts & Sciences,Undeclared,3.00,3.01,0.01,Y,Y,Y,N,0,1,0,N,N,N,2,Y,Unknown,0.604,0.4455,1.0,0.1818,N,Tier 3 - Solid
L2019-10007,2019,4,3.99,Submitted,1480,Midwest,Public,N,$250K and above,40300,School of Nursing & Health,Health Administration,Football,3,School of Nursing & Health,Health Administration,3.46,3.88,0.42,Y,N,Y,N,2,2,4,Y,N,Y,1,N,Graduate or professional school,0.952,0.8515,0.6,0.6364,Y,Tier 1 - Thrived
L2020-10008,2020,3,3.57,Submitted,1330,Mid-Atlantic,Public,N,$250K and above,17100,College of Arts & Sciences,Communication,,3,College of Arts & Sciences,Communication,3.97,4.00,0.03,Y,Y,Y,N,0,0,0,N,N,Y,4,Y,Unknown,1.0,0.4653,1.0,0.0,N,Tier 3 - Solid
L2021-10009,2021,1,3.16,Test Optional,,West,Public,N,$30K - $59K,23900,College of Arts & Sciences,Environmental Science,,1,College of Arts & Sciences,Environmental Science,2.65,2.57,-0.08,Y,Y,Y,Y,2,0,0,N,N,N,2,N,Employed full-time,0.428,0.3564,0.85,0.0,N,Tier 4 - Struggled
L2022-10010,2022,3,3.55,Test Optional,,Mid-Atlantic,Public,Y,$250K and above,10800,College of Arts & Sciences,Mathematics,Women's Lacrosse,3,College of Arts & Sciences,Mathematics,3.03,3.19,0.16,Y,Y,Y,N,3,1,2,N,N,N,2,N,Employed full-time,0.676,0.5941,1.0,0.1818,N,Tier 3 - Solid
L2023-10011,2023,3,3.47,Submitted,1260,Midwest,Public,N,$150K - $249K,17400,School of Business,Business Analytics,,3,School of Business,Business Analytics,3.07,3.23,0.16,Y,N,Y,N,0,3,0,N,Y,N,2,N,Employed full-time,0.692,0.5941,0.6,0.8182,Y,Tier 2 - Strong
L2024-10012,2024,3,3.78,Submitted,1350,Midwest,Public,N,$30K - $59K,32400,School of Nursing & Health,Public Health,,3,School of Nursing & Health,Public Health,3.61,3.71,0.10,Y,Y,Y,N,0,1,0,N,Y,Y,2,N,Employed full-time,0.884,0.5347,1.0,0.4545,Y,Tier 1 - Thrived
L2025-10013,2025,3,3.59,Submitted,1200,Mid-Atlantic,Public,N,$60K - $99K,28800,College of Arts & Sciences,Mathematics,,4,College of Arts & Sciences,Mathematics,2.78,2.93,0.15,Y,N,Y,N,0,0,0,N,N,N,0,N,Employed full-time,0.572,0.5842,0.6,0.0,N,Tier 4 - Struggled
L2019-10014,2019,2,3.49,Submitted,1250,West,Public,Y,$60K - $99K,50300,College of Arts & Sciences,Political Science,,4,College of Arts & Sciences,Political Science,2.53,2.49,-0.04,Y,N,Y,N,1,0,0,N,N,N,2,N,Seeking,0.396,0.396,0.6,0.0,N,Tier 4 - Struggled
L2020-10015,2020,3,3.70,Submitted,1250,Mid-Atlantic,Charter,Y,$100K - $149K,61500,School of Business,Finance,,5,School of Business,Finance,3.12,3.37,0.25,Y,Y,Y,N,2,3,0,N,Y,N,2,Y,Employed full-time,0.748,0.6832,1.0,0.8182,Y,Tier 1 - Thrived
L2021-10016,2021,4,3.70,Test Optional,,Mid-Atlantic,Public,N,$60K - $99K,56500,School of Nursing & Health,Health Administration,,5,School of Nursing & Health,Exercise Science,3.37,3.68,0.31,N,N,N,N,0,2,0,N,N,Y,2,Y,Employed full-time,0.872,0.7426,0.15,0.3636,N,Tier 4 - Struggled
L2022-10017,2022,4,3.94,Submitted,1360,New England,Public,N,$250K and above,51100,School of Engineering,Mechanical Engineering,,3,School of Engineering,Mechanical Engineering,4.00,4.00,0.00,N,N,N,N,3,3,0,N,N,Y,3,N,Fellowship,1.0,0.4356,0.15,0.5455,N,Tier 4 - Struggled
L2023-10018,2023,2,3.37,Submitted,1130,South,Public,N,$60K - $99K,16900,College of Arts & Sciences,Communication,,4,College of Arts & Sciences,Environmental Science,2.79,2.85,0.06,Y,Y,Y,N,0,0,0,N,N,N,0,Y,Unknown,0.54,0.495,1.0,0.0,N,Tier 4 - Struggled
L2024-10019,2024,4,3.80,Test Optional,,International,Public,N,$60K - $99K,29700,College of Arts & Sciences,English,,3,College of Arts & Sciences,English,3.32,3.66,0.34,Y,Y,Y,N,0,1,0,N,N,Y,1,N,Employed full-time,0.864,0.7723,1.0,0.1818,Y,Tier 2 - Strong
L2025-10020,2025,2,3.37,Submitted,1160,New England,Private - Independent,N,$100K - $149K,49400,College of Arts & Sciences,Economics,,5,College of Arts & Sciences,Economics,3.07,3.30,0.23,Y,Y,Y,N,0,1,0,N,N,N,0,N,Graduate or professional school,0.72,0.6634,1.0,0.1818,N,Tier 2 - Strong
L2019-10021,2019,4,3.98,Submitted,1440,Mid-Atlantic,Public,Y,$100K - $149K,14800,School of Nursing & Health,Exercise Science,,3,School of Nursing & Health,Exercise Science,3.58,4.00,0.42,Y,Y,Y,N,0,1,0,N,Y,Y,2,N,Employed full-time,1.0,0.8515,1.0,0.4545,Y,Tier 1 - Thrived
L2020-10022,2020,2,3.39,Submitted,1270,New England,Public,N,$100K - $149K,9400,College of Arts & Sciences,Political Science,,5,College of Arts & Sciences,Political Science,3.23,3.53,0.30,Y,Y,Y,N,0,0,0,N,N,N,1,N,Employed full-time,0.812,0.7327,1.0,0.0,N,Tier 2 - Strong
L2021-10023,2021,5,4.05,Test Optional,,Mid-Atlantic,Public,N,$250K and above,7900,School of Nursing & Health,Health Administration,,3,School of Nursing & Health,Health Administration,3.29,3.43,0.14,Y,Y,Y,N,0,1,0,N,N,N,1,N,Employed full-time,0.772,0.5743,1.0,0.1818,N,Tier 3 - Solid
L2022-10024,2022,4,3.97,Test Optional,,Midwest,Private - Independent,N,$150K - $249K,50100,College of Arts & Sciences,Neuroscience,,3,College of Arts & Sciences,Neuroscience,3.05,3.20,0.15,Y,Y,Y,N,0,1,0,N,N,N,3,N,Seeking,0.68,0.5842,1.0,0.1818,N,Tier 3 - Solid
L2023-10025,2023,4,3.75,Submitted,1380,West,Private - Independent,N,$60K - $99K,27900,College of Arts & Sciences,History,,2,College of Arts & Sciences,Neuroscience,3.92,4.00,0.08,Y,N,Y,N,0,1,0,N,N,Y,1,N,Fellowship,1.0,0.5149,0.6,0.1818,N,Tier 3 - Solid
L2024-10026,2024,4,4.09,Test Optional,,Mid-Atlantic,Public,N,$250K and above,30800,School of Business,Business Analytics,,4,School of Business,Business Analytics,2.66,2.69,0.03,Y,N,N,N,0,0,0,N,N,N,1,N,Employed full-time,0.476,0.4653,0.6,0.0,N,Tier 4 - Struggled
L2025-10027,2025,4,3.77,Submitted,1350,Midwest,Public,N,$250K and above,59300,College of Arts & Sciences,Environmental Science,,4,College of Arts & Sciences,History,3.05,2.93,-0.12,Y,Y,Y,N,2,1,0,N,N,N,0,N,Employed full-time,0.572,0.3168,1.0,0.1818,N,Tier 4 - Struggled
L2019-10028,2019,3,3.43,Submitted,1290,South,Public,N,$30K - $59K,17200,College of Arts & Sciences,English,,1,College of Arts & Sciences,Economics,3.01,3.16,0.15,Y,Y,Y,N,1,1,0,N,N,N,2,N,Employed full-time,0.664,0.5842,1.0,0.1818,N,Tier 3 - Solid
L2020-10029,2020,3,3.56,Submitted,1250,Mid-Atlantic,Public,N,$60K - $99K,54100,College of Arts & Sciences,Mathematics,,5,College of Arts & Sciences,Mathematics,3.38,3.84,0.46,Y,Y,Y,N,3,5,0,N,N,Y,2,N,Seeking,0.936,0.8911,1.0,0.9091,Y,Tier 1 - Thrived
L2021-10030,2021,3,3.58,Submitted,1190,Mid-Atlantic,Public,Y,$60K - $99K,11500,School of Business,Marketing,,5,School of Business,Marketing,3.26,3.44,0.18,Y,Y,Y,N,1,1,0,N,Y,N,0,N,Employed full-time,0.776,0.6139,1.0,0.4545,Y,Tier 2 - Strong
L2022-10031,2022,4,3.88,Test Optional,,Mid-Atlantic,Private - Independent,Y,$100K - $149K,44900,School of Engineering,Mechanical Engineering,Rowing,4,School of Engineering,Mechanical Engineering,3.59,3.86,0.27,Y,Y,Y,N,0,1,4,N,N,Y,0,Y,Employed full-time,0.944,0.703,1.0,0.1818,Y,Tier 2 - Strong
L2023-10032,2023,2,3.41,Submitted,1100,New England,Parochial,N,$150K - $249K,56500,College of Arts & Sciences,Chemistry,,3,College of Arts & Sciences,Chemistry,2.52,2.52,0.00,Y,Y,Y,N,0,2,0,N,N,N,0,N,Employed full-time,0.408,0.4356,1.0,0.3636,N,Tier 3 - Solid
L2024-10033,2024,4,3.92,Submitted,1430,Midwest,Public,Y,$100K - $149K,7200,School of Nursing & Health,Nursing (BSN),,2,School of Nursing & Health,Exercise Science,3.54,3.55,0.01,Y,Y,Y,N,2,0,0,N,Y,N,3,N,Employed full-time,0.82,0.4455,1.0,0.2727,N,Tier 2 - Strong
L2025-10034,2025,2,3.32,Submitted,1260,Midwest,Public,N,$100K - $149K,44600,School of Nursing & Health,Public Health,,2,School of Nursing & Health,Public Health,2.71,2.55,-0.16,N,N,N,N,1,1,0,N,N,N,1,N,Employed full-time,0.42,0.2772,0.15,0.1818,N,Tier 4 - Struggled
L2019-10035,2019,4,3.90,Submitted,1440,New England,Public,N,$30K - $59K,31500,School of Engineering,Computer Science,,5,School of Engineering,Computer Science,3.81,4.00,0.19,Y,Y,Y,N,3,1,0,N,N,Y,2,Y,Seeking,1.0,0.6238,1.0,0.1818,Y,Tier 2 - Strong
L2020-10036,2020,3,3.59,Submitted,1310,West,Public,N,Not Reported,6300,School of Nursing & Health,Health Administration,,3,School of Nursing & Health,Health Administration,3.10,3.33,0.23,N,N,N,N,0,0,0,N,N,N,2,N,Employed full-time,0.732,0.6634,0.15,0.0,N,Tier 4 - Struggled
L2021-10037,2021,3,3.58,Test Optional,,West,Private - Independent,N,$30K - $59K,25600,College of Arts & Sciences,Mathematics,,4,College of Arts & Sciences,Mathematics,3.38,3.58,0.20,Y,Y,Y,N,3,3,0,N,N,N,2,N,Employed full-time,0.832,0.6337,1.0,0.5455,Y,Tier 1 - Thrived
L2022-10038,2022,3,3.46,Test Optional,,International,Public,N,$100K - $149K,2100,School of Engineering,Biomedical Engineering,,3,School of Engineering,Biomedical Engineering,3.05,3.31,0.26,Y,Y,Y,N,0,3,0,N,Y,N,3,N,Graduate or professional school,0.724,0.6931,1.0,0.8182,Y,Tier 1 - Thrived
L2023-10039,2023,4,3.70,Test Optional,,Mid-Atlantic,Public,N,Under $30K,61000,School of Engineering,Biomedical Engineering,,3,School of Engineering,Biomedical Engineering,2.91,3.11,0.20,Y,Y,Y,N,2,1,0,N,N,N,4,N,Employed full-time,0.644,0.6337,1.0,0.1818,N,Tier 3 - Solid
L2024-10040,2024,3,3.73,Submitted,1320,New England,Public,N,$250K and above,45200,College of Arts & Sciences,Chemistry,,3,College of Arts & Sciences,History,2.49,2.49,0.00,Y,Y,Y,N,2,2,0,N,N,N,1,N,Graduate or professional school,0.396,0.4356,1.0,0.3636,N,Tier 3 - Solid
L2025-10041,2025,3,3.46,Submitted,1240,New England,Home School,N,$100K - $149K,29300,School of Business,Management,,3,School of Business,Management,2.61,2.69,0.08,Y,Y,Y,N,0,2,0,N,N,N,0,N,Employed full-time,0.476,0.5149,1.0,0.3636,N,Tier 3 - Solid
L2019-10042,2019,3,3.84,Submitted,1270,New England,Public,N,$250K and above,24400,College of Arts & Sciences,Mathematics,,4,College of Arts & Sciences,Psychology,3.47,3.66,0.19,Y,Y,Y,Y,1,2,0,N,N,Y,2,Y,Employed full-time,0.864,0.6238,0.85,0.3636,Y,Tier 2 - Strong
L2020-10043,2020,4,3.79,Test Optional,,Mid-Atlantic,Public,N,$150K - $249K,21700,College of Arts & Sciences,Environmental Science,,3,College of Arts & Sciences,Environmental Science,3.07,3.17,0.10,Y,Y,Y,Y,0,2,0,N,N,N,2,Y,Unknown,0.668,0.5347,0.85,0.3636,N,Tier 3 - Solid
L2021-10044,2021,3,3.81,Submitted,1370,New England,Parochial,Y,$150K - $249K,18300,School of Business,Supply Chain Management,,4,School of Business,Supply Chain Management,3.08,3.44,0.36,Y,Y,Y,N,3,1,0,N,N,N,1,Y,Employed full-time,0.776,0.7921,1.0,0.1818,Y,Tier 2 - Strong
L2022-10045,2022,3,3.66,Submitted,1360,Southwest,Public,Y,$250K and above,52200,School of Business,Business Analytics,,2,School of Business,Business Analytics,3.66,3.97,0.31,Y,Y,Y,N,0,3,0,N,N,N,2,N,Graduate or professional school,0.988,0.7426,1.0,0.5455,Y,Tier 1 - Thrived
L2023-10046,2023,3,3.60,Submitted,1290,Midwest,Public,N,$150K - $249K,11600,College of Arts & Sciences,English,,2,College of Arts & Sciences,English,2.68,2.67,-0.01,Y,Y,Y,N,0,3,0,N,N,N,3,N,Employed full-time,0.468,0.4257,1.0,0.5455,N,Tier 3 - Solid
L2024-10047,2024,4,3.88,Test Optional,,Midwest,Public,N,$30K - $59K,12200,College of Arts & Sciences,Undeclared,,4,College of Arts & Sciences,Undeclared,3.29,3.48,0.19,Y,Y,Y,N,2,1,0,N,N,N,2,N,Graduate or professional school,0.792,0.6238,1.0,0.1818,N,Tier 2 - Strong
L2025-10048,2025,5,4.17,Test Optional,,Mid-Atlantic,Public,N,$30K - $59K,24700,School of Business,Management,,4,School of Business,Management,3.61,4.00,0.39,Y,Y,Y,N,3,1,0,N,Y,Y,2,Y,Graduate or professional school,1.0,0.8218,1.0,0.4545,Y,Tier 1 - Thrived
L2019-10049,2019,3,3.67,Submitted,1320,New England,Public,Y,$30K - $59K,60600,School of Engineering,Biomedical Engineering,,3,School of Engineering,Biomedical Engineering,2.89,3.26,0.37,Y,Y,Y,N,1,3,0,N,N,N,1,N,Graduate or professional school,0.704,0.802,1.0,0.5455,Y,Tier 1 - Thrived
L2020-10050,2020,3,3.79,Submitted,1300,Mid-Atlantic,Private - Independent,N,Not Reported,20400,College of Arts & Sciences,Sociology,,3,College of Arts & Sciences,Sociology,3.48,3.50,0.02,Y,Y,Y,Y,0,0,0,N,N,N,1,N,Employed full-time,0.8,0.4554,0.85,0.0,N,Tier 4 - Struggled
L2021-10051,2021,3,3.54,Submitted,1210,International,Public,Y,$100K - $149K,32100,College of Arts & Sciences,English,,4,College of Arts & Sciences,Economics,3.14,3.28,0.14,Y,Y,Y,N,0,0,0,N,N,N,1,N,Seeking,0.712,0.5743,1.0,0.0,N,Tier 3 - Solid
L2022-10052,2022,4,3.81,Test Optional,,West,Public,N,$150K - $249K,7900,College of Arts & Sciences,English,,3,College of Arts & Sciences,Political Science,3.09,3.24,0.15,Y,Y,Y,N,0,1,0,N,Y,N,1,N,Graduate or professional school,0.696,0.5842,1.0,0.4545,Y,Tier 2 - Strong
L2023-10053,2023,3,3.51,Submitted,1230,International,International School,N,$100K - $149K,3300,College of Arts & Sciences,Chemistry,,5,College of Arts & Sciences,Chemistry,3.07,3.10,0.03,Y,Y,Y,Y,0,1,0,N,N,N,1,N,Employed full-time,0.64,0.4653,0.85,0.1818,N,Tier 4 - Struggled
L2024-10054,2024,4,3.76,Submitted,1430,New England,International School,N,$60K - $99K,40600,School of Engineering,Civil Engineering,,4,School of Engineering,Civil Engineering,3.30,3.31,0.01,Y,Y,Y,N,1,1,0,N,N,N,3,N,Graduate or professional school,0.724,0.4455,1.0,0.1818,N,Tier 3 - Solid
L2025-10055,2025,2,3.40,Submitted,1200,Mid-Atlantic,Parochial,Y,$250K and above,61000,College of Arts & Sciences,Sociology,Rowing,3,College of Arts & Sciences,Economics,2.81,2.75,-0.06,Y,Y,Y,N,1,0,3,N,N,N,1,N,Fellowship,0.5,0.3762,1.0,0.0,N,Tier 4 - Struggled
L2019-10056,2019,3,3.69,Test Optional,,West,Parochial,N,$150K - $249K,14500,College of Arts & Sciences,Mathematics,,3,College of Arts & Sciences,Mathematics,3.08,3.31,0.23,Y,Y,Y,N,3,1,0,N,N,N,2,N,Employed full-time,0.724,0.6634,1.0,0.1818,N,Tier 2 - Strong
L2020-10057,2020,2,3.37,Test Optional,,International,Private - Independent,N,Not Reported,10900,School of Business,Supply Chain Management,Softball,3,School of Business,Supply Chain Management,3.36,3.56,0.20,Y,Y,Y,N,0,3,3,N,N,N,2,N,Employed full-time,0.824,0.6337,1.0,0.5455,Y,Tier 1 - Thrived
L2021-10058,2021,3,3.67,Submitted,1180,South,Public,N,$100K - $149K,1500,College of Arts & Sciences,Psychology,,3,College of Arts & Sciences,Biology,2.98,3.07,0.09,Y,Y,Y,N,0,2,0,N,Y,N,2,Y,Employed full-time,0.628,0.5248,1.0,0.6364,Y,Tier 2 - Strong
L2022-10059,2022,3,3.64,Submitted,1320,Southwest,Public,N,$100K - $149K,55400,School of Nursing & Health,Nursing (BSN),,3,School of Nursing & Health,Public Health,3.57,3.58,0.01,Y,Y,Y,N,0,1,0,N,N,N,2,Y,Employed full-time,0.832,0.4455,1.0,0.1818,N,Tier 3 - Solid
L2023-10060,2023,3,3.47,Submitted,1340,Mid-Atlantic,Public,N,$100K - $149K,10500,College of Arts & Sciences,Economics,,3,College of Arts & Sciences,Economics,2.50,2.51,0.01,Y,Y,Y,Y,1,0,0,N,N,N,1,N,Fellowship,0.404,0.4455,0.85,0.0,N,Tier 4 - Struggled
L2024-10061,2024,3,3.53,Test Optional,,Mid-Atlantic,International School,N,$100K - $149K,51700,College of Arts & Sciences,Neuroscience,,3,College of Arts & Sciences,Neuroscience,2.91,2.90,-0.01,Y,N,N,N,0,3,0,N,N,N,0,Y,Employed full-time,0.56,0.4257,0.6,0.5455,N,Tier 4 - Struggled
L2025-10062,2025,2,3.39,Test Optional,,International,Charter,N,$100K - $149K,51600,School of Business,Accounting,,5,School of Business,Accounting,2.80,2.96,0.16,Y,Y,Y,N,0,2,0,N,N,N,1,N,Employed full-time,0.584,0.5941,1.0,0.3636,N,Tier 2 - Strong
L2019-10063,2019,4,3.78,Submitted,1360,New England,Public,N,$150K - $249K,6500,School of Nursing & Health,Exercise Science,,4,School of Nursing & Health,Exercise Science,3.31,3.69,0.38,Y,N,Y,N,1,2,0,N,N,N,1,Y,Employed full-time,0.876,0.8119,0.6,0.3636,N,Tier 2 - Strong
L2020-10064,2020,3,3.49,Submitted,1270,Southwest,International School,Y,$100K - $149K,44800,College of Arts & Sciences,History,,2,College of Arts & Sciences,History,3.12,3.42,0.30,Y,Y,Y,N,0,1,0,N,N,N,2,N,Employed full-time,0.768,0.7327,1.0,0.1818,Y,Tier 2 - Strong
L2021-10065,2021,4,3.90,Test Optional,,Mid-Atlantic,Public,Y,$30K - $59K,51400,College of Fine Arts,Theatre,,3,College of Fine Arts,Theatre,3.45,3.62,0.17,Y,Y,Y,N,0,2,0,N,N,N,1,N,Seeking,0.848,0.604,1.0,0.3636,Y,Tier 2 - Strong
L2022-10066,2022,3,3.51,Submitted,1270,New England,International School,N,$100K - $149K,12900,College of Arts & Sciences,Neuroscience,,2,College of Arts & Sciences,Neuroscience,2.88,3.20,0.32,Y,Y,Y,Y,1,1,0,N,N,N,1,N,Employed full-time,0.68,0.7525,0.85,0.1818,N,Tier 3 - Solid
L2023-10067,2023,3,3.49,Test Optional,,International,Public,N,$250K and above,17400,School of Engineering,Computer Science,,2,School of Engineering,Computer Science,3.05,3.34,0.29,Y,Y,Y,N,2,1,0,N,Y,N,1,N,Graduate or professional school,0.736,0.7228,1.0,0.4545,Y,Tier 1 - Thrived
L2024-10068,2024,3,3.37,Submitted,1310,Midwest,Public,N,$150K - $249K,49200,College of Fine Arts,Studio Art,,3,College of Fine Arts,Studio Art,3.28,3.61,0.33,Y,Y,Y,N,0,1,0,N,N,N,2,N,Employed full-time,0.844,0.7624,1.0,0.1818,Y,Tier 2 - Strong
L2025-10069,2025,3,3.58,Test Optional,,New England,Public,Y,$60K - $99K,57800,College of Arts & Sciences,Environmental Science,,4,College of Arts & Sciences,Undeclared,3.05,3.56,0.51,Y,Y,Y,N,2,4,0,N,N,N,1,Y,Seeking,0.824,0.9406,1.0,0.7273,Y,Tier 1 - Thrived
L2019-10070,2019,4,3.68,Test Optional,,Southwest,Public,N,$100K - $149K,44300,College of Arts & Sciences,History,,4,College of Arts & Sciences,History,3.28,3.57,0.29,Y,Y,Y,N,2,1,0,N,Y,N,2,Y,Graduate or professional school,0.828,0.7228,1.0,0.4545,Y,Tier 1 - Thrived
L2020-10071,2020,4,3.97,Submitted,1420,Mid-Atlantic,Private - Independent,N,$100K - $149K,61800,School of Nursing & Health,Health Administration,,4,School of Nursing & Health,Health Administration,3.48,3.66,0.18,Y,Y,Y,N,0,0,0,N,Y,Y,2,Y,Graduate or professional school,0.864,0.6139,1.0,0.2727,Y,Tier 2 - Strong
L2021-10072,2021,2,3.29,Submitted,1240,Mid-Atlantic,Parochial,Y,$150K - $249K,31600,School of Business,Management,,3,School of Business,Management,2.59,2.77,0.18,Y,N,N,N,2,0,0,N,N,N,0,N,Graduate or professional school,0.508,0.6139,0.6,0.0,N,Tier 4 - Struggled
L2022-10073,2022,5,4.13,Test Optional,,International,Private - Independent,N,$60K - $99K,38800,School of Business,Finance,,1,School of Business,Finance,3.57,4.00,0.43,Y,Y,Y,N,0,3,0,N,N,Y,2,N,Graduate or professional school,1.0,0.8614,1.0,0.5455,Y,Tier 1 - Thrived
L2023-10074,2023,4,3.80,Submitted,1440,Mid-Atlantic,Public,N,$100K - $149K,11800,School of Business,Management,,3,School of Business,Management,3.42,3.64,0.22,Y,Y,Y,N,1,1,0,N,N,N,1,N,Seeking,0.856,0.6535,1.0,0.1818,Y,Tier 2 - Strong
L2024-10075,2024,2,3.40,Submitted,1160,Mid-Atlantic,Private - Independent,N,$100K - $149K,34200,School of Engineering,Mechanical Engineering,,1,School of Engineering,Biomedical Engineering,2.48,2.84,0.36,N,N,N,Y,0,0,0,N,N,N,1,N,Graduate or professional school,0.536,0.7921,0.0,0.0,N,Tier 4 - Struggled
L2025-10076,2025,3,3.66,Submitted,1360,Midwest,Public,N,$150K - $249K,12500,School of Engineering,Biomedical Engineering,,5,School of Engineering,Biomedical Engineering,2.15,2.35,0.20,Y,N,Y,N,1,0,0,N,N,N,2,N,Employed full-time,0.34,0.6337,0.6,0.0,N,Tier 4 - Struggled
L2019-10077,2019,4,3.93,Submitted,1420,Midwest,Public,N,$100K - $149K,37500,School of Engineering,Electrical Engineering,,3,School of Engineering,Electrical Engineering,3.41,3.67,0.26,Y,Y,Y,N,1,2,0,N,N,Y,0,Y,Employed full-time,0.868,0.6931,1.0,0.3636,Y,Tier 1 - Thrived
L2020-10078,2020,3,3.61,Submitted,1330,West,Public,Y,$100K - $149K,57300,School of Nursing & Health,Health Administration,,4,School of Nursing & Health,Health Administration,2.97,3.44,0.47,Y,N,N,Y,0,3,0,N,N,N,1,Y,Employed full-time,0.776,0.901,0.45,0.5455,Y,Tier 2 - Strong
L2021-10079,2021,4,3.80,Submitted,1330,Mid-Atlantic,Public,N,$60K - $99K,5300,College of Fine Arts,Theatre,,2,College of Fine Arts,Theatre,3.32,3.46,0.14,Y,Y,Y,N,0,1,0,N,N,N,4,N,Employed full-time,0.784,0.5743,1.0,0.1818,N,Tier 2 - Strong
L2022-10080,2022,4,3.77,Submitted,1390,Mid-Atlantic,Public,N,$250K and above,33800,School of Nursing & Health,Public Health,,1,School of Nursing & Health,Public Health,2.50,2.45,-0.05,Y,Y,Y,N,0,2,0,N,N,N,2,N,Employed full-time,0.38,0.3861,1.0,0.3636,N,Tier 4 - Struggled
L2023-10081,2023,3,3.44,Test Optional,,Mid-Atlantic,Public,N,Not Reported,18700,School of Engineering,Biomedical Engineering,,4,School of Engineering,Biomedical Engineering,3.23,3.65,0.42,Y,Y,Y,N,2,0,0,N,N,Y,2,N,Graduate or professional school,0.86,0.8515,1.0,0.0,Y,Tier 2 - Strong
L2024-10082,2024,5,4.10,Test Optional,,Mid-Atlantic,Public,Y,Under $30K,36400,College of Arts & Sciences,Economics,,3,College of Arts & Sciences,Political Science,3.51,3.60,0.09,Y,N,Y,N,2,2,0,N,Y,N,0,N,Fellowship,0.84,0.5248,0.6,0.6364,N,Tier 2 - Strong
L2025-10083,2025,3,3.55,Test Optional,,South,Public,N,$150K - $249K,34200,College of Arts & Sciences,Environmental Science,,4,College of Arts & Sciences,Environmental Science,2.76,3.00,0.24,Y,Y,Y,N,0,1,0,N,N,N,1,Y,Employed full-time,0.6,0.6733,1.0,0.1818,N,Tier 3 - Solid
L2019-10084,2019,2,3.29,Submitted,1100,Midwest,Public,N,$150K - $249K,9400,School of Business,Finance,,4,School of Business,Business Analytics,2.64,2.70,0.06,N,N,N,Y,3,0,0,N,N,N,0,N,Fellowship,0.48,0.495,0.0,0.0,N,Tier 4 - Struggled
L2020-10085,2020,3,3.55,Submitted,1250,Mid-Atlantic,Public,N,$30K - $59K,44400,School of Engineering,Electrical Engineering,,4,School of Engineering,Electrical Engineering,2.70,2.72,0.02,Y,Y,Y,N,1,4,0,N,N,N,2,N,Employed full-time,0.488,0.4554,1.0,0.7273,Y,Tier 2 - Strong
L2021-10086,2021,2,3.16,Submitted,1160,South,Public,Y,$60K - $99K,36000,College of Arts & Sciences,Economics,,4,College of Arts & Sciences,Neuroscience,2.90,3.26,0.36,Y,Y,Y,N,2,0,0,N,N,N,2,Y,Employed full-time,0.704,0.7921,1.0,0.0,N,Tier 3 - Solid
L2022-10087,2022,2,3.55,Test Optional,,Midwest,Public,N,Not Reported,51500,School of Nursing & Health,Exercise Science,,5,School of Nursing & Health,Exercise Science,2.47,2.62,0.15,Y,Y,Y,N,0,2,0,N,N,N,1,N,Graduate or professional school,0.448,0.5842,1.0,0.3636,N,Tier 3 - Solid
L2023-10088,2023,3,3.71,Test Optional,,Southwest,Public,N,$100K - $149K,47400,School of Engineering,Chemical Engineering,Baseball,2,School of Engineering,Biomedical Engineering,3.06,3.35,0.29,Y,N,Y,N,1,1,4,N,N,N,1,Y,Seeking,0.74,0.7228,0.6,0.1818,N,Tier 3 - Solid
L2024-10089,2024,3,3.65,Test Optional,,South,Public,Y,$60K - $99K,16600,School of Nursing & Health,Health Administration,,2,School of Nursing & Health,Health Administration,3.08,3.42,0.34,N,N,N,Y,1,1,0,N,N,N,0,N,Seeking,0.768,0.7723,0.0,0.1818,N,Tier 4 - Struggled
L2025-10090,2025,3,3.62,Submitted,1310,Mid-Atlantic,Public,N,$60K - $99K,41200,School of Business,Marketing,,2,School of Business,Marketing,3.40,3.50,0.10,Y,Y,Y,Y,0,2,0,N,N,N,1,Y,Employed full-time,0.8,0.5347,0.85,0.3636,N,Tier 2 - Strong
L2019-10091,2019,2,3.54,Submitted,1220,Mid-Atlantic,International School,N,$150K - $249K,17700,College of Fine Arts,Graphic Design,,5,College of Fine Arts,Graphic Design,2.51,2.55,0.04,Y,Y,Y,N,2,0,0,N,Y,N,2,N,Employed full-time,0.42,0.4752,1.0,0.2727,N,Tier 3 - Solid
L2020-10092,2020,4,3.84,Test Optional,,West,Public,N,$250K and above,33300,School of Business,Accounting,,4,School of Business,Management,2.88,3.23,0.35,Y,Y,Y,Y,1,2,0,N,N,N,0,N,Graduate or professional school,0.692,0.7822,0.85,0.3636,Y,Tier 2 - Strong
L2021-10093,2021,3,3.50,Submitted,1230,Mid-Atlantic,Public,N,$60K - $99K,61600,School of Engineering,Electrical Engineering,,3,School of Engineering,Civil Engineering,3.36,3.62,0.26,Y,Y,Y,N,0,1,0,N,N,N,1,N,Employed full-time,0.848,0.6931,1.0,0.1818,Y,Tier 2 - Strong
L2022-10094,2022,3,3.40,Submitted,1130,Southwest,Public,N,$250K and above,47200,College of Arts & Sciences,Chemistry,,3,College of Arts & Sciences,Chemistry,2.54,2.62,0.08,Y,Y,Y,N,0,4,0,N,N,N,2,N,Employed full-time,0.448,0.5149,1.0,0.7273,Y,Tier 2 - Strong
L2023-10095,2023,3,3.48,Submitted,1240,West,Private - Independent,N,Under $30K,600,School of Engineering,Mechanical Engineering,,3,School of Engineering,Mechanical Engineering,3.09,3.29,0.20,Y,Y,Y,N,1,1,0,N,N,N,1,N,Graduate or professional school,0.716,0.6337,1.0,0.1818,N,Tier 2 - Strong
L2024-10096,2024,3,3.71,Test Optional,,West,Private - Independent,N,Under $30K,43700,College of Arts & Sciences,Communication,,2,College of Arts & Sciences,Communication,2.56,2.75,0.19,Y,Y,Y,Y,3,1,0,N,N,N,0,N,Graduate or professional school,0.5,0.6238,0.85,0.1818,N,Tier 3 - Solid
L2025-10097,2025,3,3.60,Submitted,1300,South,Parochial,N,$250K and above,20700,School of Business,Finance,,3,School of Business,Finance,3.32,3.45,0.13,Y,N,N,N,0,0,0,N,N,N,1,Y,Unknown,0.78,0.5644,0.6,0.0,N,Tier 4 - Struggled
L2019-10098,2019,2,3.50,Submitted,1250,New England,Private - Independent,N,$60K - $99K,57300,School of Engineering,Chemical Engineering,,5,School of Engineering,Chemical Engineering,2.63,2.95,0.32,Y,Y,Y,N,3,1,0,N,N,N,4,N,Employed full-time,0.58,0.7525,1.0,0.1818,N,Tier 3 - Solid
L2020-10099,2020,2,3.27,Test Optional,,International,Private - Independent,Y,$30K - $59K,52200,School of Engineering,Computer Science,Wrestling,3,School of Engineering,Chemical Engineering,2.36,2.52,0.16,Y,N,Y,N,2,1,3,Y,N,N,0,N,Employed full-time,0.408,0.5941,0.6,0.4545,N,Tier 4 - Struggled
L2021-10100,2021,2,3.41,Submitted,1230,South,Public,N,$100K - $149K,47300,School of Business,Supply Chain Management,Track & Field,3,School of Business,Supply Chain Management,3.15,3.35,0.20,Y,N,Y,Y,0,1,3,N,N,N,1,N,Graduate or professional school,0.74,0.6337,0.45,0.1818,N,Tier 4 - Struggled
L2022-10101,2022,3,3.52,Submitted,1260,International,Public,N,Under $30K,9000,School of Engineering,Biomedical Engineering,,3,School of Engineering,Biomedical Engineering,2.67,2.79,0.12,Y,Y,Y,N,2,0,0,N,N,N,1,N,Graduate or professional school,0.516,0.5545,1.0,0.0,N,Tier 4 - Struggled
L2023-10102,2023,2,3.54,Submitted,1150,Mid-Atlantic,International School,Y,$150K - $249K,61100,College of Arts & Sciences,Undeclared,,3,College of Arts & Sciences,English,3.26,3.33,0.07,Y,Y,Y,N,0,1,0,N,N,N,1,N,Fellowship,0.732,0.505,1.0,0.1818,N,Tier 3 - Solid
L2024-10103,2024,3,3.63,Test Optional,,Midwest,Charter,N,$60K - $99K,14000,College of Arts & Sciences,Mathematics,,4,College of Arts & Sciences,Mathematics,2.62,2.57,-0.05,Y,N,N,N,1,1,0,N,N,N,2,N,Seeking,0.428,0.3861,0.6,0.1818,N,Tier 4 - Struggled
L2025-10104,2025,3,3.63,Submitted,1250,New England,Public,N,Under $30K,4500,School of Engineering,Computer Science,,3,School of Engineering,Computer Science,3.01,2.88,-0.13,Y,Y,Y,N,0,2,0,N,N,N,1,N,Graduate or professional school,0.552,0.3069,1.0,0.3636,N,Tier 3 - Solid
L2019-10105,2019,4,3.80,Submitted,1360,South,Private - Independent,N,$100K - $149K,42700,College of Arts & Sciences,Economics,,3,College of Arts & Sciences,Economics,2.86,2.92,0.06,Y,Y,Y,N,0,3,0,N,N,N,2,N,Employed full-time,0.568,0.495,1.0,0.5455,N,Tier 2 - Strong
L2020-10106,2020,4,3.86,Submitted,1380,Mid-Atlantic,Public,N,Not Reported,32700,School of Engineering,Biomedical Engineering,,2,School of Engineering,Biomedical Engineering,2.96,3.32,0.36,Y,Y,Y,N,3,3,0,N,N,N,3,N,Employed full-time,0.728,0.7921,1.0,0.5455,Y,Tier 1 - Thrived
L2021-10107,2021,2,3.19,Test Optional,,Mid-Atlantic,Public,N,$100K - $149K,39900,College of Arts & Sciences,Communication,Wrestling,3,College of Arts & Sciences,Communication,3.21,3.43,0.22,Y,Y,Y,N,0,1,3,Y,N,N,2,N,Employed full-time,0.772,0.6535,1.0,0.4545,Y,Tier 1 - Thrived
L2022-10108,2022,2,3.44,Submitted,1190,New England,Public,N,$30K - $59K,56900,School of Nursing & Health,Public Health,,4,School of Nursing & Health,Public Health,3.04,3.24,0.20,N,N,N,N,0,1,0,N,N,N,2,N,Graduate or professional school,0.696,0.6337,0.15,0.1818,N,Tier 4 - Struggled
L2023-10109,2023,4,4.07,Test Optional,,Mid-Atlantic,Public,N,$150K - $249K,37800,School of Business,Marketing,,1,School of Business,Marketing,3.08,3.25,0.17,N,N,N,N,1,3,0,N,N,N,2,Y,Graduate or professional school,0.7,0.604,0.15,0.5455,N,Tier 4 - Struggled
L2024-10110,2024,3,3.59,Submitted,1380,Mid-Atlantic,Public,N,$100K - $149K,45500,School of Business,Management,,4,School of Business,Management,3.01,3.15,0.14,Y,Y,Y,N,0,1,0,N,N,N,0,N,Graduate or professional school,0.66,0.5743,1.0,0.1818,N,Tier 3 - Solid
L2025-10111,2025,4,3.72,Test Optional,,Mid-Atlantic,Parochial,N,$30K - $59K,61500,School of Engineering,Electrical Engineering,,4,School of Engineering,Biomedical Engineering,3.13,3.21,0.08,N,N,N,N,0,1,0,N,N,N,2,Y,Graduate or professional school,0.684,0.5149,0.15,0.1818,N,Tier 4 - Struggled
L2019-10112,2019,3,3.72,Submitted,1320,International,Public,N,$60K - $99K,30100,College of Arts & Sciences,Undeclared,,4,College of Arts & Sciences,Undeclared,3.50,3.37,-0.13,Y,Y,Y,N,0,1,0,N,N,N,3,N,Graduate or professional school,0.748,0.3069,1.0,0.1818,N,Tier 3 - Solid
L2020-10113,2020,3,3.53,Submitted,1340,Midwest,Public,Y,$100K - $149K,25400,School of Engineering,Electrical Engineering,,2,School of Engineering,Electrical Engineering,2.98,3.18,0.20,Y,N,N,N,0,1,0,N,Y,N,1,Y,Employed full-time,0.672,0.6337,0.6,0.4545,N,Tier 3 - Solid
L2021-10114,2021,4,3.91,Test Optional,,Mid-Atlantic,Public,N,Under $30K,57300,College of Fine Arts,Theatre,Softball,3,College of Fine Arts,Graphic Design,3.54,3.95,0.41,Y,Y,Y,N,1,2,1,N,N,Y,4,N,Graduate or professional school,0.98,0.8416,1.0,0.3636,Y,Tier 1 - Thrived
L2022-10115,2022,3,3.46,Submitted,1190,Midwest,Parochial,Y,Under $30K,12900,School of Engineering,Electrical Engineering,,1,School of Engineering,Electrical Engineering,3.54,3.86,0.32,Y,Y,Y,N,0,2,0,N,Y,Y,3,Y,Employed full-time,0.944,0.7525,1.0,0.6364,Y,Tier 1 - Thrived
L2023-10116,2023,2,3.33,Submitted,1290,Mid-Atlantic,Public,Y,Under $30K,27100,College of Arts & Sciences,Neuroscience,,1,College of Arts & Sciences,Neuroscience,3.10,3.28,0.18,Y,Y,Y,N,1,2,0,N,N,N,2,N,Employed full-time,0.712,0.6139,1.0,0.3636,Y,Tier 2 - Strong
L2024-10117,2024,3,3.49,Test Optional,,Mid-Atlantic,Private - Independent,N,$100K - $149K,11600,School of Nursing & Health,Public Health,,4,School of Nursing & Health,Health Administration,2.78,2.71,-0.07,Y,Y,Y,N,0,0,0,N,N,N,0,N,Employed full-time,0.484,0.3663,1.0,0.0,N,Tier 4 - Struggled
L2025-10118,2025,4,3.87,Submitted,1410,Mid-Atlantic,Public,N,$250K and above,9500,College of Arts & Sciences,History,,2,College of Arts & Sciences,History,3.36,3.43,0.07,Y,Y,Y,N,2,2,0,N,N,N,2,N,Seeking,0.772,0.505,1.0,0.3636,N,Tier 2 - Strong
L2019-10119,2019,3,3.63,Test Optional,,South,Public,N,$150K - $249K,5000,College of Arts & Sciences,History,,2,College of Arts & Sciences,Undeclared,2.88,3.04,0.16,Y,Y,Y,Y,0,3,0,N,N,N,1,N,Employed full-time,0.616,0.5941,0.85,0.5455,N,Tier 2 - Strong
L2020-10120,2020,3,3.59,Test Optional,,South,Private - Independent,Y,$60K - $99K,43600,College of Arts & Sciences,English,,3,College of Arts & Sciences,English,2.56,2.65,0.09,Y,Y,Y,N,3,0,0,N,N,N,1,N,Employed full-time,0.46,0.5248,1.0,0.0,N,Tier 4 - Struggled
L2021-10121,2021,3,3.62,Submitted,1290,Midwest,Public,N,$150K - $249K,26300,School of Nursing & Health,Nursing (BSN),,4,School of Nursing & Health,Nursing (BSN),3.59,4.00,0.41,Y,N,N,N,0,1,0,N,N,Y,1,N,Graduate or professional school,1.0,0.8416,0.6,0.1818,N,Tier 2 - Strong
L2022-10122,2022,3,3.62,Submitted,1230,South,Parochial,N,$100K - $149K,400,College of Arts & Sciences,Undeclared,,2,College of Arts & Sciences,Undeclared,3.07,3.28,0.21,Y,Y,Y,N,0,0,0,N,Y,N,0,N,Employed full-time,0.712,0.6436,1.0,0.2727,N,Tier 2 - Strong
L2023-10123,2023,4,3.92,Submitted,1320,Mid-Atlantic,Public,Y,$100K - $149K,18300,School of Engineering,Civil Engineering,,3,School of Engineering,Civil Engineering,3.63,3.94,0.31,Y,Y,Y,N,2,2,0,N,Y,N,2,N,Seeking,0.976,0.7426,1.0,0.6364,Y,Tier 1 - Thrived
L2024-10124,2024,5,3.96,Test Optional,,Mid-Atlantic,Public,N,$150K - $249K,14400,School of Nursing & Health,Exercise Science,,4,School of Nursing & Health,Exercise Science,3.37,3.64,0.27,Y,Y,Y,N,0,0,0,N,Y,N,2,N,Graduate or professional school,0.856,0.703,1.0,0.2727,Y,Tier 2 - Strong
L2025-10125,2025,3,3.79,Submitted,1370,International,Charter,N,$100K - $149K,48000,College of Arts & Sciences,Political Science,,2,College of Arts & Sciences,Political Science,2.94,3.24,0.30,Y,Y,Y,N,2,0,0,N,N,N,1,N,Fellowship,0.696,0.7327,1.0,0.0,N,Tier 3 - Solid
L2019-10126,2019,3,3.57,Submitted,1260,International,Public,N,$60K - $99K,27500,School of Business,Supply Chain Management,,2,School of Business,Supply Chain Management,3.09,3.43,0.34,Y,Y,Y,N,3,2,0,N,N,N,2,N,Graduate or professional school,0.772,0.7723,1.0,0.3636,Y,Tier 1 - Thrived
L2020-10127,2020,2,3.40,Submitted,1210,International,Parochial,N,$100K - $149K,38600,College of Arts & Sciences,Undeclared,,5,College of Arts & Sciences,Undeclared,3.50,3.68,0.18,Y,Y,Y,N,3,2,0,N,Y,N,0,Y,Graduate or professional school,0.872,0.6139,1.0,0.6364,Y,Tier 1 - Thrived
L2021-10128,2021,3,3.59,Submitted,1310,Mid-Atlantic,Parochial,N,Under $30K,53200,School of Nursing & Health,Public Health,,1,School of Nursing & Health,Health Administration,3.15,3.64,0.49,Y,Y,Y,N,0,1,0,N,N,N,1,N,Seeking,0.856,0.9208,1.0,0.1818,Y,Tier 1 - Thrived
L2022-10129,2022,1,3.16,Submitted,1170,West,Public,N,$30K - $59K,6800,School of Business,Accounting,Women's Basketball,2,School of Business,Business Analytics,3.26,3.39,0.13,Y,Y,Y,N,0,1,2,N,Y,N,2,N,Employed full-time,0.756,0.5644,1.0,0.4545,Y,Tier 2 - Strong
L2023-10130,2023,3,3.58,Test Optional,,Midwest,Parochial,N,$250K and above,0,School of Nursing & Health,Exercise Science,,1,School of Nursing & Health,Exercise Science,2.62,2.84,0.22,N,N,N,Y,0,1,0,N,N,N,0,N,Graduate or professional school,0.536,0.6535,0.0,0.1818,N,Tier 4 - Struggled
L2024-10131,2024,2,3.44,Submitted,1180,Mid-Atlantic,Parochial,N,Not Reported,52600,School of Engineering,Biomedical Engineering,,3,School of Engineering,Biomedical Engineering,2.45,2.46,0.01,Y,N,Y,Y,2,1,0,N,N,N,1,N,Seeking,0.384,0.4455,0.45,0.1818,N,Tier 4 - Struggled
L2025-10132,2025,3,3.51,Submitted,1240,New England,Public,N,$250K and above,40500,College of Arts & Sciences,Environmental Science,,5,College of Arts & Sciences,Economics,3.06,2.85,-0.21,Y,Y,Y,N,1,2,0,N,N,N,2,N,Employed full-time,0.54,0.2277,1.0,0.3636,N,Tier 4 - Struggled
L2019-10133,2019,5,4.01,Submitted,1460,Midwest,Private - Independent,N,$150K - $249K,58900,School of Engineering,Mechanical Engineering,,2,School of Engineering,Mechanical Engineering,2.84,2.85,0.01,Y,Y,Y,Y,2,1,0,N,N,N,3,N,Seeking,0.54,0.4455,0.85,0.1818,N,Tier 4 - Struggled
L2020-10134,2020,2,3.30,Submitted,1160,International,Public,N,$30K - $59K,30600,College of Arts & Sciences,Communication,,3,College of Arts & Sciences,Environmental Science,2.81,3.10,0.29,Y,N,N,N,3,2,0,N,N,N,1,N,Employed full-time,0.64,0.7228,0.6,0.3636,N,Tier 3 - Solid
L2021-10135,2021,3,3.42,Submitted,1250,Mid-Atlantic,Public,Y,$150K - $249K,50600,School of Business,Finance,,2,School of Business,Business Analytics,3.36,3.64,0.28,Y,Y,Y,Y,0,1,0,N,N,N,3,N,Employed full-time,0.856,0.7129,0.85,0.1818,N,Tier 2 - Strong
L2022-10136,2022,3,3.49,Submitted,1210,New England,Public,Y,$30K - $59K,11500,College of Arts & Sciences,Environmental Science,,3,College of Arts & Sciences,Environmental Science,3.41,3.75,0.34,Y,Y,Y,N,2,2,0,N,Y,Y,2,N,Employed full-time,0.9,0.7723,1.0,0.6364,Y,Tier 1 - Thrived
L2023-10137,2023,4,3.96,Submitted,1350,International,Public,N,$250K and above,55800,College of Arts & Sciences,Political Science,,4,College of Arts & Sciences,Economics,3.02,3.39,0.37,Y,Y,Y,N,0,0,0,N,N,N,2,Y,Fellowship,0.756,0.802,1.0,0.0,N,Tier 2 - Strong
L2024-10138,2024,4,3.74,Test Optional,,International,Public,N,$100K - $149K,39600,School of Business,Finance,,2,School of Business,Finance,2.35,2.28,-0.07,Y,Y,Y,Y,1,1,0,N,N,N,1,Y,Employed full-time,0.312,0.3663,0.85,0.1818,N,Tier 4 - Struggled
L2025-10139,2025,3,3.51,Submitted,1290,Mid-Atlantic,Public,Y,$100K - $149K,60400,School of Nursing & Health,Public Health,,1,School of Nursing & Health,Public Health,3.04,2.98,-0.06,N,N,N,N,0,0,0,N,Y,N,1,N,Seeking,0.592,0.3762,0.15,0.2727,N,Tier 4 - Struggled
L2019-10140,2019,3,3.52,Test Optional,,International,Private - Independent,N,Not Reported,2600,School of Nursing & Health,Nursing (BSN),,4,School of Nursing & Health,Nursing (BSN),3.43,3.59,0.16,Y,Y,Y,Y,0,2,0,N,Y,N,2,N,Graduate or professional school,0.836,0.5941,0.85,0.6364,Y,Tier 1 - Thrived
L2020-10141,2020,3,3.80,Submitted,1280,Mid-Atlantic,Public,N,Under $30K,21600,School of Nursing & Health,Nursing (BSN),,2,School of Nursing & Health,Nursing (BSN),2.67,2.63,-0.04,Y,Y,Y,N,0,0,0,N,N,N,2,N,Unknown,0.452,0.396,1.0,0.0,N,Tier 4 - Struggled
L2021-10142,2021,3,3.60,Submitted,1170,Mid-Atlantic,Public,N,$60K - $99K,39800,School of Business,Supply Chain Management,,5,School of Business,Supply Chain Management,3.10,3.40,0.30,Y,N,N,N,2,1,0,N,N,N,3,N,Graduate or professional school,0.76,0.7327,0.6,0.1818,N,Tier 3 - Solid
L2022-10143,2022,3,3.72,Submitted,1340,New England,Public,Y,$60K - $99K,44100,School of Nursing & Health,Nursing (BSN),,4,School of Nursing & Health,Exercise Science,2.73,2.44,-0.29,Y,Y,Y,N,1,1,0,N,N,N,2,N,Graduate or professional school,0.376,0.1485,1.0,0.1818,N,Tier 4 - Struggled
L2023-10144,2023,3,3.61,Submitted,1240,Mid-Atlantic,Public,N,$100K - $149K,18900,College of Arts & Sciences,Mathematics,,3,College of Arts & Sciences,Mathematics,3.53,3.80,0.27,Y,Y,Y,N,1,1,0,N,N,Y,0,Y,Graduate or professional school,0.92,0.703,1.0,0.1818,Y,Tier 2 - Strong
L2024-10145,2024,3,3.36,Submitted,1240,South,Public,N,$100K - $149K,5100,College of Arts & Sciences,Political Science,,3,College of Arts & Sciences,Political Science,3.01,3.05,0.04,Y,N,N,N,2,2,0,N,Y,N,3,N,Graduate or professional school,0.62,0.4752,0.6,0.6364,N,Tier 3 - Solid
L2025-10146,2025,3,3.35,Submitted,1190,South,International School,N,$250K and above,19000,College of Arts & Sciences,History,,3,College of Arts & Sciences,History,3.43,3.60,0.17,Y,Y,Y,N,0,1,0,N,Y,N,1,N,Graduate or professional school,0.84,0.604,1.0,0.4545,Y,Tier 1 - Thrived
L2019-10147,2019,3,3.54,Submitted,1200,New England,Private - Independent,Y,$60K - $99K,31400,College of Arts & Sciences,Economics,Softball,3,College of Arts & Sciences,Economics,3.14,3.08,-0.06,Y,Y,Y,N,3,1,3,N,N,N,1,N,Unknown,0.632,0.3762,1.0,0.1818,N,Tier 3 - Solid
L2020-10148,2020,3,3.68,Submitted,1360,Midwest,Private - Independent,Y,$150K - $249K,60600,College of Arts & Sciences,History,,3,College of Arts & Sciences,Political Science,3.08,3.33,0.25,Y,Y,Y,N,0,4,0,N,N,N,1,N,Employed full-time,0.732,0.6832,1.0,0.7273,Y,Tier 1 - Thrived
L2021-10149,2021,3,3.78,Submitted,1270,West,Public,N,Under $30K,47800,College of Arts & Sciences,Mathematics,,2,College of Arts & Sciences,Mathematics,2.89,2.84,-0.05,Y,N,Y,N,0,2,0,N,N,N,2,Y,Employed full-time,0.536,0.3861,0.6,0.3636,N,Tier 4 - Struggled
L2022-10150,2022,2,3.20,Submitted,1150,International,Public,N,$150K - $249K,24300,College of Arts & Sciences,Chemistry,,3,College of Arts & Sciences,Chemistry,3.56,3.96,0.40,Y,Y,Y,N,1,2,0,N,N,Y,2,Y,Employed full-time,0.984,0.8317,1.0,0.3636,Y,Tier 1 - Thrived
L2023-10151,2023,3,3.59,Submitted,1360,International,Public,Y,$30K - $59K,2000,School of Nursing & Health,Public Health,,4,School of Nursing & Health,Public Health,3.56,3.89,0.33,Y,Y,Y,N,0,1,0,N,N,Y,2,Y,Seeking,0.956,0.7624,1.0,0.1818,Y,Tier 1 - Thrived
L2024-10152,2024,3,3.45,Test Optional,,Southwest,International School,N,$100K - $149K,35100,College of Arts & Sciences,Neuroscience,,3,College of Arts & Sciences,Environmental Science,2.97,3.26,0.29,Y,N,Y,N,1,0,0,N,N,N,2,Y,Graduate or professional school,0.704,0.7228,0.6,0.0,N,Tier 4 - Struggled
L2025-10153,2025,5,4.15,Submitted,1530,Midwest,Public,Y,$250K and above,28300,College of Arts & Sciences,Sociology,,4,College of Arts & Sciences,Environmental Science,3.44,3.76,0.32,Y,N,N,N,0,2,0,N,N,N,1,N,Fellowship,0.904,0.7525,0.6,0.3636,N,Tier 2 - Strong
L2019-10154,2019,3,3.49,Submitted,1220,Midwest,Public,N,$250K and above,31900,School of Engineering,Biomedical Engineering,,3,School of Engineering,Biomedical Engineering,3.04,3.25,0.21,Y,N,Y,N,0,1,0,N,N,N,1,N,Employed full-time,0.7,0.6436,0.6,0.1818,N,Tier 4 - Struggled
L2020-10155,2020,4,3.85,Test Optional,,Midwest,Public,N,$60K - $99K,7100,School of Nursing & Health,Exercise Science,Swimming & Diving,2,School of Nursing & Health,Exercise Science,2.93,2.93,0.00,Y,Y,Y,N,0,2,3,Y,N,N,0,N,Graduate or professional school,0.572,0.4356,1.0,0.6364,N,Tier 2 - Strong
L2021-10156,2021,3,3.55,Test Optional,,New England,Parochial,N,$30K - $59K,24400,College of Arts & Sciences,Environmental Science,,3,College of Arts & Sciences,Environmental Science,2.90,3.07,0.17,Y,Y,Y,N,0,1,0,N,N,N,2,N,Employed full-time,0.628,0.604,1.0,0.1818,N,Tier 3 - Solid
L2022-10157,2022,4,3.89,Submitted,1400,Southwest,International School,N,$100K - $149K,45500,School of Business,Business Analytics,,5,School of Business,Business Analytics,3.64,4.00,0.36,Y,N,Y,N,0,0,0,N,Y,Y,2,N,Employed full-time,1.0,0.7921,0.6,0.2727,Y,Tier 2 - Strong
L2023-10158,2023,4,3.78,Submitted,1390,West,Charter,N,$150K - $249K,25800,College of Arts & Sciences,Environmental Science,,3,College of Arts & Sciences,English,3.12,3.11,-0.01,Y,Y,Y,N,2,1,0,N,N,N,1,N,Graduate or professional school,0.644,0.4257,1.0,0.1818,N,Tier 3 - Solid
L2024-10159,2024,2,3.38,Submitted,1210,Midwest,Private - Independent,N,Not Reported,44100,School of Business,Supply Chain Management,,3,School of Business,Supply Chain Management,2.37,2.63,0.26,Y,Y,Y,N,1,0,0,N,N,N,0,N,Seeking,0.452,0.6931,1.0,0.0,N,Tier 3 - Solid
L2025-10160,2025,4,3.96,Submitted,1400,South,Public,N,$60K - $99K,60100,School of Nursing & Health,Nursing (BSN),,3,School of Nursing & Health,Nursing (BSN),3.48,3.92,0.44,Y,Y,Y,N,1,0,0,N,N,Y,0,Y,Graduate or professional school,0.968,0.8713,1.0,0.0,Y,Tier 2 - Strong
L2019-10161,2019,4,3.79,Submitted,1420,South,Private - Independent,N,$30K - $59K,32300,School of Business,Management,Rowing,3,School of Business,Management,3.46,3.33,-0.13,Y,Y,Y,N,0,0,1,N,Y,N,1,N,Employed full-time,0.732,0.3069,1.0,0.2727,N,Tier 3 - Solid
L2020-10162,2020,2,3.29,Test Optional,,South,Public,N,$60K - $99K,61200,College of Arts & Sciences,Communication,,3,College of Arts & Sciences,Communication,3.43,3.40,-0.03,Y,Y,Y,N,1,1,0,N,Y,N,1,N,Employed full-time,0.76,0.4059,1.0,0.4545,N,Tier 2 - Strong
L2021-10163,2021,4,4.01,Test Optional,,International,Public,N,$100K - $149K,33900,College of Arts & Sciences,Psychology,,2,College of Arts & Sciences,Psychology,3.22,3.57,0.35,N,N,N,N,0,3,0,N,Y,N,2,N,Graduate or professional school,0.828,0.7822,0.15,0.8182,N,Tier 2 - Strong
L2022-10164,2022,3,3.75,Submitted,1300,Southwest,Private - Independent,N,Under $30K,35000,College of Arts & Sciences,Mathematics,,2,College of Arts & Sciences,Mathematics,2.70,2.65,-0.05,Y,Y,Y,N,0,0,0,N,N,N,1,N,Employed full-time,0.46,0.3861,1.0,0.0,N,Tier 4 - Struggled
L2023-10165,2023,3,3.49,Test Optional,,Mid-Atlantic,Private - Independent,N,$30K - $59K,28400,School of Nursing & Health,Public Health,,2,School of Nursing & Health,Public Health,3.30,3.51,0.21,Y,Y,Y,N,0,2,0,N,Y,N,2,Y,Employed full-time,0.804,0.6436,1.0,0.6364,Y,Tier 1 - Thrived
L2024-10166,2024,4,3.81,Submitted,1370,International,Public,N,$100K - $149K,15500,College of Arts & Sciences,Environmental Science,,2,College of Arts & Sciences,Environmental Science,2.73,2.79,0.06,Y,Y,Y,N,0,1,0,N,Y,N,1,N,Employed full-time,0.516,0.495,1.0,0.4545,N,Tier 3 - Solid
L2025-10167,2025,3,3.62,Submitted,1360,Midwest,Public,N,Under $30K,38600,School of Business,Supply Chain Management,,2,School of Business,Supply Chain Management,3.20,3.24,0.04,Y,Y,Y,N,3,1,0,N,N,N,1,Y,Unknown,0.696,0.4752,1.0,0.1818,N,Tier 3 - Solid
L2019-10168,2019,3,3.51,Submitted,1220,West,Public,N,Under $30K,400,School of Engineering,Mechanical Engineering,,3,School of Engineering,Mechanical Engineering,3.33,3.77,0.44,Y,Y,Y,N,1,1,0,N,N,Y,4,N,Seeking,0.908,0.8713,1.0,0.1818,Y,Tier 1 - Thrived
L2020-10169,2020,2,3.27,Submitted,1210,Mid-Atlantic,Parochial,Y,$30K - $59K,19500,School of Engineering,Chemical Engineering,,2,School of Engineering,Civil Engineering,2.58,2.67,0.09,Y,Y,Y,N,2,0,0,N,N,N,2,N,Employed full-time,0.468,0.5248,1.0,0.0,N,Tier 4 - Struggled
L2021-10170,2021,3,3.62,Test Optional,,South,Public,N,$100K - $149K,46300,College of Arts & Sciences,Mathematics,,1,College of Arts & Sciences,History,3.28,3.59,0.31,Y,Y,Y,N,2,1,0,N,N,N,3,Y,Seeking,0.836,0.7426,1.0,0.1818,Y,Tier 2 - Strong
L2022-10171,2022,4,3.84,Test Optional,,Mid-Atlantic,Parochial,N,Not Reported,44700,School of Business,Finance,,1,School of Business,Management,3.86,4.00,0.14,Y,Y,Y,N,1,2,0,N,Y,Y,3,N,Employed full-time,1.0,0.5743,1.0,0.6364,Y,Tier 1 - Thrived
L2023-10172,2023,3,3.62,Submitted,1200,Mid-Atlantic,Private - Independent,N,Under $30K,26100,College of Arts & Sciences,Biology,Field Hockey,3,College of Arts & Sciences,Biology,2.76,2.55,-0.21,N,N,N,N,0,2,4,N,N,N,3,N,Employed full-time,0.42,0.2277,0.15,0.3636,N,Tier 4 - Struggled
L2024-10173,2024,2,3.45,Test Optional,,Mid-Atlantic,Charter,N,$30K - $59K,36400,College of Arts & Sciences,Political Science,,4,College of Arts & Sciences,Political Science,3.18,3.48,0.30,Y,Y,Y,N,0,2,0,N,N,N,1,N,Employed full-time,0.792,0.7327,1.0,0.3636,Y,Tier 1 - Thrived
L2025-10174,2025,3,3.74,Submitted,1230,South,Home School,N,$100K - $149K,40100,School of Engineering,Electrical Engineering,,5,School of Engineering,Electrical Engineering,3.20,3.19,-0.01,Y,Y,Y,N,0,1,0,N,N,N,1,N,Seeking,0.676,0.4257,1.0,0.1818,N,Tier 3 - Solid
L2019-10175,2019,3,3.78,Submitted,1270,Mid-Atlantic,Public,N,$100K - $149K,52700,School of Business,Business Analytics,,3,School of Business,Business Analytics,2.69,2.84,0.15,Y,Y,Y,Y,1,2,0,N,N,N,1,N,Graduate or professional school,0.536,0.5842,0.85,0.3636,N,Tier 3 - Solid
L2020-10176,2020,2,3.49,Submitted,1220,International,Public,N,Under $30K,50100,College of Arts & Sciences,English,,2,College of Arts & Sciences,Chemistry,2.28,2.35,0.07,Y,Y,Y,N,0,1,0,N,N,N,0,N,Employed full-time,0.34,0.505,1.0,0.1818,N,Tier 4 - Struggled
L2021-10177,2021,4,4.10,Submitted,1430,Mid-Atlantic,Charter,N,$30K - $59K,38500,School of Business,Accounting,,5,School of Business,Supply Chain Management,3.29,3.73,0.44,Y,Y,Y,N,2,2,0,N,N,Y,1,N,Graduate or professional school,0.892,0.8713,1.0,0.3636,Y,Tier 1 - Thrived
L2022-10178,2022,1,2.83,Submitted,1110,New England,Public,N,$150K - $249K,31400,College of Arts & Sciences,Biology,,4,College of Arts & Sciences,Biology,2.67,2.90,0.23,Y,Y,Y,N,1,1,0,N,N,N,3,N,Employed full-time,0.56,0.6634,1.0,0.1818,N,Tier 3 - Solid
L2023-10179,2023,4,4.00,Test Optional,,South,International School,N,Under $30K,7100,College of Arts & Sciences,Psychology,,3,College of Arts & Sciences,Psychology,3.87,4.00,0.13,Y,Y,Y,N,0,2,0,N,N,N,2,N,Employed full-time,1.0,0.5644,1.0,0.3636,Y,Tier 1 - Thrived
L2024-10180,2024,3,3.77,Test Optional,,Mid-Atlantic,Public,N,$30K - $59K,37900,School of Nursing & Health,Exercise Science,,4,School of Nursing & Health,Exercise Science,3.49,3.69,0.20,Y,Y,Y,N,0,3,0,N,Y,Y,1,N,Seeking,0.876,0.6337,1.0,0.8182,Y,Tier 1 - Thrived
L2025-10181,2025,3,3.66,Test Optional,,New England,Public,Y,$60K - $99K,14500,College of Fine Arts,Studio Art,,1,College of Fine Arts,Studio Art,3.67,4.00,0.33,Y,Y,Y,N,1,2,0,N,N,Y,2,N,Employed full-time,1.0,0.7624,1.0,0.3636,Y,Tier 1 - Thrived
L2019-10182,2019,1,2.92,Test Optional,,West,Charter,N,Under $30K,11500,College of Arts & Sciences,Chemistry,,4,College of Arts & Sciences,Political Science,2.27,2.31,0.04,N,N,N,N,0,0,0,N,N,N,0,Y,Employed full-time,0.324,0.4752,0.15,0.0,N,Tier 4 - Struggled
L2020-10183,2020,3,3.67,Submitted,1290,Mid-Atlantic,Public,N,$150K - $249K,27300,College of Arts & Sciences,Neuroscience,,3,College of Arts & Sciences,Environmental Science,3.74,4.00,0.26,Y,Y,Y,N,1,2,0,N,N,Y,1,N,Graduate or professional school,1.0,0.6931,1.0,0.3636,Y,Tier 1 - Thrived
L2021-10184,2021,3,3.40,Test Optional,,South,Private - Independent,N,$30K - $59K,52500,College of Arts & Sciences,Chemistry,,5,College of Arts & Sciences,Chemistry,3.17,3.14,-0.03,Y,Y,Y,Y,0,0,0,N,N,N,2,Y,Seeking,0.656,0.4059,0.85,0.0,N,Tier 4 - Struggled
L2022-10185,2022,3,3.62,Test Optional,,Mid-Atlantic,Public,N,$150K - $249K,14700,School of Engineering,Computer Science,,5,School of Engineering,Computer Science,3.16,3.04,-0.12,Y,Y,Y,N,0,1,0,N,N,N,0,N,Graduate or professional school,0.616,0.3168,1.0,0.1818,N,Tier 4 - Struggled
L2023-10186,2023,3,3.54,Test Optional,,Mid-Atlantic,Public,N,$60K - $99K,51200,School of Nursing & Health,Health Administration,,3,School of Nursing & Health,Public Health,3.41,3.56,0.15,Y,Y,Y,N,1,0,0,N,N,N,3,N,Employed full-time,0.824,0.5842,1.0,0.0,N,Tier 3 - Solid
L2024-10187,2024,3,3.61,Submitted,1300,Midwest,Public,N,$30K - $59K,7300,School of Engineering,Civil Engineering,,3,School of Engineering,Biomedical Engineering,3.24,3.19,-0.05,Y,Y,Y,Y,2,3,0,N,N,N,1,Y,Fellowship,0.676,0.3861,0.85,0.5455,N,Tier 3 - Solid
L2025-10188,2025,3,3.73,Submitted,1330,Mid-Atlantic,Private - Independent,Y,Under $30K,7400,College of Arts & Sciences,Environmental Science,,4,College of Arts & Sciences,Environmental Science,3.20,3.53,0.33,Y,Y,Y,N,3,0,0,N,N,N,2,N,Graduate or professional school,0.812,0.7624,1.0,0.0,N,Tier 2 - Strong
L2019-10189,2019,2,3.30,Test Optional,,Mid-Atlantic,Private - Independent,N,$100K - $149K,8800,School of Business,Business Analytics,,3,School of Business,Business Analytics,3.43,3.49,0.06,Y,Y,Y,N,3,2,0,N,N,N,1,N,Employed full-time,0.796,0.495,1.0,0.3636,N,Tier 2 - Strong
L2020-10190,2020,2,3.31,Submitted,1140,International,Private - Independent,Y,Under $30K,9000,College of Fine Arts,Music Performance,,2,College of Fine Arts,Music Performance,3.00,3.20,0.20,Y,N,Y,N,0,0,0,N,N,N,2,N,Employed full-time,0.68,0.6337,0.6,0.0,N,Tier 4 - Struggled
L2021-10191,2021,3,3.72,Submitted,1370,Mid-Atlantic,Public,N,$150K - $249K,53400,School of Business,Management,,4,School of Business,Management,2.92,2.98,0.06,N,N,N,N,0,3,0,N,N,N,1,Y,Graduate or professional school,0.592,0.495,0.15,0.5455,N,Tier 4 - Struggled
L2022-10192,2022,4,3.79,Submitted,1310,West,Public,N,$150K - $249K,47700,College of Arts & Sciences,Mathematics,,4,College of Arts & Sciences,Mathematics,3.32,3.43,0.11,Y,Y,Y,Y,3,2,0,N,N,N,2,N,Seeking,0.772,0.5446,0.85,0.3636,N,Tier 2 - Strong
L2023-10193,2023,2,3.22,Test Optional,,Mid-Atlantic,Parochial,N,$150K - $249K,24700,College of Arts & Sciences,History,,5,College of Arts & Sciences,Mathematics,2.52,2.41,-0.11,N,N,N,N,0,0,0,N,N,N,2,N,Employed full-time,0.364,0.3267,0.15,0.0,N,Tier 4 - Struggled
L2024-10194,2024,3,3.60,Test Optional,,International,Public,N,$60K - $99K,60800,College of Arts & Sciences,Undeclared,,3,College of Arts & Sciences,Undeclared,2.84,2.90,0.06,Y,Y,Y,N,0,2,0,N,N,N,2,N,Graduate or professional school,0.56,0.495,1.0,0.3636,N,Tier 3 - Solid
L2025-10195,2025,4,4.02,Submitted,1440,South,Public,N,$150K - $249K,6300,College of Arts & Sciences,Environmental Science,,2,College of Arts & Sciences,Biology,4.00,4.00,0.00,Y,Y,Y,N,2,0,0,N,Y,Y,3,Y,Employed full-time,1.0,0.4356,1.0,0.2727,Y,Tier 2 - Strong
L2019-10196,2019,3,3.41,Submitted,1230,Mid-Atlantic,Public,N,Under $30K,16000,College of Arts & Sciences,Chemistry,,4,College of Arts & Sciences,Communication,2.44,2.52,0.08,N,N,N,Y,1,0,0,N,Y,N,0,N,Fellowship,0.408,0.5149,0.0,0.2727,N,Tier 4 - Struggled
L2020-10197,2020,4,3.78,Submitted,1410,International,Public,N,$60K - $99K,9400,School of Nursing & Health,Public Health,,3,School of Nursing & Health,Exercise Science,2.79,3.00,0.21,Y,N,Y,Y,0,0,0,N,N,N,0,N,Employed full-time,0.6,0.6436,0.45,0.0,N,Tier 4 - Struggled
L2021-10198,2021,3,3.58,Submitted,1270,Mid-Atlantic,Public,N,$250K and above,18000,School of Engineering,Electrical Engineering,,5,School of Engineering,Electrical Engineering,2.45,2.66,0.21,Y,Y,Y,N,0,1,0,N,N,N,0,N,Employed full-time,0.464,0.6436,1.0,0.1818,N,Tier 3 - Solid
L2022-10199,2022,4,3.98,Submitted,1460,West,Parochial,Y,$30K - $59K,20500,School of Business,Management,Field Hockey,1,School of Business,Marketing,3.27,3.46,0.19,Y,Y,Y,N,3,1,2,N,N,N,3,Y,Employed full-time,0.784,0.6238,1.0,0.1818,N,Tier 2 - Strong
L2023-10200,2023,2,3.35,Submitted,1210,Southwest,Private - Independent,N,$30K - $59K,35600,School of Business,Marketing,,3,School of Business,Marketing,3.59,3.55,-0.04,N,N,N,N,0,0,0,N,Y,N,1,N,Graduate or professional school,0.82,0.396,0.15,0.2727,N,Tier 4 - Struggled
L2024-10201,2024,3,3.72,Submitted,1370,South,Private - Independent,Y,$150K - $249K,22300,School of Engineering,Mechanical Engineering,,3,School of Engineering,Mechanical Engineering,3.04,3.37,0.33,Y,Y,Y,N,0,1,0,N,N,N,2,N,Employed full-time,0.748,0.7624,1.0,0.1818,Y,Tier 2 - Strong
L2025-10202,2025,3,3.55,Submitted,1240,Mid-Atlantic,Public,N,$100K - $149K,42600,School of Business,Finance,,3,School of Business,Finance,3.03,3.15,0.12,Y,Y,Y,N,2,1,0,N,N,N,1,N,Graduate or professional school,0.66,0.5545,1.0,0.1818,N,Tier 3 - Solid
L2019-10203,2019,3,3.71,Submitted,1320,Southwest,Parochial,Y,$100K - $149K,14900,College of Arts & Sciences,Communication,,4,College of Arts & Sciences,Sociology,3.45,3.77,0.32,Y,Y,Y,Y,2,1,0,N,N,N,1,N,Graduate or professional school,0.908,0.7525,0.85,0.1818,Y,Tier 2 - Strong
L2020-10204,2020,2,3.38,Test Optional,,Mid-Atlantic,Public,N,$30K - $59K,41700,School of Business,Business Analytics,,3,School of Business,Marketing,2.72,2.76,0.04,Y,N,Y,N,0,3,0,N,N,N,2,N,Employed full-time,0.504,0.4752,0.6,0.5455,N,Tier 4 - Struggled
L2021-10205,2021,3,3.58,Submitted,1260,Mid-Atlantic,Public,N,$100K - $149K,36000,College of Arts & Sciences,Communication,,4,College of Arts & Sciences,English,3.07,2.96,-0.11,Y,N,N,N,0,0,0,N,N,N,1,Y,Employed full-time,0.584,0.3267,0.6,0.0,N,Tier 4 - Struggled
L2022-10206,2022,3,3.55,Submitted,1260,Southwest,Public,N,$30K - $59K,25700,School of Nursing & Health,Public Health,,4,School of Nursing & Health,Public Health,3.45,3.54,0.09,Y,Y,Y,N,2,2,0,N,N,N,1,N,Employed full-time,0.816,0.5248,1.0,0.3636,Y,Tier 2 - Strong
L2023-10207,2023,4,3.94,Test Optional,,Mid-Atlantic,Public,Y,$100K - $149K,16300,College of Arts & Sciences,Undeclared,,5,College of Arts & Sciences,Undeclared,3.03,3.11,0.08,Y,Y,Y,N,3,0,0,N,N,N,1,N,Employed full-time,0.644,0.5149,1.0,0.0,N,Tier 3 - Solid
L2024-10208,2024,3,3.66,Test Optional,,Mid-Atlantic,International School,Y,$60K - $99K,53000,School of Engineering,Electrical Engineering,,4,School of Engineering,Electrical Engineering,2.73,2.92,0.19,Y,Y,Y,N,0,2,0,N,Y,N,1,N,Employed full-time,0.568,0.6238,1.0,0.6364,Y,Tier 2 - Strong
L2025-10209,2025,1,3.01,Submitted,1060,South,Public,N,$60K - $99K,52400,College of Arts & Sciences,Political Science,,3,College of Arts & Sciences,Political Science,2.70,2.89,0.19,Y,Y,Y,N,3,2,0,N,N,N,1,N,Employed full-time,0.556,0.6238,1.0,0.3636,N,Tier 2 - Strong
L2019-10210,2019,2,3.42,Submitted,1230,Mid-Atlantic,Private - Independent,N,$100K - $149K,60700,School of Engineering,Chemical Engineering,,4,School of Engineering,Chemical Engineering,2.80,2.96,0.16,Y,Y,Y,N,1,0,0,N,N,N,2,N,Employed full-time,0.584,0.5941,1.0,0.0,N,Tier 3 - Solid
L2020-10211,2020,3,3.62,Test Optional,,Southwest,International School,N,$250K and above,35900,School of Nursing & Health,Exercise Science,,3,School of Nursing & Health,Exercise Science,2.36,1.92,-0.44,Y,Y,Y,N,0,0,0,N,N,N,0,N,Employed full-time,0.168,0.0,1.0,0.0,N,Tier 4 - Struggled
L2021-10212,2021,3,3.80,Submitted,1370,New England,Public,N,Under $30K,3800,School of Nursing & Health,Exercise Science,,3,School of Nursing & Health,Exercise Science,3.72,4.00,0.28,Y,Y,Y,N,0,1,0,N,N,Y,2,N,Fellowship,1.0,0.7129,1.0,0.1818,Y,Tier 1 - Thrived
L2022-10213,2022,4,3.91,Submitted,1390,Midwest,Public,N,$250K and above,58500,College of Arts & Sciences,History,,1,College of Arts & Sciences,History,2.73,2.86,0.13,Y,Y,Y,N,3,1,0,N,N,N,1,N,Seeking,0.544,0.5644,1.0,0.1818,N,Tier 3 - Solid
L2023-10214,2023,4,3.94,Submitted,1390,Mid-Atlantic,International School,N,$100K - $149K,41700,School of Business,Management,,3,School of Business,Finance,3.35,3.82,0.47,Y,Y,Y,N,1,0,0,N,N,N,3,Y,Employed full-time,0.928,0.901,1.0,0.0,Y,Tier 2 - Strong
L2024-10215,2024,3,3.45,Test Optional,,New England,Public,N,$150K - $249K,5700,College of Arts & Sciences,Environmental Science,,3,College of Arts & Sciences,Environmental Science,2.82,3.10,0.28,Y,Y,Y,N,0,0,0,N,N,N,0,N,Employed full-time,0.64,0.7129,1.0,0.0,N,Tier 3 - Solid
L2025-10216,2025,3,3.63,Submitted,1270,International,Public,N,$100K - $149K,40300,College of Arts & Sciences,History,,3,College of Arts & Sciences,History,3.60,3.72,0.12,Y,Y,Y,N,2,4,0,N,N,Y,1,N,Employed full-time,0.888,0.5545,1.0,0.7273,Y,Tier 1 - Thrived
L2019-10217,2019,2,3.41,Submitted,1220,West,Parochial,Y,$250K and above,12100,College of Arts & Sciences,Environmental Science,,3,College of Arts & Sciences,Environmental Science,3.67,3.55,-0.12,Y,Y,Y,N,1,3,0,N,N,N,1,N,Employed full-time,0.82,0.3168,1.0,0.5455,Y,Tier 2 - Strong
L2020-10218,2020,4,3.82,Test Optional,,International,Private - Independent,N,$250K and above,13400,School of Business,Management,,3,School of Business,Management,2.92,3.04,0.12,Y,Y,Y,N,2,2,0,N,N,N,1,N,Employed full-time,0.616,0.5545,1.0,0.3636,N,Tier 2 - Strong
L2021-10219,2021,3,3.72,Submitted,1420,Midwest,Public,N,Under $30K,22600,School of Engineering,Chemical Engineering,,3,School of Engineering,Chemical Engineering,2.60,2.56,-0.04,Y,Y,Y,N,0,1,0,N,N,N,3,Y,Employed full-time,0.424,0.396,1.0,0.1818,N,Tier 4 - Struggled
L2022-10220,2022,4,3.86,Submitted,1380,Mid-Atlantic,Private - Independent,Y,$250K and above,24500,College of Fine Arts,Studio Art,,5,College of Fine Arts,Studio Art,2.85,3.20,0.35,Y,Y,Y,N,3,3,0,N,Y,N,2,N,Graduate or professional school,0.68,0.7822,1.0,0.8182,Y,Tier 1 - Thrived
L2023-10221,2023,2,3.32,Submitted,1180,Mid-Atlantic,Private - Independent,Y,$30K - $59K,37100,College of Fine Arts,Music Performance,Men's Lacrosse,3,College of Fine Arts,Music Performance,2.89,3.31,0.42,Y,Y,Y,N,0,0,1,N,N,N,2,Y,Unknown,0.724,0.8515,1.0,0.0,N,Tier 2 - Strong
L2024-10222,2024,4,3.96,Submitted,1480,International,Public,N,$250K and above,58600,School of Nursing & Health,Nursing (BSN),,2,School of Nursing & Health,Nursing (BSN),3.05,3.10,0.05,Y,Y,Y,N,3,2,0,N,N,N,2,Y,Employed full-time,0.64,0.4851,1.0,0.3636,N,Tier 3 - Solid
L2025-10223,2025,2,3.52,Submitted,1200,Mid-Atlantic,Public,N,$30K - $59K,43200,School of Business,Supply Chain Management,,1,School of Business,Supply Chain Management,2.82,2.86,0.04,Y,Y,Y,N,0,0,0,N,N,N,1,Y,Employed full-time,0.544,0.4752,1.0,0.0,N,Tier 4 - Struggled
L2019-10224,2019,3,3.49,Test Optional,,Mid-Atlantic,Public,N,$250K and above,36700,School of Engineering,Electrical Engineering,,2,School of Engineering,Electrical Engineering,3.22,3.39,0.17,N,N,N,N,2,1,0,N,N,N,3,N,Seeking,0.756,0.604,0.15,0.1818,N,Tier 4 - Struggled
L2020-10225,2020,4,3.88,Test Optional,,Mid-Atlantic,Public,N,$30K - $59K,44600,College of Arts & Sciences,Environmental Science,,4,College of Arts & Sciences,Environmental Science,2.71,2.96,0.25,Y,Y,Y,N,0,2,0,N,N,N,1,N,Employed full-time,0.584,0.6832,1.0,0.3636,N,Tier 2 - Strong
L2021-10226,2021,3,3.53,Submitted,1260,South,Private - Independent,N,Not Reported,60900,School of Business,Supply Chain Management,,3,School of Business,Supply Chain Management,2.85,2.96,0.11,N,N,N,Y,0,3,0,N,N,N,0,N,Employed full-time,0.584,0.5446,0.0,0.5455,N,Tier 4 - Struggled
L2022-10227,2022,2,3.27,Submitted,1130,Mid-Atlantic,Parochial,N,$60K - $99K,3000,College of Arts & Sciences,History,,4,College of Arts & Sciences,History,2.72,2.95,0.23,Y,N,N,N,0,1,0,N,N,N,1,Y,Graduate or professional school,0.58,0.6634,0.6,0.1818,N,Tier 4 - Struggled
L2023-10228,2023,3,3.50,Submitted,1250,West,Parochial,N,$150K - $249K,200,School of Business,Business Analytics,,4,School of Business,Business Analytics,2.62,2.73,0.11,Y,Y,Y,N,0,1,0,N,N,N,2,N,Graduate or professional school,0.492,0.5446,1.0,0.1818,N,Tier 3 - Solid
L2024-10229,2024,3,3.61,Submitted,1210,South,Public,N,$60K - $99K,52800,School of Nursing & Health,Health Administration,,1,School of Nursing & Health,Public Health,3.46,3.81,0.35,Y,Y,Y,N,2,2,0,N,Y,N,2,N,Seeking,0.924,0.7822,1.0,0.6364,Y,Tier 1 - Thrived
L2025-10230,2025,3,3.59,Submitted,1300,Mid-Atlantic,Public,N,$60K - $99K,29900,School of Business,Marketing,Rowing,3,School of Business,Marketing,3.23,3.75,0.52,Y,N,Y,N,3,2,3,N,N,Y,2,N,Employed full-time,0.9,0.9505,0.6,0.3636,Y,Tier 2 - Strong
L2019-10231,2019,4,3.97,Submitted,1580,West,Public,N,$30K - $59K,10900,School of Business,Finance,,4,School of Business,Finance,3.42,3.95,0.53,Y,N,N,N,3,1,0,N,N,Y,2,N,Employed full-time,0.98,0.9604,0.6,0.1818,Y,Tier 2 - Strong
L2020-10232,2020,2,3.27,Submitted,1170,Midwest,Public,Y,$100K - $149K,8800,College of Arts & Sciences,History,,2,College of Arts & Sciences,History,3.64,3.84,0.20,Y,N,N,N,0,0,0,N,N,N,1,N,Graduate or professional school,0.936,0.6337,0.6,0.0,N,Tier 3 - Solid
L2021-10233,2021,4,3.90,Submitted,1440,South,Charter,N,$250K and above,7900,College of Arts & Sciences,Undeclared,,4,College of Arts & Sciences,Economics,3.31,3.56,0.25,Y,Y,Y,N,0,1,0,N,N,N,2,Y,Graduate or professional school,0.824,0.6832,1.0,0.1818,Y,Tier 2 - Strong
L2022-10234,2022,5,3.96,Submitted,1430,Mid-Atlantic,Private - Independent,N,$60K - $99K,55200,College of Arts & Sciences,Psychology,,5,College of Arts & Sciences,Psychology,3.06,3.19,0.13,Y,Y,Y,Y,1,1,0,N,N,N,1,N,Employed full-time,0.676,0.5644,0.85,0.1818,N,Tier 3 - Solid
L2023-10235,2023,4,4.05,Test Optional,,West,Public,Y,Not Reported,58700,School of Business,Business Analytics,,2,School of Business,Business Analytics,3.46,3.67,0.21,Y,N,Y,N,0,2,0,N,Y,Y,1,N,Employed full-time,0.868,0.6436,0.6,0.6364,Y,Tier 2 - Strong
L2024-10236,2024,4,4.05,Test Optional,,Midwest,Public,N,$30K - $59K,27900,School of Engineering,Biomedical Engineering,,4,School of Engineering,Biomedical Engineering,3.86,4.00,0.14,Y,Y,Y,N,0,1,0,N,Y,Y,2,Y,Graduate or professional school,1.0,0.5743,1.0,0.4545,Y,Tier 1 - Thrived
L2025-10237,2025,3,3.65,Submitted,1330,West,Private - Independent,N,$100K - $149K,33900,School of Nursing & Health,Exercise Science,,3,School of Nursing & Health,Exercise Science,2.84,2.93,0.09,Y,Y,Y,N,3,0,0,N,N,N,2,N,Employed full-time,0.572,0.5248,1.0,0.0,N,Tier 4 - Struggled
L2019-10238,2019,2,3.28,Test Optional,,New England,Public,N,$100K - $149K,61300,College of Arts & Sciences,English,,3,College of Arts & Sciences,English,2.69,2.98,0.29,Y,Y,Y,N,0,0,0,N,N,N,1,N,Employed full-time,0.592,0.7228,1.0,0.0,N,Tier 3 - Solid
L2020-10239,2020,2,3.43,Test Optional,,West,Public,N,$150K - $249K,9300,School of Engineering,Chemical Engineering,,2,School of Engineering,Chemical Engineering,2.26,2.21,-0.05,Y,Y,Y,N,0,0,0,N,N,N,0,N,Unknown,0.284,0.3861,1.0,0.0,N,Tier 4 - Struggled
L2021-10240,2021,3,3.74,Submitted,1320,Southwest,Public,N,Not Reported,52500,College of Arts & Sciences,Sociology,,2,College of Arts & Sciences,Sociology,3.35,3.37,0.02,Y,N,N,N,2,2,0,N,N,N,0,N,Employed full-time,0.748,0.4554,0.6,0.3636,N,Tier 3 - Solid
L2022-10241,2022,3,3.51,Test Optional,,International,Public,N,$100K - $149K,60400,School of Business,Management,,2,School of Business,Supply Chain Management,3.05,3.18,0.13,Y,Y,Y,N,2,0,0,N,N,N,2,N,Fellowship,0.672,0.5644,1.0,0.0,N,Tier 3 - Solid
L2023-10242,2023,5,4.17,Submitted,1540,Mid-Atlantic,Public,N,$30K - $59K,59800,College of Arts & Sciences,Environmental Science,,3,College of Arts & Sciences,Environmental Science,4.00,4.00,0.00,Y,Y,Y,N,0,2,0,N,Y,Y,2,N,Graduate or professional school,1.0,0.4356,1.0,0.6364,Y,Tier 1 - Thrived
L2024-10243,2024,2,3.13,Submitted,1170,New England,International School,Y,$30K - $59K,37500,School of Business,Marketing,,5,School of Business,Finance,3.18,3.36,0.18,Y,Y,Y,N,0,1,0,N,N,N,0,N,Graduate or professional school,0.744,0.6139,1.0,0.1818,N,Tier 2 - Strong
L2025-10244,2025,2,3.48,Test Optional,,South,Public,N,$30K - $59K,1700,School of Engineering,Civil Engineering,,4,School of Engineering,Mechanical Engineering,2.89,3.01,0.12,Y,Y,Y,N,0,0,0,N,N,N,2,Y,Employed full-time,0.604,0.5545,1.0,0.0,N,Tier 3 - Solid
L2019-10245,2019,4,3.83,Test Optional,,New England,Charter,N,Under $30K,51800,College of Arts & Sciences,Political Science,,4,College of Arts & Sciences,Political Science,3.10,3.59,0.49,N,N,N,N,0,1,0,N,N,N,1,Y,Employed full-time,0.836,0.9208,0.15,0.1818,N,Tier 4 - Struggled
L2020-10246,2020,2,3.31,Test Optional,,Mid-Atlantic,Public,N,$250K and above,5600,College of Arts & Sciences,History,,3,College of Arts & Sciences,History,2.95,3.10,0.15,Y,Y,Y,N,0,0,0,N,N,N,1,N,Graduate or professional school,0.64,0.5842,1.0,0.0,N,Tier 3 - Solid
L2021-10247,2021,3,3.69,Submitted,1320,West,Public,N,Under $30K,31100,School of Business,Marketing,,4,School of Business,Marketing,3.43,3.52,0.09,Y,Y,Y,N,1,1,0,N,N,N,0,Y,Seeking,0.808,0.5248,1.0,0.1818,N,Tier 3 - Solid
L2022-10248,2022,4,4.07,Submitted,1390,South,Private - Independent,N,$100K - $149K,17900,College of Arts & Sciences,History,,4,College of Arts & Sciences,History,3.45,3.61,0.16,Y,N,N,N,1,0,0,N,N,N,3,N,Fellowship,0.844,0.5941,0.6,0.0,N,Tier 4 - Struggled
L2023-10249,2023,2,3.36,Test Optional,,New England,Public,N,Under $30K,12800,School of Nursing & Health,Exercise Science,,3,School of Nursing & Health,Exercise Science,2.84,2.83,-0.01,N,N,N,Y,1,1,0,N,N,N,0,N,Employed full-time,0.532,0.4257,0.0,0.1818,N,Tier 4 - Struggled
L2024-10250,2024,4,4.14,Test Optional,,International,Public,Y,$30K - $59K,11400,School of Nursing & Health,Health Administration,Football,2,School of Nursing & Health,Health Administration,3.19,3.46,0.27,Y,Y,Y,N,2,2,4,N,N,N,4,N,Graduate or professional school,0.784,0.703,1.0,0.3636,Y,Tier 2 - Strong
L2025-10251,2025,3,3.83,Test Optional,,Mid-Atlantic,Public,N,$150K - $249K,1900,School of Business,Accounting,,4,School of Business,Accounting,2.54,2.52,-0.02,Y,Y,Y,N,1,0,0,N,N,N,0,N,Employed full-time,0.408,0.4158,1.0,0.0,N,Tier 4 - Struggled
L2019-10252,2019,2,3.40,Submitted,1090,Mid-Atlantic,Public,N,$60K - $99K,19400,School of Business,Business Analytics,,3,School of Business,Business Analytics,2.71,2.66,-0.05,Y,N,Y,N,0,1,0,N,N,N,1,N,Employed full-time,0.464,0.3861,0.6,0.1818,N,Tier 4 - Struggled
L2020-10253,2020,3,3.71,Test Optional,,Midwest,Public,N,$150K - $249K,44100,College of Arts & Sciences,History,,3,College of Arts & Sciences,History,3.43,3.90,0.47,Y,Y,Y,N,0,1,0,N,Y,Y,3,N,Employed full-time,0.96,0.901,1.0,0.4545,Y,Tier 1 - Thrived
L2021-10254,2021,3,3.76,Test Optional,,Mid-Atlantic,Public,N,$100K - $149K,29200,College of Arts & Sciences,Sociology,,2,College of Arts & Sciences,Sociology,2.96,3.01,0.05,Y,Y,Y,N,0,0,0,N,N,N,1,N,Graduate or professional school,0.604,0.4851,1.0,0.0,N,Tier 4 - Struggled
L2022-10255,2022,3,3.63,Submitted,1240,South,Private - Independent,N,$150K - $249K,56500,College of Arts & Sciences,Chemistry,,3,College of Arts & Sciences,History,3.51,3.73,0.22,N,N,N,N,1,3,0,N,Y,N,2,N,Employed full-time,0.892,0.6535,0.15,0.8182,N,Tier 3 - Solid
L2023-10256,2023,3,3.57,Test Optional,,New England,Private - Independent,N,$150K - $249K,38300,School of Business,Finance,,4,School of Business,Finance,3.74,4.00,0.26,Y,N,Y,N,3,1,0,N,N,N,1,N,Graduate or professional school,1.0,0.6931,0.6,0.1818,N,Tier 3 - Solid
L2024-10257,2024,3,3.62,Submitted,1290,Midwest,Public,N,$150K - $249K,26500,College of Arts & Sciences,English,,5,College of Arts & Sciences,Political Science,2.51,2.73,0.22,Y,Y,Y,N,0,0,0,N,N,N,2,Y,Employed full-time,0.492,0.6535,1.0,0.0,N,Tier 3 - Solid
L2025-10258,2025,3,3.46,Submitted,1210,Mid-Atlantic,Public,N,$30K - $59K,38200,School of Engineering,Biomedical Engineering,,3,School of Engineering,Biomedical Engineering,3.06,3.42,0.36,Y,Y,Y,N,0,1,0,N,Y,N,1,N,Graduate or professional school,0.768,0.7921,1.0,0.4545,Y,Tier 1 - Thrived
L2019-10259,2019,3,3.54,Test Optional,,International,Parochial,Y,$150K - $249K,19700,School of Nursing & Health,Nursing (BSN),,4,School of Nursing & Health,Nursing (BSN),3.01,3.10,0.09,Y,Y,Y,N,3,1,0,N,N,N,1,Y,Graduate or professional school,0.64,0.5248,1.0,0.1818,N,Tier 3 - Solid
L2020-10260,2020,3,3.76,Test Optional,,Midwest,Public,N,Under $30K,29400,College of Arts & Sciences,Psychology,,5,College of Arts & Sciences,Psychology,3.20,3.53,0.33,Y,Y,Y,N,0,1,0,N,N,N,2,Y,Employed full-time,0.812,0.7624,1.0,0.1818,Y,Tier 2 - Strong
L2021-10261,2021,3,3.69,Submitted,1350,Mid-Atlantic,Public,Y,$100K - $149K,52200,College of Arts & Sciences,Sociology,,4,College of Arts & Sciences,Biology,3.00,3.27,0.27,Y,Y,Y,N,0,1,0,N,N,N,2,N,Graduate or professional school,0.708,0.703,1.0,0.1818,N,Tier 2 - Strong
L2022-10262,2022,4,3.93,Submitted,1390,Mid-Atlantic,Public,N,Under $30K,53400,College of Arts & Sciences,Neuroscience,,3,College of Arts & Sciences,Neuroscience,2.84,3.14,0.30,Y,N,N,N,2,0,0,N,Y,N,1,N,Employed full-time,0.656,0.7327,0.6,0.2727,N,Tier 3 - Solid
L2023-10263,2023,2,3.41,Test Optional,,Mid-Atlantic,Charter,N,$30K - $59K,20800,School of Engineering,Chemical Engineering,Field Hockey,4,School of Engineering,Mechanical Engineering,2.91,3.19,0.28,Y,Y,Y,N,0,1,4,N,N,N,1,N,Seeking,0.676,0.7129,1.0,0.1818,N,Tier 2 - Strong
L2024-10264,2024,4,4.04,Submitted,1470,Mid-Atlantic,Public,N,Not Reported,49400,College of Fine Arts,Music Performance,,4,College of Fine Arts,Studio Art,3.73,4.00,0.27,Y,Y,Y,N,0,3,0,N,N,Y,3,Y,Seeking,1.0,0.703,1.0,0.5455,Y,Tier 1 - Thrived
L2025-10265,2025,4,3.75,Submitted,1380,Mid-Atlantic,Home School,N,$100K - $149K,44700,College of Arts & Sciences,Neuroscience,,3,College of Arts & Sciences,Neuroscience,3.17,3.47,0.30,Y,Y,Y,N,2,2,0,N,N,N,0,N,Employed full-time,0.788,0.7327,1.0,0.3636,Y,Tier 1 - Thrived
L2019-10266,2019,2,3.52,Submitted,1180,West,Public,Y,$30K - $59K,31100,School of Nursing & Health,Public Health,,4,School of Nursing & Health,Public Health,3.07,3.33,0.26,Y,Y,Y,N,0,1,0,N,Y,N,1,N,Employed full-time,0.732,0.6931,1.0,0.4545,Y,Tier 1 - Thrived
L2020-10267,2020,3,3.37,Submitted,1200,Mid-Atlantic,Public,N,$30K - $59K,17100,College of Fine Arts,Theatre,,3,College of Fine Arts,Theatre,2.89,3.05,0.16,Y,Y,Y,N,0,0,0,N,N,N,2,N,Employed full-time,0.62,0.5941,1.0,0.0,N,Tier 3 - Solid
L2021-10268,2021,3,3.56,Test Optional,,West,Public,N,$100K - $149K,28100,School of Engineering,Biomedical Engineering,,3,School of Engineering,Computer Science,3.07,2.90,-0.17,Y,Y,Y,Y,2,2,0,N,N,N,2,Y,Employed full-time,0.56,0.2673,0.85,0.3636,N,Tier 4 - Struggled
L2022-10269,2022,2,3.39,Test Optional,,Southwest,Public,N,$250K and above,22700,School of Business,Supply Chain Management,,3,School of Business,Supply Chain Management,2.63,2.80,0.17,N,N,N,N,0,3,0,N,Y,N,0,N,Employed full-time,0.52,0.604,0.15,0.8182,N,Tier 4 - Struggled
L2023-10270,2023,1,3.08,Submitted,1010,South,Public,N,$30K - $59K,39000,College of Arts & Sciences,Environmental Science,,2,College of Arts & Sciences,History,2.74,2.88,0.14,Y,Y,Y,N,2,1,0,N,N,N,2,N,Unknown,0.552,0.5743,1.0,0.1818,N,Tier 3 - Solid
L2024-10271,2024,4,3.77,Test Optional,,Mid-Atlantic,Private - Independent,Y,Not Reported,18700,School of Nursing & Health,Exercise Science,,2,School of Nursing & Health,Exercise Science,3.45,3.63,0.18,Y,N,Y,N,3,3,0,N,N,N,3,Y,Employed full-time,0.852,0.6139,0.6,0.5455,N,Tier 2 - Strong
L2025-10272,2025,4,3.89,Submitted,1460,Mid-Atlantic,Public,Y,Under $30K,50100,School of Engineering,Computer Science,,4,School of Engineering,Chemical Engineering,3.09,3.40,0.31,Y,Y,Y,N,3,2,0,N,N,N,1,N,Graduate or professional school,0.76,0.7426,1.0,0.3636,Y,Tier 1 - Thrived
L2019-10273,2019,3,3.65,Test Optional,,International,Private - Independent,Y,$60K - $99K,29600,School of Business,Management,,4,School of Business,Management,2.78,3.02,0.24,Y,N,N,Y,3,1,0,N,N,N,1,N,Employed full-time,0.608,0.6733,0.45,0.1818,N,Tier 4 - Struggled
L2020-10274,2020,4,3.79,Test Optional,,Mid-Atlantic,Public,Y,Under $30K,25200,School of Business,Management,,2,School of Business,Supply Chain Management,3.12,3.09,-0.03,Y,Y,Y,N,0,1,0,N,N,N,1,N,Employed full-time,0.636,0.4059,1.0,0.1818,N,Tier 3 - Solid
L2021-10275,2021,2,3.34,Test Optional,,Mid-Atlantic,Parochial,N,$30K - $59K,8200,College of Arts & Sciences,Neuroscience,Football,2,College of Arts & Sciences,Neuroscience,3.41,3.74,0.33,Y,Y,Y,N,0,1,4,N,N,N,0,N,Graduate or professional school,0.896,0.7624,1.0,0.1818,Y,Tier 2 - Strong
L2022-10276,2022,2,3.39,Test Optional,,Mid-Atlantic,Public,N,$100K - $149K,33300,School of Nursing & Health,Nursing (BSN),,3,School of Nursing & Health,Nursing (BSN),3.32,3.48,0.16,Y,Y,Y,N,0,1,0,N,N,N,1,N,Employed full-time,0.792,0.5941,1.0,0.1818,N,Tier 2 - Strong
L2023-10277,2023,2,3.40,Test Optional,,South,Public,N,$150K - $249K,33500,School of Engineering,Civil Engineering,,2,School of Engineering,Civil Engineering,2.59,2.75,0.16,Y,Y,Y,N,0,1,0,N,N,N,1,N,Employed full-time,0.5,0.5941,1.0,0.1818,N,Tier 3 - Solid
L2024-10278,2024,3,3.74,Submitted,1380,West,Parochial,N,$250K and above,25500,School of Nursing & Health,Nursing (BSN),,5,School of Nursing & Health,Nursing (BSN),3.51,3.95,0.44,Y,N,N,N,0,3,0,N,N,N,2,N,Fellowship,0.98,0.8713,0.6,0.5455,Y,Tier 1 - Thrived
L2025-10279,2025,2,3.46,Submitted,1210,South,Public,N,Under $30K,28200,School of Engineering,Chemical Engineering,,5,School of Engineering,Chemical Engineering,3.43,3.43,0.00,Y,Y,Y,N,0,1,0,N,N,N,1,N,Employed full-time,0.772,0.4356,1.0,0.1818,N,Tier 3 - Solid
L2019-10280,2019,3,3.56,Test Optional,,South,Parochial,N,$150K - $249K,52800,College of Arts & Sciences,Biology,,3,College of Arts & Sciences,Biology,3.18,3.49,0.31,N,N,N,N,0,0,0,N,N,N,2,N,Graduate or professional school,0.796,0.7426,0.15,0.0,N,Tier 4 - Struggled
L2020-10281,2020,4,3.77,Submitted,1360,International,Public,N,$60K - $99K,34500,School of Engineering,Biomedical Engineering,,2,School of Engineering,Biomedical Engineering,3.86,4.00,0.14,Y,Y,Y,N,3,0,0,N,N,Y,2,N,Unknown,1.0,0.5743,1.0,0.0,N,Tier 2 - Strong
L2021-10282,2021,3,3.59,Submitted,1230,Mid-Atlantic,Public,N,$30K - $59K,42200,School of Nursing & Health,Nursing (BSN),,4,School of Nursing & Health,Health Administration,3.53,3.90,0.37,Y,Y,Y,N,0,3,0,N,N,Y,2,N,Graduate or professional school,0.96,0.802,1.0,0.5455,Y,Tier 1 - Thrived
L2022-10283,2022,4,4.07,Submitted,1400,Mid-Atlantic,Public,N,$250K and above,59100,School of Nursing & Health,Nursing (BSN),Rowing,3,School of Nursing & Health,Public Health,2.91,2.98,0.07,Y,Y,Y,N,0,1,2,N,Y,N,0,N,Graduate or professional school,0.592,0.505,1.0,0.4545,N,Tier 2 - Strong
L2023-10284,2023,4,3.89,Test Optional,,New England,Public,N,Under $30K,45900,College of Arts & Sciences,Chemistry,,3,College of Arts & Sciences,Chemistry,3.07,3.26,0.19,Y,Y,Y,N,0,2,0,N,N,N,1,N,Employed full-time,0.704,0.6238,1.0,0.3636,Y,Tier 2 - Strong
L2024-10285,2024,3,3.50,Submitted,1230,Midwest,International School,N,$150K - $249K,50800,College of Arts & Sciences,Political Science,,1,College of Arts & Sciences,Political Science,3.12,3.09,-0.03,Y,N,Y,N,0,0,0,N,N,N,1,N,Employed full-time,0.636,0.4059,0.6,0.0,N,Tier 4 - Struggled
L2025-10286,2025,3,3.63,Test Optional,,New England,Public,N,$100K - $149K,56600,School of Nursing & Health,Nursing (BSN),,3,School of Nursing & Health,Nursing (BSN),3.75,3.80,0.05,Y,Y,Y,N,3,0,0,N,N,Y,3,Y,Employed full-time,0.92,0.4851,1.0,0.0,N,Tier 3 - Solid
L2019-10287,2019,3,3.69,Submitted,1310,South,Public,N,$150K - $249K,35600,School of Engineering,Computer Science,,3,School of Engineering,Computer Science,2.99,3.13,0.14,Y,Y,Y,N,0,2,0,N,N,N,2,N,Employed full-time,0.652,0.5743,1.0,0.3636,N,Tier 2 - Strong
L2020-10288,2020,3,3.60,Submitted,1340,New England,Public,N,$60K - $99K,600,School of Engineering,Biomedical Engineering,,3,School of Engineering,Biomedical Engineering,3.10,3.05,-0.05,Y,N,Y,N,1,1,0,N,N,N,0,N,Employed full-time,0.62,0.3861,0.6,0.1818,N,Tier 4 - Struggled
L2021-10289,2021,2,3.18,Submitted,1130,Mid-Atlantic,Public,N,$100K - $149K,52300,College of Arts & Sciences,Biology,,3,College of Arts & Sciences,Biology,3.06,3.24,0.18,Y,N,Y,N,0,2,0,N,N,N,1,N,Seeking,0.696,0.6139,0.6,0.3636,N,Tier 3 - Solid
L2022-10290,2022,2,3.42,Submitted,1190,South,Parochial,Y,$150K - $249K,45300,School of Nursing & Health,Public Health,,2,School of Nursing & Health,Public Health,2.39,2.43,0.04,Y,Y,Y,N,0,1,0,N,N,N,2,N,Graduate or professional school,0.372,0.4752,1.0,0.1818,N,Tier 4 - Struggled
L2023-10291,2023,4,3.76,Submitted,1310,New England,Private - Independent,Y,$100K - $149K,4100,School of Nursing & Health,Nursing (BSN),,3,School of Nursing & Health,Nursing (BSN),3.51,3.68,0.17,Y,Y,Y,N,0,1,0,N,N,Y,2,N,Seeking,0.872,0.604,1.0,0.1818,N,Tier 2 - Strong
L2024-10292,2024,3,3.74,Submitted,1330,International,Public,Y,$150K - $249K,29100,School of Business,Finance,,4,School of Business,Finance,1.78,1.63,-0.15,Y,N,Y,N,3,0,0,N,N,N,0,N,Employed full-time,0.052,0.2871,0.6,0.0,N,Tier 4 - Struggled
L2025-10293,2025,3,3.46,Submitted,1190,Midwest,Public,N,$250K and above,54700,College of Arts & Sciences,Mathematics,Track & Field,5,College of Arts & Sciences,Mathematics,3.53,3.94,0.41,Y,Y,Y,N,2,1,2,Y,Y,Y,2,N,Employed full-time,0.976,0.8416,1.0,0.7273,Y,Tier 1 - Thrived
L2019-10294,2019,3,3.59,Test Optional,,Mid-Atlantic,Parochial,N,$100K - $149K,1500,School of Business,Management,,3,School of Business,Management,3.14,3.57,0.43,Y,Y,Y,N,1,0,0,N,Y,N,4,N,Employed full-time,0.828,0.8614,1.0,0.2727,Y,Tier 1 - Thrived
L2020-10295,2020,3,3.65,Submitted,1270,Midwest,Private - Independent,N,$60K - $99K,17300,College of Arts & Sciences,Chemistry,,3,College of Arts & Sciences,Chemistry,3.39,3.62,0.23,Y,Y,Y,N,3,2,0,N,Y,N,2,N,Fellowship,0.848,0.6634,1.0,0.6364,Y,Tier 1 - Thrived
L2021-10296,2021,2,3.36,Submitted,1160,New England,Public,N,$60K - $99K,6100,School of Nursing & Health,Public Health,Women's Soccer,3,School of Nursing & Health,Public Health,2.79,2.62,-0.17,Y,N,Y,N,0,2,4,N,N,N,2,Y,Employed full-time,0.448,0.2673,0.6,0.3636,N,Tier 4 - Struggled
L2022-10297,2022,2,3.28,Submitted,1140,Mid-Atlantic,Private - Independent,N,Under $30K,16100,School of Engineering,Mechanical Engineering,,2,School of Engineering,Mechanical Engineering,2.57,2.91,0.34,Y,Y,Y,N,2,1,0,N,N,N,1,N,Seeking,0.564,0.7723,1.0,0.1818,N,Tier 3 - Solid
L2023-10298,2023,2,3.26,Submitted,1160,New England,International School,N,$100K - $149K,58600,College of Arts & Sciences,Undeclared,,3,College of Arts & Sciences,Undeclared,3.06,3.36,0.30,Y,Y,Y,N,1,0,0,N,N,N,0,Y,Employed full-time,0.744,0.7327,1.0,0.0,N,Tier 3 - Solid
L2024-10299,2024,3,3.76,Submitted,1340,South,Public,N,$30K - $59K,27400,College of Arts & Sciences,History,,3,College of Arts & Sciences,History,3.08,3.31,0.23,Y,Y,Y,N,2,2,0,N,N,N,1,N,Graduate or professional school,0.724,0.6634,1.0,0.3636,Y,Tier 2 - Strong
L2025-10300,2025,3,3.77,Submitted,1290,South,Charter,N,Not Reported,57500,College of Arts & Sciences,History,,4,College of Arts & Sciences,History,3.76,3.83,0.07,Y,Y,Y,N,3,2,0,N,N,N,1,N,Unknown,0.932,0.505,1.0,0.3636,Y,Tier 2 - Strong
L2019-10301,2019,2,3.46,Test Optional,,Mid-Atlantic,Public,N,$30K - $59K,27900,School of Nursing & Health,Exercise Science,,1,School of Nursing & Health,Exercise Science,2.52,2.51,-0.01,Y,Y,Y,N,0,0,0,N,N,N,0,N,Employed full-time,0.404,0.4257,1.0,0.0,N,Tier 4 - Struggled
L2020-10302,2020,4,3.95,Test Optional,,Mid-Atlantic,Public,N,$250K and above,46700,School of Nursing & Health,Health Administration,,2,School of Nursing & Health,Health Administration,3.40,3.63,0.23,Y,Y,Y,N,3,3,0,N,N,N,3,N,Employed full-time,0.852,0.6634,1.0,0.5455,Y,Tier 1 - Thrived
L2021-10303,2021,3,3.54,Submitted,1280,West,Private - Independent,N,Under $30K,51200,College of Arts & Sciences,Undeclared,,3,College of Arts & Sciences,Biology,3.15,3.34,0.19,Y,Y,Y,N,0,1,0,N,Y,N,2,N,Employed full-time,0.736,0.6238,1.0,0.4545,Y,Tier 2 - Strong
L2022-10304,2022,3,3.77,Test Optional,,Mid-Atlantic,Public,N,$100K - $149K,35100,College of Arts & Sciences,Economics,,3,College of Arts & Sciences,Undeclared,2.99,3.35,0.36,Y,Y,Y,N,2,2,0,N,N,N,3,Y,Fellowship,0.74,0.7921,1.0,0.3636,Y,Tier 1 - Thrived
L2023-10305,2023,2,3.33,Submitted,1260,South,Parochial,N,Under $30K,45500,School of Nursing & Health,Exercise Science,,4,School of Nursing & Health,Exercise Science,2.95,3.12,0.17,Y,Y,Y,N,0,1,0,N,N,N,0,Y,Fellowship,0.648,0.604,1.0,0.1818,N,Tier 3 - Solid
L2024-10306,2024,4,3.89,Submitted,1320,Southwest,Parochial,N,$150K - $249K,54400,School of Business,Finance,,4,School of Business,Finance,3.41,3.47,0.06,Y,Y,Y,N,1,0,0,N,N,N,2,Y,Employed full-time,0.788,0.495,1.0,0.0,N,Tier 3 - Solid
L2025-10307,2025,3,3.77,Submitted,1310,International,Charter,Y,$100K - $149K,23900,College of Arts & Sciences,Communication,,3,College of Arts & Sciences,Communication,4.00,4.00,0.00,Y,Y,Y,N,1,4,0,N,N,Y,1,N,Employed full-time,1.0,0.4356,1.0,0.7273,Y,Tier 1 - Thrived
L2019-10308,2019,2,3.35,Submitted,1190,Mid-Atlantic,Public,N,Under $30K,32000,School of Engineering,Civil Engineering,,2,School of Engineering,Civil Engineering,3.02,3.18,0.16,Y,Y,Y,N,0,2,0,N,N,N,1,Y,Fellowship,0.672,0.5941,1.0,0.3636,N,Tier 2 - Strong
L2020-10309,2020,4,3.91,Test Optional,,Midwest,International School,N,$150K - $249K,50400,School of Business,Finance,,3,School of Business,Management,3.51,3.67,0.16,Y,Y,Y,N,2,3,0,N,Y,N,2,N,Graduate or professional school,0.868,0.5941,1.0,0.8182,Y,Tier 1 - Thrived
L2021-10310,2021,1,3.07,Submitted,1030,West,Public,N,$60K - $99K,16400,College of Arts & Sciences,Undeclared,,3,College of Arts & Sciences,Economics,2.79,2.78,-0.01,Y,Y,Y,N,1,1,0,N,N,N,1,N,Employed full-time,0.512,0.4257,1.0,0.1818,N,Tier 4 - Struggled
L2022-10311,2022,4,3.78,Test Optional,,Midwest,Public,N,$250K and above,17200,College of Arts & Sciences,Biology,,3,College of Arts & Sciences,Biology,3.41,3.50,0.09,N,N,N,N,0,0,0,N,N,N,0,Y,Fellowship,0.8,0.5248,0.15,0.0,N,Tier 4 - Struggled
L2023-10312,2023,2,3.49,Submitted,1260,International,Public,N,$150K - $249K,3800,College of Arts & Sciences,Economics,,3,College of Arts & Sciences,Economics,3.08,3.22,0.14,Y,N,N,N,0,1,0,N,Y,N,1,N,Graduate or professional school,0.688,0.5743,0.6,0.4545,N,Tier 3 - Solid
L2024-10313,2024,3,3.80,Test Optional,,Mid-Atlantic,Parochial,N,Not Reported,58100,College of Arts & Sciences,Sociology,,2,College of Arts & Sciences,Sociology,3.00,3.21,0.21,Y,Y,Y,N,1,2,0,N,N,N,3,N,Fellowship,0.684,0.6436,1.0,0.3636,Y,Tier 2 - Strong
L2025-10314,2025,3,3.52,Test Optional,,Midwest,Public,N,$30K - $59K,20600,College of Arts & Sciences,Neuroscience,,2,College of Arts & Sciences,Neuroscience,2.93,3.35,0.42,Y,Y,Y,N,0,1,0,N,N,N,2,N,Employed full-time,0.74,0.8515,1.0,0.1818,Y,Tier 2 - Strong
L2019-10315,2019,3,3.45,Submitted,1220,West,Public,N,$60K - $99K,53300,College of Arts & Sciences,History,,4,College of Arts & Sciences,History,2.73,3.02,0.29,Y,Y,Y,N,1,1,0,N,N,N,0,N,Employed full-time,0.608,0.7228,1.0,0.1818,N,Tier 3 - Solid
L2020-10316,2020,3,3.57,Submitted,1270,International,Public,N,$60K - $99K,21200,College of Arts & Sciences,Economics,,3,College of Arts & Sciences,Economics,3.01,3.10,0.09,Y,N,Y,N,0,3,0,N,Y,N,3,N,Employed full-time,0.64,0.5248,0.6,0.8182,N,Tier 2 - Strong
L2021-10317,2021,3,3.68,Submitted,1380,West,Public,N,$30K - $59K,7300,School of Engineering,Biomedical Engineering,,4,School of Engineering,Biomedical Engineering,3.04,2.82,-0.22,Y,Y,Y,N,0,1,0,N,N,N,1,N,Employed full-time,0.528,0.2178,1.0,0.1818,N,Tier 4 - Struggled
L2022-10318,2022,2,3.25,Submitted,1140,West,Private - Independent,N,$60K - $99K,16300,School of Business,Accounting,,3,School of Business,Accounting,2.60,2.38,-0.22,Y,Y,Y,N,3,1,0,N,N,N,1,N,Graduate or professional school,0.352,0.2178,1.0,0.1818,N,Tier 4 - Struggled
L2023-10319,2023,2,3.35,Submitted,1130,Mid-Atlantic,Private - Independent,N,$150K - $249K,34900,School of Business,Supply Chain Management,,3,School of Business,Supply Chain Management,2.45,2.28,-0.17,Y,Y,Y,N,3,1,0,N,N,N,2,N,Graduate or professional school,0.312,0.2673,1.0,0.1818,N,Tier 4 - Struggled
L2024-10320,2024,3,3.49,Submitted,1310,West,Private - Independent,N,$150K - $249K,2500,School of Engineering,Electrical Engineering,,2,School of Engineering,Mechanical Engineering,2.66,2.76,0.10,Y,N,Y,N,0,2,0,N,N,N,2,N,Seeking,0.504,0.5347,0.6,0.3636,N,Tier 4 - Struggled
L2025-10321,2025,1,3.10,Submitted,1060,Mid-Atlantic,Private - Independent,N,$30K - $59K,13800,College of Arts & Sciences,English,,4,College of Arts & Sciences,English,2.61,2.38,-0.23,Y,Y,Y,N,0,0,0,N,N,N,1,N,Employed full-time,0.352,0.2079,1.0,0.0,N,Tier 4 - Struggled
L2019-10322,2019,3,3.72,Test Optional,,Mid-Atlantic,Public,N,$100K - $149K,3000,School of Engineering,Mechanical Engineering,,4,School of Engineering,Civil Engineering,3.35,3.49,0.14,Y,Y,Y,N,0,0,0,N,N,N,0,Y,Unknown,0.796,0.5743,1.0,0.0,N,Tier 3 - Solid
L2020-10323,2020,3,3.74,Submitted,1370,International,Public,N,$100K - $149K,47400,College of Arts & Sciences,Economics,,5,College of Arts & Sciences,Communication,2.44,2.62,0.18,N,N,N,N,0,2,0,N,N,N,1,N,Graduate or professional school,0.448,0.6139,0.15,0.3636,N,Tier 4 - Struggled
L2021-10324,2021,2,3.61,Submitted,1240,Mid-Atlantic,Public,N,$100K - $149K,10800,College of Arts & Sciences,Environmental Science,,3,College of Arts & Sciences,Environmental Science,3.01,3.21,0.20,Y,Y,Y,N,1,0,0,N,N,N,1,N,Graduate or professional school,0.684,0.6337,1.0,0.0,N,Tier 3 - Solid
L2022-10325,2022,5,4.24,Submitted,1470,Mid-Atlantic,Public,N,$150K - $249K,59200,College of Arts & Sciences,Sociology,,5,College of Arts & Sciences,Sociology,3.44,4.00,0.56,Y,Y,Y,N,2,2,0,N,N,Y,1,Y,Fellowship,1.0,0.9901,1.0,0.3636,Y,Tier 1 - Thrived
L2023-10326,2023,3,3.66,Submitted,1290,Midwest,Home School,N,$250K and above,10800,School of Business,Business Analytics,,5,School of Business,Business Analytics,3.06,3.52,0.46,Y,Y,Y,N,2,1,0,N,N,N,0,Y,Employed full-time,0.808,0.8911,1.0,0.1818,Y,Tier 1 - Thrived
L2024-10327,2024,3,3.68,Test Optional,,Mid-Atlantic,Private - Independent,N,$150K - $249K,44400,College of Arts & Sciences,History,,3,College of Arts & Sciences,Biology,3.78,4.00,0.22,Y,Y,Y,N,0,0,0,N,N,Y,1,Y,Graduate or professional school,1.0,0.6535,1.0,0.0,N,Tier 2 - Strong
L2025-10328,2025,4,3.73,Test Optional,,International,Private - Independent,N,Not Reported,45500,School of Engineering,Mechanical Engineering,,3,School of Engineering,Mechanical Engineering,2.76,2.71,-0.05,Y,Y,Y,N,0,1,0,N,N,N,1,N,Employed full-time,0.484,0.3861,1.0,0.1818,N,Tier 4 - Struggled
L2019-10329,2019,3,3.51,Submitted,1270,Mid-Atlantic,International School,N,$250K and above,36500,College of Arts & Sciences,Environmental Science,,3,College of Arts & Sciences,Mathematics,3.26,3.37,0.11,Y,Y,Y,N,3,1,0,N,N,N,1,N,Unknown,0.748,0.5446,1.0,0.1818,N,Tier 3 - Solid
L2020-10330,2020,3,3.72,Submitted,1340,Mid-Atlantic,Private - Independent,Y,$100K - $149K,52600,School of Nursing & Health,Nursing (BSN),,5,School of Nursing & Health,Nursing (BSN),3.20,3.53,0.33,Y,Y,Y,Y,2,3,0,N,N,N,2,Y,Graduate or professional school,0.812,0.7624,0.85,0.5455,Y,Tier 1 - Thrived
L2021-10331,2021,2,3.29,Test Optional,,South,Public,N,$150K - $249K,7600,College of Arts & Sciences,Sociology,,4,College of Arts & Sciences,Sociology,2.92,3.25,0.33,Y,Y,Y,N,0,2,0,N,N,N,2,Y,Seeking,0.7,0.7624,1.0,0.3636,Y,Tier 2 - Strong
L2022-10332,2022,3,3.55,Submitted,1330,South,Private - Independent,Y,$30K - $59K,21200,School of Engineering,Civil Engineering,,4,School of Engineering,Civil Engineering,3.31,3.51,0.20,Y,N,N,N,1,2,0,N,N,N,3,Y,Graduate or professional school,0.804,0.6337,0.6,0.3636,N,Tier 3 - Solid
L2023-10333,2023,3,3.73,Test Optional,,Mid-Atlantic,Public,N,$100K - $149K,8900,School of Business,Marketing,,3,School of Business,Marketing,3.15,3.22,0.07,Y,Y,Y,Y,1,0,0,N,N,N,1,N,Graduate or professional school,0.688,0.505,0.85,0.0,N,Tier 4 - Struggled
L2024-10334,2024,3,3.69,Submitted,1280,Midwest,Private - Independent,Y,$100K - $149K,49600,School of Nursing & Health,Nursing (BSN),,1,School of Nursing & Health,Nursing (BSN),2.81,3.11,0.30,Y,Y,Y,N,2,0,0,N,N,N,2,Y,Graduate or professional school,0.644,0.7327,1.0,0.0,N,Tier 3 - Solid
L2025-10335,2025,3,3.51,Submitted,1180,New England,Public,N,$150K - $249K,21200,School of Engineering,Electrical Engineering,,5,School of Engineering,Electrical Engineering,2.72,3.01,0.29,Y,N,N,N,0,0,0,N,Y,N,2,N,Seeking,0.604,0.7228,0.6,0.2727,N,Tier 3 - Solid
L2019-10336,2019,2,3.40,Submitted,1140,Midwest,Private - Independent,N,$30K - $59K,60800,School of Engineering,Mechanical Engineering,,1,School of Engineering,Mechanical Engineering,2.90,3.22,0.32,Y,N,N,N,1,0,0,N,N,N,1,N,Employed full-time,0.688,0.7525,0.6,0.0,N,Tier 4 - Struggled
L2020-10337,2020,4,3.87,Submitted,1360,Mid-Atlantic,Public,N,$250K and above,36500,School of Nursing & Health,Public Health,,4,School of Nursing & Health,Exercise Science,2.86,3.29,0.43,Y,Y,Y,N,1,2,0,N,N,N,3,N,Employed full-time,0.716,0.8614,1.0,0.3636,Y,Tier 1 - Thrived
L2021-10338,2021,3,3.57,Submitted,1270,New England,Public,N,$30K - $59K,4200,School of Business,Supply Chain Management,,2,School of Business,Supply Chain Management,3.01,2.95,-0.06,N,N,N,N,3,1,0,N,N,N,2,N,Employed full-time,0.58,0.3762,0.15,0.1818,N,Tier 4 - Struggled
L2022-10339,2022,2,3.31,Test Optional,,Mid-Atlantic,Public,Y,$150K - $249K,15400,School of Nursing & Health,Public Health,,1,School of Nursing & Health,Public Health,2.70,2.66,-0.04,Y,Y,Y,Y,0,2,0,N,N,N,0,N,Graduate or professional school,0.464,0.396,0.85,0.3636,N,Tier 4 - Struggled
L2023-10340,2023,3,3.68,Test Optional,,South,Public,N,$60K - $99K,17900,School of Nursing & Health,Health Administration,,2,School of Nursing & Health,Health Administration,3.20,3.25,0.05,N,N,N,N,0,1,0,N,N,N,2,N,Graduate or professional school,0.7,0.4851,0.15,0.1818,N,Tier 4 - Struggled
L2024-10341,2024,2,3.40,Submitted,1180,South,Public,N,$60K - $99K,42100,School of Engineering,Biomedical Engineering,,3,School of Engineering,Biomedical Engineering,2.91,2.86,-0.05,Y,Y,Y,N,0,1,0,N,N,N,0,N,Fellowship,0.544,0.3861,1.0,0.1818,N,Tier 4 - Struggled
L2025-10342,2025,3,3.59,Test Optional,,New England,Public,Y,$100K - $149K,46600,School of Engineering,Biomedical Engineering,,3,School of Engineering,Biomedical Engineering,2.76,3.18,0.42,Y,N,N,N,1,3,0,N,N,N,1,N,Employed full-time,0.672,0.8515,0.6,0.5455,Y,Tier 2 - Strong
L2019-10343,2019,5,4.30,Submitted,1550,Midwest,Public,N,$100K - $149K,28600,College of Arts & Sciences,Sociology,,4,College of Arts & Sciences,Economics,3.83,4.00,0.17,Y,Y,Y,N,3,1,0,N,Y,N,2,N,Seeking,1.0,0.604,1.0,0.4545,Y,Tier 1 - Thrived
L2020-10344,2020,3,3.50,Submitted,1200,Mid-Atlantic,Public,Y,$100K - $149K,22600,School of Engineering,Mechanical Engineering,,2,School of Engineering,Mechanical Engineering,3.16,3.15,-0.01,Y,Y,Y,N,1,1,0,N,Y,N,0,N,Seeking,0.66,0.4257,1.0,0.4545,N,Tier 2 - Strong
L2021-10345,2021,3,3.56,Test Optional,,Mid-Atlantic,Public,N,Under $30K,2400,School of Nursing & Health,Exercise Science,,3,School of Nursing & Health,Exercise Science,3.51,3.75,0.24,Y,N,N,N,3,2,0,N,N,Y,2,Y,Employed full-time,0.9,0.6733,0.6,0.3636,N,Tier 2 - Strong
L2022-10346,2022,4,3.80,Submitted,1310,West,Private - Independent,N,$250K and above,41900,College of Fine Arts,Studio Art,,2,College of Fine Arts,Studio Art,3.64,3.57,-0.07,Y,N,Y,N,0,3,0,N,Y,N,1,N,Employed full-time,0.828,0.3663,0.6,0.8182,N,Tier 2 - Strong
L2023-10347,2023,2,3.49,Test Optional,,International,International School,Y,$100K - $149K,22800,College of Arts & Sciences,Sociology,,3,College of Arts & Sciences,Biology,2.84,3.19,0.35,Y,N,Y,N,0,0,0,N,N,N,0,N,Employed full-time,0.676,0.7822,0.6,0.0,N,Tier 4 - Struggled
L2024-10348,2024,4,3.72,Test Optional,,South,Parochial,N,$150K - $249K,41700,School of Nursing & Health,Health Administration,,3,School of Nursing & Health,Health Administration,2.93,3.02,0.09,Y,Y,Y,N,0,4,0,N,N,N,3,N,Graduate or professional school,0.608,0.5248,1.0,0.7273,Y,Tier 1 - Thrived
L2025-10349,2025,3,3.56,Submitted,1330,Midwest,Public,N,$60K - $99K,52000,School of Nursing & Health,Nursing (BSN),,3,School of Nursing & Health,Exercise Science,3.21,3.48,0.27,Y,N,N,N,0,2,0,N,N,N,1,Y,Employed full-time,0.792,0.703,0.6,0.3636,N,Tier 3 - Solid
L2019-10350,2019,3,3.68,Submitted,1300,South,Public,N,$150K - $249K,9800,School of Engineering,Computer Science,Men's Basketball,3,School of Engineering,Computer Science,3.04,3.14,0.10,Y,Y,Y,Y,1,0,3,Y,Y,N,2,N,Seeking,0.656,0.5347,0.85,0.5455,N,Tier 2 - Strong
L2020-10351,2020,2,3.48,Test Optional,,South,Charter,N,Under $30K,60900,School of Engineering,Biomedical Engineering,Swimming & Diving,3,School of Engineering,Biomedical Engineering,3.00,3.36,0.36,Y,Y,Y,N,0,4,1,N,Y,N,1,Y,Employed full-time,0.744,0.7921,1.0,1.0,Y,Tier 1 - Thrived
L2021-10352,2021,3,3.73,Submitted,1330,International,Public,N,$60K - $99K,21500,School of Business,Marketing,,3,School of Business,Marketing,3.04,3.33,0.29,Y,Y,Y,N,2,1,0,N,N,N,2,Y,Employed full-time,0.732,0.7228,1.0,0.1818,N,Tier 2 - Strong
L2022-10353,2022,3,3.61,Test Optional,,New England,Public,N,Not Reported,300,College of Arts & Sciences,Communication,,3,College of Arts & Sciences,Communication,3.68,4.00,0.32,Y,N,N,N,0,2,0,N,Y,N,2,Y,Employed full-time,1.0,0.7525,0.6,0.6364,Y,Tier 1 - Thrived
L2023-10354,2023,3,3.62,Test Optional,,West,Public,Y,$100K - $149K,4700,College of Arts & Sciences,Sociology,,4,College of Arts & Sciences,Sociology,2.42,2.46,0.04,Y,Y,Y,N,2,2,0,N,N,N,1,Y,Graduate or professional school,0.384,0.4752,1.0,0.3636,N,Tier 3 - Solid
L2024-10355,2024,3,3.68,Test Optional,,Mid-Atlantic,Public,N,$150K - $249K,38800,College of Arts & Sciences,Communication,,4,College of Arts & Sciences,Communication,3.52,3.89,0.37,N,N,N,N,0,2,0,N,N,Y,2,N,Seeking,0.956,0.802,0.15,0.3636,N,Tier 3 - Solid
L2025-10356,2025,4,3.93,Submitted,1390,New England,Public,Y,$100K - $149K,50500,College of Arts & Sciences,Sociology,,2,College of Arts & Sciences,English,3.62,3.44,-0.18,Y,Y,Y,N,3,2,0,N,N,N,3,N,Employed full-time,0.776,0.2574,1.0,0.3636,N,Tier 3 - Solid
L2019-10357,2019,1,3.13,Submitted,1100,Mid-Atlantic,Public,N,$150K - $249K,27700,School of Business,Business Analytics,,4,School of Business,Business Analytics,2.95,3.31,0.36,Y,Y,Y,N,2,1,0,N,N,N,2,Y,Employed full-time,0.724,0.7921,1.0,0.1818,Y,Tier 2 - Strong
L2020-10358,2020,4,3.68,Test Optional,,International,Charter,Y,$60K - $99K,11500,College of Arts & Sciences,Political Science,,2,College of Arts & Sciences,Political Science,3.47,3.68,0.21,Y,Y,Y,N,0,2,0,N,Y,Y,0,N,Employed full-time,0.872,0.6436,1.0,0.6364,Y,Tier 1 - Thrived
L2021-10359,2021,2,3.20,Test Optional,,International,Public,N,$150K - $249K,42500,School of Business,Supply Chain Management,,3,School of Business,Supply Chain Management,2.97,3.25,0.28,N,N,N,N,1,1,0,N,N,N,3,Y,Employed full-time,0.7,0.7129,0.15,0.1818,N,Tier 4 - Struggled
L2022-10360,2022,3,3.56,Test Optional,,New England,Parochial,N,$60K - $99K,9500,College of Arts & Sciences,Psychology,,4,College of Arts & Sciences,Psychology,3.02,3.07,0.05,Y,Y,Y,N,0,1,0,N,N,N,0,N,Employed full-time,0.628,0.4851,1.0,0.1818,N,Tier 3 - Solid
L2023-10361,2023,2,3.38,Submitted,1120,Midwest,Public,N,$150K - $249K,31500,School of Nursing & Health,Exercise Science,,1,School of Nursing & Health,Exercise Science,2.86,2.88,0.02,Y,Y,Y,N,3,1,0,N,N,N,1,N,Employed full-time,0.552,0.4554,1.0,0.1818,N,Tier 3 - Solid
L2024-10362,2024,2,3.36,Test Optional,,Mid-Atlantic,Public,N,$60K - $99K,31200,School of Nursing & Health,Exercise Science,,3,School of Nursing & Health,Exercise Science,2.79,2.84,0.05,Y,Y,Y,N,2,0,0,N,N,N,2,N,Employed full-time,0.536,0.4851,1.0,0.0,N,Tier 4 - Struggled
L2025-10363,2025,3,3.60,Test Optional,,Mid-Atlantic,Private - Independent,N,Not Reported,27600,School of Engineering,Electrical Engineering,,1,School of Engineering,Electrical Engineering,3.27,3.62,0.35,Y,Y,Y,N,1,0,0,N,Y,N,2,N,Graduate or professional school,0.848,0.7822,1.0,0.2727,Y,Tier 1 - Thrived
L2019-10364,2019,4,3.95,Submitted,1430,West,Public,N,$250K and above,24300,College of Arts & Sciences,Psychology,,2,College of Arts & Sciences,Psychology,3.63,3.97,0.34,Y,Y,Y,N,0,1,0,N,N,N,2,N,Employed full-time,0.988,0.7723,1.0,0.1818,Y,Tier 1 - Thrived
L2020-10365,2020,3,3.47,Submitted,1230,Mid-Atlantic,Public,N,$150K - $249K,39100,School of Nursing & Health,Public Health,,3,School of Nursing & Health,Public Health,2.65,2.66,0.01,Y,N,Y,N,1,0,0,N,N,N,2,Y,Employed full-time,0.464,0.4455,0.6,0.0,N,Tier 4 - Struggled
L2021-10366,2021,3,3.53,Submitted,1270,Midwest,Public,Y,Under $30K,52700,College of Arts & Sciences,Chemistry,,5,College of Arts & Sciences,Chemistry,2.89,2.85,-0.04,Y,Y,Y,N,3,0,0,N,N,N,2,N,Graduate or professional school,0.54,0.396,1.0,0.0,N,Tier 4 - Struggled
L2022-10367,2022,2,3.35,Submitted,1150,Midwest,Private - Independent,N,$150K - $249K,21800,School of Business,Business Analytics,,3,School of Business,Business Analytics,2.97,3.19,0.22,Y,Y,Y,Y,3,0,0,N,N,N,3,N,Employed full-time,0.676,0.6535,0.85,0.0,N,Tier 3 - Solid
L2023-10368,2023,4,3.86,Submitted,1320,South,Home School,N,$100K - $149K,29100,College of Fine Arts,Music Performance,Track & Field,2,College of Fine Arts,Music Performance,3.64,3.95,0.31,Y,N,Y,N,0,2,4,N,N,Y,2,N,Graduate or professional school,0.98,0.7426,0.6,0.3636,Y,Tier 2 - Strong
L2024-10369,2024,4,3.93,Test Optional,,South,Public,Y,$100K - $149K,59900,College of Arts & Sciences,Neuroscience,,4,College of Arts & Sciences,History,3.56,3.62,0.06,Y,Y,Y,N,2,1,0,N,N,N,3,N,Employed full-time,0.848,0.495,1.0,0.1818,N,Tier 3 - Solid
L2025-10370,2025,2,3.42,Submitted,1200,Midwest,Private - Independent,N,$150K - $249K,3500,School of Business,Supply Chain Management,,4,School of Business,Supply Chain Management,2.73,2.71,-0.02,Y,Y,Y,N,3,1,0,N,N,N,1,N,Employed full-time,0.484,0.4158,1.0,0.1818,N,Tier 4 - Struggled
L2019-10371,2019,3,3.62,Test Optional,,Midwest,Public,N,$150K - $249K,24400,School of Business,Management,,2,School of Business,Management,3.32,3.54,0.22,Y,Y,Y,Y,2,1,0,N,Y,N,0,N,Employed full-time,0.816,0.6535,0.85,0.4545,Y,Tier 2 - Strong
L2020-10372,2020,4,3.93,Submitted,1420,New England,Private - Independent,N,$60K - $99K,57500,School of Nursing & Health,Nursing (BSN),,5,School of Nursing & Health,Nursing (BSN),2.75,2.72,-0.03,Y,Y,Y,N,0,1,0,N,N,N,1,N,Employed full-time,0.488,0.4059,1.0,0.1818,N,Tier 4 - Struggled
L2021-10373,2021,2,3.29,Submitted,1110,New England,Public,N,$30K - $59K,16200,College of Arts & Sciences,Mathematics,,4,College of Arts & Sciences,Mathematics,2.91,3.11,0.20,Y,Y,Y,N,2,1,0,N,N,N,2,N,Graduate or professional school,0.644,0.6337,1.0,0.1818,N,Tier 3 - Solid
L2022-10374,2022,4,4.03,Submitted,1410,Mid-Atlantic,Public,N,$150K - $249K,33700,College of Arts & Sciences,Sociology,,4,College of Arts & Sciences,Sociology,3.69,3.87,0.18,Y,Y,Y,N,1,1,0,N,N,N,2,N,Employed full-time,0.948,0.6139,1.0,0.1818,Y,Tier 2 - Strong
L2023-10375,2023,3,3.48,Test Optional,,International,Private - Independent,N,$100K - $149K,30200,College of Fine Arts,Theatre,,5,College of Fine Arts,Studio Art,3.79,4.00,0.21,Y,Y,Y,N,3,1,0,N,N,Y,2,Y,Employed full-time,1.0,0.6436,1.0,0.1818,Y,Tier 2 - Strong
L2024-10376,2024,3,3.53,Test Optional,,Mid-Atlantic,Private - Independent,N,$30K - $59K,9300,College of Arts & Sciences,Biology,,3,College of Arts & Sciences,Biology,3.80,4.00,0.20,Y,Y,Y,N,0,1,0,N,N,Y,1,N,Fellowship,1.0,0.6337,1.0,0.1818,Y,Tier 2 - Strong
L2025-10377,2025,3,3.58,Submitted,1280,Mid-Atlantic,Public,N,$150K - $249K,50800,School of Business,Business Analytics,,3,School of Business,Business Analytics,3.59,3.70,0.11,Y,Y,Y,N,1,1,0,N,N,Y,3,N,Employed full-time,0.88,0.5446,1.0,0.1818,N,Tier 2 - Strong
L2019-10378,2019,4,4.01,Submitted,1360,New England,International School,Y,Under $30K,13700,College of Arts & Sciences,Sociology,Swimming & Diving,4,College of Arts & Sciences,Sociology,3.26,3.60,0.34,Y,Y,Y,N,0,1,4,Y,N,N,2,N,Graduate or professional school,0.84,0.7723,1.0,0.4545,Y,Tier 1 - Thrived
L2020-10379,2020,3,3.62,Submitted,1290,International,Public,N,$100K - $149K,32700,College of Arts & Sciences,Psychology,,1,College of Arts & Sciences,Psychology,2.38,2.49,0.11,Y,Y,Y,Y,2,1,0,N,N,N,0,N,Employed full-time,0.396,0.5446,0.85,0.1818,N,Tier 4 - Struggled
L2021-10380,2021,3,3.67,Test Optional,,Southwest,Charter,N,$100K - $149K,32800,College of Arts & Sciences,Neuroscience,,2,College of Arts & Sciences,Neuroscience,3.10,3.03,-0.07,Y,Y,Y,N,1,1,0,N,Y,N,2,Y,Employed full-time,0.612,0.3663,1.0,0.4545,N,Tier 3 - Solid
L2022-10381,2022,3,3.64,Submitted,1240,West,Private - Independent,N,$150K - $249K,53200,College of Arts & Sciences,English,,4,College of Arts & Sciences,English,2.82,2.96,0.14,Y,Y,Y,N,1,0,0,N,N,N,2,N,Graduate or professional school,0.584,0.5743,1.0,0.0,N,Tier 3 - Solid
L2023-10382,2023,2,3.32,Test Optional,,Mid-Atlantic,Home School,N,Under $30K,20000,School of Nursing & Health,Public Health,,2,School of Nursing & Health,Public Health,3.36,3.32,-0.04,Y,Y,Y,Y,2,2,0,N,N,N,1,N,Employed full-time,0.728,0.396,0.85,0.3636,N,Tier 3 - Solid
L2024-10383,2024,3,3.50,Submitted,1290,Mid-Atlantic,Public,N,$60K - $99K,3500,College of Arts & Sciences,Biology,,2,College of Arts & Sciences,History,3.19,3.43,0.24,Y,N,N,N,2,1,0,N,N,N,1,N,Graduate or professional school,0.772,0.6733,0.6,0.1818,N,Tier 3 - Solid
L2025-10384,2025,3,3.50,Test Optional,,Mid-Atlantic,Public,N,Under $30K,1700,College of Arts & Sciences,Biology,,4,College of Arts & Sciences,Biology,3.06,3.07,0.01,Y,N,Y,N,0,3,0,N,N,N,2,N,Graduate or professional school,0.628,0.4455,0.6,0.5455,N,Tier 3 - Solid
L2019-10385,2019,3,3.37,Submitted,1220,South,Private - Independent,Y,$100K - $149K,21900,School of Engineering,Mechanical Engineering,,2,School of Engineering,Chemical Engineering,2.72,2.90,0.18,Y,N,Y,N,0,0,0,N,N,N,0,Y,Seeking,0.56,0.6139,0.6,0.0,N,Tier 4 - Struggled
L2020-10386,2020,3,3.67,Submitted,1350,International,Public,N,$60K - $99K,45200,School of Business,Accounting,,2,School of Business,Accounting,3.71,4.00,0.29,Y,Y,Y,N,0,1,0,N,N,Y,3,N,Unknown,1.0,0.7228,1.0,0.1818,Y,Tier 1 - Thrived
L2021-10387,2021,3,3.60,Submitted,1300,West,Public,Y,$30K - $59K,10200,School of Business,Finance,,3,School of Business,Finance,2.74,2.73,-0.01,Y,N,N,N,0,2,0,N,N,N,1,N,Employed full-time,0.492,0.4257,0.6,0.3636,N,Tier 4 - Struggled
L2022-10388,2022,5,4.13,Submitted,1480,International,Public,Y,Under $30K,29900,School of Engineering,Mechanical Engineering,,3,School of Engineering,Mechanical Engineering,2.81,2.92,0.11,Y,Y,Y,Y,1,0,0,N,N,N,0,N,Employed full-time,0.568,0.5446,0.85,0.0,N,Tier 4 - Struggled
L2023-10389,2023,3,3.54,Test Optional,,South,Private - Independent,N,$30K - $59K,3800,College of Arts & Sciences,Mathematics,,2,College of Arts & Sciences,Mathematics,3.06,3.23,0.17,Y,Y,Y,N,0,0,0,N,N,N,2,Y,Graduate or professional school,0.692,0.604,1.0,0.0,N,Tier 3 - Solid
L2024-10390,2024,3,3.68,Test Optional,,West,International School,N,$100K - $149K,15300,College of Fine Arts,Theatre,,2,College of Fine Arts,Theatre,2.81,2.88,0.07,Y,Y,Y,Y,2,1,0,N,Y,N,1,N,Employed full-time,0.552,0.505,0.85,0.4545,N,Tier 3 - Solid
L2025-10391,2025,3,3.72,Submitted,1390,Midwest,Public,N,$60K - $99K,32200,School of Engineering,Biomedical Engineering,,2,School of Engineering,Biomedical Engineering,3.13,3.18,0.05,Y,Y,Y,N,3,1,0,N,N,N,1,N,Employed full-time,0.672,0.4851,1.0,0.1818,N,Tier 3 - Solid
L2019-10392,2019,2,3.33,Submitted,1180,Mid-Atlantic,Parochial,N,$100K - $149K,27900,School of Engineering,Civil Engineering,,4,School of Engineering,Electrical Engineering,2.72,3.08,0.36,Y,Y,Y,N,0,1,0,N,N,N,3,Y,Employed full-time,0.632,0.7921,1.0,0.1818,N,Tier 2 - Strong
L2020-10393,2020,2,3.24,Submitted,1140,Mid-Atlantic,Public,N,$150K - $249K,12800,School of Business,Business Analytics,,4,School of Business,Business Analytics,2.30,2.40,0.10,Y,Y,Y,N,0,0,0,N,N,N,0,N,Seeking,0.36,0.5347,1.0,0.0,N,Tier 4 - Struggled
L2021-10394,2021,4,3.83,Submitted,1360,New England,Public,N,$150K - $249K,19600,School of Business,Accounting,,2,School of Business,Accounting,3.77,4.00,0.23,Y,Y,Y,N,0,2,0,N,N,N,2,N,Employed full-time,1.0,0.6634,1.0,0.3636,Y,Tier 1 - Thrived
L2022-10395,2022,4,3.91,Submitted,1400,West,Public,N,$30K - $59K,41300,School of Business,Management,,3,School of Business,Finance,2.89,3.12,0.23,Y,Y,Y,N,1,2,0,N,N,N,2,N,Seeking,0.648,0.6634,1.0,0.3636,Y,Tier 2 - Strong
L2023-10396,2023,3,3.51,Submitted,1200,New England,Public,N,$60K - $99K,7900,College of Arts & Sciences,Undeclared,,3,College of Arts & Sciences,Undeclared,3.01,3.16,0.15,Y,Y,Y,N,0,4,0,N,N,N,1,N,Employed full-time,0.664,0.5842,1.0,0.7273,Y,Tier 1 - Thrived
L2024-10397,2024,2,3.42,Submitted,1200,South,Public,Y,Under $30K,53800,College of Arts & Sciences,Sociology,,5,College of Arts & Sciences,Sociology,2.59,2.36,-0.23,Y,N,N,N,0,1,0,N,N,N,1,N,Employed full-time,0.344,0.2079,0.6,0.1818,N,Tier 4 - Struggled
L2025-10398,2025,3,3.72,Submitted,1310,South,Public,N,$100K - $149K,60200,School of Business,Finance,,4,School of Business,Supply Chain Management,3.38,3.71,0.33,Y,Y,Y,N,0,2,0,N,Y,Y,3,N,Employed full-time,0.884,0.7624,1.0,0.6364,Y,Tier 1 - Thrived
L2019-10399,2019,2,3.32,Submitted,1130,Mid-Atlantic,Parochial,N,Not Reported,35400,College of Arts & Sciences,Undeclared,Men's Basketball,3,College of Arts & Sciences,Undeclared,2.84,3.09,0.25,Y,N,N,N,0,0,1,N,N,N,2,N,Employed full-time,0.636,0.6832,0.6,0.0,N,Tier 4 - Struggled
L2020-10400,2020,3,3.67,Test Optional,,Mid-Atlantic,Private - Independent,N,Under $30K,24300,School of Nursing & Health,Health Administration,,5,School of Nursing & Health,Health Administration,2.87,2.97,0.10,N,N,N,N,0,1,0,N,N,N,1,N,Unknown,0.588,0.5347,0.15,0.1818,N,Tier 4 - Struggled
L2021-10401,2021,4,3.81,Submitted,1350,Mid-Atlantic,Public,N,$60K - $99K,21200,College of Fine Arts,Graphic Design,,4,College of Fine Arts,Graphic Design,3.47,3.91,0.44,Y,Y,Y,N,0,0,0,N,Y,Y,1,N,Graduate or professional school,0.964,0.8713,1.0,0.2727,Y,Tier 1 - Thrived
L2022-10402,2022,3,3.75,Submitted,1270,Mid-Atlantic,Private - Independent,N,$100K - $149K,19600,School of Engineering,Civil Engineering,,3,School of Engineering,Civil Engineering,2.70,2.90,0.20,Y,N,Y,N,0,3,0,N,Y,N,2,N,Employed full-time,0.56,0.6337,0.6,0.8182,N,Tier 2 - Strong
L2023-10403,2023,3,3.74,Submitted,1260,Mid-Atlantic,Private - Independent,N,$60K - $99K,50500,School of Business,Accounting,,3,School of Business,Accounting,3.13,3.14,0.01,Y,Y,Y,Y,2,3,0,N,N,N,3,N,Seeking,0.656,0.4455,0.85,0.5455,N,Tier 3 - Solid
L2024-10404,2024,4,3.96,Submitted,1380,Mid-Atlantic,Private - Independent,N,$150K - $249K,33600,College of Arts & Sciences,Chemistry,Wrestling,3,College of Arts & Sciences,Chemistry,3.48,3.69,0.21,Y,Y,Y,N,0,4,4,N,N,Y,3,N,Graduate or professional school,0.876,0.6436,1.0,0.7273,Y,Tier 1 - Thrived
L2025-10405,2025,4,4.00,Test Optional,,Southwest,Charter,N,$30K - $59K,45700,School of Business,Marketing,,3,School of Business,Marketing,3.67,4.00,0.33,Y,Y,Y,N,3,2,0,N,N,Y,2,N,Graduate or professional school,1.0,0.7624,1.0,0.3636,Y,Tier 1 - Thrived
L2019-10406,2019,3,3.78,Submitted,1370,West,Public,N,$60K - $99K,23400,College of Arts & Sciences,Neuroscience,,4,College of Arts & Sciences,Neuroscience,2.80,2.89,0.09,N,N,N,Y,1,0,0,N,N,N,0,Y,Fellowship,0.556,0.5248,0.0,0.0,N,Tier 4 - Struggled
L2020-10407,2020,3,3.71,Test Optional,,Mid-Atlantic,Public,N,$150K - $249K,33400,College of Arts & Sciences,Economics,,3,College of Arts & Sciences,Economics,3.18,3.22,0.04,N,N,N,N,3,1,0,N,N,N,1,Y,Employed full-time,0.688,0.4752,0.15,0.1818,N,Tier 4 - Struggled
L2021-10408,2021,2,3.47,Submitted,1190,West,Public,N,$100K - $149K,37700,School of Nursing & Health,Exercise Science,,1,School of Nursing & Health,Exercise Science,3.36,3.60,0.24,Y,N,Y,N,0,0,0,N,N,N,2,N,Seeking,0.84,0.6733,0.6,0.0,N,Tier 4 - Struggled
L2022-10409,2022,3,3.41,Submitted,1270,International,Private - Independent,N,$150K - $249K,45900,College of Arts & Sciences,Economics,,3,College of Arts & Sciences,Economics,3.48,3.38,-0.10,Y,N,Y,N,1,2,0,N,Y,N,2,N,Employed full-time,0.752,0.3366,0.6,0.6364,N,Tier 3 - Solid
L2023-10410,2023,3,3.80,Test Optional,,Mid-Atlantic,Private - Independent,N,$150K - $249K,41900,College of Fine Arts,Graphic Design,,3,College of Fine Arts,Graphic Design,3.40,3.63,0.23,Y,N,Y,N,1,1,0,N,N,N,1,N,Seeking,0.852,0.6634,0.6,0.1818,N,Tier 3 - Solid
L2024-10411,2024,3,3.59,Submitted,1310,International,Public,N,$30K - $59K,34500,School of Nursing & Health,Health Administration,,5,School of Nursing & Health,Public Health,3.02,3.01,-0.01,Y,Y,Y,N,0,3,0,N,N,N,2,N,Employed full-time,0.604,0.4257,1.0,0.5455,N,Tier 2 - Strong
L2025-10412,2025,4,3.84,Submitted,1430,West,Public,N,Under $30K,18300,College of Arts & Sciences,Undeclared,,2,College of Arts & Sciences,History,3.07,3.38,0.31,Y,N,Y,Y,2,1,0,N,N,N,1,N,Unknown,0.752,0.7426,0.45,0.1818,N,Tier 4 - Struggled
L2019-10413,2019,4,3.81,Test Optional,,Mid-Atlantic,Public,Y,$150K - $249K,39800,College of Arts & Sciences,Undeclared,,3,College of Arts & Sciences,Chemistry,2.60,2.68,0.08,Y,Y,Y,N,1,0,0,N,Y,N,0,N,Employed full-time,0.472,0.5149,1.0,0.2727,N,Tier 3 - Solid
L2020-10414,2020,3,3.60,Submitted,1290,South,Private - Independent,N,$60K - $99K,48000,College of Arts & Sciences,Chemistry,,4,College of Arts & Sciences,Chemistry,2.76,2.71,-0.05,Y,Y,Y,N,3,0,0,N,N,N,0,N,Employed full-time,0.484,0.3861,1.0,0.0,N,Tier 4 - Struggled
L2021-10415,2021,3,3.60,Submitted,1260,Midwest,Public,N,$100K - $149K,20200,College of Arts & Sciences,Mathematics,,3,College of Arts & Sciences,Mathematics,3.18,3.46,0.28,Y,N,Y,N,2,3,0,N,N,N,2,N,Employed full-time,0.784,0.7129,0.6,0.5455,N,Tier 2 - Strong
L2022-10416,2022,3,3.45,Test Optional,,Mid-Atlantic,Public,Y,$60K - $99K,38000,School of Engineering,Electrical Engineering,,2,School of Engineering,Biomedical Engineering,2.49,2.62,0.13,Y,Y,Y,N,0,0,0,N,N,N,1,Y,Graduate or professional school,0.448,0.5644,1.0,0.0,N,Tier 4 - Struggled
L2023-10417,2023,3,3.61,Submitted,1380,Mid-Atlantic,Public,N,$30K - $59K,5400,College of Arts & Sciences,Environmental Science,,3,College of Arts & Sciences,Biology,3.08,3.36,0.28,Y,Y,Y,N,0,0,0,N,N,N,2,N,Seeking,0.744,0.7129,1.0,0.0,N,Tier 3 - Solid
L2024-10418,2024,3,3.63,Test Optional,,Mid-Atlantic,Charter,N,$250K and above,46400,School of Business,Finance,,4,School of Business,Finance,4.00,4.00,0.00,Y,Y,Y,N,0,2,0,N,N,N,2,N,Employed full-time,1.0,0.4356,1.0,0.3636,Y,Tier 2 - Strong
L2025-10419,2025,3,3.75,Test Optional,,Midwest,Charter,N,$150K - $249K,41500,School of Business,Accounting,,4,School of Business,Accounting,2.45,2.47,0.02,Y,Y,Y,Y,2,0,0,N,N,N,0,Y,Employed full-time,0.388,0.4554,0.85,0.0,N,Tier 4 - Struggled
L2019-10420,2019,3,3.72,Submitted,1290,Mid-Atlantic,Private - Independent,N,$150K - $249K,25700,School of Business,Management,,2,School of Business,Marketing,3.00,3.06,0.06,Y,Y,Y,Y,3,3,0,N,N,N,3,N,Employed full-time,0.624,0.495,0.85,0.5455,N,Tier 3 - Solid
L2020-10421,2020,3,3.49,Submitted,1220,South,Charter,N,Under $30K,33200,College of Arts & Sciences,Undeclared,,2,College of Arts & Sciences,Undeclared,3.72,3.84,0.12,Y,Y,Y,N,2,2,0,N,N,Y,1,N,Seeking,0.936,0.5545,1.0,0.3636,Y,Tier 2 - Strong
L2021-10422,2021,5,4.30,Test Optional,,New England,Parochial,N,$150K - $249K,4000,College of Arts & Sciences,English,,2,College of Arts & Sciences,English,3.71,4.00,0.29,Y,Y,Y,N,3,1,0,N,N,N,2,N,Employed full-time,1.0,0.7228,1.0,0.1818,Y,Tier 1 - Thrived
L2022-10423,2022,3,3.68,Test Optional,,New England,Public,N,$100K - $149K,59300,School of Engineering,Civil Engineering,,5,School of Engineering,Civil Engineering,3.07,3.31,0.24,Y,Y,Y,Y,0,1,0,N,N,N,3,N,Employed full-time,0.724,0.6733,0.85,0.1818,N,Tier 3 - Solid
L2023-10424,2023,1,2.85,Submitted,1030,South,Public,N,$30K - $59K,700,School of Business,Business Analytics,,5,School of Business,Business Analytics,2.74,2.87,0.13,Y,Y,Y,N,0,3,0,N,N,N,1,N,Graduate or professional school,0.548,0.5644,1.0,0.5455,Y,Tier 2 - Strong
L2024-10425,2024,3,3.62,Test Optional,,Mid-Atlantic,Parochial,Y,$60K - $99K,37200,School of Business,Marketing,,5,School of Business,Marketing,2.64,2.71,0.07,Y,Y,Y,N,1,2,0,N,N,N,2,N,Employed full-time,0.484,0.505,1.0,0.3636,N,Tier 3 - Solid
L2025-10426,2025,4,4.16,Submitted,1420,New England,Public,N,$250K and above,1200,School of Nursing & Health,Exercise Science,,4,School of Nursing & Health,Exercise Science,3.49,3.46,-0.03,Y,Y,Y,N,0,3,0,N,N,N,2,N,Employed full-time,0.784,0.4059,1.0,0.5455,Y,Tier 2 - Strong
L2019-10427,2019,4,3.88,Submitted,1390,Southwest,Public,N,Under $30K,35800,School of Nursing & Health,Exercise Science,,3,School of Nursing & Health,Health Administration,2.96,3.15,0.19,Y,Y,Y,Y,0,0,0,N,Y,N,1,N,Employed full-time,0.66,0.6238,0.85,0.2727,N,Tier 3 - Solid
L2020-10428,2020,3,3.49,Test Optional,,Southwest,Charter,N,$30K - $59K,5800,School of Engineering,Chemical Engineering,,2,School of Engineering,Chemical Engineering,2.91,3.22,0.31,N,N,N,N,3,3,0,N,N,N,1,N,Seeking,0.688,0.7426,0.15,0.5455,N,Tier 4 - Struggled
L2021-10429,2021,5,4.02,Submitted,1350,Mid-Atlantic,Public,N,$100K - $149K,56900,College of Arts & Sciences,English,,4,College of Arts & Sciences,Sociology,3.20,3.21,0.01,Y,Y,Y,N,0,0,0,N,N,N,0,N,Graduate or professional school,0.684,0.4455,1.0,0.0,N,Tier 4 - Struggled
L2022-10430,2022,2,3.37,Submitted,1190,West,Public,N,$60K - $99K,25000,School of Nursing & Health,Nursing (BSN),,4,School of Nursing & Health,Nursing (BSN),2.45,2.31,-0.14,Y,Y,Y,N,0,2,0,N,N,N,2,N,Graduate or professional school,0.324,0.297,1.0,0.3636,N,Tier 4 - Struggled
L2023-10431,2023,3,3.47,Submitted,1230,New England,Public,N,$60K - $99K,13800,School of Nursing & Health,Exercise Science,,3,School of Nursing & Health,Exercise Science,3.31,3.50,0.19,Y,Y,Y,N,0,1,0,N,N,N,1,Y,Seeking,0.8,0.6238,1.0,0.1818,N,Tier 2 - Strong
L2024-10432,2024,3,3.45,Submitted,1230,Mid-Atlantic,Public,N,$150K - $249K,38500,School of Nursing & Health,Exercise Science,,5,School of Nursing & Health,Exercise Science,2.96,3.26,0.30,Y,Y,Y,N,0,1,0,N,N,N,1,N,Unknown,0.704,0.7327,1.0,0.1818,N,Tier 2 - Strong
L2025-10433,2025,3,3.55,Test Optional,,Southwest,Private - Independent,N,Not Reported,44300,School of Nursing & Health,Public Health,,2,School of Nursing & Health,Public Health,2.83,2.84,0.01,N,N,N,N,1,1,0,N,N,N,1,N,Unknown,0.536,0.4455,0.15,0.1818,N,Tier 4 - Struggled
L2019-10434,2019,3,3.52,Submitted,1260,Mid-Atlantic,Public,N,$150K - $249K,31700,School of Nursing & Health,Health Administration,,2,School of Nursing & Health,Health Administration,3.11,3.00,-0.11,N,N,N,N,0,2,0,N,Y,N,2,Y,Employed full-time,0.6,0.3267,0.15,0.6364,N,Tier 4 - Struggled
L2020-10435,2020,4,3.87,Submitted,1490,International,Public,N,$150K - $249K,22300,College of Arts & Sciences,Undeclared,,3,College of Arts & Sciences,Undeclared,3.76,4.00,0.24,Y,Y,Y,N,0,1,0,N,N,Y,1,Y,Graduate or professional school,1.0,0.6733,1.0,0.1818,Y,Tier 1 - Thrived
L2021-10436,2021,2,3.29,Submitted,1120,Southwest,Private - Independent,N,$60K - $99K,32000,School of Business,Marketing,,4,School of Business,Finance,2.92,3.12,0.20,Y,Y,Y,Y,0,0,0,N,N,N,1,N,Employed full-time,0.648,0.6337,0.85,0.0,N,Tier 4 - Struggled
L2022-10437,2022,4,4.04,Test Optional,,Midwest,Private - Independent,N,$60K - $99K,11600,School of Business,Accounting,,3,School of Business,Finance,4.00,4.00,0.00,Y,Y,Y,N,0,4,0,N,Y,Y,3,N,Graduate or professional school,1.0,0.4356,1.0,1.0,Y,Tier 1 - Thrived
L2023-10438,2023,2,3.36,Submitted,1210,Midwest,Public,N,$60K - $99K,32500,College of Arts & Sciences,History,,2,College of Arts & Sciences,History,2.44,2.35,-0.09,Y,N,Y,Y,1,0,0,N,N,N,0,N,Employed full-time,0.34,0.3465,0.45,0.0,N,Tier 4 - Struggled
L2024-10439,2024,2,3.37,Test Optional,,New England,Public,N,$60K - $99K,7100,College of Arts & Sciences,Environmental Science,,2,College of Arts & Sciences,Environmental Science,2.34,2.28,-0.06,Y,Y,Y,N,2,3,0,N,N,N,3,N,Employed full-time,0.312,0.3762,1.0,0.5455,N,Tier 3 - Solid
L2025-10440,2025,4,3.72,Submitted,1400,New England,Public,N,$60K - $99K,49500,School of Business,Marketing,,3,School of Business,Marketing,3.20,3.22,0.02,Y,Y,Y,N,0,1,0,N,Y,N,1,N,Employed full-time,0.688,0.4554,1.0,0.4545,N,Tier 2 - Strong
L2019-10441,2019,3,3.55,Submitted,1340,South,Public,Y,Under $30K,20300,School of Engineering,Mechanical Engineering,,4,School of Engineering,Mechanical Engineering,3.48,3.79,0.31,Y,Y,Y,N,1,2,0,N,Y,Y,3,N,Employed full-time,0.916,0.7426,1.0,0.6364,Y,Tier 1 - Thrived
L2020-10442,2020,3,3.65,Submitted,1310,South,Public,N,$150K - $249K,61900,School of Business,Supply Chain Management,Men's Basketball,3,School of Business,Supply Chain Management,3.29,3.60,0.31,Y,Y,Y,N,0,1,4,N,Y,N,2,N,Graduate or professional school,0.84,0.7426,1.0,0.4545,Y,Tier 1 - Thrived
L2021-10443,2021,3,3.72,Submitted,1330,Southwest,International School,N,$60K - $99K,35400,College of Arts & Sciences,Sociology,,3,College of Arts & Sciences,Sociology,3.32,3.52,0.20,Y,Y,Y,N,0,2,0,N,N,N,2,N,Employed full-time,0.808,0.6337,1.0,0.3636,Y,Tier 2 - Strong
L2022-10444,2022,3,3.45,Submitted,1230,Midwest,Charter,N,$100K - $149K,13000,School of Business,Management,,3,School of Business,Management,2.94,2.88,-0.06,Y,N,N,Y,1,2,0,N,N,N,1,N,Employed full-time,0.552,0.3762,0.45,0.3636,N,Tier 4 - Struggled
L2023-10445,2023,3,3.65,Test Optional,,New England,Private - Independent,N,Not Reported,55400,College of Arts & Sciences,Political Science,,5,College of Arts & Sciences,Mathematics,2.61,2.57,-0.04,Y,N,Y,N,0,2,0,N,N,N,2,Y,Graduate or professional school,0.428,0.396,0.6,0.3636,N,Tier 4 - Struggled
L2024-10446,2024,3,3.67,Submitted,1190,Midwest,Public,Y,$30K - $59K,50800,School of Business,Marketing,,2,School of Business,Accounting,3.17,3.30,0.13,Y,Y,Y,N,2,1,0,N,N,N,1,N,Seeking,0.72,0.5644,1.0,0.1818,N,Tier 3 - Solid
L2025-10447,2025,4,3.98,Submitted,1430,Mid-Atlantic,Public,N,$60K - $99K,43700,School of Engineering,Chemical Engineering,,3,School of Engineering,Mechanical Engineering,3.67,4.00,0.33,Y,Y,Y,N,0,1,0,N,N,N,2,N,Employed full-time,1.0,0.7624,1.0,0.1818,Y,Tier 1 - Thrived
L2019-10448,2019,3,3.81,Test Optional,,South,Charter,N,$150K - $249K,37500,College of Arts & Sciences,Chemistry,Field Hockey,5,College of Arts & Sciences,Sociology,2.88,3.01,0.13,Y,Y,Y,N,0,2,1,N,N,N,3,N,Employed full-time,0.604,0.5644,1.0,0.3636,N,Tier 2 - Strong
L2020-10449,2020,3,3.56,Submitted,1340,Mid-Atlantic,Public,Y,$60K - $99K,7800,College of Arts & Sciences,Undeclared,Wrestling,2,College of Arts & Sciences,Neuroscience,2.67,2.60,-0.07,Y,Y,Y,N,1,2,1,N,N,N,2,N,Employed full-time,0.44,0.3663,1.0,0.3636,N,Tier 3 - Solid
L2021-10450,2021,3,3.72,Submitted,1290,Mid-Atlantic,Public,N,$60K - $99K,56200,College of Arts & Sciences,Neuroscience,,4,College of Arts & Sciences,Neuroscience,3.98,4.00,0.02,Y,Y,Y,N,0,0,0,N,Y,Y,2,N,Seeking,1.0,0.4554,1.0,0.2727,Y,Tier 2 - Strong
L2022-10451,2022,3,3.68,Test Optional,,South,Public,Y,$60K - $99K,3400,School of Engineering,Mechanical Engineering,Wrestling,2,School of Engineering,Mechanical Engineering,2.67,2.70,0.03,Y,N,Y,Y,1,2,4,Y,Y,N,3,N,Employed full-time,0.48,0.4653,0.45,0.9091,N,Tier 3 - Solid
L2023-10452,2023,3,3.40,Test Optional,,International,Public,N,$30K - $59K,43900,College of Arts & Sciences,Economics,,2,College of Arts & Sciences,Economics,2.80,2.84,0.04,Y,N,N,Y,0,0,0,N,N,N,1,Y,Graduate or professional school,0.536,0.4752,0.45,0.0,N,Tier 4 - Struggled
L2024-10453,2024,3,3.56,Submitted,1260,South,Public,N,$100K - $149K,29300,School of Nursing & Health,Health Administration,Women's Soccer,3,School of Nursing & Health,Health Administration,3.46,3.86,0.40,Y,N,Y,N,0,0,1,N,N,N,3,N,Seeking,0.944,0.8317,0.6,0.0,N,Tier 3 - Solid
L2025-10454,2025,2,3.38,Submitted,1180,Mid-Atlantic,Private - Independent,N,$150K - $249K,41200,College of Fine Arts,Music Performance,,4,College of Fine Arts,Music Performance,2.55,2.65,0.10,Y,Y,Y,N,0,1,0,N,N,N,1,N,Seeking,0.46,0.5347,1.0,0.1818,N,Tier 3 - Solid
L2019-10455,2019,4,3.89,Submitted,1320,Mid-Atlantic,Public,N,Not Reported,47800,College of Arts & Sciences,English,Rowing,3,College of Arts & Sciences,English,3.38,3.59,0.21,Y,Y,Y,N,0,1,3,N,Y,N,3,Y,Employed full-time,0.836,0.6436,1.0,0.4545,Y,Tier 1 - Thrived
L2020-10456,2020,5,4.30,Submitted,1590,Mid-Atlantic,Public,N,Not Reported,46300,College of Arts & Sciences,Biology,,3,College of Arts & Sciences,Biology,3.18,3.22,0.04,Y,Y,Y,N,0,3,0,N,N,N,2,N,Graduate or professional school,0.688,0.4752,1.0,0.5455,Y,Tier 2 - Strong
L2021-10457,2021,3,3.68,Submitted,1220,Midwest,Parochial,N,$30K - $59K,18700,College of Arts & Sciences,Environmental Science,,4,College of Arts & Sciences,Environmental Science,3.21,3.55,0.34,Y,Y,Y,N,3,1,0,N,Y,N,1,Y,Employed full-time,0.82,0.7723,1.0,0.4545,Y,Tier 1 - Thrived
L2022-10458,2022,3,3.62,Test Optional,,Midwest,International School,N,$250K and above,28600,College of Fine Arts,Theatre,,4,College of Fine Arts,Theatre,3.34,3.84,0.50,Y,Y,Y,N,0,3,0,N,N,N,2,Y,Seeking,0.936,0.9307,1.0,0.5455,Y,Tier 1 - Thrived
L2023-10459,2023,3,3.81,Submitted,1310,Midwest,Public,N,$60K - $99K,34000,School of Business,Accounting,Women's Soccer,2,School of Business,Accounting,3.16,3.50,0.34,Y,Y,Y,Y,0,0,2,N,N,N,2,Y,Employed full-time,0.8,0.7723,0.85,0.0,N,Tier 3 - Solid
L2024-10460,2024,3,3.63,Submitted,1180,Mid-Atlantic,International School,N,Under $30K,3000,College of Arts & Sciences,Mathematics,,3,College of Arts & Sciences,Mathematics,3.12,3.65,0.53,Y,N,N,N,0,1,0,N,N,Y,4,N,Graduate or professional school,0.86,0.9604,0.6,0.1818,N,Tier 2 - Strong
L2025-10461,2025,4,3.86,Submitted,1330,Mid-Atlantic,Parochial,N,$150K - $249K,22600,School of Engineering,Biomedical Engineering,,4,School of Engineering,Biomedical Engineering,2.91,2.83,-0.08,Y,Y,Y,N,0,3,0,N,N,N,1,N,Seeking,0.532,0.3564,1.0,0.5455,N,Tier 3 - Solid
L2019-10462,2019,3,3.85,Test Optional,,Mid-Atlantic,Public,N,$250K and above,24000,College of Arts & Sciences,Chemistry,,3,College of Arts & Sciences,Chemistry,2.88,2.69,-0.19,Y,Y,Y,N,0,2,0,N,N,N,1,N,Graduate or professional school,0.476,0.2475,1.0,0.3636,N,Tier 4 - Struggled
L2020-10463,2020,2,3.21,Test Optional,,Mid-Atlantic,Private - Independent,N,$150K - $249K,30100,School of Business,Supply Chain Management,,3,School of Business,Supply Chain Management,3.16,3.33,0.17,Y,Y,Y,N,2,1,0,N,N,N,3,N,Seeking,0.732,0.604,1.0,0.1818,N,Tier 3 - Solid
L2021-10464,2021,2,3.09,Submitted,1170,International,Home School,N,$250K and above,13900,School of Nursing & Health,Public Health,,3,School of Nursing & Health,Public Health,2.88,3.02,0.14,Y,Y,Y,N,0,0,0,N,N,N,1,Y,Graduate or professional school,0.608,0.5743,1.0,0.0,N,Tier 3 - Solid
L2022-10465,2022,3,3.65,Test Optional,,Mid-Atlantic,Public,N,$250K and above,9800,School of Business,Management,,2,School of Business,Management,3.86,4.00,0.14,Y,Y,Y,N,2,1,0,N,N,Y,3,N,Graduate or professional school,1.0,0.5743,1.0,0.1818,Y,Tier 2 - Strong
L2023-10466,2023,4,3.86,Test Optional,,West,International School,N,$60K - $99K,10300,School of Engineering,Electrical Engineering,,4,School of Engineering,Electrical Engineering,3.39,3.60,0.21,Y,Y,Y,N,3,1,0,N,N,N,2,N,Employed full-time,0.84,0.6436,1.0,0.1818,Y,Tier 2 - Strong
L2024-10467,2024,3,3.47,Submitted,1240,Mid-Atlantic,Public,N,$150K - $249K,59500,College of Arts & Sciences,Biology,Wrestling,3,College of Arts & Sciences,Chemistry,3.06,3.11,0.05,N,N,N,N,0,1,2,N,N,N,0,Y,Employed full-time,0.644,0.4851,0.15,0.1818,N,Tier 4 - Struggled
L2025-10468,2025,3,3.37,Test Optional,,Mid-Atlantic,Public,N,$250K and above,16300,College of Arts & Sciences,Economics,,5,College of Arts & Sciences,Economics,3.60,3.87,0.27,Y,Y,Y,N,0,1,0,N,N,Y,2,N,Employed full-time,0.948,0.703,1.0,0.1818,Y,Tier 2 - Strong
L2019-10469,2019,3,3.63,Submitted,1320,Midwest,Public,N,$30K - $59K,56000,School of Engineering,Electrical Engineering,,4,School of Engineering,Electrical Engineering,3.14,3.37,0.23,Y,Y,Y,N,0,1,0,N,N,N,2,N,Employed full-time,0.748,0.6634,1.0,0.1818,N,Tier 2 - Strong
L2020-10470,2020,3,3.54,Submitted,1290,West,Public,Y,$100K - $149K,14400,College of Arts & Sciences,Chemistry,,3,College of Arts & Sciences,Chemistry,3.27,3.46,0.19,Y,Y,Y,N,1,3,0,N,Y,N,2,Y,Unknown,0.784,0.6238,1.0,0.8182,Y,Tier 1 - Thrived
L2021-10471,2021,3,3.69,Submitted,1310,Mid-Atlantic,Public,N,$100K - $149K,12200,School of Business,Business Analytics,,3,School of Business,Finance,3.06,3.23,0.17,Y,Y,Y,N,2,3,0,N,N,N,2,N,Seeking,0.692,0.604,1.0,0.5455,Y,Tier 2 - Strong
L2022-10472,2022,3,3.45,Submitted,1250,South,Public,N,Under $30K,2700,College of Fine Arts,Graphic Design,,3,College of Fine Arts,Graphic Design,2.84,3.09,0.25,Y,Y,Y,N,0,0,0,N,N,N,1,Y,Seeking,0.636,0.6832,1.0,0.0,N,Tier 3 - Solid
L2023-10473,2023,3,3.61,Submitted,1320,Midwest,Public,N,$100K - $149K,22200,College of Arts & Sciences,Undeclared,,3,College of Arts & Sciences,Undeclared,3.49,3.58,0.09,Y,Y,Y,N,3,1,0,N,N,N,2,N,Fellowship,0.832,0.5248,1.0,0.1818,N,Tier 2 - Strong
L2024-10474,2024,2,3.36,Test Optional,,Mid-Atlantic,Parochial,N,$150K - $249K,9000,School of Engineering,Civil Engineering,,2,School of Engineering,Civil Engineering,3.02,3.37,0.35,Y,Y,Y,N,2,3,0,N,N,N,0,N,Fellowship,0.748,0.7822,1.0,0.5455,Y,Tier 1 - Thrived
L2025-10475,2025,3,3.59,Submitted,1320,Mid-Atlantic,Public,N,$100K - $149K,43700,School of Business,Business Analytics,,4,School of Business,Business Analytics,3.33,3.48,0.15,Y,N,Y,N,0,2,0,N,N,N,2,Y,Graduate or professional school,0.792,0.5842,0.6,0.3636,N,Tier 3 - Solid
L2019-10476,2019,2,3.41,Submitted,1180,New England,Public,N,$100K - $149K,49300,College of Arts & Sciences,Psychology,,3,College of Arts & Sciences,Undeclared,3.14,3.22,0.08,Y,Y,Y,N,2,1,0,N,N,N,2,N,Graduate or professional school,0.688,0.5149,1.0,0.1818,N,Tier 3 - Solid
L2020-10477,2020,3,3.56,Submitted,1240,West,Public,N,$100K - $149K,49100,College of Arts & Sciences,Chemistry,,5,College of Arts & Sciences,History,2.80,2.59,-0.21,Y,Y,Y,N,1,0,0,N,N,N,0,N,Unknown,0.436,0.2277,1.0,0.0,N,Tier 4 - Struggled
L2021-10478,2021,3,3.82,Submitted,1320,International,Parochial,N,$60K - $99K,25800,College of Arts & Sciences,Communication,,4,College of Arts & Sciences,Communication,3.47,3.65,0.18,Y,Y,Y,N,3,2,0,N,N,Y,2,N,Employed full-time,0.86,0.6139,1.0,0.3636,Y,Tier 2 - Strong
L2022-10479,2022,4,3.88,Test Optional,,International,Public,Y,$100K - $149K,56200,School of Nursing & Health,Nursing (BSN),,2,School of Nursing & Health,Nursing (BSN),3.38,3.57,0.19,Y,Y,Y,N,0,3,0,N,Y,N,1,Y,Graduate or professional school,0.828,0.6238,1.0,0.8182,Y,Tier 1 - Thrived
L2023-10480,2023,4,3.87,Test Optional,,Mid-Atlantic,Public,N,Under $30K,40000,College of Fine Arts,Theatre,,5,College of Fine Arts,Theatre,3.27,3.46,0.19,Y,N,Y,N,1,2,0,N,Y,N,2,N,Employed full-time,0.784,0.6238,0.6,0.6364,N,Tier 2 - Strong
L2024-10481,2024,3,3.59,Submitted,1290,Mid-Atlantic,Parochial,Y,$100K - $149K,45700,College of Arts & Sciences,Mathematics,,5,College of Arts & Sciences,Mathematics,3.30,3.58,0.28,Y,Y,Y,N,1,0,0,N,Y,N,2,N,Employed full-time,0.832,0.7129,1.0,0.2727,Y,Tier 2 - Strong
L2025-10482,2025,4,4.11,Test Optional,,Mid-Atlantic,Public,N,$60K - $99K,47500,School of Nursing & Health,Exercise Science,,1,School of Nursing & Health,Exercise Science,3.21,3.46,0.25,Y,Y,Y,Y,3,1,0,N,N,N,1,Y,Employed full-time,0.784,0.6832,0.85,0.1818,N,Tier 3 - Solid
L2019-10483,2019,3,3.66,Submitted,1310,Mid-Atlantic,Public,N,$60K - $99K,40900,School of Business,Finance,,2,School of Business,Accounting,3.56,3.97,0.41,Y,Y,Y,N,1,1,0,N,N,Y,2,N,Employed full-time,0.988,0.8416,1.0,0.1818,Y,Tier 1 - Thrived
L2020-10484,2020,4,3.71,Submitted,1420,Mid-Atlantic,Public,N,$150K - $249K,55800,College of Arts & Sciences,Chemistry,,5,College of Arts & Sciences,Chemistry,3.00,2.99,-0.01,Y,Y,Y,N,3,1,0,N,N,N,1,N,Employed full-time,0.596,0.4257,1.0,0.1818,N,Tier 3 - Solid
L2021-10485,2021,4,3.90,Submitted,1420,International,International School,N,$30K - $59K,24800,College of Arts & Sciences,English,,3,College of Arts & Sciences,Economics,3.09,3.33,0.24,Y,Y,Y,N,0,0,0,N,N,N,2,Y,Seeking,0.732,0.6733,1.0,0.0,N,Tier 3 - Solid
L2022-10486,2022,2,3.34,Submitted,1230,South,Public,N,$60K - $99K,9300,School of Engineering,Biomedical Engineering,,3,School of Engineering,Biomedical Engineering,3.47,3.85,0.38,Y,N,Y,N,3,2,0,N,Y,N,2,Y,Employed full-time,0.94,0.8119,0.6,0.6364,Y,Tier 1 - Thrived
L2023-10487,2023,3,3.62,Test Optional,,South,Public,N,$150K - $249K,16000,College of Arts & Sciences,Undeclared,Baseball,2,College of Arts & Sciences,Undeclared,3.21,3.36,0.15,Y,Y,Y,N,0,2,1,N,N,N,2,Y,Employed full-time,0.744,0.5842,1.0,0.3636,Y,Tier 2 - Strong
L2024-10488,2024,3,3.58,Submitted,1230,West,Public,N,$100K - $149K,8900,College of Arts & Sciences,Economics,,4,College of Arts & Sciences,Economics,2.26,1.99,-0.27,Y,N,N,N,0,2,0,N,N,N,0,N,Employed full-time,0.196,0.1683,0.6,0.3636,N,Tier 4 - Struggled
L2025-10489,2025,2,3.10,Submitted,1100,New England,Public,N,$60K - $99K,16300,School of Engineering,Mechanical Engineering,,3,School of Engineering,Mechanical Engineering,3.56,3.51,-0.05,Y,Y,Y,Y,0,2,0,N,N,N,1,N,Employed full-time,0.804,0.3861,0.85,0.3636,N,Tier 3 - Solid
L2019-10490,2019,3,3.58,Submitted,1270,South,Public,Y,$150K - $249K,56100,College of Arts & Sciences,Communication,,2,College of Arts & Sciences,Communication,2.71,2.81,0.10,Y,N,Y,N,3,1,0,N,N,N,1,Y,Employed full-time,0.524,0.5347,0.6,0.1818,N,Tier 4 - Struggled
L2020-10491,2020,4,3.85,Test Optional,,South,Parochial,N,Under $30K,49500,College of Arts & Sciences,Biology,Swimming & Diving,1,College of Arts & Sciences,Mathematics,2.70,2.84,0.14,N,N,N,N,2,0,4,N,Y,N,4,N,Employed full-time,0.536,0.5743,0.15,0.2727,N,Tier 4 - Struggled
L2021-10492,2021,3,3.55,Test Optional,,Midwest,Charter,N,$60K - $99K,13500,College of Arts & Sciences,Political Science,,4,College of Arts & Sciences,Political Science,2.74,2.63,-0.11,N,N,N,N,3,1,0,N,N,N,0,N,Graduate or professional school,0.452,0.3267,0.15,0.1818,N,Tier 4 - Struggled
L2022-10493,2022,3,3.53,Submitted,1200,South,Public,N,$150K - $249K,44300,College of Arts & Sciences,History,,1,College of Arts & Sciences,English,3.30,3.31,0.01,Y,Y,Y,N,2,0,0,N,Y,N,1,N,Graduate or professional school,0.724,0.4455,1.0,0.2727,N,Tier 3 - Solid
L2023-10494,2023,4,3.84,Submitted,1330,International,Public,N,$150K - $249K,17600,School of Nursing & Health,Public Health,,3,School of Nursing & Health,Public Health,2.73,2.88,0.15,Y,Y,Y,N,2,0,0,N,N,N,2,N,Fellowship,0.552,0.5842,1.0,0.0,N,Tier 4 - Struggled
L2024-10495,2024,3,3.70,Submitted,1290,South,Public,N,$250K and above,50900,College of Fine Arts,Music Performance,,2,College of Fine Arts,Theatre,3.35,3.43,0.08,Y,Y,Y,N,1,3,0,N,N,N,2,Y,Employed full-time,0.772,0.5149,1.0,0.5455,Y,Tier 2 - Strong
L2025-10496,2025,3,3.67,Submitted,1400,International,Public,N,$100K - $149K,13800,College of Arts & Sciences,Neuroscience,,4,College of Arts & Sciences,Environmental Science,4.00,4.00,0.00,Y,Y,Y,N,3,2,0,N,Y,Y,3,N,Unknown,1.0,0.4356,1.0,0.6364,Y,Tier 1 - Thrived
L2019-10497,2019,3,3.48,Submitted,1320,West,Public,Y,$100K - $149K,39000,College of Arts & Sciences,Environmental Science,Rowing,2,College of Arts & Sciences,Environmental Science,3.21,3.34,0.13,N,N,N,N,2,2,1,N,N,N,2,Y,Employed full-time,0.736,0.5644,0.15,0.3636,N,Tier 4 - Struggled
L2020-10498,2020,3,3.59,Submitted,1250,New England,Parochial,N,$100K - $149K,16600,College of Arts & Sciences,Mathematics,,3,College of Arts & Sciences,Mathematics,2.92,2.85,-0.07,N,N,N,N,0,1,0,N,N,N,2,N,Employed full-time,0.54,0.3663,0.15,0.1818,N,Tier 4 - Struggled
L2021-10499,2021,2,3.29,Test Optional,,South,Private - Independent,N,$100K - $149K,23200,School of Business,Management,,2,School of Business,Management,1.78,1.50,-0.28,N,N,N,N,2,1,0,N,N,N,0,N,Graduate or professional school,0.0,0.1584,0.15,0.1818,N,Tier 4 - Struggled
L2022-10500,2022,3,3.62,Submitted,1350,Southwest,Public,N,$60K - $99K,21200,School of Nursing & Health,Exercise Science,,3,School of Nursing & Health,Exercise Science,2.69,2.65,-0.04,Y,Y,Y,N,1,1,0,N,Y,N,2,N,Employed full-time,0.46,0.396,1.0,0.4545,N,Tier 3 - Solid
L2023-10501,2023,4,3.73,Test Optional,,Mid-Atlantic,Private - Independent,N,Under $30K,23300,School of Nursing & Health,Public Health,,5,School of Nursing & Health,Public Health,3.60,3.72,0.12,Y,Y,Y,N,0,3,0,N,N,Y,1,Y,Graduate or professional school,0.888,0.5545,1.0,0.5455,Y,Tier 1 - Thrived
L2024-10502,2024,2,3.41,Submitted,1240,Mid-Atlantic,Private - Independent,Y,$60K - $99K,26100,School of Engineering,Mechanical Engineering,,4,School of Engineering,Chemical Engineering,3.05,3.15,0.10,Y,Y,Y,Y,3,0,0,N,N,N,0,Y,Graduate or professional school,0.66,0.5347,0.85,0.0,N,Tier 4 - Struggled
L2025-10503,2025,4,3.83,Test Optional,,Midwest,Private - Independent,Y,Under $30K,5300,College of Arts & Sciences,Communication,,1,College of Arts & Sciences,Biology,3.01,3.27,0.26,Y,Y,Y,N,0,0,0,N,N,N,1,N,Graduate or professional school,0.708,0.6931,1.0,0.0,N,Tier 3 - Solid
L2019-10504,2019,3,3.62,Test Optional,,New England,Private - Independent,N,$30K - $59K,33700,School of Nursing & Health,Health Administration,,2,School of Nursing & Health,Exercise Science,3.44,3.65,0.21,Y,Y,Y,N,3,1,0,N,N,Y,1,N,Graduate or professional school,0.86,0.6436,1.0,0.1818,Y,Tier 2 - Strong
L2020-10505,2020,2,3.08,Test Optional,,Mid-Atlantic,Public,N,$150K - $249K,9600,College of Arts & Sciences,Sociology,Softball,3,College of Arts & Sciences,Sociology,3.05,3.10,0.05,Y,Y,Y,Y,3,1,1,N,N,N,1,N,Employed full-time,0.64,0.4851,0.85,0.1818,N,Tier 3 - Solid
L2021-10506,2021,4,3.86,Submitted,1390,International,Home School,N,$100K - $149K,52800,College of Arts & Sciences,English,,3,College of Arts & Sciences,Chemistry,2.88,2.97,0.09,Y,Y,Y,Y,0,0,0,N,N,N,0,Y,Seeking,0.588,0.5248,0.85,0.0,N,Tier 4 - Struggled
L2022-10507,2022,5,4.30,Test Optional,,Mid-Atlantic,Private - Independent,N,$150K - $249K,10400,School of Business,Business Analytics,,4,School of Business,Business Analytics,3.59,3.92,0.33,Y,Y,Y,N,2,1,0,N,Y,N,3,N,Employed full-time,0.968,0.7624,1.0,0.4545,Y,Tier 1 - Thrived
L2023-10508,2023,3,3.64,Submitted,1310,West,Public,N,$60K - $99K,44000,School of Business,Management,,2,School of Business,Management,2.70,2.86,0.16,Y,N,Y,N,1,0,0,N,Y,N,2,N,Graduate or professional school,0.544,0.5941,0.6,0.2727,N,Tier 4 - Struggled
L2024-10509,2024,5,4.30,Submitted,1550,Mid-Atlantic,Private - Independent,N,$100K - $149K,47700,School of Engineering,Electrical Engineering,,3,School of Engineering,Computer Science,3.37,3.45,0.08,Y,N,Y,N,3,2,0,N,N,N,2,Y,Employed full-time,0.78,0.5149,0.6,0.3636,N,Tier 3 - Solid
L2025-10510,2025,4,3.71,Submitted,1420,International,International School,N,$100K - $149K,27900,School of Business,Management,,2,School of Business,Management,2.74,2.71,-0.03,Y,Y,Y,N,0,3,0,N,N,N,2,N,Seeking,0.484,0.4059,1.0,0.5455,N,Tier 3 - Solid
L2019-10511,2019,4,4.02,Test Optional,,South,Home School,N,$60K - $99K,6600,College of Fine Arts,Graphic Design,,3,College of Fine Arts,Graphic Design,4.00,4.00,0.00,Y,Y,Y,N,0,0,0,N,Y,Y,2,Y,Employed full-time,1.0,0.4356,1.0,0.2727,Y,Tier 2 - Strong
L2020-10512,2020,2,3.18,Submitted,1190,Mid-Atlantic,Charter,N,Not Reported,52900,College of Arts & Sciences,Neuroscience,,4,College of Arts & Sciences,Neuroscience,2.71,2.72,0.01,Y,Y,Y,Y,0,2,0,N,N,N,1,N,Employed full-time,0.488,0.4455,0.85,0.3636,N,Tier 3 - Solid
L2021-10513,2021,2,3.23,Submitted,1100,West,Public,N,$100K - $149K,53800,College of Arts & Sciences,Biology,,1,College of Arts & Sciences,Biology,3.37,3.51,0.14,Y,Y,Y,N,2,0,0,N,N,N,1,Y,Graduate or professional school,0.804,0.5743,1.0,0.0,N,Tier 3 - Solid
L2022-10514,2022,3,3.60,Submitted,1290,International,Public,Y,$60K - $99K,10500,College of Arts & Sciences,Undeclared,,4,College of Arts & Sciences,Undeclared,3.29,3.67,0.38,Y,Y,Y,N,3,1,0,N,N,Y,0,Y,Graduate or professional school,0.868,0.8119,1.0,0.1818,Y,Tier 1 - Thrived
L2023-10515,2023,3,3.53,Test Optional,,New England,Public,Y,$250K and above,23300,School of Business,Supply Chain Management,,5,School of Business,Supply Chain Management,2.51,2.43,-0.08,Y,N,N,N,0,1,0,N,N,N,2,N,Employed full-time,0.372,0.3564,0.6,0.1818,N,Tier 4 - Struggled
L2024-10516,2024,2,3.55,Submitted,1260,Southwest,Parochial,N,$100K - $149K,34200,College of Arts & Sciences,Undeclared,,5,College of Arts & Sciences,Undeclared,2.98,3.32,0.34,Y,Y,Y,N,0,0,0,N,N,N,2,N,Seeking,0.728,0.7723,1.0,0.0,N,Tier 3 - Solid
L2025-10517,2025,4,3.89,Test Optional,,International,Public,Y,Under $30K,40800,School of Nursing & Health,Health Administration,,2,School of Nursing & Health,Health Administration,2.80,2.77,-0.03,Y,Y,Y,N,0,2,0,N,Y,N,2,N,Employed full-time,0.508,0.4059,1.0,0.6364,N,Tier 2 - Strong
L2019-10518,2019,3,3.54,Test Optional,,Mid-Atlantic,Charter,Y,$150K - $249K,20700,College of Fine Arts,Graphic Design,,3,College of Fine Arts,Graphic Design,3.25,3.15,-0.10,Y,Y,Y,N,0,2,0,N,Y,N,2,Y,Graduate or professional school,0.66,0.3366,1.0,0.6364,N,Tier 2 - Strong
L2020-10519,2020,2,3.30,Test Optional,,Mid-Atlantic,Public,N,$100K - $149K,52400,College of Arts & Sciences,Sociology,,2,College of Arts & Sciences,Sociology,2.81,2.87,0.06,Y,Y,Y,N,0,0,0,N,N,N,2,N,Employed full-time,0.548,0.495,1.0,0.0,N,Tier 4 - Struggled
L2021-10520,2021,4,4.04,Submitted,1360,New England,Public,N,$60K - $99K,23300,College of Fine Arts,Music Performance,,3,College of Fine Arts,Studio Art,3.32,3.35,0.03,Y,Y,Y,N,0,2,0,N,N,N,1,N,Graduate or professional school,0.74,0.4653,1.0,0.3636,N,Tier 2 - Strong
L2022-10521,2022,5,4.03,Submitted,1450,Mid-Atlantic,Charter,N,Not Reported,29700,School of Nursing & Health,Exercise Science,,3,School of Nursing & Health,Exercise Science,3.37,3.50,0.13,Y,Y,Y,N,1,2,0,N,Y,N,3,N,Employed full-time,0.8,0.5644,1.0,0.6364,Y,Tier 1 - Thrived
L2023-10522,2023,3,3.72,Test Optional,,International,Charter,N,$150K - $249K,61200,College of Arts & Sciences,Undeclared,,3,College of Arts & Sciences,Undeclared,3.17,3.74,0.57,N,N,N,N,2,1,0,N,N,Y,3,N,Graduate or professional school,0.896,1.0,0.15,0.1818,N,Tier 3 - Solid
L2024-10523,2024,3,3.55,Submitted,1310,International,Public,Y,$100K - $149K,4500,College of Arts & Sciences,Neuroscience,,2,College of Arts & Sciences,Neuroscience,3.60,3.55,-0.05,Y,Y,Y,N,0,1,0,N,N,N,2,N,Employed full-time,0.82,0.3861,1.0,0.1818,N,Tier 3 - Solid
L2025-10524,2025,4,3.98,Submitted,1470,International,Charter,N,$30K - $59K,40700,College of Fine Arts,Graphic Design,,5,College of Fine Arts,Graphic Design,3.17,3.36,0.19,Y,Y,Y,N,0,1,0,N,N,N,2,Y,Unknown,0.744,0.6238,1.0,0.1818,N,Tier 2 - Strong
L2019-10525,2019,3,3.67,Submitted,1280,West,Public,N,$30K - $59K,27200,School of Nursing & Health,Health Administration,,4,School of Nursing & Health,Health Administration,2.91,3.24,0.33,N,N,N,N,0,2,0,N,N,N,1,N,Graduate or professional school,0.696,0.7624,0.15,0.3636,N,Tier 4 - Struggled
L2020-10526,2020,3,3.58,Test Optional,,International,Home School,N,$60K - $99K,31800,College of Arts & Sciences,Psychology,,3,College of Arts & Sciences,Psychology,2.50,2.64,0.14,Y,Y,Y,N,0,2,0,N,N,N,1,N,Employed full-time,0.456,0.5743,1.0,0.3636,N,Tier 3 - Solid
L2021-10527,2021,3,3.52,Submitted,1280,Mid-Atlantic,Public,N,$100K - $149K,13600,School of Engineering,Biomedical Engineering,,1,School of Engineering,Biomedical Engineering,2.44,2.37,-0.07,Y,N,N,N,3,2,0,N,N,N,2,Y,Employed full-time,0.348,0.3663,0.6,0.3636,N,Tier 4 - Struggled
L2022-10528,2022,4,3.98,Submitted,1400,Mid-Atlantic,Private - Independent,Y,$60K - $99K,49700,College of Arts & Sciences,Psychology,,3,College of Arts & Sciences,Political Science,2.92,3.12,0.20,Y,Y,Y,N,3,2,0,N,N,N,1,N,Graduate or professional school,0.648,0.6337,1.0,0.3636,N,Tier 2 - Strong
L2023-10529,2023,2,3.32,Submitted,1080,New England,Public,N,$30K - $59K,36100,College of Fine Arts,Theatre,,1,College of Fine Arts,Theatre,2.99,3.00,0.01,Y,Y,Y,N,2,0,0,N,Y,N,1,N,Employed full-time,0.6,0.4455,1.0,0.2727,N,Tier 3 - Solid
L2024-10530,2024,4,3.93,Test Optional,,Mid-Atlantic,Public,N,$100K - $149K,51800,College of Arts & Sciences,Sociology,,3,College of Arts & Sciences,Sociology,2.88,2.86,-0.02,Y,N,N,Y,1,1,0,N,N,N,2,N,Graduate or professional school,0.544,0.4158,0.45,0.1818,N,Tier 4 - Struggled
L2025-10531,2025,3,3.68,Submitted,1340,Mid-Atlantic,Public,N,$250K and above,21600,School of Business,Finance,,4,School of Business,Finance,3.02,3.36,0.34,Y,Y,Y,N,3,2,0,N,N,N,0,N,Seeking,0.744,0.7723,1.0,0.3636,Y,Tier 1 - Thrived
L2019-10532,2019,3,3.75,Test Optional,,New England,Public,N,$100K - $149K,15700,School of Nursing & Health,Exercise Science,,5,School of Nursing & Health,Exercise Science,2.87,3.04,0.17,Y,N,Y,N,1,0,0,N,Y,N,3,N,Graduate or professional school,0.616,0.604,0.6,0.2727,N,Tier 4 - Struggled
L2020-10533,2020,3,3.57,Test Optional,,Mid-Atlantic,Public,N,$250K and above,50500,School of Nursing & Health,Public Health,,5,School of Nursing & Health,Public Health,3.74,3.91,0.17,Y,N,Y,N,0,1,0,N,N,Y,2,N,Unknown,0.964,0.604,0.6,0.1818,N,Tier 3 - Solid
L2021-10534,2021,3,3.62,Submitted,1300,International,Public,N,$60K - $99K,42700,College of Arts & Sciences,Neuroscience,,4,College of Arts & Sciences,Sociology,2.66,2.85,0.19,Y,Y,Y,N,2,0,0,N,N,N,2,N,Fellowship,0.54,0.6238,1.0,0.0,N,Tier 3 - Solid
L2022-10535,2022,4,3.82,Submitted,1370,South,Public,N,$30K - $59K,1800,School of Nursing & Health,Exercise Science,,2,School of Nursing & Health,Exercise Science,3.43,3.78,0.35,Y,Y,Y,N,0,4,0,N,Y,Y,1,Y,Graduate or professional school,0.912,0.7822,1.0,1.0,Y,Tier 1 - Thrived
L2023-10536,2023,4,3.78,Test Optional,,Mid-Atlantic,Public,Y,Under $30K,52300,School of Nursing & Health,Nursing (BSN),,5,School of Nursing & Health,Health Administration,3.37,3.75,0.38,Y,Y,Y,N,2,2,0,N,Y,Y,1,N,Graduate or professional school,0.9,0.8119,1.0,0.6364,Y,Tier 1 - Thrived
L2024-10537,2024,4,3.85,Submitted,1390,West,Private - Independent,N,$100K - $149K,9300,College of Arts & Sciences,History,,2,College of Arts & Sciences,History,2.88,2.81,-0.07,Y,N,Y,N,2,2,0,N,N,N,0,N,Employed full-time,0.524,0.3663,0.6,0.3636,N,Tier 4 - Struggled
L2025-10538,2025,4,3.78,Test Optional,,Mid-Atlantic,Public,N,Under $30K,1900,College of Arts & Sciences,Communication,Volleyball,3,College of Arts & Sciences,Communication,3.51,3.87,0.36,Y,N,Y,N,0,0,3,Y,N,Y,1,N,Employed full-time,0.948,0.7921,0.6,0.2727,N,Tier 2 - Strong
L2019-10539,2019,3,3.34,Test Optional,,Southwest,Public,Y,$60K - $99K,9400,College of Arts & Sciences,Chemistry,,4,College of Arts & Sciences,Chemistry,2.97,2.81,-0.16,Y,Y,Y,Y,0,1,0,N,N,N,0,N,Employed full-time,0.524,0.2772,0.85,0.1818,N,Tier 4 - Struggled
L2020-10540,2020,4,3.84,Submitted,1340,Southwest,Public,Y,$150K - $249K,51300,School of Nursing & Health,Nursing (BSN),,2,School of Nursing & Health,Nursing (BSN),2.64,2.71,0.07,Y,Y,Y,N,0,3,0,N,N,N,2,N,Graduate or professional school,0.484,0.505,1.0,0.5455,N,Tier 2 - Strong
L2021-10541,2021,2,3.34,Test Optional,,Mid-Atlantic,Parochial,Y,$60K - $99K,6600,College of Arts & Sciences,Biology,,5,College of Arts & Sciences,Biology,3.00,3.26,0.26,Y,Y,Y,Y,0,1,0,N,N,N,3,Y,Graduate or professional school,0.704,0.6931,0.85,0.1818,N,Tier 3 - Solid
L2022-10542,2022,2,3.43,Test Optional,,New England,Charter,N,$150K - $249K,57800,College of Arts & Sciences,Environmental Science,,3,College of Arts & Sciences,Environmental Science,2.84,3.01,0.17,Y,Y,Y,N,1,1,0,N,N,N,1,N,Employed full-time,0.604,0.604,1.0,0.1818,N,Tier 3 - Solid
L2023-10543,2023,3,3.52,Test Optional,,New England,Public,N,$30K - $59K,15200,College of Arts & Sciences,Chemistry,,3,College of Arts & Sciences,Chemistry,3.17,3.28,0.11,Y,Y,Y,N,0,2,0,N,N,N,2,Y,Graduate or professional school,0.712,0.5446,1.0,0.3636,N,Tier 2 - Strong
L2024-10544,2024,3,3.66,Test Optional,,Midwest,Public,N,$100K - $149K,54100,School of Business,Marketing,,3,School of Business,Marketing,2.93,3.02,0.09,Y,Y,Y,Y,0,1,0,N,N,N,0,Y,Employed full-time,0.608,0.5248,0.85,0.1818,N,Tier 3 - Solid
L2025-10545,2025,3,3.52,Submitted,1270,South,Public,N,$150K - $249K,6400,College of Arts & Sciences,Economics,,4,College of Arts & Sciences,Economics,2.46,2.69,0.23,Y,Y,Y,N,1,0,0,N,N,N,2,N,Employed full-time,0.476,0.6634,1.0,0.0,N,Tier 3 - Solid
L2019-10546,2019,4,3.73,Test Optional,,International,Public,Y,$30K - $59K,18200,College of Arts & Sciences,Communication,,4,College of Arts & Sciences,Communication,3.11,3.54,0.43,Y,Y,Y,N,0,2,0,N,Y,N,1,N,Seeking,0.816,0.8614,1.0,0.6364,Y,Tier 1 - Thrived
L2020-10547,2020,4,3.94,Submitted,1390,Mid-Atlantic,Public,N,$150K - $249K,18700,College of Arts & Sciences,Psychology,,3,College of Arts & Sciences,Psychology,3.24,3.27,0.03,Y,Y,Y,N,3,0,0,N,N,N,1,Y,Employed full-time,0.708,0.4653,1.0,0.0,N,Tier 3 - Solid
L2021-10548,2021,3,3.59,Submitted,1180,Mid-Atlantic,Public,Y,$60K - $99K,12800,College of Fine Arts,Studio Art,,3,College of Fine Arts,Studio Art,3.49,3.95,0.46,Y,Y,Y,N,0,1,0,N,Y,Y,2,N,Employed full-time,0.98,0.8911,1.0,0.4545,Y,Tier 1 - Thrived
L2022-10549,2022,4,3.71,Submitted,1340,South,Public,N,$250K and above,9000,School of Nursing & Health,Exercise Science,,1,School of Nursing & Health,Exercise Science,2.83,2.72,-0.11,Y,Y,Y,N,0,2,0,N,N,N,1,N,Employed full-time,0.488,0.3267,1.0,0.3636,N,Tier 3 - Solid
L2023-10550,2023,3,3.55,Test Optional,,Mid-Atlantic,International School,N,$60K - $99K,13300,School of Engineering,Biomedical Engineering,,5,School of Engineering,Biomedical Engineering,3.58,3.50,-0.08,Y,Y,Y,N,0,4,0,N,Y,N,3,N,Employed full-time,0.8,0.3564,1.0,1.0,Y,Tier 1 - Thrived
L2024-10551,2024,4,3.81,Test Optional,,International,Parochial,Y,$60K - $99K,13300,College of Arts & Sciences,Political Science,,4,College of Arts & Sciences,Political Science,2.89,3.28,0.39,Y,Y,Y,N,0,1,0,N,N,N,2,N,Graduate or professional school,0.712,0.8218,1.0,0.1818,Y,Tier 2 - Strong
L2025-10552,2025,2,3.32,Test Optional,,Mid-Atlantic,Charter,Y,Under $30K,3400,College of Arts & Sciences,Biology,,2,College of Arts & Sciences,Biology,2.81,3.06,0.25,Y,Y,Y,N,1,0,0,N,N,N,3,N,Graduate or professional school,0.624,0.6832,1.0,0.0,N,Tier 3 - Solid
L2019-10553,2019,4,3.96,Submitted,1410,South,Public,N,$100K - $149K,49800,School of Business,Finance,Men's Soccer,3,School of Business,Management,4.00,4.00,0.00,Y,Y,Y,N,1,2,4,N,Y,Y,4,N,Seeking,1.0,0.4356,1.0,0.6364,Y,Tier 1 - Thrived
L2020-10554,2020,4,3.83,Submitted,1370,Midwest,Public,Y,$100K - $149K,17300,College of Arts & Sciences,Political Science,,4,College of Arts & Sciences,Political Science,3.31,3.73,0.42,Y,Y,Y,N,0,3,0,N,Y,Y,1,N,Employed full-time,0.892,0.8515,1.0,0.8182,Y,Tier 1 - Thrived
L2021-10555,2021,4,4.00,Test Optional,,Mid-Atlantic,Public,N,Not Reported,45900,College of Arts & Sciences,Chemistry,Rowing,3,College of Arts & Sciences,Chemistry,3.02,3.13,0.11,Y,Y,Y,N,0,1,1,N,N,N,1,N,Fellowship,0.652,0.5446,1.0,0.1818,N,Tier 3 - Solid
L2022-10556,2022,4,3.82,Submitted,1270,West,Public,Y,$30K - $59K,48300,School of Engineering,Computer Science,,3,School of Engineering,Computer Science,3.32,3.35,0.03,Y,Y,Y,Y,0,2,0,N,N,N,2,N,Seeking,0.74,0.4653,0.85,0.3636,N,Tier 3 - Solid
L2023-10557,2023,3,3.67,Submitted,1270,West,Public,N,$150K - $249K,59700,School of Business,Marketing,,1,School of Business,Marketing,3.04,3.16,0.12,Y,Y,Y,N,0,2,0,N,Y,N,1,N,Employed full-time,0.664,0.5545,1.0,0.6364,Y,Tier 2 - Strong
L2024-10558,2024,4,4.08,Test Optional,,South,Public,N,$150K - $249K,30300,School of Nursing & Health,Public Health,Golf,2,School of Nursing & Health,Public Health,3.23,3.58,0.35,Y,Y,Y,N,0,1,4,N,Y,N,2,N,Employed full-time,0.832,0.7822,1.0,0.4545,Y,Tier 1 - Thrived
L2025-10559,2025,4,3.68,Test Optional,,Mid-Atlantic,Charter,N,Under $30K,32000,School of Business,Accounting,,3,School of Business,Accounting,3.16,2.92,-0.24,Y,Y,Y,N,0,2,0,N,N,N,1,N,Employed full-time,0.568,0.198,1.0,0.3636,N,Tier 4 - Struggled
L2019-10560,2019,5,4.03,Test Optional,,New England,Public,Y,$150K - $249K,13100,School of Engineering,Computer Science,,2,School of Engineering,Computer Science,3.86,4.00,0.14,Y,Y,Y,N,0,2,0,N,N,N,3,N,Employed full-time,1.0,0.5743,1.0,0.3636,Y,Tier 1 - Thrived
L2020-10561,2020,3,3.51,Submitted,1210,West,Public,N,$60K - $99K,33500,School of Nursing & Health,Nursing (BSN),,3,School of Nursing & Health,Nursing (BSN),3.29,3.62,0.33,Y,Y,Y,N,2,3,0,N,N,N,3,N,Employed full-time,0.848,0.7624,1.0,0.5455,Y,Tier 1 - Thrived
L2021-10562,2021,3,3.40,Test Optional,,International,Parochial,N,$150K - $249K,8900,College of Arts & Sciences,Communication,,2,College of Arts & Sciences,Communication,2.55,2.67,0.12,Y,Y,Y,N,3,1,0,N,N,N,1,N,Graduate or professional school,0.468,0.5545,1.0,0.1818,N,Tier 3 - Solid
L2022-10563,2022,3,3.65,Test Optional,,West,Public,N,Not Reported,47500,School of Engineering,Chemical Engineering,,3,School of Engineering,Biomedical Engineering,2.76,3.03,0.27,Y,N,Y,N,0,1,0,N,N,N,1,Y,Employed full-time,0.612,0.703,0.6,0.1818,N,Tier 4 - Struggled
L2023-10564,2023,2,3.32,Submitted,1200,West,Home School,N,$150K - $249K,27500,School of Business,Marketing,,3,School of Business,Marketing,2.23,2.05,-0.18,Y,Y,Y,N,3,0,0,N,N,N,0,N,Employed full-time,0.22,0.2574,1.0,0.0,N,Tier 4 - Struggled
L2024-10565,2024,5,4.30,Submitted,1510,South,Public,N,$30K - $59K,25300,College of Arts & Sciences,Economics,,4,College of Arts & Sciences,Psychology,3.31,3.41,0.10,Y,Y,Y,N,0,2,0,N,N,N,3,N,Graduate or professional school,0.764,0.5347,1.0,0.3636,Y,Tier 2 - Strong
L2025-10566,2025,3,3.66,Submitted,1350,Midwest,Public,N,Under $30K,4000,College of Arts & Sciences,Communication,,2,College of Arts & Sciences,Communication,3.19,3.63,0.44,Y,Y,Y,N,0,2,0,N,Y,N,1,N,Employed full-time,0.852,0.8713,1.0,0.6364,Y,Tier 1 - Thrived
L2019-10567,2019,3,3.69,Submitted,1290,Mid-Atlantic,Parochial,N,$150K - $249K,55700,School of Nursing & Health,Nursing (BSN),,4,School of Nursing & Health,Nursing (BSN),3.52,3.82,0.30,Y,Y,Y,N,2,2,0,N,N,Y,2,N,Employed full-time,0.928,0.7327,1.0,0.3636,Y,Tier 1 - Thrived
L2020-10568,2020,2,3.35,Test Optional,,West,Charter,N,Under $30K,56700,School of Business,Marketing,,3,School of Business,Marketing,2.54,2.27,-0.27,Y,Y,Y,N,2,0,0,N,N,N,0,Y,Seeking,0.308,0.1683,1.0,0.0,N,Tier 4 - Struggled
L2021-10569,2021,2,3.41,Submitted,1200,New England,Private - Independent,N,$30K - $59K,12200,College of Arts & Sciences,Environmental Science,,3,College of Arts & Sciences,Chemistry,2.74,2.76,0.02,Y,Y,Y,N,0,0,0,N,N,N,1,Y,Graduate or professional school,0.504,0.4554,1.0,0.0,N,Tier 4 - Struggled
L2022-10570,2022,4,3.90,Test Optional,,New England,Public,Y,$100K - $149K,57700,College of Arts & Sciences,Communication,,2,College of Arts & Sciences,Communication,3.06,3.25,0.19,Y,Y,Y,N,0,1,0,N,N,N,3,N,Employed full-time,0.7,0.6238,1.0,0.1818,N,Tier 3 - Solid
L2023-10571,2023,3,3.83,Test Optional,,Midwest,Public,N,$150K - $249K,21000,College of Arts & Sciences,Biology,,2,College of Arts & Sciences,Biology,3.60,4.00,0.40,Y,Y,Y,N,2,4,0,N,Y,N,3,N,Employed full-time,1.0,0.8317,1.0,1.0,Y,Tier 1 - Thrived
L2024-10572,2024,4,3.97,Test Optional,,Mid-Atlantic,Public,N,Under $30K,52700,College of Arts & Sciences,Chemistry,,4,College of Arts & Sciences,Chemistry,3.50,4.00,0.50,Y,N,Y,N,0,2,0,N,N,Y,2,N,Employed full-time,1.0,0.9307,0.6,0.3636,Y,Tier 1 - Thrived
L2025-10573,2025,3,3.58,Submitted,1250,Mid-Atlantic,Public,N,$150K - $249K,39500,College of Arts & Sciences,Biology,,2,College of Arts & Sciences,Biology,3.06,3.33,0.27,Y,Y,Y,N,2,0,0,N,N,N,1,Y,Employed full-time,0.732,0.703,1.0,0.0,N,Tier 3 - Solid
L2019-10574,2019,4,3.92,Submitted,1390,South,Public,N,$150K - $249K,24700,College of Arts & Sciences,Undeclared,,3,College of Arts & Sciences,Chemistry,3.10,3.00,-0.10,Y,Y,Y,N,2,1,0,N,N,N,1,Y,Fellowship,0.6,0.3366,1.0,0.1818,N,Tier 4 - Struggled
L2020-10575,2020,2,3.46,Submitted,1200,West,International School,N,$60K - $99K,37700,College of Arts & Sciences,Neuroscience,Rowing,2,College of Arts & Sciences,Neuroscience,2.62,2.82,0.20,Y,Y,Y,N,0,0,4,N,Y,N,1,N,Seeking,0.528,0.6337,1.0,0.2727,N,Tier 3 - Solid
L2021-10576,2021,3,3.84,Submitted,1350,Midwest,Public,N,$30K - $59K,37900,School of Business,Management,,2,School of Business,Management,2.82,3.20,0.38,Y,Y,Y,N,0,1,0,N,Y,N,2,N,Graduate or professional school,0.68,0.8119,1.0,0.4545,Y,Tier 1 - Thrived
L2022-10577,2022,2,3.40,Test Optional,,South,Public,Y,$30K - $59K,61500,School of Nursing & Health,Health Administration,,5,School of Nursing & Health,Exercise Science,2.66,2.98,0.32,Y,Y,Y,N,0,3,0,N,N,N,2,N,Employed full-time,0.592,0.7525,1.0,0.5455,Y,Tier 1 - Thrived
L2023-10578,2023,3,3.65,Submitted,1340,Midwest,Public,N,$60K - $99K,5900,School of Nursing & Health,Nursing (BSN),,3,School of Nursing & Health,Nursing (BSN),3.34,3.65,0.31,Y,Y,Y,N,3,1,0,N,Y,Y,3,N,Employed full-time,0.86,0.7426,1.0,0.4545,Y,Tier 1 - Thrived
L2024-10579,2024,2,3.38,Submitted,1230,Mid-Atlantic,Public,N,$30K - $59K,12100,School of Engineering,Civil Engineering,,3,School of Engineering,Civil Engineering,2.93,3.15,0.22,N,N,N,N,2,0,0,N,N,N,0,N,Graduate or professional school,0.66,0.6535,0.15,0.0,N,Tier 4 - Struggled
L2025-10580,2025,2,3.45,Test Optional,,Mid-Atlantic,Private - Independent,N,Not Reported,34100,School of Engineering,Electrical Engineering,,4,School of Engineering,Electrical Engineering,2.04,1.97,-0.07,Y,N,Y,N,0,2,0,N,N,N,1,N,Employed full-time,0.188,0.3663,0.6,0.3636,N,Tier 4 - Struggled
L2019-10581,2019,4,3.83,Submitted,1360,Mid-Atlantic,Charter,N,$60K - $99K,43600,College of Arts & Sciences,Mathematics,,4,College of Arts & Sciences,Mathematics,2.76,2.83,0.07,Y,Y,Y,N,0,0,0,N,N,N,1,N,Employed full-time,0.532,0.505,1.0,0.0,N,Tier 4 - Struggled
L2020-10582,2020,2,3.47,Submitted,1230,South,Public,N,Under $30K,800,School of Engineering,Computer Science,,5,School of Engineering,Chemical Engineering,2.66,2.60,-0.06,Y,Y,Y,N,0,0,0,N,N,N,1,N,Graduate or professional school,0.44,0.3762,1.0,0.0,N,Tier 4 - Struggled
L2021-10583,2021,4,3.96,Test Optional,,South,Parochial,N,$60K - $99K,2800,School of Business,Business Analytics,,5,School of Business,Business Analytics,3.25,3.49,0.24,Y,Y,Y,N,0,1,0,N,N,N,2,N,Employed full-time,0.796,0.6733,1.0,0.1818,N,Tier 2 - Strong
L2022-10584,2022,3,3.75,Submitted,1320,West,Private - Independent,N,Under $30K,28700,School of Business,Business Analytics,,2,School of Business,Accounting,3.38,3.61,0.23,Y,Y,Y,N,0,2,0,N,N,N,0,N,Employed full-time,0.844,0.6634,1.0,0.3636,Y,Tier 1 - Thrived
L2023-10585,2023,4,3.84,Test Optional,,Midwest,Public,N,$150K - $249K,24500,College of Fine Arts,Studio Art,,4,College of Fine Arts,Music Performance,2.83,2.89,0.06,N,N,N,N,1,0,0,N,N,N,1,N,Employed full-time,0.556,0.495,0.15,0.0,N,Tier 4 - Struggled
L2024-10586,2024,5,4.05,Submitted,1520,Mid-Atlantic,Public,N,Under $30K,22200,College of Arts & Sciences,Sociology,,5,College of Arts & Sciences,Sociology,3.22,3.58,0.36,Y,Y,Y,N,3,1,0,N,N,N,2,N,Employed full-time,0.832,0.7921,1.0,0.1818,Y,Tier 2 - Strong
L2025-10587,2025,2,3.34,Submitted,1140,Mid-Atlantic,Charter,N,$60K - $99K,6700,School of Business,Business Analytics,,2,School of Business,Business Analytics,2.84,2.76,-0.08,Y,Y,Y,N,0,1,0,N,N,N,2,Y,Graduate or professional school,0.504,0.3564,1.0,0.1818,N,Tier 4 - Struggled
L2019-10588,2019,3,3.67,Submitted,1250,New England,Public,N,$30K - $59K,6400,School of Engineering,Electrical Engineering,,2,School of Engineering,Electrical Engineering,3.26,3.80,0.54,Y,Y,Y,N,0,1,0,N,N,Y,1,N,Fellowship,0.92,0.9703,1.0,0.1818,Y,Tier 1 - Thrived
L2020-10589,2020,4,3.92,Submitted,1290,West,Parochial,N,$30K - $59K,9900,School of Engineering,Biomedical Engineering,Men's Lacrosse,3,School of Engineering,Biomedical Engineering,3.30,3.45,0.15,Y,Y,Y,N,3,0,1,N,Y,N,0,N,Seeking,0.78,0.5842,1.0,0.2727,N,Tier 2 - Strong
L2021-10590,2021,2,3.49,Test Optional,,West,Public,N,$250K and above,30200,College of Arts & Sciences,Undeclared,,3,College of Arts & Sciences,Undeclared,2.73,2.84,0.11,N,N,N,N,0,2,0,N,N,N,1,Y,Employed full-time,0.536,0.5446,0.15,0.3636,N,Tier 4 - Struggled
L2022-10591,2022,4,4.02,Submitted,1410,Mid-Atlantic,Private - Independent,N,$100K - $149K,45700,College of Arts & Sciences,Neuroscience,,3,College of Arts & Sciences,Neuroscience,2.78,2.78,0.00,N,N,N,N,0,2,0,N,N,N,2,Y,Employed full-time,0.512,0.4356,0.15,0.3636,N,Tier 4 - Struggled
L2023-10592,2023,4,3.66,Submitted,1400,West,Public,N,$250K and above,31000,School of Engineering,Chemical Engineering,,4,School of Engineering,Chemical Engineering,3.52,3.69,0.17,Y,Y,Y,N,0,1,0,N,N,N,2,Y,Graduate or professional school,0.876,0.604,1.0,0.1818,Y,Tier 2 - Strong
L2024-10593,2024,4,3.92,Test Optional,,Mid-Atlantic,Private - Independent,Y,$30K - $59K,25200,School of Engineering,Biomedical Engineering,,3,School of Engineering,Biomedical Engineering,2.49,2.64,0.15,Y,Y,Y,N,2,0,0,N,N,N,0,Y,Graduate or professional school,0.456,0.5842,1.0,0.0,N,Tier 4 - Struggled
L2025-10594,2025,4,3.82,Test Optional,,Mid-Atlantic,Public,N,$100K - $149K,200,College of Arts & Sciences,Political Science,,3,College of Arts & Sciences,Political Science,3.54,3.66,0.12,Y,Y,Y,N,0,2,0,N,N,N,3,N,Employed full-time,0.864,0.5545,1.0,0.3636,Y,Tier 2 - Strong
L2019-10595,2019,3,3.71,Submitted,1300,South,Public,N,$150K - $249K,41700,School of Engineering,Computer Science,,2,School of Engineering,Electrical Engineering,2.91,3.33,0.42,Y,Y,Y,N,0,2,0,N,N,N,2,N,Unknown,0.732,0.8515,1.0,0.3636,Y,Tier 1 - Thrived
L2020-10596,2020,2,3.26,Submitted,1250,West,Charter,N,Under $30K,22600,School of Nursing & Health,Nursing (BSN),,2,School of Nursing & Health,Nursing (BSN),2.40,2.16,-0.24,Y,N,Y,N,0,0,0,N,N,N,0,N,Employed full-time,0.264,0.198,0.6,0.0,N,Tier 4 - Struggled
L2021-10597,2021,3,3.71,Submitted,1300,West,Public,N,$100K - $149K,32800,College of Fine Arts,Theatre,,3,College of Fine Arts,Theatre,3.78,4.00,0.22,Y,N,Y,N,1,1,0,N,N,Y,0,N,Employed full-time,1.0,0.6535,0.6,0.1818,N,Tier 3 - Solid
L2022-10598,2022,3,3.59,Submitted,1220,Mid-Atlantic,Public,N,$150K - $249K,27700,School of Engineering,Computer Science,Women's Soccer,2,School of Engineering,Biomedical Engineering,3.22,3.53,0.31,Y,Y,Y,N,0,2,4,N,N,N,2,Y,Graduate or professional school,0.812,0.7426,1.0,0.3636,Y,Tier 1 - Thrived
L2023-10599,2023,3,3.57,Submitted,1270,International,Public,N,$150K - $249K,32000,School of Nursing & Health,Nursing (BSN),,5,School of Nursing & Health,Nursing (BSN),3.06,2.98,-0.08,Y,Y,Y,Y,2,2,0,N,Y,N,1,N,Seeking,0.592,0.3564,0.85,0.6364,N,Tier 3 - Solid
