person_id,person_type,club_id,relationship,interest_signal,signal_strength,club_role,years_active
A26-101831,Applicant,CLB-05,INTERESTED_IN,Essay Mention,Passive,,
A26-104099,Applicant,CLB-19,INTERESTED_IN,Application Checkbox,Explicit,,
A26-104099,Applicant,CLB-10,INTERESTED_IN,Essay Mention,Explicit,,
A26-101372,Applicant,CLB-11,INTERESTED_IN,Info Session Topic,Passive,,
A26-104952,Applicant,CLB-10,INTERESTED_IN,Portal Click,Sustained,,
A26-104952,Applicant,CLB-09,INTERESTED_IN,Portal Click,Passive,,
A26-104952,Applicant,CLB-11,INTERESTED_IN,Essay Mention,Explicit,,
A26-107233,Applicant,CLB-13,INTERESTED_IN,Campus Visit Meeting,Sustained,,
A26-107233,Applicant,CLB-17,INTERESTED_IN,Application Checkbox,Passive,,
A26-107233,Applicant,CLB-09,INTERESTED_IN,Portal Click,Sustained,,
A26-107233,Applicant,CLB-32,INTERESTED_IN,Info Session Topic,Explicit,,
A26-104658,Applicant,CLB-24,INTERESTED_IN,Essay Mention,Explicit,,
A26-104658,Applicant,CLB-11,INTERESTED_IN,Portal Click,Sustained,,
A26-104061,Applicant,CLB-05,INTERESTED_IN,Counsellor Note,Explicit,,
A26-104061,Applicant,CLB-23,INTERESTED_IN,Info Session Topic,Explicit,,
A26-102717,Applicant,CLB-19,INTERESTED_IN,Info Session Topic,Explicit,,
A26-102717,Applicant,CLB-33,INTERESTED_IN,Application Checkbox,Explicit,,
A26-102717,Applicant,CLB-09,INTERESTED_IN,Portal Click,Passive,,
A26-104585,Applicant,CLB-14,INTERESTED_IN,Campus Visit Meeting,Explicit,,
A26-104585,Applicant,CLB-39,INTERESTED_IN,Portal Click,Explicit,,
A26-104563,Applicant,CLB-14,INTERESTED_IN,Application Checkbox,Passive,,
A26-104563,Applicant,CLB-40,INTERESTED_IN,Portal Click,Explicit,,
A26-104470,Applicant,CLB-22,INTERESTED_IN,Essay Mention,Explicit,,
A26-104470,Applicant,CLB-03,INTERESTED_IN,Portal Click,Sustained,,
A26-104470,Applicant,CLB-23,INTERESTED_IN,Essay Mention,Passive,,
A26-107326,Applicant,CLB-23,INTERESTED_IN,Info Session Topic,Passive,,
A26-106135,Applicant,CLB-14,INTERESTED_IN,Essay Mention,Passive,,
A26-106135,Applicant,CLB-27,INTERESTED_IN,Essay Mention,Passive,,
A26-103800,Applicant,CLB-36,INTERESTED_IN,Application Checkbox,Passive,,
A26-107350,Applicant,CLB-11,INTERESTED_IN,Portal Click,Passive,,
A26-107350,Applicant,CLB-15,INTERESTED_IN,Portal Click,Passive,,
A26-107350,Applicant,CLB-17,INTERESTED_IN,Application Checkbox,Passive,,
A26-107350,Applicant,CLB-23,INTERESTED_IN,Info Session Topic,Passive,,
A26-107905,Applicant,CLB-05,INTERESTED_IN,Essay Mention,Explicit,,
A26-107905,Applicant,CLB-10,INTERESTED_IN,Portal Click,Explicit,,
A26-102685,Applicant,CLB-02,INTERESTED_IN,Info Session Topic,Sustained,,
A26-102685,Applicant,CLB-15,INTERESTED_IN,Portal Click,Passive,,
A26-102685,Applicant,CLB-23,INTERESTED_IN,Campus Visit Meeting,Explicit,,
A26-108183,Applicant,CLB-39,INTERESTED_IN,Application Checkbox,Sustained,,
A26-108183,Applicant,CLB-01,INTERESTED_IN,Essay Mention,Explicit,,
A26-100496,Applicant,CLB-41,INTERESTED_IN,Portal Click,Explicit,,
A26-105456,Applicant,CLB-39,INTERESTED_IN,Application Checkbox,Explicit,,
A26-105456,Applicant,CLB-03,INTERESTED_IN,Application Checkbox,Passive,,
A26-101064,Applicant,CLB-11,INTERESTED_IN,Essay Mention,Sustained,,
A26-101758,Applicant,CLB-10,INTERESTED_IN,Counsellor Note,Explicit,,
A26-102958,Applicant,CLB-14,INTERESTED_IN,Portal Click,Explicit,,
A26-103682,Applicant,CLB-06,INTERESTED_IN,Application Checkbox,Explicit,,
A26-103682,Applicant,CLB-14,INTERESTED_IN,Portal Click,Sustained,,
A26-103682,Applicant,CLB-11,INTERESTED_IN,Essay Mention,Explicit,,
A26-104700,Applicant,CLB-32,INTERESTED_IN,Essay Mention,Sustained,,
A26-104700,Applicant,CLB-23,INTERESTED_IN,Application Checkbox,Passive,,
A26-104700,Applicant,CLB-02,INTERESTED_IN,Essay Mention,Passive,,
A26-107163,Applicant,CLB-05,INTERESTED_IN,Portal Click,Sustained,,
A26-103190,Applicant,CLB-17,INTERESTED_IN,Info Session Topic,Sustained,,
A26-103190,Applicant,CLB-03,INTERESTED_IN,Info Session Topic,Sustained,,
A26-100268,Applicant,CLB-09,INTERESTED_IN,Portal Click,Passive,,
A26-100268,Applicant,CLB-23,INTERESTED_IN,Info Session Topic,Explicit,,
A26-105117,Applicant,CLB-03,INTERESTED_IN,Application Checkbox,Explicit,,
A26-105117,Applicant,CLB-23,INTERESTED_IN,Portal Click,Passive,,
A26-106255,Applicant,CLB-15,INTERESTED_IN,Portal Click,Sustained,,
A26-106255,Applicant,CLB-32,INTERESTED_IN,Campus Visit Meeting,Explicit,,
A26-106255,Applicant,CLB-39,INTERESTED_IN,Portal Click,Passive,,
A26-102652,Applicant,CLB-23,INTERESTED_IN,Essay Mention,Passive,,
A26-102652,Applicant,CLB-05,INTERESTED_IN,Campus Visit Meeting,Passive,,
A26-105157,Applicant,CLB-22,INTERESTED_IN,Portal Click,Sustained,,
A26-105157,Applicant,CLB-29,INTERESTED_IN,Campus Visit Meeting,Explicit,,
A26-103923,Applicant,CLB-13,INTERESTED_IN,Counsellor Note,Explicit,,
A26-103923,Applicant,CLB-01,INTERESTED_IN,Info Session Topic,Passive,,
A26-103923,Applicant,CLB-17,INTERESTED_IN,Info Session Topic,Passive,,
A26-105593,Applicant,CLB-38,INTERESTED_IN,Info Session Topic,Explicit,,
A26-103907,Applicant,CLB-14,INTERESTED_IN,Portal Click,Passive,,
A26-103907,Applicant,CLB-01,INTERESTED_IN,Campus Visit Meeting,Passive,,
A26-106304,Applicant,CLB-14,INTERESTED_IN,Campus Visit Meeting,Explicit,,
A26-106304,Applicant,CLB-22,INTERESTED_IN,Portal Click,Passive,,
A26-101164,Applicant,CLB-08,INTERESTED_IN,Application Checkbox,Explicit,,
A26-101164,Applicant,CLB-07,INTERESTED_IN,Info Session Topic,Explicit,,
A26-101164,Applicant,CLB-05,INTERESTED_IN,Essay Mention,Sustained,,
A26-103330,Applicant,CLB-14,INTERESTED_IN,Campus Visit Meeting,Sustained,,
A26-102377,Applicant,CLB-11,INTERESTED_IN,Info Session Topic,Passive,,
A26-102377,Applicant,CLB-39,INTERESTED_IN,Portal Click,Explicit,,
A26-104374,Applicant,CLB-39,INTERESTED_IN,Application Checkbox,Explicit,,
A26-104374,Applicant,CLB-23,INTERESTED_IN,Portal Click,Sustained,,
A26-104374,Applicant,CLB-17,INTERESTED_IN,Essay Mention,Explicit,,
A26-100879,Applicant,CLB-01,INTERESTED_IN,Application Checkbox,Passive,,
A26-100879,Applicant,CLB-40,INTERESTED_IN,Campus Visit Meeting,Explicit,,
A26-100879,Applicant,CLB-19,INTERESTED_IN,Portal Click,Explicit,,
A26-100879,Applicant,CLB-39,INTERESTED_IN,Campus Visit Meeting,Sustained,,
A26-102678,Applicant,CLB-14,INTERESTED_IN,Essay Mention,Explicit,,
A26-102678,Applicant,CLB-01,INTERESTED_IN,Portal Click,Explicit,,
A26-102678,Applicant,CLB-13,INTERESTED_IN,Info Session Topic,Explicit,,
A26-102678,Applicant,CLB-39,INTERESTED_IN,Info Session Topic,Explicit,,
A26-105349,Applicant,CLB-23,INTERESTED_IN,Portal Click,Passive,,
A26-105349,Applicant,CLB-17,INTERESTED_IN,Portal Click,Passive,,
A26-100374,Applicant,CLB-01,INTERESTED_IN,Portal Click,Explicit,,
A26-100374,Applicant,CLB-02,INTERESTED_IN,Application Checkbox,Explicit,,
A26-101119,Applicant,CLB-25,INTERESTED_IN,Portal Click,Explicit,,
A26-101119,Applicant,CLB-37,INTERESTED_IN,Essay Mention,Passive,,
A26-100126,Applicant,CLB-41,INTERESTED_IN,Info Session Topic,Passive,,
A26-106730,Applicant,CLB-17,INTERESTED_IN,Application Checkbox,Explicit,,
A26-100212,Applicant,CLB-44,INTERESTED_IN,Essay Mention,Passive,,
A26-100212,Applicant,CLB-14,INTERESTED_IN,Portal Click,Passive,,
A26-106812,Applicant,CLB-22,INTERESTED_IN,Info Session Topic,Explicit,,
A26-100138,Applicant,CLB-33,INTERESTED_IN,Application Checkbox,Explicit,,
A26-100138,Applicant,CLB-17,INTERESTED_IN,Application Checkbox,Passive,,
A26-100138,Applicant,CLB-13,INTERESTED_IN,Application Checkbox,Passive,,
A26-101874,Applicant,CLB-10,INTERESTED_IN,Application Checkbox,Passive,,
A26-101874,Applicant,CLB-24,INTERESTED_IN,Portal Click,Explicit,,
A26-102283,Applicant,CLB-14,INTERESTED_IN,Application Checkbox,Passive,,
A26-102283,Applicant,CLB-25,INTERESTED_IN,Campus Visit Meeting,Explicit,,
A26-102815,Applicant,CLB-29,INTERESTED_IN,Campus Visit Meeting,Sustained,,
A26-102815,Applicant,CLB-27,INTERESTED_IN,Portal Click,Passive,,
A26-107086,Applicant,CLB-03,INTERESTED_IN,Info Session Topic,Passive,,
A26-104365,Applicant,CLB-22,INTERESTED_IN,Portal Click,Sustained,,
A26-104365,Applicant,CLB-09,INTERESTED_IN,Portal Click,Passive,,
A26-101439,Applicant,CLB-09,INTERESTED_IN,Application Checkbox,Passive,,
A26-101470,Applicant,CLB-23,INTERESTED_IN,Application Checkbox,Passive,,
A26-101470,Applicant,CLB-10,INTERESTED_IN,Portal Click,Passive,,
A26-101470,Applicant,CLB-14,INTERESTED_IN,Portal Click,Sustained,,
A26-101470,Applicant,CLB-21,INTERESTED_IN,Campus Visit Meeting,Explicit,,
A26-107206,Applicant,CLB-01,INTERESTED_IN,Portal Click,Sustained,,
A26-107206,Applicant,CLB-05,INTERESTED_IN,Info Session Topic,Sustained,,
A26-100585,Applicant,CLB-21,INTERESTED_IN,Application Checkbox,Passive,,
A26-102407,Applicant,CLB-41,INTERESTED_IN,Counsellor Note,Sustained,,
A26-102407,Applicant,CLB-13,INTERESTED_IN,Application Checkbox,Sustained,,
A26-106222,Applicant,CLB-09,INTERESTED_IN,Info Session Topic,Explicit,,
A26-101899,Applicant,CLB-39,INTERESTED_IN,Portal Click,Sustained,,
A26-103890,Applicant,CLB-14,INTERESTED_IN,Portal Click,Passive,,
A26-103890,Applicant,CLB-09,INTERESTED_IN,Portal Click,Explicit,,
A26-105110,Applicant,CLB-17,INTERESTED_IN,Campus Visit Meeting,Passive,,
A26-105110,Applicant,CLB-08,INTERESTED_IN,Campus Visit Meeting,Explicit,,
A26-104980,Applicant,CLB-41,INTERESTED_IN,Essay Mention,Passive,,
A26-104980,Applicant,CLB-07,INTERESTED_IN,Essay Mention,Explicit,,
A26-100615,Applicant,CLB-14,INTERESTED_IN,Portal Click,Passive,,
A26-105138,Applicant,CLB-23,INTERESTED_IN,Application Checkbox,Explicit,,
A26-105138,Applicant,CLB-04,INTERESTED_IN,Info Session Topic,Passive,,
A26-103901,Applicant,CLB-05,INTERESTED_IN,Portal Click,Passive,,
A26-105195,Applicant,CLB-22,INTERESTED_IN,Essay Mention,Passive,,
A26-104134,Applicant,CLB-05,INTERESTED_IN,Campus Visit Meeting,Explicit,,
A26-100726,Applicant,CLB-23,INTERESTED_IN,Essay Mention,Passive,,
A26-103332,Applicant,CLB-24,INTERESTED_IN,Counsellor Note,Passive,,
A26-103332,Applicant,CLB-14,INTERESTED_IN,Info Session Topic,Explicit,,
A26-103332,Applicant,CLB-23,INTERESTED_IN,Portal Click,Explicit,,
A26-103725,Applicant,CLB-17,INTERESTED_IN,Info Session Topic,Explicit,,
A26-103725,Applicant,CLB-39,INTERESTED_IN,Essay Mention,Sustained,,
A26-104152,Applicant,CLB-19,INTERESTED_IN,Portal Click,Explicit,,
A26-104152,Applicant,CLB-40,INTERESTED_IN,Portal Click,Passive,,
A26-105766,Applicant,CLB-14,INTERESTED_IN,Counsellor Note,Sustained,,
A26-105766,Applicant,CLB-24,INTERESTED_IN,Counsellor Note,Passive,,
A26-105766,Applicant,CLB-06,INTERESTED_IN,Application Checkbox,Explicit,,
A26-106657,Applicant,CLB-41,INTERESTED_IN,Essay Mention,Passive,,
A26-101452,Applicant,CLB-14,INTERESTED_IN,Portal Click,Explicit,,
A26-103883,Applicant,CLB-03,INTERESTED_IN,Portal Click,Passive,,
A26-103883,Applicant,CLB-06,INTERESTED_IN,Info Session Topic,Passive,,
A26-103883,Applicant,CLB-29,INTERESTED_IN,Essay Mention,Passive,,
A26-105013,Applicant,CLB-04,INTERESTED_IN,Counsellor Note,Sustained,,
A26-104161,Applicant,CLB-14,INTERESTED_IN,Info Session Topic,Passive,,
A26-104161,Applicant,CLB-02,INTERESTED_IN,Application Checkbox,Passive,,
A26-104161,Applicant,CLB-18,INTERESTED_IN,Portal Click,Passive,,
A26-107579,Applicant,CLB-29,INTERESTED_IN,Info Session Topic,Explicit,,
A26-105564,Applicant,CLB-01,INTERESTED_IN,Portal Click,Passive,,
A26-105564,Applicant,CLB-14,INTERESTED_IN,Campus Visit Meeting,Sustained,,
A26-108275,Applicant,CLB-15,INTERESTED_IN,Application Checkbox,Explicit,,
A26-108275,Applicant,CLB-23,INTERESTED_IN,Info Session Topic,Passive,,
A26-108275,Applicant,CLB-22,INTERESTED_IN,Essay Mention,Passive,,
A26-100624,Applicant,CLB-09,INTERESTED_IN,Application Checkbox,Sustained,,
A26-100624,Applicant,CLB-14,INTERESTED_IN,Application Checkbox,Passive,,
A26-104229,Applicant,CLB-03,INTERESTED_IN,Portal Click,Explicit,,
A26-107158,Applicant,CLB-02,INTERESTED_IN,Portal Click,Explicit,,
A26-107158,Applicant,CLB-03,INTERESTED_IN,Info Session Topic,Passive,,
A26-106410,Applicant,CLB-01,INTERESTED_IN,Campus Visit Meeting,Passive,,
A26-106410,Applicant,CLB-17,INTERESTED_IN,Application Checkbox,Passive,,
A26-102475,Applicant,CLB-14,INTERESTED_IN,Portal Click,Explicit,,
A26-102475,Applicant,CLB-13,INTERESTED_IN,Application Checkbox,Explicit,,
A26-101022,Applicant,CLB-13,INTERESTED_IN,Portal Click,Passive,,
A26-103698,Applicant,CLB-17,INTERESTED_IN,Portal Click,Explicit,,
A26-102782,Applicant,CLB-41,INTERESTED_IN,Info Session Topic,Passive,,
A26-102782,Applicant,CLB-10,INTERESTED_IN,Info Session Topic,Passive,,
A26-105790,Applicant,CLB-39,INTERESTED_IN,Portal Click,Explicit,,
A26-105790,Applicant,CLB-17,INTERESTED_IN,Essay Mention,Sustained,,
A26-108171,Applicant,CLB-23,INTERESTED_IN,Info Session Topic,Passive,,
A26-108171,Applicant,CLB-41,INTERESTED_IN,Campus Visit Meeting,Explicit,,
A26-108171,Applicant,CLB-35,INTERESTED_IN,Portal Click,Sustained,,
A26-108171,Applicant,CLB-13,INTERESTED_IN,Info Session Topic,Explicit,,
A26-106059,Applicant,CLB-29,INTERESTED_IN,Application Checkbox,Passive,,
A26-106059,Applicant,CLB-32,INTERESTED_IN,Info Session Topic,Passive,,
A26-106059,Applicant,CLB-27,INTERESTED_IN,Portal Click,Sustained,,
A26-107777,Applicant,CLB-40,INTERESTED_IN,Counsellor Note,Sustained,,
A26-107777,Applicant,CLB-24,INTERESTED_IN,Portal Click,Passive,,
A26-106420,Applicant,CLB-11,INTERESTED_IN,Portal Click,Passive,,
A26-106420,Applicant,CLB-23,INTERESTED_IN,Application Checkbox,Passive,,
A26-100385,Applicant,CLB-23,INTERESTED_IN,Info Session Topic,Passive,,
A26-100385,Applicant,CLB-14,INTERESTED_IN,Application Checkbox,Passive,,
A26-103315,Applicant,CLB-44,INTERESTED_IN,Portal Click,Passive,,
A26-103315,Applicant,CLB-23,INTERESTED_IN,Counsellor Note,Passive,,
A26-104111,Applicant,CLB-14,INTERESTED_IN,Application Checkbox,Sustained,,
A26-103383,Applicant,CLB-37,INTERESTED_IN,Portal Click,Explicit,,
A26-103162,Applicant,CLB-15,INTERESTED_IN,Campus Visit Meeting,Passive,,
A26-103162,Applicant,CLB-07,INTERESTED_IN,Campus Visit Meeting,Explicit,,
A26-103162,Applicant,CLB-08,INTERESTED_IN,Portal Click,Sustained,,
A26-101074,Applicant,CLB-28,INTERESTED_IN,Info Session Topic,Explicit,,
A26-106709,Applicant,CLB-17,INTERESTED_IN,Portal Click,Explicit,,
A26-104102,Applicant,CLB-17,INTERESTED_IN,Application Checkbox,Explicit,,
A26-104102,Applicant,CLB-26,INTERESTED_IN,Campus Visit Meeting,Passive,,
A26-104102,Applicant,CLB-44,INTERESTED_IN,Essay Mention,Explicit,,
A26-104102,Applicant,CLB-12,INTERESTED_IN,Campus Visit Meeting,Sustained,,
A26-104539,Applicant,CLB-14,INTERESTED_IN,Essay Mention,Sustained,,
A26-104539,Applicant,CLB-11,INTERESTED_IN,Essay Mention,Sustained,,
A26-104539,Applicant,CLB-23,INTERESTED_IN,Essay Mention,Passive,,
A26-107273,Applicant,CLB-14,INTERESTED_IN,Info Session Topic,Explicit,,
A26-104843,Applicant,CLB-39,INTERESTED_IN,Essay Mention,Explicit,,
A26-104843,Applicant,CLB-24,INTERESTED_IN,Portal Click,Sustained,,
A26-103918,Applicant,CLB-14,INTERESTED_IN,Portal Click,Passive,,
A26-103918,Applicant,CLB-12,INTERESTED_IN,Essay Mention,Explicit,,
A26-103918,Applicant,CLB-05,INTERESTED_IN,Info Session Topic,Passive,,
A26-106780,Applicant,CLB-01,INTERESTED_IN,Essay Mention,Passive,,
A26-106780,Applicant,CLB-39,INTERESTED_IN,Application Checkbox,Explicit,,
A26-106780,Applicant,CLB-07,INTERESTED_IN,Info Session Topic,Passive,,
A26-106780,Applicant,CLB-22,INTERESTED_IN,Info Session Topic,Explicit,,
A26-107963,Applicant,CLB-35,INTERESTED_IN,Info Session Topic,Passive,,
A26-107963,Applicant,CLB-10,INTERESTED_IN,Application Checkbox,Explicit,,
A26-107963,Applicant,CLB-12,INTERESTED_IN,Portal Click,Explicit,,
A26-107963,Applicant,CLB-32,INTERESTED_IN,Portal Click,Explicit,,
A26-103097,Applicant,CLB-09,INTERESTED_IN,Info Session Topic,Passive,,
A26-103097,Applicant,CLB-10,INTERESTED_IN,Portal Click,Passive,,
A26-102043,Applicant,CLB-24,INTERESTED_IN,Campus Visit Meeting,Passive,,
A26-103525,Applicant,CLB-39,INTERESTED_IN,Application Checkbox,Passive,,
A26-103525,Applicant,CLB-14,INTERESTED_IN,Essay Mention,Passive,,
A26-103525,Applicant,CLB-01,INTERESTED_IN,Info Session Topic,Passive,,
A26-103525,Applicant,CLB-20,INTERESTED_IN,Portal Click,Sustained,,
A26-105380,Applicant,CLB-15,INTERESTED_IN,Portal Click,Sustained,,
A26-105380,Applicant,CLB-01,INTERESTED_IN,Counsellor Note,Explicit,,
A26-105380,Applicant,CLB-09,INTERESTED_IN,Application Checkbox,Explicit,,
A26-105380,Applicant,CLB-10,INTERESTED_IN,Essay Mention,Explicit,,
A26-107874,Applicant,CLB-03,INTERESTED_IN,Portal Click,Explicit,,
A26-107874,Applicant,CLB-14,INTERESTED_IN,Campus Visit Meeting,Passive,,
A26-107874,Applicant,CLB-37,INTERESTED_IN,Info Session Topic,Explicit,,
A26-100438,Applicant,CLB-41,INTERESTED_IN,Portal Click,Passive,,
A26-100438,Applicant,CLB-05,INTERESTED_IN,Info Session Topic,Explicit,,
A26-100438,Applicant,CLB-08,INTERESTED_IN,Info Session Topic,Sustained,,
A26-102997,Applicant,CLB-14,INTERESTED_IN,Info Session Topic,Explicit,,
A26-102997,Applicant,CLB-28,INTERESTED_IN,Counsellor Note,Passive,,
A26-102997,Applicant,CLB-09,INTERESTED_IN,Portal Click,Passive,,
A26-102997,Applicant,CLB-44,INTERESTED_IN,Application Checkbox,Passive,,
A26-100510,Applicant,CLB-14,INTERESTED_IN,Portal Click,Explicit,,
A26-100510,Applicant,CLB-01,INTERESTED_IN,Application Checkbox,Explicit,,
A26-106539,Applicant,CLB-14,INTERESTED_IN,Info Session Topic,Passive,,
A26-105206,Applicant,CLB-15,INTERESTED_IN,Essay Mention,Passive,,
A26-103377,Applicant,CLB-09,INTERESTED_IN,Application Checkbox,Passive,,
A26-103377,Applicant,CLB-08,INTERESTED_IN,Campus Visit Meeting,Passive,,
A26-103195,Applicant,CLB-22,INTERESTED_IN,Campus Visit Meeting,Sustained,,
A26-103195,Applicant,CLB-23,INTERESTED_IN,Info Session Topic,Explicit,,
A26-100204,Applicant,CLB-14,INTERESTED_IN,Essay Mention,Passive,,
A26-100204,Applicant,CLB-23,INTERESTED_IN,Essay Mention,Explicit,,
A26-100204,Applicant,CLB-17,INTERESTED_IN,Info Session Topic,Passive,,
A26-105447,Applicant,CLB-07,INTERESTED_IN,Portal Click,Passive,,
A26-107628,Applicant,CLB-19,INTERESTED_IN,Info Session Topic,Explicit,,
A26-101014,Applicant,CLB-02,INTERESTED_IN,Info Session Topic,Explicit,,
A26-101014,Applicant,CLB-25,INTERESTED_IN,Portal Click,Passive,,
A26-108031,Applicant,CLB-26,INTERESTED_IN,Essay Mention,Sustained,,
A26-108377,Applicant,CLB-15,INTERESTED_IN,Essay Mention,Passive,,
A26-108377,Applicant,CLB-13,INTERESTED_IN,Portal Click,Explicit,,
A26-108377,Applicant,CLB-21,INTERESTED_IN,Info Session Topic,Explicit,,
A26-108377,Applicant,CLB-01,INTERESTED_IN,Portal Click,Passive,,
A26-107283,Applicant,CLB-23,INTERESTED_IN,Application Checkbox,Explicit,,
A26-107283,Applicant,CLB-39,INTERESTED_IN,Counsellor Note,Passive,,
A26-107283,Applicant,CLB-17,INTERESTED_IN,Essay Mention,Passive,,
A26-105970,Applicant,CLB-23,INTERESTED_IN,Campus Visit Meeting,Explicit,,
A26-105970,Applicant,CLB-26,INTERESTED_IN,Application Checkbox,Passive,,
A26-107558,Applicant,CLB-26,INTERESTED_IN,Application Checkbox,Passive,,
A26-107558,Applicant,CLB-39,INTERESTED_IN,Portal Click,Passive,,
A26-102153,Applicant,CLB-17,INTERESTED_IN,Essay Mention,Explicit,,
A26-102153,Applicant,CLB-14,INTERESTED_IN,Portal Click,Passive,,
A26-107815,Applicant,CLB-23,INTERESTED_IN,Info Session Topic,Explicit,,
A26-107815,Applicant,CLB-14,INTERESTED_IN,Application Checkbox,Passive,,
A26-104525,Applicant,CLB-25,INTERESTED_IN,Info Session Topic,Explicit,,
A26-104525,Applicant,CLB-10,INTERESTED_IN,Info Session Topic,Explicit,,
A26-103986,Applicant,CLB-01,INTERESTED_IN,Essay Mention,Explicit,,
A26-103986,Applicant,CLB-11,INTERESTED_IN,Campus Visit Meeting,Explicit,,
A26-103986,Applicant,CLB-39,INTERESTED_IN,Application Checkbox,Passive,,
A26-103986,Applicant,CLB-31,INTERESTED_IN,Info Session Topic,Sustained,,
A26-103490,Applicant,CLB-11,INTERESTED_IN,Essay Mention,Explicit,,
A26-107889,Applicant,CLB-18,INTERESTED_IN,Application Checkbox,Explicit,,
A26-107889,Applicant,CLB-02,INTERESTED_IN,Portal Click,Passive,,
A26-107889,Applicant,CLB-09,INTERESTED_IN,Counsellor Note,Sustained,,
A26-103644,Applicant,CLB-26,INTERESTED_IN,Campus Visit Meeting,Explicit,,
A26-103644,Applicant,CLB-05,INTERESTED_IN,Counsellor Note,Passive,,
A26-103644,Applicant,CLB-17,INTERESTED_IN,Portal Click,Passive,,
A26-105051,Applicant,CLB-28,INTERESTED_IN,Info Session Topic,Explicit,,
A26-105051,Applicant,CLB-31,INTERESTED_IN,Portal Click,Sustained,,
A26-104011,Applicant,CLB-37,INTERESTED_IN,Info Session Topic,Explicit,,
A26-104011,Applicant,CLB-21,INTERESTED_IN,Portal Click,Passive,,
A26-104011,Applicant,CLB-40,INTERESTED_IN,Essay Mention,Passive,,
A26-101232,Applicant,CLB-14,INTERESTED_IN,Essay Mention,Explicit,,
A26-105077,Applicant,CLB-14,INTERESTED_IN,Portal Click,Sustained,,
A26-101564,Applicant,CLB-25,INTERESTED_IN,Portal Click,Explicit,,
A26-101564,Applicant,CLB-23,INTERESTED_IN,Campus Visit Meeting,Passive,,
A26-101564,Applicant,CLB-17,INTERESTED_IN,Campus Visit Meeting,Passive,,
A26-100976,Applicant,CLB-31,INTERESTED_IN,Portal Click,Passive,,
A26-100976,Applicant,CLB-28,INTERESTED_IN,Essay Mention,Explicit,,
A26-100935,Applicant,CLB-17,INTERESTED_IN,Application Checkbox,Passive,,
A26-102514,Applicant,CLB-09,INTERESTED_IN,Portal Click,Explicit,,
A26-102514,Applicant,CLB-10,INTERESTED_IN,Application Checkbox,Explicit,,
A26-102514,Applicant,CLB-21,INTERESTED_IN,Application Checkbox,Explicit,,
A26-102802,Applicant,CLB-10,INTERESTED_IN,Campus Visit Meeting,Explicit,,
A26-102802,Applicant,CLB-07,INTERESTED_IN,Info Session Topic,Sustained,,
A26-100542,Applicant,CLB-14,INTERESTED_IN,Campus Visit Meeting,Explicit,,
A26-100542,Applicant,CLB-04,INTERESTED_IN,Counsellor Note,Passive,,
A26-108197,Applicant,CLB-41,INTERESTED_IN,Application Checkbox,Sustained,,
A26-108197,Applicant,CLB-37,INTERESTED_IN,Portal Click,Sustained,,
A26-108197,Applicant,CLB-07,INTERESTED_IN,Campus Visit Meeting,Sustained,,
A26-103362,Applicant,CLB-04,INTERESTED_IN,Portal Click,Explicit,,
A26-103362,Applicant,CLB-13,INTERESTED_IN,Portal Click,Explicit,,
A26-107794,Applicant,CLB-15,INTERESTED_IN,Portal Click,Explicit,,
A26-101284,Applicant,CLB-05,INTERESTED_IN,Application Checkbox,Explicit,,
A26-107052,Applicant,CLB-08,INTERESTED_IN,Info Session Topic,Explicit,,
A26-107052,Applicant,CLB-07,INTERESTED_IN,Essay Mention,Passive,,
A26-106569,Applicant,CLB-19,INTERESTED_IN,Portal Click,Passive,,
A26-106569,Applicant,CLB-25,INTERESTED_IN,Portal Click,Passive,,
A26-106569,Applicant,CLB-22,INTERESTED_IN,Essay Mention,Passive,,
A26-100998,Applicant,CLB-17,INTERESTED_IN,Info Session Topic,Explicit,,
A26-100998,Applicant,CLB-23,INTERESTED_IN,Application Checkbox,Sustained,,
A26-100998,Applicant,CLB-02,INTERESTED_IN,Application Checkbox,Sustained,,
A26-101147,Applicant,CLB-14,INTERESTED_IN,Info Session Topic,Passive,,
A26-103963,Applicant,CLB-10,INTERESTED_IN,Essay Mention,Explicit,,
A26-103963,Applicant,CLB-02,INTERESTED_IN,Application Checkbox,Sustained,,
A26-103963,Applicant,CLB-14,INTERESTED_IN,Portal Click,Passive,,
A26-105898,Applicant,CLB-11,INTERESTED_IN,Info Session Topic,Explicit,,
A26-105898,Applicant,CLB-25,INTERESTED_IN,Info Session Topic,Passive,,
A26-103545,Applicant,CLB-31,INTERESTED_IN,Essay Mention,Sustained,,
A26-103545,Applicant,CLB-27,INTERESTED_IN,Campus Visit Meeting,Passive,,
A26-103545,Applicant,CLB-32,INTERESTED_IN,Essay Mention,Sustained,,
A26-103681,Applicant,CLB-10,INTERESTED_IN,Info Session Topic,Passive,,
A26-103681,Applicant,CLB-09,INTERESTED_IN,Essay Mention,Passive,,
A26-103681,Applicant,CLB-15,INTERESTED_IN,Essay Mention,Sustained,,
A26-103681,Applicant,CLB-05,INTERESTED_IN,Essay Mention,Explicit,,
A26-103612,Applicant,CLB-11,INTERESTED_IN,Essay Mention,Passive,,
A26-103612,Applicant,CLB-01,INTERESTED_IN,Campus Visit Meeting,Sustained,,
A26-103612,Applicant,CLB-40,INTERESTED_IN,Application Checkbox,Explicit,,
A26-103612,Applicant,CLB-09,INTERESTED_IN,Portal Click,Explicit,,
A26-104208,Applicant,CLB-22,INTERESTED_IN,Campus Visit Meeting,Explicit,,
A26-104208,Applicant,CLB-38,INTERESTED_IN,Portal Click,Explicit,,
A26-104208,Applicant,CLB-07,INTERESTED_IN,Portal Click,Explicit,,
A26-107679,Applicant,CLB-22,INTERESTED_IN,Info Session Topic,Explicit,,
A26-107679,Applicant,CLB-21,INTERESTED_IN,Essay Mention,Passive,,
A26-107679,Applicant,CLB-15,INTERESTED_IN,Info Session Topic,Explicit,,
A26-107679,Applicant,CLB-06,INTERESTED_IN,Counsellor Note,Sustained,,
A26-105535,Applicant,CLB-12,INTERESTED_IN,Portal Click,Passive,,
A26-105535,Applicant,CLB-44,INTERESTED_IN,Application Checkbox,Passive,,
A26-105535,Applicant,CLB-14,INTERESTED_IN,Portal Click,Explicit,,
A26-105535,Applicant,CLB-19,INTERESTED_IN,Application Checkbox,Passive,,
A26-104850,Applicant,CLB-32,INTERESTED_IN,Campus Visit Meeting,Explicit,,
A26-104850,Applicant,CLB-31,INTERESTED_IN,Campus Visit Meeting,Explicit,,
A26-105927,Applicant,CLB-17,INTERESTED_IN,Info Session Topic,Explicit,,
A26-105927,Applicant,CLB-11,INTERESTED_IN,Campus Visit Meeting,Passive,,
A26-105927,Applicant,CLB-01,INTERESTED_IN,Portal Click,Passive,,
A26-104087,Applicant,CLB-37,INTERESTED_IN,Info Session Topic,Explicit,,
A26-104087,Applicant,CLB-06,INTERESTED_IN,Essay Mention,Explicit,,
A26-102006,Applicant,CLB-25,INTERESTED_IN,Counsellor Note,Explicit,,
A26-105513,Applicant,CLB-14,INTERESTED_IN,Campus Visit Meeting,Explicit,,
A26-105513,Applicant,CLB-28,INTERESTED_IN,Portal Click,Passive,,
A26-107382,Applicant,CLB-15,INTERESTED_IN,Info Session Topic,Explicit,,
A26-107382,Applicant,CLB-11,INTERESTED_IN,Info Session Topic,Explicit,,
A26-107382,Applicant,CLB-29,INTERESTED_IN,Application Checkbox,Sustained,,
A26-104073,Applicant,CLB-41,INTERESTED_IN,Campus Visit Meeting,Passive,,
A26-101768,Applicant,CLB-28,INTERESTED_IN,Info Session Topic,Sustained,,
A26-101768,Applicant,CLB-07,INTERESTED_IN,Essay Mention,Explicit,,
A26-105942,Applicant,CLB-01,INTERESTED_IN,Application Checkbox,Explicit,,
A26-105942,Applicant,CLB-23,INTERESTED_IN,Portal Click,Passive,,
A26-104675,Applicant,CLB-44,INTERESTED_IN,Application Checkbox,Passive,,
A26-104675,Applicant,CLB-01,INTERESTED_IN,Info Session Topic,Passive,,
A26-104675,Applicant,CLB-32,INTERESTED_IN,Portal Click,Passive,,
A26-101307,Applicant,CLB-33,INTERESTED_IN,Portal Click,Passive,,
A26-101307,Applicant,CLB-17,INTERESTED_IN,Info Session Topic,Sustained,,
A26-103674,Applicant,CLB-09,INTERESTED_IN,Counsellor Note,Sustained,,
A26-103674,Applicant,CLB-15,INTERESTED_IN,Campus Visit Meeting,Passive,,
A26-101658,Applicant,CLB-41,INTERESTED_IN,Application Checkbox,Passive,,
A26-101658,Applicant,CLB-17,INTERESTED_IN,Portal Click,Passive,,
A26-105171,Applicant,CLB-17,INTERESTED_IN,Application Checkbox,Sustained,,
A26-105171,Applicant,CLB-39,INTERESTED_IN,Application Checkbox,Passive,,
A26-105171,Applicant,CLB-38,INTERESTED_IN,Application Checkbox,Explicit,,
A26-104382,Applicant,CLB-15,INTERESTED_IN,Campus Visit Meeting,Explicit,,
A26-104382,Applicant,CLB-14,INTERESTED_IN,Campus Visit Meeting,Passive,,
A26-104382,Applicant,CLB-39,INTERESTED_IN,Portal Click,Passive,,
A26-106872,Applicant,CLB-40,INTERESTED_IN,Application Checkbox,Passive,,
A26-106872,Applicant,CLB-27,INTERESTED_IN,Application Checkbox,Passive,,
A26-106872,Applicant,CLB-05,INTERESTED_IN,Counsellor Note,Explicit,,
A26-105226,Applicant,CLB-25,INTERESTED_IN,Portal Click,Explicit,,
A26-105226,Applicant,CLB-39,INTERESTED_IN,Info Session Topic,Explicit,,
A26-105784,Applicant,CLB-03,INTERESTED_IN,Info Session Topic,Explicit,,
A26-105784,Applicant,CLB-08,INTERESTED_IN,Portal Click,Explicit,,
A26-106483,Applicant,CLB-05,INTERESTED_IN,Info Session Topic,Passive,,
A26-103084,Applicant,CLB-23,INTERESTED_IN,Application Checkbox,Passive,,
A26-103084,Applicant,CLB-41,INTERESTED_IN,Application Checkbox,Passive,,
A26-107850,Applicant,CLB-08,INTERESTED_IN,Application Checkbox,Passive,,
A26-107850,Applicant,CLB-14,INTERESTED_IN,Application Checkbox,Explicit,,
A26-107850,Applicant,CLB-23,INTERESTED_IN,Essay Mention,Explicit,,
A26-107098,Applicant,CLB-23,INTERESTED_IN,Application Checkbox,Passive,,
A26-106369,Applicant,CLB-05,INTERESTED_IN,Application Checkbox,Sustained,,
A26-106369,Applicant,CLB-37,INTERESTED_IN,Application Checkbox,Passive,,
A26-106369,Applicant,CLB-08,INTERESTED_IN,Portal Click,Sustained,,
A26-102774,Applicant,CLB-23,INTERESTED_IN,Portal Click,Passive,,
A26-102302,Applicant,CLB-15,INTERESTED_IN,Portal Click,Passive,,
A26-102302,Applicant,CLB-40,INTERESTED_IN,Info Session Topic,Explicit,,
A26-106345,Applicant,CLB-39,INTERESTED_IN,Application Checkbox,Passive,,
A26-106345,Applicant,CLB-11,INTERESTED_IN,Essay Mention,Passive,,
A26-106345,Applicant,CLB-01,INTERESTED_IN,Portal Click,Sustained,,
A26-100004,Applicant,CLB-17,INTERESTED_IN,Portal Click,Passive,,
A26-100004,Applicant,CLB-13,INTERESTED_IN,Portal Click,Passive,,
A26-100004,Applicant,CLB-01,INTERESTED_IN,Portal Click,Passive,,
A26-100004,Applicant,CLB-38,INTERESTED_IN,Portal Click,Explicit,,
A26-100530,Applicant,CLB-31,INTERESTED_IN,Campus Visit Meeting,Explicit,,
A26-106694,Applicant,CLB-41,INTERESTED_IN,Application Checkbox,Passive,,
A26-106694,Applicant,CLB-17,INTERESTED_IN,Info Session Topic,Passive,,
A26-104219,Applicant,CLB-38,INTERESTED_IN,Essay Mention,Passive,,
A26-100559,Applicant,CLB-23,INTERESTED_IN,Application Checkbox,Passive,,
A26-100559,Applicant,CLB-36,INTERESTED_IN,Essay Mention,Passive,,
A26-100559,Applicant,CLB-10,INTERESTED_IN,Info Session Topic,Explicit,,
A26-106653,Applicant,CLB-17,INTERESTED_IN,Portal Click,Passive,,
A26-106653,Applicant,CLB-21,INTERESTED_IN,Info Session Topic,Passive,,
A26-106653,Applicant,CLB-37,INTERESTED_IN,Campus Visit Meeting,Passive,,
A26-106653,Applicant,CLB-07,INTERESTED_IN,Essay Mention,Passive,,
A26-107362,Applicant,CLB-10,INTERESTED_IN,Essay Mention,Sustained,,
A26-107362,Applicant,CLB-39,INTERESTED_IN,Portal Click,Passive,,
A26-102828,Applicant,CLB-31,INTERESTED_IN,Portal Click,Passive,,
A26-102828,Applicant,CLB-17,INTERESTED_IN,Campus Visit Meeting,Passive,,
A26-107698,Applicant,CLB-26,INTERESTED_IN,Campus Visit Meeting,Explicit,,
A26-107698,Applicant,CLB-05,INTERESTED_IN,Campus Visit Meeting,Passive,,
A26-103353,Applicant,CLB-24,INTERESTED_IN,Essay Mention,Explicit,,
A26-107970,Applicant,CLB-15,INTERESTED_IN,Portal Click,Explicit,,
A26-107970,Applicant,CLB-23,INTERESTED_IN,Essay Mention,Sustained,,
A26-107970,Applicant,CLB-22,INTERESTED_IN,Essay Mention,Explicit,,
A26-107970,Applicant,CLB-29,INTERESTED_IN,Info Session Topic,Passive,,
A26-104424,Applicant,CLB-10,INTERESTED_IN,Application Checkbox,Sustained,,
A26-104424,Applicant,CLB-23,INTERESTED_IN,Info Session Topic,Passive,,
A26-104424,Applicant,CLB-14,INTERESTED_IN,Essay Mention,Explicit,,
A26-100067,Applicant,CLB-22,INTERESTED_IN,Info Session Topic,Passive,,
A26-100067,Applicant,CLB-23,INTERESTED_IN,Application Checkbox,Explicit,,
A26-100067,Applicant,CLB-17,INTERESTED_IN,Portal Click,Explicit,,
A26-103115,Applicant,CLB-41,INTERESTED_IN,Campus Visit Meeting,Explicit,,
A26-103115,Applicant,CLB-26,INTERESTED_IN,Info Session Topic,Passive,,
A26-103115,Applicant,CLB-24,INTERESTED_IN,Essay Mention,Explicit,,
A26-102110,Applicant,CLB-19,INTERESTED_IN,Campus Visit Meeting,Passive,,
A26-102110,Applicant,CLB-17,INTERESTED_IN,Counsellor Note,Passive,,
A26-104118,Applicant,CLB-15,INTERESTED_IN,Counsellor Note,Sustained,,
A26-104118,Applicant,CLB-08,INTERESTED_IN,Portal Click,Passive,,
A26-104118,Applicant,CLB-25,INTERESTED_IN,Campus Visit Meeting,Sustained,,
A26-100896,Applicant,CLB-11,INTERESTED_IN,Portal Click,Passive,,
A26-100896,Applicant,CLB-14,INTERESTED_IN,Essay Mention,Passive,,
A26-100896,Applicant,CLB-12,INTERESTED_IN,Application Checkbox,Passive,,
A26-103478,Applicant,CLB-22,INTERESTED_IN,Campus Visit Meeting,Passive,,
A26-106440,Applicant,CLB-07,INTERESTED_IN,Essay Mention,Explicit,,
A26-106440,Applicant,CLB-11,INTERESTED_IN,Application Checkbox,Passive,,
A26-106440,Applicant,CLB-23,INTERESTED_IN,Info Session Topic,Passive,,
A26-105503,Applicant,CLB-39,INTERESTED_IN,Campus Visit Meeting,Passive,,
A26-105503,Applicant,CLB-01,INTERESTED_IN,Portal Click,Explicit,,
A26-105503,Applicant,CLB-32,INTERESTED_IN,Info Session Topic,Passive,,
A26-102759,Applicant,CLB-10,INTERESTED_IN,Counsellor Note,Explicit,,
A26-102759,Applicant,CLB-09,INTERESTED_IN,Campus Visit Meeting,Explicit,,
A26-102759,Applicant,CLB-11,INTERESTED_IN,Campus Visit Meeting,Passive,,
A26-102759,Applicant,CLB-19,INTERESTED_IN,Campus Visit Meeting,Explicit,,
A26-107222,Applicant,CLB-33,INTERESTED_IN,Portal Click,Sustained,,
A26-107222,Applicant,CLB-36,INTERESTED_IN,Counsellor Note,Passive,,
A26-107222,Applicant,CLB-04,INTERESTED_IN,Application Checkbox,Passive,,
A26-104188,Applicant,CLB-17,INTERESTED_IN,Application Checkbox,Explicit,,
A26-108010,Applicant,CLB-11,INTERESTED_IN,Counsellor Note,Sustained,,
A26-107009,Applicant,CLB-26,INTERESTED_IN,Essay Mention,Passive,,
A26-107009,Applicant,CLB-17,INTERESTED_IN,Campus Visit Meeting,Passive,,
A26-107009,Applicant,CLB-28,INTERESTED_IN,Info Session Topic,Passive,,
A26-105264,Applicant,CLB-39,INTERESTED_IN,Info Session Topic,Passive,,
A26-100712,Applicant,CLB-14,INTERESTED_IN,Portal Click,Passive,,
A26-100712,Applicant,CLB-41,INTERESTED_IN,Portal Click,Passive,,
A26-100712,Applicant,CLB-17,INTERESTED_IN,Essay Mention,Explicit,,
A26-100955,Applicant,CLB-22,INTERESTED_IN,Info Session Topic,Explicit,,
A26-104668,Applicant,CLB-39,INTERESTED_IN,Portal Click,Explicit,,
A26-104668,Applicant,CLB-14,INTERESTED_IN,Essay Mention,Explicit,,
A26-104668,Applicant,CLB-23,INTERESTED_IN,Campus Visit Meeting,Sustained,,
A26-104668,Applicant,CLB-28,INTERESTED_IN,Essay Mention,Explicit,,
A26-107458,Applicant,CLB-23,INTERESTED_IN,Info Session Topic,Sustained,,
A26-107458,Applicant,CLB-14,INTERESTED_IN,Application Checkbox,Sustained,,
A26-104337,Applicant,CLB-23,INTERESTED_IN,Portal Click,Explicit,,
A26-104337,Applicant,CLB-26,INTERESTED_IN,Portal Click,Explicit,,
A26-107169,Applicant,CLB-41,INTERESTED_IN,Essay Mention,Passive,,
A26-107169,Applicant,CLB-22,INTERESTED_IN,Portal Click,Explicit,,
A26-100323,Applicant,CLB-05,INTERESTED_IN,Portal Click,Passive,,
A26-100323,Applicant,CLB-21,INTERESTED_IN,Info Session Topic,Passive,,
A26-103753,Applicant,CLB-26,INTERESTED_IN,Counsellor Note,Passive,,
A26-103753,Applicant,CLB-04,INTERESTED_IN,Info Session Topic,Passive,,
A26-104769,Applicant,CLB-39,INTERESTED_IN,Portal Click,Explicit,,
A26-104769,Applicant,CLB-40,INTERESTED_IN,Campus Visit Meeting,Explicit,,
A26-100944,Applicant,CLB-09,INTERESTED_IN,Portal Click,Passive,,
A26-100944,Applicant,CLB-37,INTERESTED_IN,Application Checkbox,Passive,,
A26-100944,Applicant,CLB-21,INTERESTED_IN,Application Checkbox,Passive,,
A26-105020,Applicant,CLB-19,INTERESTED_IN,Campus Visit Meeting,Sustained,,
A26-105020,Applicant,CLB-23,INTERESTED_IN,Info Session Topic,Passive,,
A26-102080,Applicant,CLB-12,INTERESTED_IN,Essay Mention,Passive,,
A26-102080,Applicant,CLB-40,INTERESTED_IN,Campus Visit Meeting,Passive,,
A26-102080,Applicant,CLB-25,INTERESTED_IN,Essay Mention,Passive,,
A26-105416,Applicant,CLB-03,INTERESTED_IN,Application Checkbox,Passive,,
A26-105416,Applicant,CLB-17,INTERESTED_IN,Info Session Topic,Passive,,
A26-105546,Applicant,CLB-14,INTERESTED_IN,Essay Mention,Passive,,
A26-107590,Applicant,CLB-26,INTERESTED_IN,Portal Click,Passive,,
A26-107590,Applicant,CLB-21,INTERESTED_IN,Application Checkbox,Passive,,
A26-107989,Applicant,CLB-04,INTERESTED_IN,Info Session Topic,Passive,,
A26-100859,Applicant,CLB-23,INTERESTED_IN,Essay Mention,Passive,,
A26-100859,Applicant,CLB-07,INTERESTED_IN,Campus Visit Meeting,Explicit,,
A26-100859,Applicant,CLB-41,INTERESTED_IN,Portal Click,Passive,,
A26-100859,Applicant,CLB-08,INTERESTED_IN,Application Checkbox,Passive,,
A26-103454,Applicant,CLB-14,INTERESTED_IN,Campus Visit Meeting,Passive,,
A26-103454,Applicant,CLB-19,INTERESTED_IN,Info Session Topic,Sustained,,
A26-103715,Applicant,CLB-21,INTERESTED_IN,Application Checkbox,Passive,,
A26-103715,Applicant,CLB-17,INTERESTED_IN,Portal Click,Passive,,
A26-106562,Applicant,CLB-23,INTERESTED_IN,Info Session Topic,Sustained,,
A26-106562,Applicant,CLB-11,INTERESTED_IN,Application Checkbox,Passive,,
A26-102638,Applicant,CLB-26,INTERESTED_IN,Application Checkbox,Sustained,,
A26-102638,Applicant,CLB-44,INTERESTED_IN,Application Checkbox,Explicit,,
A26-100962,Applicant,CLB-11,INTERESTED_IN,Info Session Topic,Passive,,
A26-100962,Applicant,CLB-12,INTERESTED_IN,Essay Mention,Passive,,
A26-100962,Applicant,CLB-44,INTERESTED_IN,Info Session Topic,Passive,,
A26-100321,Applicant,CLB-03,INTERESTED_IN,Essay Mention,Passive,,
A26-100321,Applicant,CLB-11,INTERESTED_IN,Application Checkbox,Passive,,
A26-100321,Applicant,CLB-10,INTERESTED_IN,Info Session Topic,Sustained,,
A26-102842,Applicant,CLB-02,INTERESTED_IN,Portal Click,Passive,,
A26-102842,Applicant,CLB-11,INTERESTED_IN,Application Checkbox,Passive,,
A26-105614,Applicant,CLB-23,INTERESTED_IN,Essay Mention,Explicit,,
A26-105614,Applicant,CLB-09,INTERESTED_IN,Campus Visit Meeting,Explicit,,
A26-105614,Applicant,CLB-10,INTERESTED_IN,Application Checkbox,Explicit,,
A26-105029,Applicant,CLB-10,INTERESTED_IN,Application Checkbox,Explicit,,
A26-105029,Applicant,CLB-08,INTERESTED_IN,Application Checkbox,Explicit,,
A26-103388,Applicant,CLB-25,INTERESTED_IN,Portal Click,Sustained,,
A26-102575,Applicant,CLB-14,INTERESTED_IN,Application Checkbox,Explicit,,
A26-102575,Applicant,CLB-31,INTERESTED_IN,Info Session Topic,Explicit,,
A26-102896,Applicant,CLB-09,INTERESTED_IN,Portal Click,Passive,,
A26-102896,Applicant,CLB-10,INTERESTED_IN,Portal Click,Explicit,,
A26-102896,Applicant,CLB-14,INTERESTED_IN,Info Session Topic,Passive,,
A26-102896,Applicant,CLB-06,INTERESTED_IN,Portal Click,Explicit,,
A26-105582,Applicant,CLB-22,INTERESTED_IN,Portal Click,Explicit,,
A26-105582,Applicant,CLB-24,INTERESTED_IN,Campus Visit Meeting,Explicit,,
A26-101817,Applicant,CLB-26,INTERESTED_IN,Counsellor Note,Passive,,
A26-105974,Applicant,CLB-15,INTERESTED_IN,Application Checkbox,Explicit,,
A26-105974,Applicant,CLB-11,INTERESTED_IN,Info Session Topic,Sustained,,
A26-105974,Applicant,CLB-03,INTERESTED_IN,Campus Visit Meeting,Passive,,
A26-102244,Applicant,CLB-14,INTERESTED_IN,Portal Click,Passive,,
A26-104303,Applicant,CLB-33,INTERESTED_IN,Essay Mention,Passive,,
A26-104303,Applicant,CLB-25,INTERESTED_IN,Campus Visit Meeting,Explicit,,
A26-106833,Applicant,CLB-37,INTERESTED_IN,Application Checkbox,Explicit,,
A26-106833,Applicant,CLB-09,INTERESTED_IN,Essay Mention,Passive,,
A26-106833,Applicant,CLB-21,INTERESTED_IN,Application Checkbox,Explicit,,
A26-106833,Applicant,CLB-08,INTERESTED_IN,Application Checkbox,Explicit,,
A26-107021,Applicant,CLB-14,INTERESTED_IN,Info Session Topic,Passive,,
A26-106950,Applicant,CLB-05,INTERESTED_IN,Counsellor Note,Passive,,
A26-104439,Applicant,CLB-25,INTERESTED_IN,Portal Click,Passive,,
A26-107568,Applicant,CLB-29,INTERESTED_IN,Portal Click,Explicit,,
A26-104728,Applicant,CLB-19,INTERESTED_IN,Portal Click,Sustained,,
A26-104728,Applicant,CLB-40,INTERESTED_IN,Campus Visit Meeting,Explicit,,
A26-104728,Applicant,CLB-44,INTERESTED_IN,Campus Visit Meeting,Explicit,,
A26-103165,Applicant,CLB-01,INTERESTED_IN,Portal Click,Explicit,,
A26-103165,Applicant,CLB-39,INTERESTED_IN,Portal Click,Explicit,,
A26-104966,Applicant,CLB-17,INTERESTED_IN,Application Checkbox,Explicit,,
A26-104966,Applicant,CLB-05,INTERESTED_IN,Portal Click,Passive,,
A26-102656,Applicant,CLB-07,INTERESTED_IN,Essay Mention,Passive,,
A26-102656,Applicant,CLB-24,INTERESTED_IN,Campus Visit Meeting,Explicit,,
A26-103249,Applicant,CLB-14,INTERESTED_IN,Info Session Topic,Passive,,
A26-103249,Applicant,CLB-05,INTERESTED_IN,Portal Click,Explicit,,
A26-103436,Applicant,CLB-14,INTERESTED_IN,Application Checkbox,Passive,,
A26-103436,Applicant,CLB-36,INTERESTED_IN,Campus Visit Meeting,Explicit,,
A26-103436,Applicant,CLB-03,INTERESTED_IN,Application Checkbox,Explicit,,
A26-100113,Applicant,CLB-39,INTERESTED_IN,Portal Click,Passive,,
A26-100113,Applicant,CLB-01,INTERESTED_IN,Portal Click,Passive,,
A26-100113,Applicant,CLB-19,INTERESTED_IN,Info Session Topic,Explicit,,
A26-105087,Applicant,CLB-23,INTERESTED_IN,Portal Click,Passive,,
A26-101253,Applicant,CLB-23,INTERESTED_IN,Portal Click,Explicit,,
A26-101253,Applicant,CLB-14,INTERESTED_IN,Info Session Topic,Sustained,,
A26-107366,Applicant,CLB-23,INTERESTED_IN,Portal Click,Passive,,
A26-106176,Applicant,CLB-36,INTERESTED_IN,Portal Click,Explicit,,
A26-103530,Applicant,CLB-08,INTERESTED_IN,Info Session Topic,Passive,,
A26-103530,Applicant,CLB-15,INTERESTED_IN,Essay Mention,Passive,,
A26-103124,Applicant,CLB-35,INTERESTED_IN,Info Session Topic,Explicit,,
A26-103124,Applicant,CLB-10,INTERESTED_IN,Campus Visit Meeting,Passive,,
A26-107014,Applicant,CLB-14,INTERESTED_IN,Portal Click,Sustained,,
A26-107014,Applicant,CLB-15,INTERESTED_IN,Portal Click,Sustained,,
A26-104707,Applicant,CLB-17,INTERESTED_IN,Essay Mention,Explicit,,
A26-104707,Applicant,CLB-05,INTERESTED_IN,Info Session Topic,Explicit,,
A26-105944,Applicant,CLB-39,INTERESTED_IN,Campus Visit Meeting,Explicit,,
A26-102751,Applicant,CLB-02,INTERESTED_IN,Application Checkbox,Passive,,
A26-102751,Applicant,CLB-01,INTERESTED_IN,Portal Click,Sustained,,
A26-102751,Applicant,CLB-09,INTERESTED_IN,Campus Visit Meeting,Passive,,
A26-102751,Applicant,CLB-38,INTERESTED_IN,Portal Click,Passive,,
A26-104785,Applicant,CLB-02,INTERESTED_IN,Campus Visit Meeting,Explicit,,
A26-102631,Applicant,CLB-39,INTERESTED_IN,Portal Click,Passive,,
A26-102631,Applicant,CLB-23,INTERESTED_IN,Campus Visit Meeting,Explicit,,
A26-102631,Applicant,CLB-01,INTERESTED_IN,Info Session Topic,Sustained,,
A26-102631,Applicant,CLB-09,INTERESTED_IN,Application Checkbox,Passive,,
A26-106234,Applicant,CLB-19,INTERESTED_IN,Essay Mention,Passive,,
A26-106234,Applicant,CLB-40,INTERESTED_IN,Portal Click,Passive,,
A26-106234,Applicant,CLB-23,INTERESTED_IN,Portal Click,Passive,,
A26-107261,Applicant,CLB-14,INTERESTED_IN,Application Checkbox,Explicit,,
A26-100093,Applicant,CLB-39,INTERESTED_IN,Portal Click,Passive,,
A26-100947,Applicant,CLB-01,INTERESTED_IN,Portal Click,Sustained,,
A26-100947,Applicant,CLB-39,INTERESTED_IN,Info Session Topic,Passive,,
A26-103631,Applicant,CLB-41,INTERESTED_IN,Application Checkbox,Explicit,,
A26-103631,Applicant,CLB-09,INTERESTED_IN,Portal Click,Passive,,
A26-107193,Applicant,CLB-32,INTERESTED_IN,Campus Visit Meeting,Passive,,
A26-107193,Applicant,CLB-29,INTERESTED_IN,Info Session Topic,Passive,,
A26-107193,Applicant,CLB-27,INTERESTED_IN,Essay Mention,Passive,,
A26-100686,Applicant,CLB-01,INTERESTED_IN,Info Session Topic,Explicit,,
A26-100686,Applicant,CLB-05,INTERESTED_IN,Portal Click,Explicit,,
A26-100686,Applicant,CLB-23,INTERESTED_IN,Campus Visit Meeting,Passive,,
A26-105910,Applicant,CLB-03,INTERESTED_IN,Info Session Topic,Explicit,,
A26-105910,Applicant,CLB-23,INTERESTED_IN,Application Checkbox,Passive,,
A26-105774,Applicant,CLB-40,INTERESTED_IN,Application Checkbox,Passive,,
A26-106808,Applicant,CLB-14,INTERESTED_IN,Info Session Topic,Explicit,,
A26-106808,Applicant,CLB-02,INTERESTED_IN,Application Checkbox,Sustained,,
A26-106808,Applicant,CLB-23,INTERESTED_IN,Application Checkbox,Explicit,,
A26-106272,Applicant,CLB-39,INTERESTED_IN,Portal Click,Sustained,,
A26-106272,Applicant,CLB-23,INTERESTED_IN,Info Session Topic,Explicit,,
A26-106415,Applicant,CLB-19,INTERESTED_IN,Application Checkbox,Passive,,
A26-101801,Applicant,CLB-08,INTERESTED_IN,Portal Click,Passive,,
A26-101801,Applicant,CLB-07,INTERESTED_IN,Portal Click,Explicit,,
A26-100175,Applicant,CLB-14,INTERESTED_IN,Portal Click,Sustained,,
A26-100175,Applicant,CLB-24,INTERESTED_IN,Campus Visit Meeting,Passive,,
A26-105658,Applicant,CLB-09,INTERESTED_IN,Campus Visit Meeting,Passive,,
A26-105658,Applicant,CLB-19,INTERESTED_IN,Portal Click,Passive,,
A26-108341,Applicant,CLB-03,INTERESTED_IN,Portal Click,Passive,,
A26-108341,Applicant,CLB-22,INTERESTED_IN,Essay Mention,Passive,,
A26-102707,Applicant,CLB-14,INTERESTED_IN,Portal Click,Passive,,
A26-102707,Applicant,CLB-41,INTERESTED_IN,Info Session Topic,Explicit,,
A26-102707,Applicant,CLB-10,INTERESTED_IN,Essay Mention,Sustained,,
A26-102707,Applicant,CLB-31,INTERESTED_IN,Info Session Topic,Sustained,,
A26-100758,Applicant,CLB-22,INTERESTED_IN,Essay Mention,Explicit,,
A26-100758,Applicant,CLB-14,INTERESTED_IN,Essay Mention,Explicit,,
A26-101421,Applicant,CLB-40,INTERESTED_IN,Info Session Topic,Passive,,
A26-101421,Applicant,CLB-14,INTERESTED_IN,Portal Click,Passive,,
A26-101421,Applicant,CLB-39,INTERESTED_IN,Essay Mention,Explicit,,
A26-102329,Applicant,CLB-24,INTERESTED_IN,Application Checkbox,Explicit,,
A26-103006,Applicant,CLB-05,INTERESTED_IN,Application Checkbox,Passive,,
A26-104917,Applicant,CLB-02,INTERESTED_IN,Essay Mention,Explicit,,
A26-104917,Applicant,CLB-14,INTERESTED_IN,Essay Mention,Passive,,
A26-104917,Applicant,CLB-04,INTERESTED_IN,Essay Mention,Explicit,,
A26-102494,Applicant,CLB-12,INTERESTED_IN,Info Session Topic,Passive,,
A26-102494,Applicant,CLB-14,INTERESTED_IN,Portal Click,Explicit,,
A26-106192,Applicant,CLB-15,INTERESTED_IN,Portal Click,Sustained,,
A26-102526,Applicant,CLB-08,INTERESTED_IN,Portal Click,Passive,,
A26-102526,Applicant,CLB-07,INTERESTED_IN,Application Checkbox,Sustained,,
A26-108130,Applicant,CLB-23,INTERESTED_IN,Essay Mention,Passive,,
A26-102262,Applicant,CLB-39,INTERESTED_IN,Essay Mention,Passive,,
A26-102262,Applicant,CLB-14,INTERESTED_IN,Portal Click,Passive,,
A26-104077,Applicant,CLB-22,INTERESTED_IN,Essay Mention,Explicit,,
A26-100862,Applicant,CLB-14,INTERESTED_IN,Application Checkbox,Sustained,,
A26-100862,Applicant,CLB-13,INTERESTED_IN,Portal Click,Passive,,
A26-103512,Applicant,CLB-23,INTERESTED_IN,Application Checkbox,Passive,,
A26-103512,Applicant,CLB-08,INTERESTED_IN,Portal Click,Passive,,
A26-103512,Applicant,CLB-10,INTERESTED_IN,Application Checkbox,Passive,,
A26-105570,Applicant,CLB-22,INTERESTED_IN,Campus Visit Meeting,Passive,,
A26-105570,Applicant,CLB-29,INTERESTED_IN,Campus Visit Meeting,Passive,,
A26-100248,Applicant,CLB-17,INTERESTED_IN,Info Session Topic,Sustained,,
A26-106468,Applicant,CLB-09,INTERESTED_IN,Application Checkbox,Passive,,
A26-102456,Applicant,CLB-23,INTERESTED_IN,Campus Visit Meeting,Passive,,
A26-102456,Applicant,CLB-41,INTERESTED_IN,Portal Click,Explicit,,
A26-102456,Applicant,CLB-14,INTERESTED_IN,Essay Mention,Explicit,,
A26-108113,Applicant,CLB-19,INTERESTED_IN,Essay Mention,Explicit,,
A26-108113,Applicant,CLB-11,INTERESTED_IN,Counsellor Note,Passive,,
A26-108113,Applicant,CLB-02,INTERESTED_IN,Portal Click,Passive,,
A26-100622,Applicant,CLB-08,INTERESTED_IN,Essay Mention,Sustained,,
A26-102880,Applicant,CLB-04,INTERESTED_IN,Essay Mention,Passive,,
A26-102880,Applicant,CLB-21,INTERESTED_IN,Info Session Topic,Explicit,,
A26-102943,Applicant,CLB-17,INTERESTED_IN,Counsellor Note,Passive,,
A26-107943,Applicant,CLB-01,INTERESTED_IN,Campus Visit Meeting,Passive,,
A26-107943,Applicant,CLB-14,INTERESTED_IN,Campus Visit Meeting,Explicit,,
A26-107943,Applicant,CLB-23,INTERESTED_IN,Essay Mention,Sustained,,
A26-107943,Applicant,CLB-39,INTERESTED_IN,Info Session Topic,Explicit,,
A26-102319,Applicant,CLB-19,INTERESTED_IN,Essay Mention,Explicit,,
A26-102319,Applicant,CLB-17,INTERESTED_IN,Portal Click,Passive,,
A26-106685,Applicant,CLB-17,INTERESTED_IN,Portal Click,Passive,,
A26-106685,Applicant,CLB-06,INTERESTED_IN,Campus Visit Meeting,Sustained,,
A26-105300,Applicant,CLB-25,INTERESTED_IN,Portal Click,Passive,,
A26-105300,Applicant,CLB-23,INTERESTED_IN,Essay Mention,Passive,,
A26-105300,Applicant,CLB-22,INTERESTED_IN,Essay Mention,Explicit,,
A26-105300,Applicant,CLB-24,INTERESTED_IN,Application Checkbox,Passive,,
A26-105189,Applicant,CLB-04,INTERESTED_IN,Portal Click,Passive,,
A26-105189,Applicant,CLB-17,INTERESTED_IN,Essay Mention,Passive,,
A26-105189,Applicant,CLB-40,INTERESTED_IN,Portal Click,Explicit,,
A26-105189,Applicant,CLB-19,INTERESTED_IN,Info Session Topic,Passive,,
A26-102236,Applicant,CLB-26,INTERESTED_IN,Info Session Topic,Passive,,
A26-102236,Applicant,CLB-14,INTERESTED_IN,Essay Mention,Explicit,,
A26-102236,Applicant,CLB-33,INTERESTED_IN,Portal Click,Passive,,
A26-100595,Applicant,CLB-09,INTERESTED_IN,Portal Click,Passive,,
A26-100595,Applicant,CLB-10,INTERESTED_IN,Info Session Topic,Explicit,,
A26-100595,Applicant,CLB-23,INTERESTED_IN,Essay Mention,Passive,,
A26-100595,Applicant,CLB-01,INTERESTED_IN,Application Checkbox,Passive,,
A26-106983,Applicant,CLB-20,INTERESTED_IN,Campus Visit Meeting,Sustained,,
A26-106983,Applicant,CLB-17,INTERESTED_IN,Portal Click,Explicit,,
A26-106983,Applicant,CLB-40,INTERESTED_IN,Portal Click,Explicit,,
A26-102460,Applicant,CLB-26,INTERESTED_IN,Application Checkbox,Explicit,,
A26-102460,Applicant,CLB-05,INTERESTED_IN,Portal Click,Sustained,,
A26-106357,Applicant,CLB-15,INTERESTED_IN,Application Checkbox,Explicit,,
A26-106357,Applicant,CLB-01,INTERESTED_IN,Info Session Topic,Explicit,,
A26-103744,Applicant,CLB-09,INTERESTED_IN,Application Checkbox,Passive,,
A26-103744,Applicant,CLB-20,INTERESTED_IN,Info Session Topic,Passive,,
A26-103292,Applicant,CLB-19,INTERESTED_IN,Essay Mention,Passive,,
A26-103292,Applicant,CLB-10,INTERESTED_IN,Application Checkbox,Passive,,
A26-103292,Applicant,CLB-14,INTERESTED_IN,Portal Click,Explicit,,
A26-104058,Applicant,CLB-14,INTERESTED_IN,Essay Mention,Passive,,
A26-104058,Applicant,CLB-05,INTERESTED_IN,Info Session Topic,Explicit,,
A26-102868,Applicant,CLB-14,INTERESTED_IN,Application Checkbox,Passive,,
A26-102092,Applicant,CLB-19,INTERESTED_IN,Application Checkbox,Explicit,,
A26-102092,Applicant,CLB-23,INTERESTED_IN,Info Session Topic,Sustained,,
A26-102092,Applicant,CLB-40,INTERESTED_IN,Info Session Topic,Explicit,,
A26-102932,Applicant,CLB-22,INTERESTED_IN,Application Checkbox,Explicit,,
A26-102932,Applicant,CLB-33,INTERESTED_IN,Campus Visit Meeting,Explicit,,
A26-106924,Applicant,CLB-09,INTERESTED_IN,Essay Mention,Passive,,
A26-106924,Applicant,CLB-10,INTERESTED_IN,Portal Click,Explicit,,
A26-107307,Applicant,CLB-27,INTERESTED_IN,Portal Click,Passive,,
A26-108254,Applicant,CLB-37,INTERESTED_IN,Essay Mention,Sustained,,
A26-108042,Applicant,CLB-04,INTERESTED_IN,Info Session Topic,Explicit,,
A26-106148,Applicant,CLB-17,INTERESTED_IN,Essay Mention,Explicit,,
A26-106148,Applicant,CLB-11,INTERESTED_IN,Portal Click,Passive,,
A26-107527,Applicant,CLB-23,INTERESTED_IN,Essay Mention,Passive,,
A26-107527,Applicant,CLB-22,INTERESTED_IN,Essay Mention,Sustained,,
A26-103287,Applicant,CLB-05,INTERESTED_IN,Portal Click,Passive,,
A26-104750,Applicant,CLB-09,INTERESTED_IN,Essay Mention,Explicit,,
A26-107475,Applicant,CLB-15,INTERESTED_IN,Application Checkbox,Explicit,,
A26-107475,Applicant,CLB-23,INTERESTED_IN,Campus Visit Meeting,Explicit,,
A26-105033,Applicant,CLB-19,INTERESTED_IN,Portal Click,Passive,,
A26-105033,Applicant,CLB-23,INTERESTED_IN,Application Checkbox,Explicit,,
A26-104811,Applicant,CLB-08,INTERESTED_IN,Info Session Topic,Sustained,,
A26-108283,Applicant,CLB-23,INTERESTED_IN,Portal Click,Passive,,
A26-108283,Applicant,CLB-07,INTERESTED_IN,Portal Click,Explicit,,
A26-108283,Applicant,CLB-06,INTERESTED_IN,Portal Click,Passive,,
A26-105103,Applicant,CLB-05,INTERESTED_IN,Campus Visit Meeting,Explicit,,
A26-105103,Applicant,CLB-14,INTERESTED_IN,Portal Click,Explicit,,
A26-105103,Applicant,CLB-23,INTERESTED_IN,Application Checkbox,Explicit,,
A26-105103,Applicant,CLB-33,INTERESTED_IN,Campus Visit Meeting,Explicit,,
A26-108016,Applicant,CLB-23,INTERESTED_IN,Info Session Topic,Passive,,
A26-108016,Applicant,CLB-22,INTERESTED_IN,Info Session Topic,Passive,,
A26-108016,Applicant,CLB-02,INTERESTED_IN,Portal Click,Sustained,,
A26-102770,Applicant,CLB-25,INTERESTED_IN,Portal Click,Passive,,
A26-102770,Applicant,CLB-21,INTERESTED_IN,Essay Mention,Passive,,
A26-102770,Applicant,CLB-37,INTERESTED_IN,Campus Visit Meeting,Explicit,,
A26-101277,Applicant,CLB-32,INTERESTED_IN,Info Session Topic,Sustained,,
A26-101277,Applicant,CLB-22,INTERESTED_IN,Portal Click,Explicit,,
A26-101277,Applicant,CLB-39,INTERESTED_IN,Portal Click,Passive,,
A26-101265,Applicant,CLB-11,INTERESTED_IN,Info Session Topic,Sustained,,
A26-101265,Applicant,CLB-17,INTERESTED_IN,Portal Click,Passive,,
A26-101265,Applicant,CLB-44,INTERESTED_IN,Application Checkbox,Sustained,,
A26-101265,Applicant,CLB-14,INTERESTED_IN,Campus Visit Meeting,Explicit,,
A26-101754,Applicant,CLB-14,INTERESTED_IN,Counsellor Note,Passive,,
A26-101754,Applicant,CLB-19,INTERESTED_IN,Portal Click,Explicit,,
A26-101726,Applicant,CLB-23,INTERESTED_IN,Essay Mention,Passive,,
A26-105437,Applicant,CLB-01,INTERESTED_IN,Portal Click,Sustained,,
A26-105437,Applicant,CLB-24,INTERESTED_IN,Essay Mention,Passive,,
A26-103830,Applicant,CLB-12,INTERESTED_IN,Application Checkbox,Passive,,
A26-103830,Applicant,CLB-23,INTERESTED_IN,Portal Click,Passive,,
A26-103830,Applicant,CLB-09,INTERESTED_IN,Portal Click,Passive,,
A26-106976,Applicant,CLB-08,INTERESTED_IN,Application Checkbox,Sustained,,
A26-100466,Applicant,CLB-14,INTERESTED_IN,Application Checkbox,Explicit,,
A26-101085,Applicant,CLB-22,INTERESTED_IN,Campus Visit Meeting,Sustained,,
A26-101085,Applicant,CLB-14,INTERESTED_IN,Portal Click,Passive,,
A26-101085,Applicant,CLB-07,INTERESTED_IN,Campus Visit Meeting,Passive,,
A26-101366,Applicant,CLB-15,INTERESTED_IN,Portal Click,Explicit,,
A26-101366,Applicant,CLB-22,INTERESTED_IN,Info Session Topic,Passive,,
A26-101366,Applicant,CLB-21,INTERESTED_IN,Portal Click,Sustained,,
A26-101366,Applicant,CLB-13,INTERESTED_IN,Application Checkbox,Explicit,,
A26-105778,Applicant,CLB-23,INTERESTED_IN,Campus Visit Meeting,Explicit,,
A26-101361,Applicant,CLB-17,INTERESTED_IN,Info Session Topic,Passive,,
A26-101361,Applicant,CLB-14,INTERESTED_IN,Portal Click,Passive,,
A26-101361,Applicant,CLB-41,INTERESTED_IN,Counsellor Note,Passive,,
A26-101484,Applicant,CLB-39,INTERESTED_IN,Application Checkbox,Sustained,,
A26-105068,Applicant,CLB-01,INTERESTED_IN,Portal Click,Passive,,
A26-104898,Applicant,CLB-23,INTERESTED_IN,Counsellor Note,Explicit,,
A26-102786,Applicant,CLB-04,INTERESTED_IN,Info Session Topic,Explicit,,
A26-102786,Applicant,CLB-25,INTERESTED_IN,Info Session Topic,Explicit,,
A26-102786,Applicant,CLB-29,INTERESTED_IN,Essay Mention,Passive,,
A26-101433,Applicant,CLB-12,INTERESTED_IN,Portal Click,Explicit,,
A26-101433,Applicant,CLB-17,INTERESTED_IN,Info Session Topic,Sustained,,
A26-101433,Applicant,CLB-09,INTERESTED_IN,Info Session Topic,Explicit,,
A26-100413,Applicant,CLB-23,INTERESTED_IN,Application Checkbox,Explicit,,
A26-100228,Applicant,CLB-07,INTERESTED_IN,Campus Visit Meeting,Explicit,,
A26-100228,Applicant,CLB-39,INTERESTED_IN,Campus Visit Meeting,Sustained,,
A26-105671,Applicant,CLB-23,INTERESTED_IN,Application Checkbox,Explicit,,
A26-105671,Applicant,CLB-01,INTERESTED_IN,Essay Mention,Passive,,
A26-105671,Applicant,CLB-13,INTERESTED_IN,Portal Click,Sustained,,
A26-105671,Applicant,CLB-39,INTERESTED_IN,Info Session Topic,Sustained,,
A26-105931,Applicant,CLB-39,INTERESTED_IN,Info Session Topic,Passive,,
A26-105931,Applicant,CLB-01,INTERESTED_IN,Application Checkbox,Explicit,,
A26-105931,Applicant,CLB-33,INTERESTED_IN,Portal Click,Passive,,
A26-105931,Applicant,CLB-19,INTERESTED_IN,Portal Click,Passive,,
A26-102436,Applicant,CLB-03,INTERESTED_IN,Essay Mention,Explicit,,
A26-102436,Applicant,CLB-23,INTERESTED_IN,Campus Visit Meeting,Explicit,,
A26-102436,Applicant,CLB-25,INTERESTED_IN,Info Session Topic,Passive,,
A26-102436,Applicant,CLB-19,INTERESTED_IN,Info Session Topic,Passive,,
A26-105853,Applicant,CLB-32,INTERESTED_IN,Essay Mention,Passive,,
A26-105853,Applicant,CLB-28,INTERESTED_IN,Portal Click,Passive,,
A26-103693,Applicant,CLB-23,INTERESTED_IN,Info Session Topic,Sustained,,
A26-103693,Applicant,CLB-08,INTERESTED_IN,Portal Click,Passive,,
A26-103693,Applicant,CLB-19,INTERESTED_IN,Info Session Topic,Explicit,,
A26-100366,Applicant,CLB-04,INTERESTED_IN,Portal Click,Sustained,,
A26-100366,Applicant,CLB-01,INTERESTED_IN,Portal Click,Passive,,
A26-107844,Applicant,CLB-10,INTERESTED_IN,Application Checkbox,Explicit,,
A26-107844,Applicant,CLB-07,INTERESTED_IN,Essay Mention,Sustained,,
A26-107844,Applicant,CLB-09,INTERESTED_IN,Application Checkbox,Passive,,
A26-106956,Applicant,CLB-11,INTERESTED_IN,Portal Click,Explicit,,
A26-106956,Applicant,CLB-16,INTERESTED_IN,Info Session Topic,Sustained,,
A26-106956,Applicant,CLB-23,INTERESTED_IN,Application Checkbox,Passive,,
A26-106956,Applicant,CLB-26,INTERESTED_IN,Campus Visit Meeting,Passive,,
A26-101479,Applicant,CLB-25,INTERESTED_IN,Counsellor Note,Explicit,,
A26-101479,Applicant,CLB-23,INTERESTED_IN,Application Checkbox,Passive,,
A26-101479,Applicant,CLB-08,INTERESTED_IN,Info Session Topic,Passive,,
A26-102115,Applicant,CLB-14,INTERESTED_IN,Portal Click,Explicit,,
A26-102115,Applicant,CLB-37,INTERESTED_IN,Portal Click,Explicit,,
A26-102115,Applicant,CLB-21,INTERESTED_IN,Portal Click,Passive,,
A26-104297,Applicant,CLB-41,INTERESTED_IN,Info Session Topic,Passive,,
A26-104297,Applicant,CLB-13,INTERESTED_IN,Info Session Topic,Passive,,
A26-104297,Applicant,CLB-10,INTERESTED_IN,Application Checkbox,Explicit,,
A26-102935,Applicant,CLB-23,INTERESTED_IN,Application Checkbox,Passive,,
A26-102935,Applicant,CLB-14,INTERESTED_IN,Application Checkbox,Explicit,,
A26-101320,Applicant,CLB-29,INTERESTED_IN,Portal Click,Passive,,
A26-101320,Applicant,CLB-12,INTERESTED_IN,Info Session Topic,Passive,,
A26-101884,Applicant,CLB-14,INTERESTED_IN,Info Session Topic,Sustained,,
A26-101884,Applicant,CLB-23,INTERESTED_IN,Portal Click,Sustained,,
A26-106638,Applicant,CLB-23,INTERESTED_IN,Portal Click,Explicit,,
A26-106638,Applicant,CLB-02,INTERESTED_IN,Application Checkbox,Passive,,
A26-106638,Applicant,CLB-05,INTERESTED_IN,Info Session Topic,Explicit,,
A26-106638,Applicant,CLB-07,INTERESTED_IN,Portal Click,Passive,,
A26-101530,Applicant,CLB-17,INTERESTED_IN,Campus Visit Meeting,Passive,,
A26-103805,Applicant,CLB-11,INTERESTED_IN,Counsellor Note,Explicit,,
A26-103805,Applicant,CLB-23,INTERESTED_IN,Essay Mention,Explicit,,
A26-103805,Applicant,CLB-14,INTERESTED_IN,Portal Click,Passive,,
A26-103426,Applicant,CLB-23,INTERESTED_IN,Essay Mention,Sustained,,
A26-103426,Applicant,CLB-22,INTERESTED_IN,Portal Click,Passive,,
A26-105392,Applicant,CLB-26,INTERESTED_IN,Portal Click,Passive,,
A26-103894,Applicant,CLB-04,INTERESTED_IN,Application Checkbox,Explicit,,
A26-103894,Applicant,CLB-15,INTERESTED_IN,Campus Visit Meeting,Explicit,,
A26-104829,Applicant,CLB-40,INTERESTED_IN,Info Session Topic,Sustained,,
A26-104829,Applicant,CLB-09,INTERESTED_IN,Portal Click,Passive,,
A26-100480,Applicant,CLB-22,INTERESTED_IN,Portal Click,Passive,,
A26-101046,Applicant,CLB-23,INTERESTED_IN,Portal Click,Explicit,,
A26-101046,Applicant,CLB-17,INTERESTED_IN,Application Checkbox,Passive,,
A26-101046,Applicant,CLB-09,INTERESTED_IN,Info Session Topic,Sustained,,
A26-104182,Applicant,CLB-17,INTERESTED_IN,Essay Mention,Explicit,,
A26-104182,Applicant,CLB-22,INTERESTED_IN,Campus Visit Meeting,Explicit,,
A26-104182,Applicant,CLB-05,INTERESTED_IN,Essay Mention,Passive,,
A26-102745,Applicant,CLB-23,INTERESTED_IN,Essay Mention,Passive,,
A26-102745,Applicant,CLB-32,INTERESTED_IN,Portal Click,Sustained,,
A26-102512,Applicant,CLB-17,INTERESTED_IN,Info Session Topic,Explicit,,
A26-101968,Applicant,CLB-39,INTERESTED_IN,Counsellor Note,Explicit,,
A26-103786,Applicant,CLB-19,INTERESTED_IN,Info Session Topic,Passive,,
A26-103786,Applicant,CLB-09,INTERESTED_IN,Essay Mention,Explicit,,
A26-107113,Applicant,CLB-25,INTERESTED_IN,Campus Visit Meeting,Explicit,,
A26-107113,Applicant,CLB-22,INTERESTED_IN,Info Session Topic,Passive,,
A26-103602,Applicant,CLB-41,INTERESTED_IN,Counsellor Note,Sustained,,
A26-103602,Applicant,CLB-03,INTERESTED_IN,Portal Click,Passive,,
A26-103602,Applicant,CLB-13,INTERESTED_IN,Application Checkbox,Explicit,,
A26-103602,Applicant,CLB-08,INTERESTED_IN,Application Checkbox,Explicit,,
A26-100274,Applicant,CLB-39,INTERESTED_IN,Application Checkbox,Passive,,
A26-107985,Applicant,CLB-10,INTERESTED_IN,Application Checkbox,Passive,,
A26-105214,Applicant,CLB-38,INTERESTED_IN,Info Session Topic,Passive,,
A26-105214,Applicant,CLB-23,INTERESTED_IN,Application Checkbox,Sustained,,
A26-101979,Applicant,CLB-21,INTERESTED_IN,Portal Click,Passive,,
A26-101979,Applicant,CLB-10,INTERESTED_IN,Info Session Topic,Explicit,,
A26-101001,Applicant,CLB-17,INTERESTED_IN,Essay Mention,Explicit,,
A26-106786,Applicant,CLB-40,INTERESTED_IN,Application Checkbox,Passive,,
A26-106786,Applicant,CLB-28,INTERESTED_IN,Essay Mention,Passive,,
A26-106293,Applicant,CLB-37,INTERESTED_IN,Portal Click,Explicit,,
A26-106293,Applicant,CLB-17,INTERESTED_IN,Campus Visit Meeting,Passive,,
A26-100454,Applicant,CLB-05,INTERESTED_IN,Application Checkbox,Passive,,
A26-100454,Applicant,CLB-09,INTERESTED_IN,Essay Mention,Explicit,,
A26-100454,Applicant,CLB-10,INTERESTED_IN,Portal Click,Explicit,,
A26-107724,Applicant,CLB-17,INTERESTED_IN,Essay Mention,Explicit,,
A26-107724,Applicant,CLB-03,INTERESTED_IN,Campus Visit Meeting,Explicit,,
A26-100753,Applicant,CLB-10,INTERESTED_IN,Campus Visit Meeting,Passive,,
A26-106580,Applicant,CLB-11,INTERESTED_IN,Info Session Topic,Sustained,,
A26-106580,Applicant,CLB-14,INTERESTED_IN,Info Session Topic,Explicit,,
A26-108154,Applicant,CLB-10,INTERESTED_IN,Application Checkbox,Passive,,
A26-105721,Applicant,CLB-31,INTERESTED_IN,Application Checkbox,Passive,,
A26-105721,Applicant,CLB-17,INTERESTED_IN,Portal Click,Passive,,
A26-105721,Applicant,CLB-10,INTERESTED_IN,Essay Mention,Explicit,,
A26-101667,Applicant,CLB-21,INTERESTED_IN,Portal Click,Passive,,
A26-101682,Applicant,CLB-41,INTERESTED_IN,Portal Click,Sustained,,
A26-101682,Applicant,CLB-13,INTERESTED_IN,Campus Visit Meeting,Passive,,
A26-101682,Applicant,CLB-01,INTERESTED_IN,Campus Visit Meeting,Explicit,,
A26-101682,Applicant,CLB-39,INTERESTED_IN,Portal Click,Passive,,
A26-103205,Applicant,CLB-14,INTERESTED_IN,Application Checkbox,Explicit,,
A26-107071,Applicant,CLB-14,INTERESTED_IN,Campus Visit Meeting,Sustained,,
A26-107071,Applicant,CLB-01,INTERESTED_IN,Application Checkbox,Passive,,
A26-101294,Applicant,CLB-09,INTERESTED_IN,Portal Click,Passive,,
A26-106529,Applicant,CLB-19,INTERESTED_IN,Essay Mention,Passive,,
A26-103778,Applicant,CLB-23,INTERESTED_IN,Portal Click,Explicit,,
A26-103778,Applicant,CLB-44,INTERESTED_IN,Portal Click,Passive,,
A26-103778,Applicant,CLB-14,INTERESTED_IN,Application Checkbox,Sustained,,
A26-103778,Applicant,CLB-12,INTERESTED_IN,Info Session Topic,Explicit,,
A26-107201,Applicant,CLB-15,INTERESTED_IN,Info Session Topic,Sustained,,
A26-107201,Applicant,CLB-09,INTERESTED_IN,Essay Mention,Explicit,,
A26-107201,Applicant,CLB-10,INTERESTED_IN,Campus Visit Meeting,Passive,,
A26-100533,Applicant,CLB-19,INTERESTED_IN,Portal Click,Explicit,,
A26-100533,Applicant,CLB-22,INTERESTED_IN,Essay Mention,Explicit,,
A26-100671,Applicant,CLB-41,INTERESTED_IN,Essay Mention,Passive,,
A26-100671,Applicant,CLB-44,INTERESTED_IN,Application Checkbox,Sustained,,
A26-106007,Applicant,CLB-33,INTERESTED_IN,Campus Visit Meeting,Passive,,
A26-106007,Applicant,CLB-09,INTERESTED_IN,Application Checkbox,Sustained,,
A26-107408,Applicant,CLB-27,INTERESTED_IN,Application Checkbox,Explicit,,
A26-107408,Applicant,CLB-31,INTERESTED_IN,Info Session Topic,Sustained,,
A26-101181,Applicant,CLB-23,INTERESTED_IN,Portal Click,Explicit,,
A26-105384,Applicant,CLB-04,INTERESTED_IN,Info Session Topic,Passive,,
A26-105384,Applicant,CLB-27,INTERESTED_IN,Portal Click,Passive,,
A26-100782,Applicant,CLB-15,INTERESTED_IN,Portal Click,Passive,,
A26-102738,Applicant,CLB-11,INTERESTED_IN,Portal Click,Explicit,,
A26-102738,Applicant,CLB-10,INTERESTED_IN,Essay Mention,Passive,,
A26-108022,Applicant,CLB-04,INTERESTED_IN,Portal Click,Explicit,,
A26-108022,Applicant,CLB-24,INTERESTED_IN,Portal Click,Explicit,,
A26-108022,Applicant,CLB-17,INTERESTED_IN,Portal Click,Passive,,
A26-108022,Applicant,CLB-23,INTERESTED_IN,Portal Click,Passive,,
A26-105538,Applicant,CLB-17,INTERESTED_IN,Portal Click,Passive,,
A26-107886,Applicant,CLB-07,INTERESTED_IN,Portal Click,Passive,,
A26-107886,Applicant,CLB-28,INTERESTED_IN,Portal Click,Explicit,,
A26-107886,Applicant,CLB-32,INTERESTED_IN,Info Session Topic,Passive,,
A26-101386,Applicant,CLB-03,INTERESTED_IN,Application Checkbox,Explicit,,
A26-101386,Applicant,CLB-39,INTERESTED_IN,Campus Visit Meeting,Passive,,
A26-107719,Applicant,CLB-26,INTERESTED_IN,Portal Click,Sustained,,
A26-104381,Applicant,CLB-08,INTERESTED_IN,Application Checkbox,Sustained,,
A26-105237,Applicant,CLB-40,INTERESTED_IN,Counsellor Note,Passive,,
A26-105237,Applicant,CLB-17,INTERESTED_IN,Campus Visit Meeting,Explicit,,
A26-105237,Applicant,CLB-19,INTERESTED_IN,Application Checkbox,Explicit,,
A26-105328,Applicant,CLB-15,INTERESTED_IN,Info Session Topic,Passive,,
A26-105174,Applicant,CLB-21,INTERESTED_IN,Info Session Topic,Sustained,,
A26-107445,Applicant,CLB-21,INTERESTED_IN,Application Checkbox,Sustained,,
A26-107445,Applicant,CLB-05,INTERESTED_IN,Application Checkbox,Passive,,
A26-107445,Applicant,CLB-14,INTERESTED_IN,Portal Click,Sustained,,
A26-107445,Applicant,CLB-28,INTERESTED_IN,Info Session Topic,Passive,,
A26-104260,Applicant,CLB-13,INTERESTED_IN,Portal Click,Explicit,,
A26-104260,Applicant,CLB-08,INTERESTED_IN,Portal Click,Sustained,,
A26-104260,Applicant,CLB-09,INTERESTED_IN,Portal Click,Sustained,,
A26-104511,Applicant,CLB-09,INTERESTED_IN,Essay Mention,Explicit,,
A26-104511,Applicant,CLB-44,INTERESTED_IN,Campus Visit Meeting,Passive,,
A26-108210,Applicant,CLB-05,INTERESTED_IN,Campus Visit Meeting,Passive,,
A26-106030,Applicant,CLB-27,INTERESTED_IN,Application Checkbox,Explicit,,
A26-105248,Applicant,CLB-15,INTERESTED_IN,Info Session Topic,Explicit,,
A26-105248,Applicant,CLB-14,INTERESTED_IN,Portal Click,Explicit,,
A26-105248,Applicant,CLB-11,INTERESTED_IN,Info Session Topic,Passive,,
A26-108217,Applicant,CLB-26,INTERESTED_IN,Portal Click,Passive,,
A26-108217,Applicant,CLB-07,INTERESTED_IN,Campus Visit Meeting,Passive,,
A26-106394,Applicant,CLB-29,INTERESTED_IN,Application Checkbox,Explicit,,
A26-106394,Applicant,CLB-37,INTERESTED_IN,Essay Mention,Explicit,,
A26-106394,Applicant,CLB-22,INTERESTED_IN,Portal Click,Passive,,
A26-100816,Applicant,CLB-07,INTERESTED_IN,Counsellor Note,Explicit,,
A26-100816,Applicant,CLB-01,INTERESTED_IN,Portal Click,Passive,,
A26-103219,Applicant,CLB-39,INTERESTED_IN,Info Session Topic,Sustained,,
A26-106288,Applicant,CLB-10,INTERESTED_IN,Info Session Topic,Passive,,
A26-105996,Applicant,CLB-17,INTERESTED_IN,Portal Click,Passive,,
A26-105996,Applicant,CLB-11,INTERESTED_IN,Application Checkbox,Explicit,,
A26-105996,Applicant,CLB-14,INTERESTED_IN,Application Checkbox,Sustained,,
A26-103587,Applicant,CLB-14,INTERESTED_IN,Info Session Topic,Explicit,,
A26-104285,Applicant,CLB-14,INTERESTED_IN,Portal Click,Sustained,,
A26-107643,Applicant,CLB-14,INTERESTED_IN,Portal Click,Passive,,
A26-107643,Applicant,CLB-02,INTERESTED_IN,Counsellor Note,Passive,,
A26-107643,Applicant,CLB-39,INTERESTED_IN,Application Checkbox,Sustained,,
A26-104049,Applicant,CLB-23,INTERESTED_IN,Portal Click,Explicit,,
A26-104049,Applicant,CLB-12,INTERESTED_IN,Essay Mention,Explicit,,
A26-100293,Applicant,CLB-29,INTERESTED_IN,Portal Click,Explicit,,
A26-100293,Applicant,CLB-13,INTERESTED_IN,Portal Click,Explicit,,
A26-100293,Applicant,CLB-14,INTERESTED_IN,Campus Visit Meeting,Sustained,,
A26-100591,Applicant,CLB-31,INTERESTED_IN,Info Session Topic,Explicit,,
A26-102400,Applicant,CLB-39,INTERESTED_IN,Portal Click,Explicit,,
A26-102400,Applicant,CLB-23,INTERESTED_IN,Portal Click,Passive,,
A26-102400,Applicant,CLB-14,INTERESTED_IN,Application Checkbox,Passive,,
A26-108389,Applicant,CLB-05,INTERESTED_IN,Counsellor Note,Explicit,,
A26-108389,Applicant,CLB-17,INTERESTED_IN,Application Checkbox,Passive,,
A26-101708,Applicant,CLB-07,INTERESTED_IN,Essay Mention,Passive,,
A26-101708,Applicant,CLB-08,INTERESTED_IN,Info Session Topic,Passive,,
A26-101708,Applicant,CLB-39,INTERESTED_IN,Info Session Topic,Passive,,
A26-101708,Applicant,CLB-38,INTERESTED_IN,Essay Mention,Passive,,
A26-102195,Applicant,CLB-12,INTERESTED_IN,Info Session Topic,Sustained,,
A26-102195,Applicant,CLB-02,INTERESTED_IN,Portal Click,Passive,,
A26-107977,Applicant,CLB-24,INTERESTED_IN,Campus Visit Meeting,Passive,,
A26-105149,Applicant,CLB-19,INTERESTED_IN,Counsellor Note,Passive,,
A26-106349,Applicant,CLB-12,INTERESTED_IN,Campus Visit Meeting,Passive,,
A26-101826,Applicant,CLB-03,INTERESTED_IN,Application Checkbox,Sustained,,
A26-101826,Applicant,CLB-22,INTERESTED_IN,Application Checkbox,Passive,,
A26-101826,Applicant,CLB-01,INTERESTED_IN,Info Session Topic,Sustained,,
A26-101826,Applicant,CLB-11,INTERESTED_IN,Essay Mention,Explicit,,
A26-102229,Applicant,CLB-07,INTERESTED_IN,Application Checkbox,Explicit,,
A26-102229,Applicant,CLB-14,INTERESTED_IN,Portal Click,Passive,,
A26-102229,Applicant,CLB-02,INTERESTED_IN,Portal Click,Explicit,,
A26-102985,Applicant,CLB-14,INTERESTED_IN,Campus Visit Meeting,Explicit,,
A26-102985,Applicant,CLB-29,INTERESTED_IN,Campus Visit Meeting,Passive,,
A26-105861,Applicant,CLB-38,INTERESTED_IN,Application Checkbox,Explicit,,
A26-106101,Applicant,CLB-39,INTERESTED_IN,Application Checkbox,Passive,,
A26-106101,Applicant,CLB-01,INTERESTED_IN,Counsellor Note,Explicit,,
A26-106101,Applicant,CLB-05,INTERESTED_IN,Counsellor Note,Passive,,
A26-104618,Applicant,CLB-40,INTERESTED_IN,Portal Click,Sustained,,
A26-106547,Applicant,CLB-22,INTERESTED_IN,Info Session Topic,Passive,,
A26-107267,Applicant,CLB-15,INTERESTED_IN,Application Checkbox,Explicit,,
A26-107267,Applicant,CLB-11,INTERESTED_IN,Portal Click,Passive,,
A26-107267,Applicant,CLB-08,INTERESTED_IN,Essay Mention,Explicit,,
A26-102898,Applicant,CLB-11,INTERESTED_IN,Campus Visit Meeting,Explicit,,
A26-102898,Applicant,CLB-17,INTERESTED_IN,Portal Click,Passive,,
A26-102898,Applicant,CLB-25,INTERESTED_IN,Info Session Topic,Passive,,
A26-107148,Applicant,CLB-11,INTERESTED_IN,Portal Click,Explicit,,
A26-107148,Applicant,CLB-23,INTERESTED_IN,Campus Visit Meeting,Passive,,
A26-107148,Applicant,CLB-02,INTERESTED_IN,Portal Click,Passive,,
A26-107148,Applicant,CLB-07,INTERESTED_IN,Portal Click,Explicit,,
A26-107429,Applicant,CLB-28,INTERESTED_IN,Portal Click,Explicit,,
A26-107429,Applicant,CLB-27,INTERESTED_IN,Application Checkbox,Explicit,,
A26-107429,Applicant,CLB-30,INTERESTED_IN,Portal Click,Passive,,
A26-100441,Applicant,CLB-24,INTERESTED_IN,Portal Click,Explicit,,
A26-102032,Applicant,CLB-39,INTERESTED_IN,Portal Click,Passive,,
A26-102032,Applicant,CLB-09,INTERESTED_IN,Portal Click,Passive,,
A26-106988,Applicant,CLB-01,INTERESTED_IN,Counsellor Note,Explicit,,
A26-106988,Applicant,CLB-25,INTERESTED_IN,Essay Mention,Explicit,,
A26-104910,Applicant,CLB-39,INTERESTED_IN,Campus Visit Meeting,Passive,,
A26-107648,Applicant,CLB-39,INTERESTED_IN,Essay Mention,Explicit,,
A26-106195,Applicant,CLB-11,INTERESTED_IN,Application Checkbox,Passive,,
A26-105601,Applicant,CLB-29,INTERESTED_IN,Portal Click,Sustained,,
A26-101505,Applicant,CLB-14,INTERESTED_IN,Essay Mention,Explicit,,
A26-101543,Applicant,CLB-14,INTERESTED_IN,Portal Click,Passive,,
A26-101543,Applicant,CLB-24,INTERESTED_IN,Essay Mention,Explicit,,
A26-102349,Applicant,CLB-05,INTERESTED_IN,Application Checkbox,Passive,,
A26-102349,Applicant,CLB-21,INTERESTED_IN,Application Checkbox,Sustained,,
A26-108359,Applicant,CLB-23,INTERESTED_IN,Portal Click,Sustained,,
A26-106080,Applicant,CLB-37,INTERESTED_IN,Info Session Topic,Passive,,
A26-101099,Applicant,CLB-40,INTERESTED_IN,Portal Click,Sustained,,
A26-101099,Applicant,CLB-23,INTERESTED_IN,Portal Click,Sustained,,
A26-101099,Applicant,CLB-19,INTERESTED_IN,Portal Click,Explicit,,
A26-101099,Applicant,CLB-25,INTERESTED_IN,Portal Click,Explicit,,
A26-105470,Applicant,CLB-10,INTERESTED_IN,Application Checkbox,Passive,,
A26-100826,Applicant,CLB-22,INTERESTED_IN,Application Checkbox,Explicit,,
A26-100826,Applicant,CLB-17,INTERESTED_IN,Application Checkbox,Passive,,
A26-100428,Applicant,CLB-02,INTERESTED_IN,Info Session Topic,Explicit,,
A26-100428,Applicant,CLB-23,INTERESTED_IN,Portal Click,Sustained,,
A26-100428,Applicant,CLB-14,INTERESTED_IN,Application Checkbox,Sustained,,
A26-105707,Applicant,CLB-23,INTERESTED_IN,Info Session Topic,Sustained,,
A26-105707,Applicant,CLB-01,INTERESTED_IN,Application Checkbox,Explicit,,
A26-105461,Applicant,CLB-09,INTERESTED_IN,Application Checkbox,Passive,,
A26-105461,Applicant,CLB-07,INTERESTED_IN,Info Session Topic,Passive,,
A26-105461,Applicant,CLB-14,INTERESTED_IN,Application Checkbox,Sustained,,
A26-104575,Applicant,CLB-22,INTERESTED_IN,Portal Click,Passive,,
A26-104575,Applicant,CLB-04,INTERESTED_IN,Portal Click,Explicit,,
A26-107750,Applicant,CLB-07,INTERESTED_IN,Counsellor Note,Passive,,
A26-107750,Applicant,CLB-17,INTERESTED_IN,Portal Click,Explicit,,
A26-101356,Applicant,CLB-11,INTERESTED_IN,Application Checkbox,Passive,,
A26-104602,Applicant,CLB-03,INTERESTED_IN,Info Session Topic,Explicit,,
A26-104602,Applicant,CLB-05,INTERESTED_IN,Portal Click,Sustained,,
A26-104602,Applicant,CLB-10,INTERESTED_IN,Campus Visit Meeting,Explicit,,
A26-104602,Applicant,CLB-14,INTERESTED_IN,Portal Click,Sustained,,
A26-100683,Applicant,CLB-44,INTERESTED_IN,Campus Visit Meeting,Explicit,,
A26-100683,Applicant,CLB-26,INTERESTED_IN,Campus Visit Meeting,Sustained,,
A26-108158,Applicant,CLB-14,INTERESTED_IN,Campus Visit Meeting,Explicit,,
A26-108158,Applicant,CLB-10,INTERESTED_IN,Portal Click,Explicit,,
A26-100469,Applicant,CLB-44,INTERESTED_IN,Campus Visit Meeting,Explicit,,
A26-100469,Applicant,CLB-13,INTERESTED_IN,Application Checkbox,Sustained,,
A26-100469,Applicant,CLB-02,INTERESTED_IN,Application Checkbox,Explicit,,
A26-107506,Applicant,CLB-26,INTERESTED_IN,Portal Click,Passive,,
A26-104640,Applicant,CLB-23,INTERESTED_IN,Info Session Topic,Explicit,,
A26-104640,Applicant,CLB-01,INTERESTED_IN,Campus Visit Meeting,Explicit,,
A26-104640,Applicant,CLB-15,INTERESTED_IN,Info Session Topic,Passive,,
A26-100569,Applicant,CLB-29,INTERESTED_IN,Portal Click,Explicit,,
A26-100569,Applicant,CLB-24,INTERESTED_IN,Essay Mention,Passive,,
A26-100569,Applicant,CLB-05,INTERESTED_IN,Application Checkbox,Passive,,
A26-103556,Applicant,CLB-17,INTERESTED_IN,Portal Click,Sustained,,
A26-103556,Applicant,CLB-23,INTERESTED_IN,Application Checkbox,Explicit,,
A26-108002,Applicant,CLB-23,INTERESTED_IN,Essay Mention,Passive,,
A26-102911,Applicant,CLB-29,INTERESTED_IN,Portal Click,Explicit,,
A26-101579,Applicant,CLB-17,INTERESTED_IN,Portal Click,Passive,,
A26-101579,Applicant,CLB-02,INTERESTED_IN,Portal Click,Passive,,
A26-101579,Applicant,CLB-14,INTERESTED_IN,Info Session Topic,Explicit,,
A26-107466,Applicant,CLB-13,INTERESTED_IN,Portal Click,Explicit,,
A26-107466,Applicant,CLB-17,INTERESTED_IN,Portal Click,Passive,,
A26-107466,Applicant,CLB-35,INTERESTED_IN,Essay Mention,Sustained,,
A26-108249,Applicant,CLB-22,INTERESTED_IN,Portal Click,Passive,,
A26-108249,Applicant,CLB-08,INTERESTED_IN,Application Checkbox,Explicit,,
A26-108249,Applicant,CLB-07,INTERESTED_IN,Application Checkbox,Passive,,
A26-104199,Applicant,CLB-17,INTERESTED_IN,Portal Click,Passive,,
A26-101739,Applicant,CLB-14,INTERESTED_IN,Campus Visit Meeting,Passive,,
A26-105810,Applicant,CLB-23,INTERESTED_IN,Info Session Topic,Passive,,
A26-105810,Applicant,CLB-12,INTERESTED_IN,Essay Mention,Passive,,
A26-105810,Applicant,CLB-11,INTERESTED_IN,Info Session Topic,Explicit,,
A26-106624,Applicant,CLB-09,INTERESTED_IN,Application Checkbox,Passive,,
A26-101699,Applicant,CLB-14,INTERESTED_IN,Counsellor Note,Passive,,
A26-101699,Applicant,CLB-38,INTERESTED_IN,Portal Click,Explicit,,
A26-104018,Applicant,CLB-23,INTERESTED_IN,Application Checkbox,Explicit,,
A26-104018,Applicant,CLB-15,INTERESTED_IN,Portal Click,Explicit,,
A26-104018,Applicant,CLB-14,INTERESTED_IN,Portal Click,Passive,,
A26-102612,Applicant,CLB-17,INTERESTED_IN,Info Session Topic,Sustained,,
A26-102612,Applicant,CLB-32,INTERESTED_IN,Portal Click,Explicit,,
A26-102612,Applicant,CLB-06,INTERESTED_IN,Portal Click,Explicit,,
A26-102612,Applicant,CLB-13,INTERESTED_IN,Essay Mention,Explicit,,
A26-100835,Applicant,CLB-23,INTERESTED_IN,Info Session Topic,Passive,,
A26-100835,Applicant,CLB-26,INTERESTED_IN,Portal Click,Passive,,
A26-104777,Applicant,CLB-23,INTERESTED_IN,Application Checkbox,Passive,,
A26-104777,Applicant,CLB-14,INTERESTED_IN,Portal Click,Explicit,,
A26-101639,Applicant,CLB-14,INTERESTED_IN,Info Session Topic,Passive,,
A26-101639,Applicant,CLB-20,INTERESTED_IN,Portal Click,Sustained,,
A26-103419,Applicant,CLB-08,INTERESTED_IN,Portal Click,Explicit,,
A26-107544,Applicant,CLB-01,INTERESTED_IN,Campus Visit Meeting,Sustained,,
A26-107544,Applicant,CLB-23,INTERESTED_IN,Counsellor Note,Passive,,
A26-107544,Applicant,CLB-39,INTERESTED_IN,Application Checkbox,Explicit,,
A26-107544,Applicant,CLB-19,INTERESTED_IN,Portal Click,Passive,,
A26-100676,Applicant,CLB-39,INTERESTED_IN,Portal Click,Explicit,,
A26-100676,Applicant,CLB-09,INTERESTED_IN,Application Checkbox,Explicit,,
A26-102045,Applicant,CLB-23,INTERESTED_IN,Essay Mention,Sustained,,
A26-107296,Applicant,CLB-41,INTERESTED_IN,Essay Mention,Sustained,,
A26-107296,Applicant,CLB-23,INTERESTED_IN,Application Checkbox,Passive,,
A26-107296,Applicant,CLB-13,INTERESTED_IN,Counsellor Note,Passive,,
A26-102580,Applicant,CLB-04,INTERESTED_IN,Portal Click,Passive,,
A26-102580,Applicant,CLB-07,INTERESTED_IN,Essay Mention,Sustained,,
A26-101609,Applicant,CLB-41,INTERESTED_IN,Essay Mention,Passive,,
A26-105159,Applicant,CLB-14,INTERESTED_IN,Campus Visit Meeting,Passive,,
A26-105159,Applicant,CLB-32,INTERESTED_IN,Application Checkbox,Passive,,
A26-101720,Applicant,CLB-05,INTERESTED_IN,Portal Click,Sustained,,
A26-101720,Applicant,CLB-14,INTERESTED_IN,Info Session Topic,Sustained,,
A26-103143,Applicant,CLB-01,INTERESTED_IN,Portal Click,Explicit,,
A26-103143,Applicant,CLB-23,INTERESTED_IN,Campus Visit Meeting,Passive,,
A26-107423,Applicant,CLB-08,INTERESTED_IN,Application Checkbox,Passive,,
A26-102550,Applicant,CLB-23,INTERESTED_IN,Portal Click,Sustained,,
A26-106389,Applicant,CLB-14,INTERESTED_IN,Portal Click,Passive,,
A26-101920,Applicant,CLB-15,INTERESTED_IN,Portal Click,Sustained,,
A26-101920,Applicant,CLB-13,INTERESTED_IN,Essay Mention,Explicit,,
A26-101920,Applicant,CLB-12,INTERESTED_IN,Essay Mention,Explicit,,
A26-101920,Applicant,CLB-17,INTERESTED_IN,Essay Mention,Explicit,,
A26-104720,Applicant,CLB-31,INTERESTED_IN,Essay Mention,Sustained,,
A26-104720,Applicant,CLB-10,INTERESTED_IN,Portal Click,Sustained,,
A26-104720,Applicant,CLB-01,INTERESTED_IN,Portal Click,Explicit,,
A26-105062,Applicant,CLB-08,INTERESTED_IN,Application Checkbox,Passive,,
A26-102735,Applicant,CLB-29,INTERESTED_IN,Portal Click,Sustained,,
A26-106212,Applicant,CLB-10,INTERESTED_IN,Portal Click,Passive,,
A26-106212,Applicant,CLB-23,INTERESTED_IN,Portal Click,Sustained,,
A26-107659,Applicant,CLB-14,INTERESTED_IN,Application Checkbox,Passive,,
A26-107659,Applicant,CLB-24,INTERESTED_IN,Counsellor Note,Passive,,
A26-107659,Applicant,CLB-19,INTERESTED_IN,Application Checkbox,Explicit,,
A26-107659,Applicant,CLB-26,INTERESTED_IN,Portal Click,Explicit,,
A26-100968,Applicant,CLB-13,INTERESTED_IN,Portal Click,Explicit,,
A26-100968,Applicant,CLB-07,INTERESTED_IN,Counsellor Note,Passive,,
A26-101132,Applicant,CLB-19,INTERESTED_IN,Info Session Topic,Explicit,,
A26-101132,Applicant,CLB-40,INTERESTED_IN,Info Session Topic,Explicit,,
A26-101132,Applicant,CLB-10,INTERESTED_IN,Application Checkbox,Explicit,,
A26-104492,Applicant,CLB-39,INTERESTED_IN,Essay Mention,Explicit,,
A26-104492,Applicant,CLB-11,INTERESTED_IN,Essay Mention,Passive,,
A26-102445,Applicant,CLB-01,INTERESTED_IN,Essay Mention,Passive,,
A26-102445,Applicant,CLB-10,INTERESTED_IN,Info Session Topic,Explicit,,
A26-102445,Applicant,CLB-05,INTERESTED_IN,Application Checkbox,Sustained,,
A26-102179,Applicant,CLB-10,INTERESTED_IN,Portal Click,Explicit,,
A26-102179,Applicant,CLB-41,INTERESTED_IN,Portal Click,Passive,,
A26-102179,Applicant,CLB-23,INTERESTED_IN,Info Session Topic,Explicit,,
A26-102179,Applicant,CLB-09,INTERESTED_IN,Essay Mention,Explicit,,
A26-101845,Applicant,CLB-23,INTERESTED_IN,Counsellor Note,Passive,,
A26-100089,Applicant,CLB-33,INTERESTED_IN,Essay Mention,Explicit,,
A26-100089,Applicant,CLB-17,INTERESTED_IN,Campus Visit Meeting,Sustained,,
A26-100089,Applicant,CLB-28,INTERESTED_IN,Application Checkbox,Passive,,
A26-102121,Applicant,CLB-05,INTERESTED_IN,Essay Mention,Explicit,,
A26-102121,Applicant,CLB-12,INTERESTED_IN,Application Checkbox,Passive,,
A26-105520,Applicant,CLB-23,INTERESTED_IN,Application Checkbox,Passive,,
A26-105257,Applicant,CLB-43,INTERESTED_IN,Application Checkbox,Explicit,,
A26-105257,Applicant,CLB-06,INTERESTED_IN,Application Checkbox,Passive,,
A26-106969,Applicant,CLB-41,INTERESTED_IN,Essay Mention,Passive,,
A26-108223,Applicant,CLB-23,INTERESTED_IN,Info Session Topic,Explicit,,
A26-108223,Applicant,CLB-17,INTERESTED_IN,Info Session Topic,Explicit,,
A26-105820,Applicant,CLB-02,INTERESTED_IN,Counsellor Note,Passive,,
A26-105820,Applicant,CLB-40,INTERESTED_IN,Campus Visit Meeting,Explicit,,
A26-100910,Applicant,CLB-15,INTERESTED_IN,Portal Click,Passive,,
A26-103152,Applicant,CLB-07,INTERESTED_IN,Portal Click,Passive,,
A26-103152,Applicant,CLB-08,INTERESTED_IN,Essay Mention,Explicit,,
A26-103152,Applicant,CLB-22,INTERESTED_IN,Portal Click,Explicit,,
A26-105127,Applicant,CLB-07,INTERESTED_IN,Info Session Topic,Passive,,
A26-106554,Applicant,CLB-13,INTERESTED_IN,Portal Click,Passive,,
A26-106554,Applicant,CLB-26,INTERESTED_IN,Portal Click,Passive,,
A26-107838,Applicant,CLB-14,INTERESTED_IN,Info Session Topic,Passive,,
A26-107838,Applicant,CLB-09,INTERESTED_IN,Portal Click,Explicit,,
A26-107838,Applicant,CLB-23,INTERESTED_IN,Portal Click,Passive,,
A26-108326,Applicant,CLB-14,INTERESTED_IN,Application Checkbox,Sustained,,
A26-108326,Applicant,CLB-17,INTERESTED_IN,Portal Click,Explicit,,
A26-106775,Applicant,CLB-14,INTERESTED_IN,Portal Click,Sustained,,
A26-108135,Applicant,CLB-32,INTERESTED_IN,Portal Click,Passive,,
A26-108135,Applicant,CLB-24,INTERESTED_IN,Portal Click,Explicit,,
A26-101226,Applicant,CLB-01,INTERESTED_IN,Application Checkbox,Passive,,
A26-101226,Applicant,CLB-40,INTERESTED_IN,Application Checkbox,Explicit,,
A26-103307,Applicant,CLB-21,INTERESTED_IN,Application Checkbox,Passive,,
A26-107801,Applicant,CLB-05,INTERESTED_IN,Application Checkbox,Explicit,,
A26-107801,Applicant,CLB-28,INTERESTED_IN,Portal Click,Passive,,
A26-107801,Applicant,CLB-32,INTERESTED_IN,Portal Click,Explicit,,
A26-107801,Applicant,CLB-27,INTERESTED_IN,Application Checkbox,Passive,,
A26-106461,Applicant,CLB-25,INTERESTED_IN,Portal Click,Passive,,
A26-106461,Applicant,CLB-26,INTERESTED_IN,Essay Mention,Passive,,
A26-100154,Applicant,CLB-22,INTERESTED_IN,Essay Mention,Explicit,,
A26-100154,Applicant,CLB-25,INTERESTED_IN,Essay Mention,Explicit,,
A26-101600,Applicant,CLB-21,INTERESTED_IN,Essay Mention,Explicit,,
A26-101600,Applicant,CLB-31,INTERESTED_IN,Portal Click,Sustained,,
A26-106820,Applicant,CLB-19,INTERESTED_IN,Application Checkbox,Sustained,,
A26-106820,Applicant,CLB-40,INTERESTED_IN,Info Session Topic,Explicit,,
A26-102644,Applicant,CLB-05,INTERESTED_IN,Application Checkbox,Passive,,
A26-102465,Applicant,CLB-17,INTERESTED_IN,Application Checkbox,Explicit,,
A26-102465,Applicant,CLB-12,INTERESTED_IN,Essay Mention,Passive,,
A26-105277,Applicant,CLB-08,INTERESTED_IN,Portal Click,Passive,,
A26-107946,Applicant,CLB-22,INTERESTED_IN,Application Checkbox,Explicit,,
A26-107946,Applicant,CLB-35,INTERESTED_IN,Info Session Topic,Sustained,,
A26-107946,Applicant,CLB-17,INTERESTED_IN,Counsellor Note,Explicit,,
A26-107946,Applicant,CLB-09,INTERESTED_IN,Counsellor Note,Explicit,,
A26-107823,Applicant,CLB-25,INTERESTED_IN,Campus Visit Meeting,Passive,,
A26-107823,Applicant,CLB-14,INTERESTED_IN,Application Checkbox,Explicit,,
A26-107823,Applicant,CLB-15,INTERESTED_IN,Essay Mention,Explicit,,
A26-105281,Applicant,CLB-39,INTERESTED_IN,Portal Click,Passive,,
A26-106718,Applicant,CLB-27,INTERESTED_IN,Counsellor Note,Explicit,,
A26-106718,Applicant,CLB-28,INTERESTED_IN,Application Checkbox,Sustained,,
A26-104743,Applicant,CLB-10,INTERESTED_IN,Essay Mention,Explicit,,
A26-104147,Applicant,CLB-11,INTERESTED_IN,Info Session Topic,Explicit,,
A26-104501,Applicant,CLB-23,INTERESTED_IN,Application Checkbox,Explicit,,
A26-104501,Applicant,CLB-12,INTERESTED_IN,Portal Click,Explicit,,
A26-100380,Applicant,CLB-17,INTERESTED_IN,Portal Click,Sustained,,
A26-100380,Applicant,CLB-24,INTERESTED_IN,Essay Mention,Passive,,
A26-100380,Applicant,CLB-03,INTERESTED_IN,Portal Click,Sustained,,
A26-100380,Applicant,CLB-40,INTERESTED_IN,Campus Visit Meeting,Explicit,,
A26-101572,Applicant,CLB-08,INTERESTED_IN,Portal Click,Passive,,
A26-101572,Applicant,CLB-01,INTERESTED_IN,Application Checkbox,Passive,,
A26-101572,Applicant,CLB-02,INTERESTED_IN,Essay Mention,Explicit,,
A26-101572,Applicant,CLB-04,INTERESTED_IN,Portal Click,Sustained,,
A26-106500,Applicant,CLB-23,INTERESTED_IN,Info Session Topic,Explicit,,
A26-101835,Applicant,CLB-15,INTERESTED_IN,Essay Mention,Passive,,
A26-101835,Applicant,CLB-19,INTERESTED_IN,Campus Visit Meeting,Passive,,
A26-104305,Applicant,CLB-19,INTERESTED_IN,Portal Click,Passive,,
A26-104305,Applicant,CLB-40,INTERESTED_IN,Campus Visit Meeting,Sustained,,
A26-104305,Applicant,CLB-10,INTERESTED_IN,Application Checkbox,Passive,,
A26-103705,Applicant,CLB-10,INTERESTED_IN,Portal Click,Passive,,
A26-103346,Applicant,CLB-14,INTERESTED_IN,Info Session Topic,Passive,,
A26-103867,Applicant,CLB-17,INTERESTED_IN,Campus Visit Meeting,Sustained,,
A26-101788,Applicant,CLB-09,INTERESTED_IN,Portal Click,Sustained,,
A26-101788,Applicant,CLB-14,INTERESTED_IN,Portal Click,Sustained,,
A26-102203,Applicant,CLB-14,INTERESTED_IN,Portal Click,Explicit,,
A26-101703,Applicant,CLB-17,INTERESTED_IN,Essay Mention,Explicit,,
A26-103609,Applicant,CLB-31,INTERESTED_IN,Info Session Topic,Passive,,
A26-107622,Applicant,CLB-33,INTERESTED_IN,Portal Click,Passive,,
A26-107622,Applicant,CLB-25,INTERESTED_IN,Counsellor Note,Passive,,
A26-103321,Applicant,CLB-11,INTERESTED_IN,Essay Mention,Explicit,,
A26-107631,Applicant,CLB-14,INTERESTED_IN,Portal Click,Passive,,
A26-100840,Applicant,CLB-10,INTERESTED_IN,Application Checkbox,Explicit,,
A26-103857,Applicant,CLB-01,INTERESTED_IN,Campus Visit Meeting,Explicit,,
A26-103857,Applicant,CLB-24,INTERESTED_IN,Info Session Topic,Passive,,
A26-103857,Applicant,CLB-39,INTERESTED_IN,Counsellor Note,Explicit,,
A26-103857,Applicant,CLB-14,INTERESTED_IN,Info Session Topic,Explicit,,
A26-103661,Applicant,CLB-03,INTERESTED_IN,Essay Mention,Explicit,,
A26-103661,Applicant,CLB-41,INTERESTED_IN,Application Checkbox,Passive,,
A26-108067,Applicant,CLB-24,INTERESTED_IN,Portal Click,Explicit,,
A26-100218,Applicant,CLB-23,INTERESTED_IN,Application Checkbox,Explicit,,
A26-102724,Applicant,CLB-01,INTERESTED_IN,Info Session Topic,Passive,,
A26-102724,Applicant,CLB-39,INTERESTED_IN,Essay Mention,Passive,,
A26-102724,Applicant,CLB-14,INTERESTED_IN,Application Checkbox,Sustained,,
A26-106016,Applicant,CLB-09,INTERESTED_IN,Campus Visit Meeting,Sustained,,
A26-106016,Applicant,CLB-15,INTERESTED_IN,Portal Click,Passive,,
A26-106575,Applicant,CLB-25,INTERESTED_IN,Portal Click,Sustained,,
A26-106575,Applicant,CLB-23,INTERESTED_IN,Essay Mention,Passive,,
A26-106575,Applicant,CLB-05,INTERESTED_IN,Info Session Topic,Passive,,
A26-106575,Applicant,CLB-07,INTERESTED_IN,Essay Mention,Explicit,,
A26-108268,Applicant,CLB-08,INTERESTED_IN,Application Checkbox,Explicit,,
A26-108268,Applicant,CLB-07,INTERESTED_IN,Info Session Topic,Sustained,,
A26-108268,Applicant,CLB-17,INTERESTED_IN,Application Checkbox,Explicit,,
A26-100099,Applicant,CLB-17,INTERESTED_IN,Portal Click,Explicit,,
A26-100099,Applicant,CLB-19,INTERESTED_IN,Portal Click,Passive,,
A26-100099,Applicant,CLB-10,INTERESTED_IN,Info Session Topic,Passive,,
A26-100099,Applicant,CLB-18,INTERESTED_IN,Campus Visit Meeting,Explicit,,
A26-108236,Applicant,CLB-41,INTERESTED_IN,Application Checkbox,Sustained,,
A26-108236,Applicant,CLB-13,INTERESTED_IN,Portal Click,Explicit,,
A26-108236,Applicant,CLB-17,INTERESTED_IN,Portal Click,Passive,,
A26-107511,Applicant,CLB-23,INTERESTED_IN,Portal Click,Explicit,,
A26-107511,Applicant,CLB-14,INTERESTED_IN,Info Session Topic,Passive,,
A26-107511,Applicant,CLB-17,INTERESTED_IN,Application Checkbox,Explicit,,
A26-103479,Applicant,CLB-05,INTERESTED_IN,Counsellor Note,Sustained,,
A26-103479,Applicant,CLB-44,INTERESTED_IN,Portal Click,Passive,,
A26-103479,Applicant,CLB-12,INTERESTED_IN,Campus Visit Meeting,Passive,,
A26-103479,Applicant,CLB-17,INTERESTED_IN,Counsellor Note,Sustained,,
A26-107610,Applicant,CLB-23,INTERESTED_IN,Portal Click,Explicit,,
A26-107610,Applicant,CLB-19,INTERESTED_IN,Portal Click,Sustained,,
A26-104033,Applicant,CLB-01,INTERESTED_IN,Application Checkbox,Explicit,,
A26-104033,Applicant,CLB-11,INTERESTED_IN,Application Checkbox,Sustained,,
A26-106260,Applicant,CLB-39,INTERESTED_IN,Info Session Topic,Passive,,
A26-106260,Applicant,CLB-09,INTERESTED_IN,Essay Mention,Passive,,
A26-106260,Applicant,CLB-17,INTERESTED_IN,Application Checkbox,Sustained,,
A26-106260,Applicant,CLB-19,INTERESTED_IN,Portal Click,Explicit,,
A26-102666,Applicant,CLB-22,INTERESTED_IN,Campus Visit Meeting,Explicit,,
A26-101240,Applicant,CLB-14,INTERESTED_IN,Info Session Topic,Passive,,
A26-101240,Applicant,CLB-15,INTERESTED_IN,Portal Click,Passive,,
A26-100739,Applicant,CLB-36,INTERESTED_IN,Info Session Topic,Passive,,
A26-103062,Applicant,CLB-39,INTERESTED_IN,Essay Mention,Explicit,,
A26-103062,Applicant,CLB-17,INTERESTED_IN,Counsellor Note,Passive,,
A26-103062,Applicant,CLB-35,INTERESTED_IN,Essay Mention,Passive,,
A26-101665,Applicant,CLB-13,INTERESTED_IN,Portal Click,Passive,,
A26-101665,Applicant,CLB-41,INTERESTED_IN,Portal Click,Explicit,,
A26-105310,Applicant,CLB-04,INTERESTED_IN,Portal Click,Explicit,,
A26-105310,Applicant,CLB-07,INTERESTED_IN,Essay Mention,Passive,,
A26-106795,Applicant,CLB-19,INTERESTED_IN,Campus Visit Meeting,Explicit,,
A26-106795,Applicant,CLB-40,INTERESTED_IN,Application Checkbox,Passive,,
A26-106795,Applicant,CLB-27,INTERESTED_IN,Portal Click,Explicit,,
A26-101039,Applicant,CLB-05,INTERESTED_IN,Campus Visit Meeting,Explicit,,
A26-101039,Applicant,CLB-17,INTERESTED_IN,Essay Mention,Explicit,,
A26-101410,Applicant,CLB-23,INTERESTED_IN,Campus Visit Meeting,Explicit,,
A26-101410,Applicant,CLB-27,INTERESTED_IN,Info Session Topic,Passive,,
A26-103368,Applicant,CLB-22,INTERESTED_IN,Info Session Topic,Explicit,,
A26-107925,Applicant,CLB-31,INTERESTED_IN,Counsellor Note,Explicit,,
A26-107925,Applicant,CLB-01,INTERESTED_IN,Counsellor Note,Sustained,,
A26-101894,Applicant,CLB-23,INTERESTED_IN,Info Session Topic,Passive,,
A26-101894,Applicant,CLB-25,INTERESTED_IN,Essay Mention,Explicit,,
A26-102529,Applicant,CLB-17,INTERESTED_IN,Info Session Topic,Sustained,,
A26-102529,Applicant,CLB-14,INTERESTED_IN,Portal Click,Passive,,
A26-102529,Applicant,CLB-39,INTERESTED_IN,Portal Click,Passive,,
A26-102529,Applicant,CLB-05,INTERESTED_IN,Portal Click,Explicit,,
A26-105292,Applicant,CLB-02,INTERESTED_IN,Application Checkbox,Explicit,,
A26-105292,Applicant,CLB-25,INTERESTED_IN,Application Checkbox,Explicit,,
A26-105292,Applicant,CLB-04,INTERESTED_IN,Campus Visit Meeting,Explicit,,
A26-103278,Applicant,CLB-14,INTERESTED_IN,Essay Mention,Passive,,
A26-106490,Applicant,CLB-05,INTERESTED_IN,Portal Click,Passive,,
A26-106490,Applicant,CLB-01,INTERESTED_IN,Campus Visit Meeting,Passive,,
A26-106490,Applicant,CLB-38,INTERESTED_IN,Essay Mention,Passive,,
A26-106490,Applicant,CLB-23,INTERESTED_IN,Info Session Topic,Passive,,
A26-103267,Applicant,CLB-23,INTERESTED_IN,Portal Click,Passive,,
A26-105428,Applicant,CLB-09,INTERESTED_IN,Info Session Topic,Passive,,
A26-104342,Applicant,CLB-41,INTERESTED_IN,Info Session Topic,Explicit,,
A26-104342,Applicant,CLB-39,INTERESTED_IN,Info Session Topic,Passive,,
A26-104342,Applicant,CLB-10,INTERESTED_IN,Essay Mention,Explicit,,
A26-105059,Applicant,CLB-12,INTERESTED_IN,Essay Mention,Passive,,
A26-105059,Applicant,CLB-14,INTERESTED_IN,Portal Click,Passive,,
A26-103395,Applicant,CLB-02,INTERESTED_IN,Campus Visit Meeting,Explicit,,
A26-102564,Applicant,CLB-03,INTERESTED_IN,Info Session Topic,Explicit,,
A26-102564,Applicant,CLB-20,INTERESTED_IN,Portal Click,Passive,,
A26-101743,Applicant,CLB-09,INTERESTED_IN,Portal Click,Passive,,
A26-105422,Applicant,CLB-05,INTERESTED_IN,Essay Mention,Passive,,
A26-105422,Applicant,CLB-02,INTERESTED_IN,Portal Click,Passive,,
A26-105422,Applicant,CLB-17,INTERESTED_IN,Portal Click,Passive,,
A26-105422,Applicant,CLB-41,INTERESTED_IN,Info Session Topic,Passive,,
A26-107036,Applicant,CLB-07,INTERESTED_IN,Application Checkbox,Explicit,,
A26-107036,Applicant,CLB-02,INTERESTED_IN,Info Session Topic,Passive,,
A26-107036,Applicant,CLB-23,INTERESTED_IN,Info Session Topic,Explicit,,
A26-107036,Applicant,CLB-22,INTERESTED_IN,Essay Mention,Passive,,
A26-105444,Applicant,CLB-23,INTERESTED_IN,Portal Click,Passive,,
A26-104627,Applicant,CLB-21,INTERESTED_IN,Application Checkbox,Passive,,
A26-104627,Applicant,CLB-17,INTERESTED_IN,Portal Click,Passive,,
A26-104627,Applicant,CLB-25,INTERESTED_IN,Essay Mention,Sustained,,
A26-100301,Applicant,CLB-11,INTERESTED_IN,Campus Visit Meeting,Passive,,
A26-100301,Applicant,CLB-31,INTERESTED_IN,Portal Click,Explicit,,
A26-100301,Applicant,CLB-09,INTERESTED_IN,Counsellor Note,Explicit,,
A26-103856,Applicant,CLB-41,INTERESTED_IN,Application Checkbox,Passive,,
A26-101347,Applicant,CLB-09,INTERESTED_IN,Campus Visit Meeting,Explicit,,
A26-101328,Applicant,CLB-25,INTERESTED_IN,Campus Visit Meeting,Explicit,,
A26-100903,Applicant,CLB-02,INTERESTED_IN,Portal Click,Explicit,,
A26-100903,Applicant,CLB-17,INTERESTED_IN,Application Checkbox,Sustained,,
A26-100903,Applicant,CLB-14,INTERESTED_IN,Info Session Topic,Explicit,,
A26-100903,Applicant,CLB-08,INTERESTED_IN,Portal Click,Passive,,
A26-107451,Applicant,CLB-29,INTERESTED_IN,Essay Mention,Passive,,
A26-108311,Applicant,CLB-03,INTERESTED_IN,Portal Click,Sustained,,
A26-108311,Applicant,CLB-16,INTERESTED_IN,Application Checkbox,Passive,,
A26-102277,Applicant,CLB-27,INTERESTED_IN,Info Session Topic,Passive,,
A26-102277,Applicant,CLB-07,INTERESTED_IN,Campus Visit Meeting,Explicit,,
A26-102277,Applicant,CLB-23,INTERESTED_IN,Portal Click,Sustained,,
A26-102962,Applicant,CLB-11,INTERESTED_IN,Application Checkbox,Explicit,,
A26-102962,Applicant,CLB-01,INTERESTED_IN,Essay Mention,Explicit,,
A26-102369,Applicant,CLB-11,INTERESTED_IN,Campus Visit Meeting,Explicit,,
A26-102369,Applicant,CLB-25,INTERESTED_IN,Campus Visit Meeting,Passive,,
A26-102369,Applicant,CLB-31,INTERESTED_IN,Application Checkbox,Explicit,,
A26-102369,Applicant,CLB-24,INTERESTED_IN,Info Session Topic,Passive,,
A26-104683,Applicant,CLB-04,INTERESTED_IN,Campus Visit Meeting,Explicit,,
A26-100124,Applicant,CLB-14,INTERESTED_IN,Application Checkbox,Explicit,,
A26-100124,Applicant,CLB-36,INTERESTED_IN,Counsellor Note,Explicit,,
A26-100124,Applicant,CLB-23,INTERESTED_IN,Essay Mention,Passive,,
A26-102713,Applicant,CLB-28,INTERESTED_IN,Application Checkbox,Explicit,,
A26-102713,Applicant,CLB-09,INTERESTED_IN,Portal Click,Explicit,,
A26-102713,Applicant,CLB-12,INTERESTED_IN,Info Session Topic,Passive,,
A26-103737,Applicant,CLB-39,INTERESTED_IN,Application Checkbox,Explicit,,
A26-103737,Applicant,CLB-01,INTERESTED_IN,Portal Click,Explicit,,
A26-101201,Applicant,CLB-28,INTERESTED_IN,Info Session Topic,Explicit,,
A26-101195,Applicant,CLB-24,INTERESTED_IN,Info Session Topic,Passive,,
A26-101195,Applicant,CLB-11,INTERESTED_IN,Info Session Topic,Explicit,,
A26-103139,Applicant,CLB-15,INTERESTED_IN,Info Session Topic,Passive,,
A26-103139,Applicant,CLB-26,INTERESTED_IN,Campus Visit Meeting,Passive,,
A26-104976,Applicant,CLB-14,INTERESTED_IN,Essay Mention,Passive,,
A26-104976,Applicant,CLB-29,INTERESTED_IN,Essay Mention,Explicit,,
A26-106842,Applicant,CLB-32,INTERESTED_IN,Portal Click,Passive,,
A26-100992,Applicant,CLB-23,INTERESTED_IN,Essay Mention,Sustained,,
A26-103073,Applicant,CLB-15,INTERESTED_IN,Application Checkbox,Explicit,,
A26-103073,Applicant,CLB-01,INTERESTED_IN,Campus Visit Meeting,Sustained,,
A26-103073,Applicant,CLB-14,INTERESTED_IN,Essay Mention,Explicit,,
A26-105892,Applicant,CLB-26,INTERESTED_IN,Campus Visit Meeting,Explicit,,
A26-105892,Applicant,CLB-03,INTERESTED_IN,Info Session Topic,Explicit,,
A26-107790,Applicant,CLB-24,INTERESTED_IN,Essay Mention,Sustained,,
A26-107790,Applicant,CLB-03,INTERESTED_IN,Essay Mention,Explicit,,
A26-107790,Applicant,CLB-35,INTERESTED_IN,Counsellor Note,Explicit,,
A26-102886,Applicant,CLB-03,INTERESTED_IN,Portal Click,Passive,,
A26-102886,Applicant,CLB-10,INTERESTED_IN,Info Session Topic,Explicit,,
A26-104737,Applicant,CLB-17,INTERESTED_IN,Portal Click,Passive,,
A26-102359,Applicant,CLB-17,INTERESTED_IN,Portal Click,Sustained,,
A26-101333,Applicant,CLB-25,INTERESTED_IN,Portal Click,Passive,,
A26-101333,Applicant,CLB-24,INTERESTED_IN,Essay Mention,Passive,,
A26-101333,Applicant,CLB-14,INTERESTED_IN,Portal Click,Explicit,,
A26-106225,Applicant,CLB-17,INTERESTED_IN,Portal Click,Passive,,
A26-104645,Applicant,CLB-39,INTERESTED_IN,Essay Mention,Explicit,,
A26-100184,Applicant,CLB-03,INTERESTED_IN,Portal Click,Explicit,,
A26-100184,Applicant,CLB-44,INTERESTED_IN,Application Checkbox,Passive,,
A26-103132,Applicant,CLB-28,INTERESTED_IN,Info Session Topic,Passive,,
A26-103132,Applicant,CLB-32,INTERESTED_IN,Application Checkbox,Passive,,
A26-100461,Applicant,CLB-26,INTERESTED_IN,Essay Mention,Passive,,
A26-100461,Applicant,CLB-09,INTERESTED_IN,Info Session Topic,Passive,,
A26-103520,Applicant,CLB-17,INTERESTED_IN,Portal Click,Passive,,
A26-103520,Applicant,CLB-01,INTERESTED_IN,Info Session Topic,Explicit,,
A26-104857,Applicant,CLB-03,INTERESTED_IN,Campus Visit Meeting,Explicit,,
A26-104857,Applicant,CLB-05,INTERESTED_IN,Portal Click,Explicit,,
A26-104140,Applicant,CLB-17,INTERESTED_IN,Essay Mention,Explicit,,
A26-104140,Applicant,CLB-23,INTERESTED_IN,Info Session Topic,Explicit,,
A26-104140,Applicant,CLB-36,INTERESTED_IN,Portal Click,Passive,,
A26-104140,Applicant,CLB-14,INTERESTED_IN,Essay Mention,Explicit,,
A26-107372,Applicant,CLB-23,INTERESTED_IN,Essay Mention,Explicit,,
A26-107372,Applicant,CLB-01,INTERESTED_IN,Portal Click,Passive,,
A26-107372,Applicant,CLB-25,INTERESTED_IN,Portal Click,Passive,,
A26-106852,Applicant,CLB-21,INTERESTED_IN,Application Checkbox,Passive,,
A26-106852,Applicant,CLB-23,INTERESTED_IN,Counsellor Note,Passive,,
A26-105903,Applicant,CLB-02,INTERESTED_IN,Portal Click,Sustained,,
A26-103496,Applicant,CLB-37,INTERESTED_IN,Portal Click,Passive,,
A26-101809,Applicant,CLB-10,INTERESTED_IN,Application Checkbox,Sustained,,
A26-106072,Applicant,CLB-24,INTERESTED_IN,Portal Click,Passive,,
A26-100412,Applicant,CLB-23,INTERESTED_IN,Portal Click,Explicit,,
A26-107729,Applicant,CLB-02,INTERESTED_IN,Portal Click,Explicit,,
A26-107344,Applicant,CLB-15,INTERESTED_IN,Campus Visit Meeting,Explicit,,
A26-107344,Applicant,CLB-08,INTERESTED_IN,Counsellor Note,Passive,,
A26-107344,Applicant,CLB-20,INTERESTED_IN,Application Checkbox,Explicit,,
A26-105000,Applicant,CLB-09,INTERESTED_IN,Application Checkbox,Explicit,,
A26-104252,Applicant,CLB-20,INTERESTED_IN,Essay Mention,Sustained,,
A26-104252,Applicant,CLB-07,INTERESTED_IN,Portal Click,Passive,,
A26-105832,Applicant,CLB-05,INTERESTED_IN,Portal Click,Passive,,
A26-108079,Applicant,CLB-23,INTERESTED_IN,Essay Mention,Passive,,
A26-108079,Applicant,CLB-22,INTERESTED_IN,Essay Mention,Passive,,
A26-102415,Applicant,CLB-14,INTERESTED_IN,Portal Click,Explicit,,
A26-102415,Applicant,CLB-29,INTERESTED_IN,Info Session Topic,Explicit,,
A26-105613,Applicant,CLB-09,INTERESTED_IN,Portal Click,Passive,,
A26-105613,Applicant,CLB-06,INTERESTED_IN,Info Session Topic,Passive,,
A26-100694,Applicant,CLB-23,INTERESTED_IN,Portal Click,Sustained,,
A26-100694,Applicant,CLB-01,INTERESTED_IN,Info Session Topic,Passive,,
A26-103405,Applicant,CLB-26,INTERESTED_IN,Portal Click,Sustained,,
A26-106998,Applicant,CLB-14,INTERESTED_IN,Application Checkbox,Explicit,,
A26-106998,Applicant,CLB-23,INTERESTED_IN,Application Checkbox,Sustained,,
A26-103057,Applicant,CLB-02,INTERESTED_IN,Application Checkbox,Explicit,,
A26-103057,Applicant,CLB-23,INTERESTED_IN,Portal Click,Passive,,
A26-103057,Applicant,CLB-14,INTERESTED_IN,Portal Click,Explicit,,
A26-105841,Applicant,CLB-22,INTERESTED_IN,Application Checkbox,Sustained,,
A26-105841,Applicant,CLB-36,INTERESTED_IN,Info Session Topic,Passive,,
A26-105841,Applicant,CLB-04,INTERESTED_IN,Info Session Topic,Explicit,,
A26-105841,Applicant,CLB-11,INTERESTED_IN,Campus Visit Meeting,Sustained,,
A26-101904,Applicant,CLB-23,INTERESTED_IN,Info Session Topic,Passive,,
A26-105098,Applicant,CLB-09,INTERESTED_IN,Essay Mention,Passive,,
A26-105098,Applicant,CLB-17,INTERESTED_IN,Counsellor Note,Explicit,,
A26-102174,Applicant,CLB-14,INTERESTED_IN,Counsellor Note,Explicit,,
A26-102174,Applicant,CLB-17,INTERESTED_IN,Info Session Topic,Passive,,
A26-103228,Applicant,CLB-39,INTERESTED_IN,Portal Click,Passive,,
A26-103228,Applicant,CLB-11,INTERESTED_IN,Portal Click,Passive,,
A26-103228,Applicant,CLB-23,INTERESTED_IN,Info Session Topic,Passive,,
A26-103469,Applicant,CLB-14,INTERESTED_IN,Application Checkbox,Explicit,,
A26-103469,Applicant,CLB-23,INTERESTED_IN,Application Checkbox,Passive,,
A26-103469,Applicant,CLB-37,INTERESTED_IN,Info Session Topic,Sustained,,
A26-105315,Applicant,CLB-19,INTERESTED_IN,Portal Click,Sustained,,
A26-105315,Applicant,CLB-22,INTERESTED_IN,Portal Click,Passive,,
A26-105315,Applicant,CLB-21,INTERESTED_IN,Counsellor Note,Passive,,
A26-105917,Applicant,CLB-29,INTERESTED_IN,Essay Mention,Explicit,,
A26-100038,Applicant,CLB-04,INTERESTED_IN,Counsellor Note,Passive,,
A26-100038,Applicant,CLB-10,INTERESTED_IN,Portal Click,Passive,,
A26-100170,Applicant,CLB-25,INTERESTED_IN,Essay Mention,Passive,,
A26-103947,Applicant,CLB-10,INTERESTED_IN,Portal Click,Passive,,
A26-103947,Applicant,CLB-09,INTERESTED_IN,Portal Click,Passive,,
A26-106668,Applicant,CLB-05,INTERESTED_IN,Portal Click,Passive,,
A26-106668,Applicant,CLB-33,INTERESTED_IN,Portal Click,Explicit,,
A26-107143,Applicant,CLB-05,INTERESTED_IN,Portal Click,Explicit,,
A26-106721,Applicant,CLB-12,INTERESTED_IN,Application Checkbox,Explicit,,
A26-106721,Applicant,CLB-31,INTERESTED_IN,Portal Click,Passive,,
A26-104093,Applicant,CLB-01,INTERESTED_IN,Essay Mention,Sustained,,
A26-104093,Applicant,CLB-10,INTERESTED_IN,Essay Mention,Explicit,,
A26-106271,Applicant,CLB-11,INTERESTED_IN,Campus Visit Meeting,Passive,,
A26-106745,Applicant,CLB-04,INTERESTED_IN,Campus Visit Meeting,Passive,,
A26-100062,Applicant,CLB-11,INTERESTED_IN,Application Checkbox,Passive,,
A26-100062,Applicant,CLB-23,INTERESTED_IN,Campus Visit Meeting,Sustained,,
A26-100062,Applicant,CLB-39,INTERESTED_IN,Essay Mention,Passive,,
A26-101593,Applicant,CLB-39,INTERESTED_IN,Campus Visit Meeting,Explicit,,
A26-101593,Applicant,CLB-01,INTERESTED_IN,Portal Click,Passive,,
A26-101296,Applicant,CLB-01,INTERESTED_IN,Essay Mention,Passive,,
A26-101981,Applicant,CLB-01,INTERESTED_IN,Portal Click,Explicit,,
A26-101981,Applicant,CLB-39,INTERESTED_IN,Campus Visit Meeting,Passive,,
A26-108240,Applicant,CLB-10,INTERESTED_IN,Campus Visit Meeting,Passive,,
A26-103789,Applicant,CLB-29,INTERESTED_IN,Essay Mention,Passive,,
A26-107489,Applicant,CLB-26,INTERESTED_IN,Info Session Topic,Passive,,
A26-105011,Applicant,CLB-15,INTERESTED_IN,Application Checkbox,Explicit,,
A26-106767,Applicant,CLB-03,INTERESTED_IN,Portal Click,Passive,,
A26-106053,Applicant,CLB-03,INTERESTED_IN,Portal Click,Explicit,,
A26-106053,Applicant,CLB-29,INTERESTED_IN,Portal Click,Sustained,,
A26-106053,Applicant,CLB-23,INTERESTED_IN,Application Checkbox,Explicit,,
A26-101206,Applicant,CLB-12,INTERESTED_IN,Info Session Topic,Sustained,,
A26-107242,Applicant,CLB-02,INTERESTED_IN,Info Session Topic,Sustained,,
A26-101628,Applicant,CLB-01,INTERESTED_IN,Application Checkbox,Explicit,,
A26-106888,Applicant,CLB-26,INTERESTED_IN,Info Session Topic,Passive,,
A26-106888,Applicant,CLB-37,INTERESTED_IN,Application Checkbox,Passive,,
A26-101519,Applicant,CLB-23,INTERESTED_IN,Counsellor Note,Passive,,
A26-101519,Applicant,CLB-29,INTERESTED_IN,Portal Click,Explicit,,
A26-101519,Applicant,CLB-14,INTERESTED_IN,Portal Click,Explicit,,
A26-102696,Applicant,CLB-17,INTERESTED_IN,Campus Visit Meeting,Sustained,,
A26-100747,Applicant,CLB-17,INTERESTED_IN,Campus Visit Meeting,Explicit,,
A26-100747,Applicant,CLB-26,INTERESTED_IN,Application Checkbox,Explicit,,
A26-106126,Applicant,CLB-11,INTERESTED_IN,Campus Visit Meeting,Sustained,,
A26-103930,Applicant,CLB-27,INTERESTED_IN,Info Session Topic,Sustained,,
A26-103930,Applicant,CLB-11,INTERESTED_IN,Counsellor Note,Explicit,,
A26-100296,Applicant,CLB-23,INTERESTED_IN,Portal Click,Passive,,
A26-100296,Applicant,CLB-26,INTERESTED_IN,Application Checkbox,Explicit,,
A26-100296,Applicant,CLB-13,INTERESTED_IN,Campus Visit Meeting,Passive,,
A26-100147,Applicant,CLB-09,INTERESTED_IN,Portal Click,Sustained,,
A26-100147,Applicant,CLB-10,INTERESTED_IN,Info Session Topic,Explicit,,
A26-108299,Applicant,CLB-14,INTERESTED_IN,Portal Click,Passive,,
A26-108299,Applicant,CLB-25,INTERESTED_IN,Application Checkbox,Explicit,,
A26-108299,Applicant,CLB-15,INTERESTED_IN,Application Checkbox,Explicit,,
A26-100884,Applicant,CLB-10,INTERESTED_IN,Info Session Topic,Explicit,,
A26-100884,Applicant,CLB-09,INTERESTED_IN,Application Checkbox,Sustained,,
A26-106601,Applicant,CLB-19,INTERESTED_IN,Essay Mention,Passive,,
A26-105481,Applicant,CLB-22,INTERESTED_IN,Essay Mention,Passive,,
A26-105481,Applicant,CLB-41,INTERESTED_IN,Portal Click,Passive,,
A26-105481,Applicant,CLB-13,INTERESTED_IN,Info Session Topic,Explicit,,
A26-101383,Applicant,CLB-17,INTERESTED_IN,Application Checkbox,Explicit,,
A26-103654,Applicant,CLB-23,INTERESTED_IN,Application Checkbox,Passive,,
A26-102223,Applicant,CLB-17,INTERESTED_IN,Portal Click,Explicit,,
A26-102223,Applicant,CLB-02,INTERESTED_IN,Application Checkbox,Explicit,,
A26-101110,Applicant,CLB-10,INTERESTED_IN,Portal Click,Explicit,,
A26-104462,Applicant,CLB-09,INTERESTED_IN,Portal Click,Sustained,,
A26-107654,Applicant,CLB-14,INTERESTED_IN,Essay Mention,Passive,,
A26-107654,Applicant,CLB-07,INTERESTED_IN,Info Session Topic,Passive,,
A26-107654,Applicant,CLB-26,INTERESTED_IN,Essay Mention,Passive,,
A26-106859,Applicant,CLB-09,INTERESTED_IN,Portal Click,Passive,,
A26-106859,Applicant,CLB-15,INTERESTED_IN,Essay Mention,Passive,,
A26-107562,Applicant,CLB-11,INTERESTED_IN,Application Checkbox,Explicit,,
A26-107562,Applicant,CLB-31,INTERESTED_IN,Info Session Topic,Sustained,,
A26-107562,Applicant,CLB-05,INTERESTED_IN,Portal Click,Explicit,,
A26-103939,Applicant,CLB-12,INTERESTED_IN,Campus Visit Meeting,Explicit,,
A26-103939,Applicant,CLB-37,INTERESTED_IN,Essay Mention,Passive,,
A26-107255,Applicant,CLB-15,INTERESTED_IN,Info Session Topic,Sustained,,
A26-107255,Applicant,CLB-11,INTERESTED_IN,Info Session Topic,Explicit,,
A26-107255,Applicant,CLB-09,INTERESTED_IN,Application Checkbox,Sustained,,
A26-107255,Applicant,CLB-03,INTERESTED_IN,Info Session Topic,Explicit,,
A26-108088,Applicant,CLB-41,INTERESTED_IN,Application Checkbox,Explicit,,
A26-100240,Applicant,CLB-27,INTERESTED_IN,Essay Mention,Explicit,,
A26-100240,Applicant,CLB-29,INTERESTED_IN,Portal Click,Explicit,,
A26-106609,Applicant,CLB-40,INTERESTED_IN,Essay Mention,Passive,,
A26-102068,Applicant,CLB-14,INTERESTED_IN,Info Session Topic,Explicit,,
A26-102068,Applicant,CLB-22,INTERESTED_IN,Info Session Topic,Passive,,
A26-102948,Applicant,CLB-06,INTERESTED_IN,Application Checkbox,Explicit,,
A26-101499,Applicant,CLB-11,INTERESTED_IN,Essay Mention,Passive,,
A26-101499,Applicant,CLB-37,INTERESTED_IN,Portal Click,Passive,,
A26-101499,Applicant,CLB-44,INTERESTED_IN,Application Checkbox,Explicit,,
A26-107522,Applicant,CLB-05,INTERESTED_IN,Info Session Topic,Explicit,,
A26-107522,Applicant,CLB-22,INTERESTED_IN,Portal Click,Explicit,,
A26-102337,Applicant,CLB-10,INTERESTED_IN,Campus Visit Meeting,Explicit,,
A26-104565,Applicant,CLB-32,INTERESTED_IN,Essay Mention,Explicit,,
A26-101393,Applicant,CLB-02,INTERESTED_IN,Essay Mention,Explicit,,
A26-101393,Applicant,CLB-07,INTERESTED_IN,Essay Mention,Passive,,
A26-103583,Applicant,CLB-23,INTERESTED_IN,Application Checkbox,Sustained,,
A26-103583,Applicant,CLB-25,INTERESTED_IN,Essay Mention,Sustained,,
A26-103583,Applicant,CLB-29,INTERESTED_IN,Info Session Topic,Passive,,
A26-108330,Applicant,CLB-17,INTERESTED_IN,Application Checkbox,Explicit,,
A26-108330,Applicant,CLB-09,INTERESTED_IN,Portal Click,Passive,,
A26-102424,Applicant,CLB-40,INTERESTED_IN,Essay Mention,Sustained,,
A26-102424,Applicant,CLB-05,INTERESTED_IN,Application Checkbox,Explicit,,
A26-102424,Applicant,CLB-21,INTERESTED_IN,Portal Click,Sustained,,
A26-106066,Applicant,CLB-14,INTERESTED_IN,Counsellor Note,Passive,,
A26-106066,Applicant,CLB-23,INTERESTED_IN,Info Session Topic,Sustained,,
A26-106308,Applicant,CLB-40,INTERESTED_IN,Portal Click,Sustained,,
A26-106308,Applicant,CLB-09,INTERESTED_IN,Portal Click,Sustained,,
A26-106308,Applicant,CLB-23,INTERESTED_IN,Portal Click,Explicit,,
A26-103298,Applicant,CLB-14,INTERESTED_IN,Counsellor Note,Passive,,
A26-103298,Applicant,CLB-24,INTERESTED_IN,Application Checkbox,Passive,,
A26-102688,Applicant,CLB-23,INTERESTED_IN,Info Session Topic,Explicit,,
A26-102688,Applicant,CLB-39,INTERESTED_IN,Portal Click,Explicit,,
A26-105760,Applicant,CLB-28,INTERESTED_IN,Campus Visit Meeting,Passive,,
A26-105760,Applicant,CLB-21,INTERESTED_IN,Info Session Topic,Explicit,,
A26-100891,Applicant,CLB-11,INTERESTED_IN,Info Session Topic,Sustained,,
A26-100891,Applicant,CLB-10,INTERESTED_IN,Info Session Topic,Sustained,,
A26-100891,Applicant,CLB-27,INTERESTED_IN,Essay Mention,Sustained,,
A26-100891,Applicant,CLB-23,INTERESTED_IN,Application Checkbox,Passive,,
A26-106404,Applicant,CLB-17,INTERESTED_IN,Essay Mention,Passive,,
A26-106404,Applicant,CLB-38,INTERESTED_IN,Application Checkbox,Passive,,
A26-108110,Applicant,CLB-23,INTERESTED_IN,Essay Mention,Explicit,,
A26-108110,Applicant,CLB-14,INTERESTED_IN,Portal Click,Passive,,
A26-108077,Applicant,CLB-14,INTERESTED_IN,Portal Click,Explicit,,
A26-108077,Applicant,CLB-23,INTERESTED_IN,Campus Visit Meeting,Explicit,,
A26-108077,Applicant,CLB-22,INTERESTED_IN,Campus Visit Meeting,Passive,,
A26-108077,Applicant,CLB-07,INTERESTED_IN,Portal Click,Passive,,
A26-104435,Applicant,CLB-10,INTERESTED_IN,Portal Click,Passive,,
A26-104435,Applicant,CLB-23,INTERESTED_IN,Portal Click,Explicit,,
A26-108165,Applicant,CLB-19,INTERESTED_IN,Info Session Topic,Explicit,,
A26-103573,Applicant,CLB-27,INTERESTED_IN,Essay Mention,Explicit,,
A26-100717,Applicant,CLB-36,INTERESTED_IN,Application Checkbox,Sustained,,
A26-106749,Applicant,CLB-08,INTERESTED_IN,Application Checkbox,Explicit,,
A26-106749,Applicant,CLB-23,INTERESTED_IN,Essay Mention,Passive,,
A26-100025,Applicant,CLB-35,INTERESTED_IN,Application Checkbox,Sustained,,
A26-100025,Applicant,CLB-09,INTERESTED_IN,Counsellor Note,Sustained,,
A26-105323,Applicant,CLB-17,INTERESTED_IN,Campus Visit Meeting,Explicit,,
A26-105323,Applicant,CLB-13,INTERESTED_IN,Essay Mention,Passive,,
A26-106475,Applicant,CLB-14,INTERESTED_IN,Portal Click,Passive,,
A26-106475,Applicant,CLB-23,INTERESTED_IN,Essay Mention,Explicit,,
A26-106475,Applicant,CLB-39,INTERESTED_IN,Campus Visit Meeting,Explicit,,
A26-106475,Applicant,CLB-37,INTERESTED_IN,Info Session Topic,Sustained,,
A26-105727,Applicant,CLB-15,INTERESTED_IN,Essay Mention,Sustained,,
A26-105727,Applicant,CLB-23,INTERESTED_IN,Portal Click,Sustained,,
A26-107390,Applicant,CLB-10,INTERESTED_IN,Portal Click,Passive,,
A26-101538,Applicant,CLB-14,INTERESTED_IN,Campus Visit Meeting,Explicit,,
A26-101538,Applicant,CLB-17,INTERESTED_IN,Essay Mention,Sustained,,
A26-104397,Applicant,CLB-14,INTERESTED_IN,Info Session Topic,Passive,,
A26-104397,Applicant,CLB-19,INTERESTED_IN,Counsellor Note,Passive,,
A26-101934,Applicant,CLB-39,INTERESTED_IN,Portal Click,Passive,,
A26-101934,Applicant,CLB-17,INTERESTED_IN,Application Checkbox,Explicit,,
A26-103174,Applicant,CLB-32,INTERESTED_IN,Application Checkbox,Passive,,
A26-103174,Applicant,CLB-37,INTERESTED_IN,Portal Click,Explicit,,
A26-107878,Applicant,CLB-04,INTERESTED_IN,Portal Click,Passive,,
A26-107878,Applicant,CLB-29,INTERESTED_IN,Info Session Topic,Passive,,
A26-107878,Applicant,CLB-01,INTERESTED_IN,Portal Click,Passive,,
A26-100853,Applicant,CLB-41,INTERESTED_IN,Portal Click,Sustained,,
A26-100853,Applicant,CLB-13,INTERESTED_IN,Application Checkbox,Explicit,,
A26-100853,Applicant,CLB-23,INTERESTED_IN,Portal Click,Passive,,
A26-106632,Applicant,CLB-01,INTERESTED_IN,Info Session Topic,Passive,,
A26-106632,Applicant,CLB-13,INTERESTED_IN,Info Session Topic,Passive,,
A26-104546,Applicant,CLB-14,INTERESTED_IN,Info Session Topic,Passive,,
A26-104546,Applicant,CLB-15,INTERESTED_IN,Application Checkbox,Passive,,
A26-107331,Applicant,CLB-13,INTERESTED_IN,Info Session Topic,Passive,,
A26-107331,Applicant,CLB-40,INTERESTED_IN,Application Checkbox,Sustained,,
A26-106339,Applicant,CLB-22,INTERESTED_IN,Application Checkbox,Passive,,
A26-106339,Applicant,CLB-23,INTERESTED_IN,Portal Click,Sustained,,
A26-106339,Applicant,CLB-14,INTERESTED_IN,Info Session Topic,Explicit,,
A26-106339,Applicant,CLB-02,INTERESTED_IN,Portal Click,Passive,,
A26-107179,Applicant,CLB-43,INTERESTED_IN,Application Checkbox,Passive,,
A26-107179,Applicant,CLB-04,INTERESTED_IN,Portal Click,Passive,,
A26-107179,Applicant,CLB-01,INTERESTED_IN,Application Checkbox,Passive,,
A26-104933,Applicant,CLB-15,INTERESTED_IN,Application Checkbox,Explicit,,
A26-107417,Applicant,CLB-39,INTERESTED_IN,Portal Click,Explicit,,
A26-107309,Applicant,CLB-05,INTERESTED_IN,Portal Click,Passive,,
A26-107309,Applicant,CLB-19,INTERESTED_IN,Essay Mention,Passive,,
A26-107309,Applicant,CLB-44,INTERESTED_IN,Portal Click,Passive,,
A26-102851,Applicant,CLB-14,INTERESTED_IN,Campus Visit Meeting,Passive,,
A26-102851,Applicant,CLB-22,INTERESTED_IN,Info Session Topic,Passive,,
A26-100014,Applicant,CLB-11,INTERESTED_IN,Portal Click,Sustained,,
A26-100014,Applicant,CLB-39,INTERESTED_IN,Portal Click,Passive,,
A26-100014,Applicant,CLB-38,INTERESTED_IN,Portal Click,Passive,,
A26-100734,Applicant,CLB-29,INTERESTED_IN,Application Checkbox,Sustained,,
A26-100734,Applicant,CLB-28,INTERESTED_IN,Info Session Topic,Explicit,,
A26-100734,Applicant,CLB-23,INTERESTED_IN,Application Checkbox,Passive,,
A26-100734,Applicant,CLB-25,INTERESTED_IN,Portal Click,Passive,,
A26-101734,Applicant,CLB-39,INTERESTED_IN,Application Checkbox,Explicit,,
A26-101734,Applicant,CLB-44,INTERESTED_IN,Application Checkbox,Passive,,
A26-107338,Applicant,CLB-14,INTERESTED_IN,Essay Mention,Explicit,,
A26-102052,Applicant,CLB-04,INTERESTED_IN,Portal Click,Passive,,
A26-102052,Applicant,CLB-15,INTERESTED_IN,Essay Mention,Sustained,,
A26-102052,Applicant,CLB-29,INTERESTED_IN,Essay Mention,Passive,,
A26-106915,Applicant,CLB-02,INTERESTED_IN,Essay Mention,Passive,,
A26-106915,Applicant,CLB-39,INTERESTED_IN,Campus Visit Meeting,Sustained,,
A26-105496,Applicant,CLB-05,INTERESTED_IN,Portal Click,Passive,,
A26-105496,Applicant,CLB-24,INTERESTED_IN,Portal Click,Passive,,
A26-101017,Applicant,CLB-12,INTERESTED_IN,Application Checkbox,Passive,,
A26-101017,Applicant,CLB-10,INTERESTED_IN,Portal Click,Sustained,,
A26-101017,Applicant,CLB-44,INTERESTED_IN,Essay Mention,Explicit,,
A26-104624,Applicant,CLB-11,INTERESTED_IN,Info Session Topic,Passive,,
A26-104624,Applicant,CLB-09,INTERESTED_IN,Portal Click,Passive,,
A26-104624,Applicant,CLB-14,INTERESTED_IN,Portal Click,Passive,,
A26-108049,Applicant,CLB-22,INTERESTED_IN,Campus Visit Meeting,Passive,,
A26-108049,Applicant,CLB-24,INTERESTED_IN,Portal Click,Passive,,
A26-108049,Applicant,CLB-17,INTERESTED_IN,Info Session Topic,Passive,,
A26-104409,Applicant,CLB-19,INTERESTED_IN,Application Checkbox,Explicit,,
A26-102606,Applicant,CLB-09,INTERESTED_IN,Counsellor Note,Passive,,
A26-102606,Applicant,CLB-02,INTERESTED_IN,Portal Click,Explicit,,
A26-101796,Applicant,CLB-23,INTERESTED_IN,Application Checkbox,Sustained,,
A26-100489,Applicant,CLB-14,INTERESTED_IN,Portal Click,Passive,,
A26-100489,Applicant,CLB-02,INTERESTED_IN,Essay Mention,Sustained,,
A26-105231,Applicant,CLB-01,INTERESTED_IN,Portal Click,Passive,,
A26-105231,Applicant,CLB-39,INTERESTED_IN,Portal Click,Sustained,,
A26-108063,Applicant,CLB-01,INTERESTED_IN,Portal Click,Passive,,
A26-108063,Applicant,CLB-23,INTERESTED_IN,Portal Click,Sustained,,
A26-108063,Applicant,CLB-26,INTERESTED_IN,Info Session Topic,Sustained,,
A26-100347,Applicant,CLB-39,INTERESTED_IN,Portal Click,Explicit,,
A26-102104,Applicant,CLB-10,INTERESTED_IN,Campus Visit Meeting,Passive,,
A26-102104,Applicant,CLB-23,INTERESTED_IN,Info Session Topic,Passive,,
A26-103209,Applicant,CLB-17,INTERESTED_IN,Campus Visit Meeting,Explicit,,
A26-103209,Applicant,CLB-07,INTERESTED_IN,Portal Click,Passive,,
A26-104654,Applicant,CLB-17,INTERESTED_IN,Portal Click,Passive,,
A26-104204,Applicant,CLB-26,INTERESTED_IN,Application Checkbox,Passive,,
A26-104204,Applicant,CLB-38,INTERESTED_IN,Info Session Topic,Sustained,,
A26-104204,Applicant,CLB-23,INTERESTED_IN,Info Session Topic,Explicit,,
A26-106249,Applicant,CLB-03,INTERESTED_IN,Essay Mention,Explicit,,
A26-100868,Applicant,CLB-14,INTERESTED_IN,Portal Click,Explicit,,
A26-100868,Applicant,CLB-09,INTERESTED_IN,Application Checkbox,Passive,,
A26-100868,Applicant,CLB-02,INTERESTED_IN,Portal Click,Explicit,,
A26-102583,Applicant,CLB-14,INTERESTED_IN,Campus Visit Meeting,Passive,,
A26-102583,Applicant,CLB-24,INTERESTED_IN,Portal Click,Explicit,,
A26-103810,Applicant,CLB-07,INTERESTED_IN,Portal Click,Explicit,,
A26-103810,Applicant,CLB-36,INTERESTED_IN,Info Session Topic,Passive,,
A26-105356,Applicant,CLB-19,INTERESTED_IN,Info Session Topic,Passive,,
A26-105642,Applicant,CLB-40,INTERESTED_IN,Counsellor Note,Explicit,,
A26-105642,Applicant,CLB-05,INTERESTED_IN,Application Checkbox,Passive,,
A26-105642,Applicant,CLB-14,INTERESTED_IN,Counsellor Note,Passive,,
A26-105642,Applicant,CLB-08,INTERESTED_IN,Info Session Topic,Passive,,
A26-104003,Applicant,CLB-13,INTERESTED_IN,Application Checkbox,Explicit,,
A26-104003,Applicant,CLB-07,INTERESTED_IN,Campus Visit Meeting,Explicit,,
A26-108228,Applicant,CLB-24,INTERESTED_IN,Essay Mention,Passive,,
A26-108228,Applicant,CLB-37,INTERESTED_IN,Portal Click,Passive,,
A26-102539,Applicant,CLB-07,INTERESTED_IN,Essay Mention,Passive,,
A26-106037,Applicant,CLB-05,INTERESTED_IN,Info Session Topic,Explicit,,
A26-106001,Applicant,CLB-17,INTERESTED_IN,Counsellor Note,Explicit,,
A26-103549,Applicant,CLB-17,INTERESTED_IN,Info Session Topic,Sustained,,
A26-103549,Applicant,CLB-14,INTERESTED_IN,Portal Click,Explicit,,
A26-103549,Applicant,CLB-24,INTERESTED_IN,Portal Click,Passive,,
A26-103549,Applicant,CLB-02,INTERESTED_IN,Portal Click,Passive,,
A26-102823,Applicant,CLB-02,INTERESTED_IN,Portal Click,Passive,,
A26-103044,Applicant,CLB-13,INTERESTED_IN,Info Session Topic,Passive,,
A26-103044,Applicant,CLB-41,INTERESTED_IN,Campus Visit Meeting,Explicit,,
A26-105986,Applicant,CLB-17,INTERESTED_IN,Portal Click,Explicit,,
A26-105986,Applicant,CLB-02,INTERESTED_IN,Application Checkbox,Passive,,
A26-105704,Applicant,CLB-36,INTERESTED_IN,Portal Click,Passive,,
A26-105704,Applicant,CLB-11,INTERESTED_IN,Portal Click,Explicit,,
A26-103836,Applicant,CLB-17,INTERESTED_IN,Portal Click,Explicit,,
A26-107713,Applicant,CLB-44,INTERESTED_IN,Info Session Topic,Passive,,
A26-107713,Applicant,CLB-05,INTERESTED_IN,Portal Click,Sustained,,
A26-107713,Applicant,CLB-12,INTERESTED_IN,Essay Mention,Explicit,,
A26-107713,Applicant,CLB-39,INTERESTED_IN,Essay Mention,Explicit,,
A26-103446,Applicant,CLB-21,INTERESTED_IN,Essay Mention,Passive,,
A26-103446,Applicant,CLB-17,INTERESTED_IN,Essay Mention,Explicit,,
A26-101415,Applicant,CLB-23,INTERESTED_IN,Portal Click,Explicit,,
A26-107093,Applicant,CLB-01,INTERESTED_IN,Info Session Topic,Explicit,,
A26-107093,Applicant,CLB-14,INTERESTED_IN,Counsellor Note,Sustained,,
A26-107093,Applicant,CLB-36,INTERESTED_IN,Essay Mention,Explicit,,
A26-101249,Applicant,CLB-05,INTERESTED_IN,Portal Click,Passive,,
A26-101249,Applicant,CLB-33,INTERESTED_IN,Application Checkbox,Explicit,,
A26-103178,Applicant,CLB-07,INTERESTED_IN,Essay Mention,Explicit,,
A26-103178,Applicant,CLB-05,INTERESTED_IN,Portal Click,Passive,,
A26-108305,Applicant,CLB-24,INTERESTED_IN,Portal Click,Passive,,
A26-108305,Applicant,CLB-14,INTERESTED_IN,Portal Click,Passive,,
A26-105589,Applicant,CLB-17,INTERESTED_IN,Counsellor Note,Passive,,
A26-105589,Applicant,CLB-29,INTERESTED_IN,Essay Mention,Sustained,,
A26-105589,Applicant,CLB-39,INTERESTED_IN,Portal Click,Passive,,
A26-104008,Applicant,CLB-12,INTERESTED_IN,Essay Mention,Explicit,,
A26-104008,Applicant,CLB-14,INTERESTED_IN,Info Session Topic,Explicit,,
A26-108099,Applicant,CLB-10,INTERESTED_IN,Counsellor Note,Explicit,,
A26-108099,Applicant,CLB-17,INTERESTED_IN,Portal Click,Passive,,
A26-104477,Applicant,CLB-25,INTERESTED_IN,Info Session Topic,Passive,,
A26-104477,Applicant,CLB-02,INTERESTED_IN,Counsellor Note,Passive,,
A26-104477,Applicant,CLB-14,INTERESTED_IN,Campus Visit Meeting,Passive,,
A26-104477,Applicant,CLB-22,INTERESTED_IN,Application Checkbox,Explicit,,
A26-105694,Applicant,CLB-23,INTERESTED_IN,Application Checkbox,Explicit,,
A26-107759,Applicant,CLB-02,INTERESTED_IN,Counsellor Note,Explicit,,
A26-107759,Applicant,CLB-14,INTERESTED_IN,Essay Mention,Passive,,
A26-107759,Applicant,CLB-17,INTERESTED_IN,Portal Click,Passive,,
A26-107759,Applicant,CLB-04,INTERESTED_IN,Portal Click,Sustained,,
A26-101856,Applicant,CLB-02,INTERESTED_IN,Campus Visit Meeting,Explicit,,
A26-101515,Applicant,CLB-39,INTERESTED_IN,Info Session Topic,Passive,,
A26-101515,Applicant,CLB-17,INTERESTED_IN,Portal Click,Passive,,
A26-104593,Applicant,CLB-14,INTERESTED_IN,Campus Visit Meeting,Passive,,
A26-106438,Applicant,CLB-23,INTERESTED_IN,Essay Mention,Explicit,,
A26-106438,Applicant,CLB-44,INTERESTED_IN,Essay Mention,Explicit,,
A26-101953,Applicant,CLB-22,INTERESTED_IN,Info Session Topic,Explicit,,
A26-101054,Applicant,CLB-19,INTERESTED_IN,Info Session Topic,Passive,,
A26-101054,Applicant,CLB-29,INTERESTED_IN,Info Session Topic,Passive,,
A26-107064,Applicant,CLB-24,INTERESTED_IN,Portal Click,Passive,,
A26-102383,Applicant,CLB-17,INTERESTED_IN,Essay Mention,Sustained,,
A26-102383,Applicant,CLB-05,INTERESTED_IN,Application Checkbox,Explicit,,
A26-102995,Applicant,CLB-17,INTERESTED_IN,Portal Click,Explicit,,
A26-102619,Applicant,CLB-11,INTERESTED_IN,Portal Click,Passive,,
A26-102619,Applicant,CLB-07,INTERESTED_IN,Portal Click,Explicit,,
A26-108182,Applicant,CLB-22,INTERESTED_IN,Portal Click,Explicit,,
A26-104764,Applicant,CLB-14,INTERESTED_IN,Portal Click,Passive,,
A26-104764,Applicant,CLB-03,INTERESTED_IN,Essay Mention,Passive,,
A26-103105,Applicant,CLB-28,INTERESTED_IN,Info Session Topic,Explicit,,
A26-103105,Applicant,CLB-23,INTERESTED_IN,Info Session Topic,Explicit,,
A26-103105,Applicant,CLB-09,INTERESTED_IN,Application Checkbox,Explicit,,
A26-103105,Applicant,CLB-36,INTERESTED_IN,Essay Mention,Explicit,,
A26-103875,Applicant,CLB-02,INTERESTED_IN,Portal Click,Passive,,
A26-103875,Applicant,CLB-08,INTERESTED_IN,Portal Click,Passive,,
A26-103875,Applicant,CLB-13,INTERESTED_IN,Campus Visit Meeting,Passive,,
A26-103875,Applicant,CLB-14,INTERESTED_IN,Application Checkbox,Passive,,
A26-103770,Applicant,CLB-38,INTERESTED_IN,Info Session Topic,Sustained,,
A26-103770,Applicant,CLB-08,INTERESTED_IN,Info Session Topic,Explicit,,
A26-103770,Applicant,CLB-07,INTERESTED_IN,Application Checkbox,Passive,,
A26-102591,Applicant,CLB-14,INTERESTED_IN,Campus Visit Meeting,Explicit,,
A26-102591,Applicant,CLB-12,INTERESTED_IN,Application Checkbox,Explicit,,
A26-102591,Applicant,CLB-10,INTERESTED_IN,Campus Visit Meeting,Passive,,
A26-102599,Applicant,CLB-08,INTERESTED_IN,Essay Mention,Explicit,,
A26-102599,Applicant,CLB-40,INTERESTED_IN,Campus Visit Meeting,Passive,,
A26-101174,Applicant,CLB-08,INTERESTED_IN,Application Checkbox,Explicit,,
A26-101687,Applicant,CLB-15,INTERESTED_IN,Essay Mention,Explicit,,
A26-105689,Applicant,CLB-04,INTERESTED_IN,Campus Visit Meeting,Sustained,,
A26-105689,Applicant,CLB-09,INTERESTED_IN,Portal Click,Explicit,,
A26-102543,Applicant,CLB-27,INTERESTED_IN,Application Checkbox,Explicit,,
A26-102543,Applicant,CLB-05,INTERESTED_IN,Application Checkbox,Passive,,
A26-101648,Applicant,CLB-41,INTERESTED_IN,Essay Mention,Sustained,,
A26-101648,Applicant,CLB-31,INTERESTED_IN,Campus Visit Meeting,Explicit,,
A26-102015,Applicant,CLB-07,INTERESTED_IN,Portal Click,Passive,,
A26-106088,Applicant,CLB-17,INTERESTED_IN,Application Checkbox,Passive,,
A26-106088,Applicant,CLB-31,INTERESTED_IN,Portal Click,Sustained,,
A26-106088,Applicant,CLB-28,INTERESTED_IN,Portal Click,Passive,,
A26-107703,Applicant,CLB-11,INTERESTED_IN,Essay Mention,Passive,,
A26-100660,Applicant,CLB-19,INTERESTED_IN,Application Checkbox,Explicit,,
A26-100660,Applicant,CLB-21,INTERESTED_IN,Portal Click,Sustained,,
A26-100399,Applicant,CLB-33,INTERESTED_IN,Portal Click,Passive,,
A26-100399,Applicant,CLB-05,INTERESTED_IN,Portal Click,Passive,,
A26-107245,Applicant,CLB-10,INTERESTED_IN,Portal Click,Passive,,
A26-107669,Applicant,CLB-14,INTERESTED_IN,Portal Click,Passive,,
A26-107669,Applicant,CLB-23,INTERESTED_IN,Info Session Topic,Passive,,
A26-107669,Applicant,CLB-33,INTERESTED_IN,Essay Mention,Explicit,,
A26-107669,Applicant,CLB-21,INTERESTED_IN,Info Session Topic,Sustained,,
A26-108399,Applicant,CLB-37,INTERESTED_IN,Info Session Topic,Explicit,,
A26-108399,Applicant,CLB-17,INTERESTED_IN,Info Session Topic,Explicit,,
A26-108399,Applicant,CLB-08,INTERESTED_IN,Application Checkbox,Explicit,,
A26-101610,Applicant,CLB-04,INTERESTED_IN,Portal Click,Sustained,,
A26-101610,Applicant,CLB-44,INTERESTED_IN,Application Checkbox,Sustained,,
A26-100657,Applicant,CLB-21,INTERESTED_IN,Info Session Topic,Passive,,
A26-100657,Applicant,CLB-09,INTERESTED_IN,Application Checkbox,Explicit,,
A26-107773,Applicant,CLB-17,INTERESTED_IN,Essay Mention,Passive,,
A26-101882,Applicant,CLB-18,INTERESTED_IN,Portal Click,Explicit,,
A26-101882,Applicant,CLB-24,INTERESTED_IN,Portal Click,Passive,,
A26-102214,Applicant,CLB-01,INTERESTED_IN,Portal Click,Passive,,
A26-104169,Applicant,CLB-25,INTERESTED_IN,Campus Visit Meeting,Explicit,,
A26-104169,Applicant,CLB-39,INTERESTED_IN,Essay Mention,Explicit,,
A26-104169,Applicant,CLB-01,INTERESTED_IN,Essay Mention,Passive,,
A26-106173,Applicant,CLB-05,INTERESTED_IN,Info Session Topic,Explicit,,
A26-106173,Applicant,CLB-39,INTERESTED_IN,Application Checkbox,Explicit,,
A26-107003,Applicant,CLB-23,INTERESTED_IN,Essay Mention,Passive,,
A26-107003,Applicant,CLB-04,INTERESTED_IN,Application Checkbox,Passive,,
A26-100809,Applicant,CLB-05,INTERESTED_IN,Info Session Topic,Sustained,,
A26-100809,Applicant,CLB-23,INTERESTED_IN,Application Checkbox,Explicit,,
A26-106517,Applicant,CLB-28,INTERESTED_IN,Portal Click,Passive,,
A26-105488,Applicant,CLB-21,INTERESTED_IN,Counsellor Note,Passive,,
A26-105829,Applicant,CLB-44,INTERESTED_IN,Application Checkbox,Sustained,,
A26-100632,Applicant,CLB-21,INTERESTED_IN,Info Session Topic,Passive,,
A26-100632,Applicant,CLB-08,INTERESTED_IN,Essay Mention,Passive,,
A26-104960,Applicant,CLB-23,INTERESTED_IN,Portal Click,Explicit,,
A26-101950,Applicant,CLB-14,INTERESTED_IN,Portal Click,Explicit,,
A26-101950,Applicant,CLB-04,INTERESTED_IN,Campus Visit Meeting,Explicit,,
A26-100502,Applicant,CLB-23,INTERESTED_IN,Portal Click,Explicit,,
A26-100502,Applicant,CLB-17,INTERESTED_IN,Info Session Topic,Passive,,
A26-100502,Applicant,CLB-22,INTERESTED_IN,Portal Click,Explicit,,
A26-103820,Applicant,CLB-22,INTERESTED_IN,Application Checkbox,Explicit,,
A26-103820,Applicant,CLB-23,INTERESTED_IN,Campus Visit Meeting,Sustained,,
A26-105398,Applicant,CLB-13,INTERESTED_IN,Essay Mention,Explicit,,
A26-105398,Applicant,CLB-41,INTERESTED_IN,Essay Mention,Passive,,
A26-102158,Applicant,CLB-14,INTERESTED_IN,Application Checkbox,Sustained,,
A26-100579,Applicant,CLB-44,INTERESTED_IN,Application Checkbox,Explicit,,
A26-104532,Applicant,CLB-14,INTERESTED_IN,Essay Mention,Sustained,,
A26-104532,Applicant,CLB-03,INTERESTED_IN,Counsellor Note,Sustained,,
A26-104532,Applicant,CLB-24,INTERESTED_IN,Application Checkbox,Passive,,
A26-100565,Applicant,CLB-19,INTERESTED_IN,Essay Mention,Explicit,,
A26-100565,Applicant,CLB-39,INTERESTED_IN,Counsellor Note,Passive,,
A26-100565,Applicant,CLB-11,INTERESTED_IN,Portal Click,Explicit,,
A26-102072,Applicant,CLB-11,INTERESTED_IN,Counsellor Note,Passive,,
A26-101493,Applicant,CLB-13,INTERESTED_IN,Campus Visit Meeting,Passive,,
A26-105365,Applicant,CLB-17,INTERESTED_IN,Campus Visit Meeting,Passive,,
A26-105365,Applicant,CLB-10,INTERESTED_IN,Campus Visit Meeting,Passive,,
A26-105365,Applicant,CLB-14,INTERESTED_IN,Application Checkbox,Passive,,
A26-102343,Applicant,CLB-11,INTERESTED_IN,Essay Mention,Passive,,
A26-102343,Applicant,CLB-26,INTERESTED_IN,Info Session Topic,Explicit,,
A26-102343,Applicant,CLB-05,INTERESTED_IN,Application Checkbox,Sustained,,
A26-102811,Applicant,CLB-39,INTERESTED_IN,Info Session Topic,Explicit,,
A26-102811,Applicant,CLB-40,INTERESTED_IN,Counsellor Note,Passive,,
A26-103046,Applicant,CLB-26,INTERESTED_IN,Portal Click,Passive,,
A26-100166,Applicant,CLB-14,INTERESTED_IN,Portal Click,Sustained,,
A26-100166,Applicant,CLB-22,INTERESTED_IN,Portal Click,Explicit,,
A26-100166,Applicant,CLB-10,INTERESTED_IN,Portal Click,Passive,,
A26-105373,Applicant,CLB-09,INTERESTED_IN,Portal Click,Passive,,
A26-105373,Applicant,CLB-02,INTERESTED_IN,Campus Visit Meeting,Passive,,
A26-105373,Applicant,CLB-10,INTERESTED_IN,Portal Click,Passive,,
A26-102486,Applicant,CLB-39,INTERESTED_IN,Portal Click,Passive,,
A26-102486,Applicant,CLB-15,INTERESTED_IN,Campus Visit Meeting,Passive,,
A26-104677,Applicant,CLB-05,INTERESTED_IN,Application Checkbox,Sustained,,
A26-104677,Applicant,CLB-14,INTERESTED_IN,Application Checkbox,Passive,,
A26-104677,Applicant,CLB-02,INTERESTED_IN,Counsellor Note,Explicit,,
A26-104677,Applicant,CLB-07,INTERESTED_IN,Portal Click,Passive,,
A26-102314,Applicant,CLB-11,INTERESTED_IN,Campus Visit Meeting,Passive,,
A26-102314,Applicant,CLB-40,INTERESTED_IN,Portal Click,Explicit,,
A26-102314,Applicant,CLB-09,INTERESTED_IN,Counsellor Note,Explicit,,
A26-107858,Applicant,CLB-39,INTERESTED_IN,Campus Visit Meeting,Sustained,,
A26-105526,Applicant,CLB-15,INTERESTED_IN,Essay Mention,Explicit,,
A26-107137,Applicant,CLB-22,INTERESTED_IN,Essay Mention,Explicit,,
A26-107137,Applicant,CLB-30,INTERESTED_IN,Application Checkbox,Passive,,
A26-101156,Applicant,CLB-09,INTERESTED_IN,Application Checkbox,Passive,,
A26-107043,Applicant,CLB-19,INTERESTED_IN,Campus Visit Meeting,Passive,,
A26-107078,Applicant,CLB-13,INTERESTED_IN,Info Session Topic,Passive,,
A26-107078,Applicant,CLB-04,INTERESTED_IN,Campus Visit Meeting,Passive,,
A26-107078,Applicant,CLB-41,INTERESTED_IN,Campus Visit Meeting,Sustained,,
A26-105737,Applicant,CLB-10,INTERESTED_IN,Info Session Topic,Passive,,
A26-105737,Applicant,CLB-21,INTERESTED_IN,Application Checkbox,Passive,,
A26-102145,Applicant,CLB-25,INTERESTED_IN,Campus Visit Meeting,Passive,,
A26-107832,Applicant,CLB-07,INTERESTED_IN,Portal Click,Sustained,,
A26-107832,Applicant,CLB-29,INTERESTED_IN,Campus Visit Meeting,Explicit,,
A26-107832,Applicant,CLB-39,INTERESTED_IN,Application Checkbox,Explicit,,
A26-102305,Applicant,CLB-14,INTERESTED_IN,Counsellor Note,Explicit,,
A26-102305,Applicant,CLB-24,INTERESTED_IN,Info Session Topic,Passive,,
A26-102305,Applicant,CLB-10,INTERESTED_IN,Campus Visit Meeting,Explicit,,
A26-102305,Applicant,CLB-09,INTERESTED_IN,Essay Mention,Explicit,,
A26-100189,Applicant,CLB-23,INTERESTED_IN,Application Checkbox,Explicit,,
A26-100189,Applicant,CLB-14,INTERESTED_IN,Essay Mention,Passive,,
A26-100031,Applicant,CLB-03,INTERESTED_IN,Portal Click,Sustained,,
A26-100031,Applicant,CLB-23,INTERESTED_IN,Portal Click,Passive,,
A26-100031,Applicant,CLB-28,INTERESTED_IN,Info Session Topic,Passive,,
A26-100031,Applicant,CLB-05,INTERESTED_IN,Portal Click,Passive,,
A26-104480,Applicant,CLB-13,INTERESTED_IN,Application Checkbox,Passive,,
A26-105554,Applicant,CLB-05,INTERESTED_IN,Portal Click,Passive,,
A26-104551,Applicant,CLB-02,INTERESTED_IN,Portal Click,Passive,,
A26-104925,Applicant,CLB-01,INTERESTED_IN,Info Session Topic,Explicit,,
A26-104925,Applicant,CLB-37,INTERESTED_IN,Portal Click,Explicit,,
A26-104925,Applicant,CLB-19,INTERESTED_IN,Info Session Topic,Explicit,,
A26-102841,Applicant,CLB-04,INTERESTED_IN,Campus Visit Meeting,Passive,,
A26-103011,Applicant,CLB-01,INTERESTED_IN,Essay Mention,Explicit,,
A26-103011,Applicant,CLB-39,INTERESTED_IN,Essay Mention,Explicit,,
A26-106316,Applicant,CLB-15,INTERESTED_IN,Info Session Topic,Sustained,,
A26-106316,Applicant,CLB-06,INTERESTED_IN,Campus Visit Meeting,Passive,,
A26-106316,Applicant,CLB-24,INTERESTED_IN,Portal Click,Passive,,
A26-101917,Applicant,CLB-06,INTERESTED_IN,Portal Click,Passive,,
A26-101917,Applicant,CLB-36,INTERESTED_IN,Portal Click,Passive,,
A26-101917,Applicant,CLB-40,INTERESTED_IN,Portal Click,Passive,,
A26-104987,Applicant,CLB-14,INTERESTED_IN,Application Checkbox,Sustained,,
A26-103845,Applicant,CLB-21,INTERESTED_IN,Application Checkbox,Explicit,,
A26-103845,Applicant,CLB-36,INTERESTED_IN,Application Checkbox,Explicit,,
A26-108385,Applicant,CLB-23,INTERESTED_IN,Portal Click,Explicit,,
A26-103993,Applicant,CLB-22,INTERESTED_IN,Application Checkbox,Passive,,
A26-103993,Applicant,CLB-09,INTERESTED_IN,Essay Mention,Explicit,,
A26-103993,Applicant,CLB-10,INTERESTED_IN,Application Checkbox,Explicit,,
A26-100078,Applicant,CLB-10,INTERESTED_IN,Application Checkbox,Sustained,,
A26-100362,Applicant,CLB-07,INTERESTED_IN,Portal Click,Sustained,,
A26-100362,Applicant,CLB-32,INTERESTED_IN,Essay Mention,Passive,,
A26-104225,Applicant,CLB-10,INTERESTED_IN,Essay Mention,Passive,,
A26-104225,Applicant,CLB-22,INTERESTED_IN,Portal Click,Passive,,
A26-104225,Applicant,CLB-17,INTERESTED_IN,Info Session Topic,Explicit,,
A26-102210,Applicant,CLB-11,INTERESTED_IN,Application Checkbox,Passive,,
A26-102210,Applicant,CLB-41,INTERESTED_IN,Application Checkbox,Passive,,
A26-102210,Applicant,CLB-14,INTERESTED_IN,Application Checkbox,Passive,,
A26-107496,Applicant,CLB-10,INTERESTED_IN,Portal Click,Passive,,
A26-107496,Applicant,CLB-23,INTERESTED_IN,Info Session Topic,Explicit,,
A26-107496,Applicant,CLB-03,INTERESTED_IN,Portal Click,Explicit,,
A26-107496,Applicant,CLB-02,INTERESTED_IN,Application Checkbox,Passive,,
A26-102138,Applicant,CLB-02,INTERESTED_IN,Counsellor Note,Explicit,,
A26-105653,Applicant,CLB-13,INTERESTED_IN,Portal Click,Sustained,,
A26-104352,Applicant,CLB-19,INTERESTED_IN,Counsellor Note,Sustained,,
A26-104352,Applicant,CLB-21,INTERESTED_IN,Counsellor Note,Explicit,,
A26-104352,Applicant,CLB-26,INTERESTED_IN,Portal Click,Passive,,
A26-105743,Applicant,CLB-14,INTERESTED_IN,Application Checkbox,Passive,,
A26-105743,Applicant,CLB-21,INTERESTED_IN,Portal Click,Passive,,
A26-105743,Applicant,CLB-19,INTERESTED_IN,Essay Mention,Explicit,,
A26-105743,Applicant,CLB-40,INTERESTED_IN,Counsellor Note,Explicit,,
A26-104393,Applicant,CLB-37,INTERESTED_IN,Essay Mention,Explicit,,
A26-104393,Applicant,CLB-09,INTERESTED_IN,Campus Visit Meeting,Explicit,,
A26-107034,Applicant,CLB-23,INTERESTED_IN,Campus Visit Meeting,Passive,,
A26-104791,Applicant,CLB-11,INTERESTED_IN,Essay Mention,Explicit,,
A26-103504,Applicant,CLB-36,INTERESTED_IN,Info Session Topic,Sustained,,
A26-101341,Applicant,CLB-12,INTERESTED_IN,Counsellor Note,Explicit,,
A26-101341,Applicant,CLB-24,INTERESTED_IN,Portal Click,Passive,,
A26-101341,Applicant,CLB-14,INTERESTED_IN,Campus Visit Meeting,Passive,,
A26-106325,Applicant,CLB-26,INTERESTED_IN,Info Session Topic,Passive,,
A26-106325,Applicant,CLB-02,INTERESTED_IN,Info Session Topic,Explicit,,
A26-106092,Applicant,CLB-14,INTERESTED_IN,Info Session Topic,Sustained,,
A26-102977,Applicant,CLB-45,INTERESTED_IN,Portal Click,Passive,,
A26-102977,Applicant,CLB-04,INTERESTED_IN,Essay Mention,Explicit,,
A26-102977,Applicant,CLB-41,INTERESTED_IN,Portal Click,Passive,,
A26-102977,Applicant,CLB-14,INTERESTED_IN,Application Checkbox,Explicit,,
A26-106757,Applicant,CLB-36,INTERESTED_IN,Portal Click,Explicit,,
A26-105346,Applicant,CLB-23,INTERESTED_IN,Application Checkbox,Passive,,
A26-106645,Applicant,CLB-33,INTERESTED_IN,Portal Click,Explicit,,
A26-106645,Applicant,CLB-23,INTERESTED_IN,Info Session Topic,Passive,,
A26-106645,Applicant,CLB-10,INTERESTED_IN,Info Session Topic,Passive,,
A26-103272,Applicant,CLB-17,INTERESTED_IN,Campus Visit Meeting,Sustained,,
A26-103272,Applicant,CLB-23,INTERESTED_IN,Essay Mention,Passive,,
A26-103272,Applicant,CLB-41,INTERESTED_IN,Portal Click,Passive,,
A26-105184,Applicant,CLB-39,INTERESTED_IN,Essay Mention,Explicit,,
A26-105184,Applicant,CLB-12,INTERESTED_IN,Application Checkbox,Explicit,,
A26-102797,Applicant,CLB-13,INTERESTED_IN,Essay Mention,Passive,,
A26-102797,Applicant,CLB-18,INTERESTED_IN,Application Checkbox,Passive,,
A26-106936,Applicant,CLB-13,INTERESTED_IN,Info Session Topic,Explicit,,
A26-106936,Applicant,CLB-41,INTERESTED_IN,Application Checkbox,Explicit,,
A26-106936,Applicant,CLB-22,INTERESTED_IN,Campus Visit Meeting,Explicit,,
A26-102062,Applicant,CLB-07,INTERESTED_IN,Campus Visit Meeting,Explicit,,
A26-102062,Applicant,CLB-08,INTERESTED_IN,Portal Click,Passive,,
A26-102062,Applicant,CLB-23,INTERESTED_IN,Application Checkbox,Passive,,
A26-101988,Applicant,CLB-23,INTERESTED_IN,Essay Mention,Explicit,,
A26-104711,Applicant,CLB-07,INTERESTED_IN,Info Session Topic,Passive,,
A26-104711,Applicant,CLB-08,INTERESTED_IN,Info Session Topic,Explicit,,
A26-102504,Applicant,CLB-40,INTERESTED_IN,Portal Click,Passive,,
A26-104448,Applicant,CLB-15,INTERESTED_IN,Application Checkbox,Passive,,
A26-105339,Applicant,CLB-33,INTERESTED_IN,Counsellor Note,Passive,,
A26-105339,Applicant,CLB-10,INTERESTED_IN,Essay Mention,Explicit,,
A26-106456,Applicant,CLB-29,INTERESTED_IN,Portal Click,Explicit,,
A26-106456,Applicant,CLB-28,INTERESTED_IN,Application Checkbox,Passive,,
A26-106456,Applicant,CLB-11,INTERESTED_IN,Essay Mention,Explicit,,
A26-106456,Applicant,CLB-27,INTERESTED_IN,Campus Visit Meeting,Explicit,,
A26-103035,Applicant,CLB-29,INTERESTED_IN,Campus Visit Meeting,Passive,,
A26-103035,Applicant,CLB-11,INTERESTED_IN,Info Session Topic,Passive,,
A26-102274,Applicant,CLB-14,INTERESTED_IN,Campus Visit Meeting,Explicit,,
A26-102274,Applicant,CLB-39,INTERESTED_IN,Essay Mention,Passive,,
A26-106448,Applicant,CLB-22,INTERESTED_IN,Campus Visit Meeting,Passive,,
A26-102247,Applicant,CLB-40,INTERESTED_IN,Application Checkbox,Explicit,,
A26-102247,Applicant,CLB-19,INTERESTED_IN,Campus Visit Meeting,Passive,,
A26-104043,Applicant,CLB-28,INTERESTED_IN,Essay Mention,Passive,,
A26-104043,Applicant,CLB-40,INTERESTED_IN,Essay Mention,Passive,,
A26-100196,Applicant,CLB-14,INTERESTED_IN,Info Session Topic,Passive,,
A26-103825,Applicant,CLB-38,INTERESTED_IN,Application Checkbox,Passive,,
A26-100256,Applicant,CLB-17,INTERESTED_IN,Essay Mention,Passive,,
A26-106203,Applicant,CLB-15,INTERESTED_IN,Essay Mention,Sustained,,
A26-103089,Applicant,CLB-23,INTERESTED_IN,Application Checkbox,Passive,,
A26-107479,Applicant,CLB-08,INTERESTED_IN,Portal Click,Passive,,
A26-107479,Applicant,CLB-11,INTERESTED_IN,Info Session Topic,Explicit,,
A26-106620,Applicant,CLB-26,INTERESTED_IN,Portal Click,Explicit,,
A26-102481,Applicant,CLB-41,INTERESTED_IN,Campus Visit Meeting,Passive,,
A26-104872,Applicant,CLB-17,INTERESTED_IN,Portal Click,Explicit,,
A26-104872,Applicant,CLB-01,INTERESTED_IN,Portal Click,Explicit,,
A26-104606,Applicant,CLB-22,INTERESTED_IN,Info Session Topic,Explicit,,
A26-106045,Applicant,CLB-41,INTERESTED_IN,Application Checkbox,Explicit,,
A26-106045,Applicant,CLB-17,INTERESTED_IN,Campus Visit Meeting,Sustained,,
A26-102289,Applicant,CLB-02,INTERESTED_IN,Application Checkbox,Passive,,
A26-102289,Applicant,CLB-17,INTERESTED_IN,Portal Click,Explicit,,
A26-102289,Applicant,CLB-22,INTERESTED_IN,Portal Click,Explicit,,
A26-101864,Applicant,CLB-05,INTERESTED_IN,Info Session Topic,Passive,,
A26-101864,Applicant,CLB-09,INTERESTED_IN,Application Checkbox,Explicit,,
A26-101864,Applicant,CLB-26,INTERESTED_IN,Info Session Topic,Passive,,
A26-101864,Applicant,CLB-14,INTERESTED_IN,Counsellor Note,Explicit,,
A26-101151,Applicant,CLB-03,INTERESTED_IN,Portal Click,Sustained,,
A26-101151,Applicant,CLB-39,INTERESTED_IN,Info Session Topic,Passive,,
A26-101151,Applicant,CLB-22,INTERESTED_IN,Essay Mention,Passive,,
A26-105957,Applicant,CLB-39,INTERESTED_IN,Essay Mention,Passive,,
A26-106115,Applicant,CLB-32,INTERESTED_IN,Campus Visit Meeting,Passive,,
A26-106115,Applicant,CLB-22,INTERESTED_IN,Portal Click,Passive,,
A26-108263,Applicant,CLB-19,INTERESTED_IN,Application Checkbox,Passive,,
A26-102024,Applicant,CLB-13,INTERESTED_IN,Application Checkbox,Explicit,,
A26-104413,Applicant,CLB-14,INTERESTED_IN,Essay Mention,Explicit,,
A26-104413,Applicant,CLB-17,INTERESTED_IN,Essay Mention,Passive,,
A26-104413,Applicant,CLB-02,INTERESTED_IN,Campus Visit Meeting,Passive,,
A26-107937,Applicant,CLB-19,INTERESTED_IN,Application Checkbox,Sustained,,
A26-107937,Applicant,CLB-40,INTERESTED_IN,Counsellor Note,Passive,,
A26-107937,Applicant,CLB-14,INTERESTED_IN,Portal Click,Passive,,
A26-105217,Applicant,CLB-14,INTERESTED_IN,Info Session Topic,Passive,,
A26-105217,Applicant,CLB-03,INTERESTED_IN,Portal Click,Sustained,,
A26-105217,Applicant,CLB-04,INTERESTED_IN,Counsellor Note,Explicit,,
A26-101218,Applicant,CLB-17,INTERESTED_IN,Portal Click,Passive,,
A26-101218,Applicant,CLB-05,INTERESTED_IN,Essay Mention,Passive,,
A26-101218,Applicant,CLB-10,INTERESTED_IN,Essay Mention,Explicit,,
A26-103070,Applicant,CLB-25,INTERESTED_IN,Portal Click,Explicit,,
A26-107119,Applicant,CLB-09,INTERESTED_IN,Essay Mention,Passive,,
A26-107119,Applicant,CLB-14,INTERESTED_IN,Campus Visit Meeting,Explicit,,
A26-107119,Applicant,CLB-21,INTERESTED_IN,Portal Click,Sustained,,
A26-107119,Applicant,CLB-10,INTERESTED_IN,Campus Visit Meeting,Passive,,
A26-100051,Applicant,CLB-08,INTERESTED_IN,Essay Mention,Explicit,,
A26-104580,Applicant,CLB-21,INTERESTED_IN,Campus Visit Meeting,Explicit,,
A26-104580,Applicant,CLB-37,INTERESTED_IN,Portal Click,Explicit,,
A26-105683,Applicant,CLB-10,INTERESTED_IN,Application Checkbox,Explicit,,
A26-104321,Applicant,CLB-33,INTERESTED_IN,Application Checkbox,Explicit,,
A26-104321,Applicant,CLB-13,INTERESTED_IN,Application Checkbox,Passive,,
A26-103412,Applicant,CLB-40,INTERESTED_IN,Essay Mention,Explicit,,
A26-106283,Applicant,CLB-23,INTERESTED_IN,Campus Visit Meeting,Explicit,,
A26-106283,Applicant,CLB-24,INTERESTED_IN,Portal Click,Explicit,,
A26-106283,Applicant,CLB-02,INTERESTED_IN,Essay Mention,Passive,,
A26-107914,Applicant,CLB-27,INTERESTED_IN,Info Session Topic,Explicit,,
A26-107914,Applicant,CLB-29,INTERESTED_IN,Info Session Topic,Sustained,,
A26-103635,Applicant,CLB-40,INTERESTED_IN,Essay Mention,Passive,,
A26-103635,Applicant,CLB-39,INTERESTED_IN,Essay Mention,Passive,,
A26-104822,Applicant,CLB-09,INTERESTED_IN,Portal Click,Passive,,
A26-104822,Applicant,CLB-26,INTERESTED_IN,Info Session Topic,Passive,,
A26-104822,Applicant,CLB-13,INTERESTED_IN,Portal Click,Explicit,,
A26-103464,Applicant,CLB-14,INTERESTED_IN,Application Checkbox,Passive,,
A26-101927,Applicant,CLB-09,INTERESTED_IN,Info Session Topic,Explicit,,
A26-100333,Applicant,CLB-14,INTERESTED_IN,Campus Visit Meeting,Explicit,,
A26-100333,Applicant,CLB-01,INTERESTED_IN,Portal Click,Passive,,
A26-100333,Applicant,CLB-07,INTERESTED_IN,Application Checkbox,Explicit,,
A26-100552,Applicant,CLB-09,INTERESTED_IN,Campus Visit Meeting,Passive,,
A26-100552,Applicant,CLB-10,INTERESTED_IN,Campus Visit Meeting,Passive,,
A26-100552,Applicant,CLB-04,INTERESTED_IN,Info Session Topic,Passive,,
A26-100552,Applicant,CLB-14,INTERESTED_IN,Application Checkbox,Explicit,,
A26-102433,Applicant,CLB-14,INTERESTED_IN,Application Checkbox,Passive,,
A26-105640,Applicant,CLB-15,INTERESTED_IN,Portal Click,Passive,,
A26-105640,Applicant,CLB-08,INTERESTED_IN,Essay Mention,Explicit,,
A26-105640,Applicant,CLB-26,INTERESTED_IN,Campus Visit Meeting,Passive,,
A26-105640,Applicant,CLB-11,INTERESTED_IN,Info Session Topic,Explicit,,
A26-100046,Applicant,CLB-03,INTERESTED_IN,Essay Mention,Passive,,
A26-100046,Applicant,CLB-29,INTERESTED_IN,Campus Visit Meeting,Explicit,,
A26-100046,Applicant,CLB-04,INTERESTED_IN,Application Checkbox,Explicit,,
A26-105572,Applicant,CLB-14,INTERESTED_IN,Essay Mention,Passive,,
A26-105572,Applicant,CLB-07,INTERESTED_IN,Portal Click,Sustained,,
A26-105572,Applicant,CLB-23,INTERESTED_IN,Portal Click,Passive,,
A26-105572,Applicant,CLB-05,INTERESTED_IN,Portal Click,Passive,,
A26-100788,Applicant,CLB-21,INTERESTED_IN,Essay Mention,Explicit,,
A26-100788,Applicant,CLB-29,INTERESTED_IN,Counsellor Note,Passive,,
A26-100788,Applicant,CLB-27,INTERESTED_IN,Campus Visit Meeting,Passive,,
A26-108349,Applicant,CLB-23,INTERESTED_IN,Application Checkbox,Sustained,,
A26-108349,Applicant,CLB-05,INTERESTED_IN,Info Session Topic,Passive,,
A26-108349,Applicant,CLB-11,INTERESTED_IN,Application Checkbox,Sustained,,
A26-108349,Applicant,CLB-29,INTERESTED_IN,Portal Click,Explicit,,
A26-105867,Applicant,CLB-10,INTERESTED_IN,Essay Mention,Explicit,,
A26-105867,Applicant,CLB-23,INTERESTED_IN,Application Checkbox,Passive,,
A26-100524,Applicant,CLB-04,INTERESTED_IN,Portal Click,Explicit,,
A26-100524,Applicant,CLB-13,INTERESTED_IN,Application Checkbox,Sustained,,
A26-100524,Applicant,CLB-01,INTERESTED_IN,Info Session Topic,Explicit,,
A26-105622,Applicant,CLB-38,INTERESTED_IN,Essay Mention,Sustained,,
A26-100513,Applicant,CLB-23,INTERESTED_IN,Essay Mention,Passive,,
A26-103017,Applicant,CLB-22,INTERESTED_IN,Application Checkbox,Passive,,
A26-103017,Applicant,CLB-05,INTERESTED_IN,Info Session Topic,Sustained,,
A26-103017,Applicant,CLB-36,INTERESTED_IN,Portal Click,Passive,,
A26-105749,Applicant,CLB-40,INTERESTED_IN,Campus Visit Meeting,Passive,,
A26-103024,Applicant,CLB-41,INTERESTED_IN,Info Session Topic,Sustained,,
A26-103024,Applicant,CLB-23,INTERESTED_IN,Portal Click,Passive,,
A26-100008,Applicant,CLB-23,INTERESTED_IN,Portal Click,Explicit,,
A26-100008,Applicant,CLB-09,INTERESTED_IN,Info Session Topic,Explicit,,
A26-104941,Applicant,CLB-31,INTERESTED_IN,Essay Mention,Passive,,
A26-104941,Applicant,CLB-11,INTERESTED_IN,Essay Mention,Explicit,,
A26-107677,Applicant,CLB-23,INTERESTED_IN,Essay Mention,Passive,,
A26-107677,Applicant,CLB-39,INTERESTED_IN,Info Session Topic,Explicit,,
A26-107677,Applicant,CLB-01,INTERESTED_IN,Essay Mention,Explicit,,
A26-100110,Applicant,CLB-12,INTERESTED_IN,Portal Click,Passive,,
A26-100110,Applicant,CLB-04,INTERESTED_IN,Portal Click,Passive,,
A26-100110,Applicant,CLB-11,INTERESTED_IN,Portal Click,Explicit,,
A26-103112,Applicant,CLB-17,INTERESTED_IN,Essay Mention,Passive,,
A26-103112,Applicant,CLB-05,INTERESTED_IN,Info Session Topic,Explicit,,
A26-103112,Applicant,CLB-19,INTERESTED_IN,Info Session Topic,Explicit,,
A26-103112,Applicant,CLB-18,INTERESTED_IN,Counsellor Note,Sustained,,
A26-106825,Applicant,CLB-32,INTERESTED_IN,Portal Click,Explicit,,
A26-106825,Applicant,CLB-17,INTERESTED_IN,Portal Click,Explicit,,
A26-106825,Applicant,CLB-15,INTERESTED_IN,Essay Mention,Passive,,
A26-106825,Applicant,CLB-14,INTERESTED_IN,Portal Click,Explicit,,
A26-100351,Applicant,CLB-14,INTERESTED_IN,Info Session Topic,Passive,,
A26-100351,Applicant,CLB-03,INTERESTED_IN,Portal Click,Explicit,,
A26-100351,Applicant,CLB-15,INTERESTED_IN,Info Session Topic,Passive,,
A26-103345,Applicant,CLB-12,INTERESTED_IN,Info Session Topic,Passive,,
A26-103345,Applicant,CLB-39,INTERESTED_IN,Essay Mention,Explicit,,
A26-103345,Applicant,CLB-25,INTERESTED_IN,Info Session Topic,Passive,,
A26-107536,Applicant,CLB-22,INTERESTED_IN,Campus Visit Meeting,Passive,,
A26-107536,Applicant,CLB-25,INTERESTED_IN,Portal Click,Passive,,
A26-107318,Applicant,CLB-03,INTERESTED_IN,Application Checkbox,Passive,,
A26-107318,Applicant,CLB-39,INTERESTED_IN,Essay Mention,Explicit,,
A26-100797,Applicant,CLB-37,INTERESTED_IN,Portal Click,Sustained,,
A26-100797,Applicant,CLB-03,INTERESTED_IN,Portal Click,Sustained,,
A26-101057,Applicant,CLB-10,INTERESTED_IN,Portal Click,Passive,,
A26-101057,Applicant,CLB-09,INTERESTED_IN,Campus Visit Meeting,Passive,,
A26-101057,Applicant,CLB-04,INTERESTED_IN,Portal Click,Passive,,
A26-106513,Applicant,CLB-11,INTERESTED_IN,Portal Click,Passive,,
A26-106513,Applicant,CLB-02,INTERESTED_IN,Portal Click,Explicit,,
A26-106680,Applicant,CLB-14,INTERESTED_IN,Portal Click,Passive,,
A26-106680,Applicant,CLB-25,INTERESTED_IN,Application Checkbox,Passive,,
A26-101080,Applicant,CLB-29,INTERESTED_IN,Portal Click,Explicit,,
A26-107864,Applicant,CLB-05,INTERESTED_IN,Portal Click,Explicit,,
A26-101183,Applicant,CLB-23,INTERESTED_IN,Info Session Topic,Explicit,,
A26-101183,Applicant,CLB-09,INTERESTED_IN,Portal Click,Explicit,,
A26-101183,Applicant,CLB-08,INTERESTED_IN,Portal Click,Explicit,,
A26-103442,Applicant,CLB-26,INTERESTED_IN,Info Session Topic,Passive,,
A26-103442,Applicant,CLB-01,INTERESTED_IN,Portal Click,Passive,,
A26-103225,Applicant,CLB-09,INTERESTED_IN,Application Checkbox,Passive,,
A26-101029,Applicant,CLB-14,INTERESTED_IN,Portal Click,Explicit,,
A26-101029,Applicant,CLB-10,INTERESTED_IN,Essay Mention,Passive,,
A26-104758,Applicant,CLB-10,INTERESTED_IN,Application Checkbox,Explicit,,
A26-104758,Applicant,CLB-09,INTERESTED_IN,Essay Mention,Passive,,
A26-106121,Applicant,CLB-22,INTERESTED_IN,Portal Click,Sustained,,
A26-106121,Applicant,CLB-08,INTERESTED_IN,Essay Mention,Sustained,,
A26-100072,Applicant,CLB-19,INTERESTED_IN,Application Checkbox,Explicit,,
A26-104992,Applicant,CLB-14,INTERESTED_IN,Application Checkbox,Explicit,,
A26-107956,Applicant,CLB-02,INTERESTED_IN,Counsellor Note,Passive,,
A26-107956,Applicant,CLB-14,INTERESTED_IN,Campus Visit Meeting,Explicit,,
A26-104025,Applicant,CLB-41,INTERESTED_IN,Info Session Topic,Passive,,
A26-104025,Applicant,CLB-27,INTERESTED_IN,Essay Mention,Explicit,,
A26-107923,Applicant,CLB-07,INTERESTED_IN,Campus Visit Meeting,Explicit,,
A26-107923,Applicant,CLB-23,INTERESTED_IN,Essay Mention,Passive,,
A26-107923,Applicant,CLB-10,INTERESTED_IN,Application Checkbox,Passive,,
A26-107898,Applicant,CLB-15,INTERESTED_IN,Application Checkbox,Explicit,,
A26-107898,Applicant,CLB-14,INTERESTED_IN,Portal Click,Explicit,,
A26-107898,Applicant,CLB-21,INTERESTED_IN,Counsellor Note,Sustained,,
A26-105878,Applicant,CLB-35,INTERESTED_IN,Campus Visit Meeting,Passive,,
A26-105878,Applicant,CLB-04,INTERESTED_IN,Portal Click,Passive,,
A26-105878,Applicant,CLB-01,INTERESTED_IN,Portal Click,Explicit,,
A26-106964,Applicant,CLB-21,INTERESTED_IN,Campus Visit Meeting,Passive,,
A26-106964,Applicant,CLB-03,INTERESTED_IN,Info Session Topic,Explicit,,
A26-106964,Applicant,CLB-28,INTERESTED_IN,Application Checkbox,Explicit,,
A26-106874,Applicant,CLB-23,INTERESTED_IN,Info Session Topic,Explicit,,
A26-106874,Applicant,CLB-13,INTERESTED_IN,Portal Click,Sustained,,
A26-106874,Applicant,CLB-05,INTERESTED_IN,Campus Visit Meeting,Explicit,,
L2019-10000,Alum,CLB-17,MEMBER_OF,,,Member,1
L2019-10000,Alum,CLB-35,MEMBER_OF,,,Officer,3
L2019-10000,Alum,CLB-36,MEMBER_OF,,,Member,4
L2020-10001,Alum,CLB-09,MEMBER_OF,,,Member,2
L2020-10001,Alum,CLB-10,MEMBER_OF,,,Member,2
L2020-10001,Alum,CLB-24,MEMBER_OF,,,Member,4
L2021-10002,Alum,CLB-11,MEMBER_OF,,,Member,4
L2021-10002,Alum,CLB-14,MEMBER_OF,,,President,3
L2023-10004,Alum,CLB-08,MEMBER_OF,,,Founder,2
L2023-10004,Alum,CLB-07,MEMBER_OF,,,Member,4
L2023-10004,Alum,CLB-11,MEMBER_OF,,,Member,3
L2024-10005,Alum,CLB-26,MEMBER_OF,,,Member,4
L2024-10005,Alum,CLB-15,MEMBER_OF,,,Member,1
L2025-10006,Alum,CLB-03,MEMBER_OF,,,Officer,1
L2025-10006,Alum,CLB-39,MEMBER_OF,,,Member,2
L2019-10007,Alum,CLB-10,MEMBER_OF,,,Founder,1
L2020-10008,Alum,CLB-17,MEMBER_OF,,,Member,1
L2021-10009,Alum,CLB-17,MEMBER_OF,,,Member,3
L2022-10010,Alum,CLB-15,MEMBER_OF,,,Member,4
L2022-10010,Alum,CLB-11,MEMBER_OF,,,Member,3
L2022-10010,Alum,CLB-39,MEMBER_OF,,,Member,4
L2023-10011,Alum,CLB-05,MEMBER_OF,,,Officer,3
L2023-10011,Alum,CLB-40,MEMBER_OF,,,Member,3
L2023-10011,Alum,CLB-26,MEMBER_OF,,,Officer,3
L2023-10011,Alum,CLB-14,MEMBER_OF,,,Member,2
L2024-10012,Alum,CLB-23,MEMBER_OF,,,Member,1
L2025-10013,Alum,CLB-23,MEMBER_OF,,,Officer,1
L2025-10013,Alum,CLB-19,MEMBER_OF,,,Member,2
L2025-10013,Alum,CLB-40,MEMBER_OF,,,Member,1
L2019-10014,Alum,CLB-26,MEMBER_OF,,,President,1
L2019-10014,Alum,CLB-03,MEMBER_OF,,,Member,2
L2020-10015,Alum,CLB-39,MEMBER_OF,,,Member,2
L2020-10015,Alum,CLB-07,MEMBER_OF,,,President,3
L2021-10016,Alum,CLB-05,MEMBER_OF,,,President,4
L2022-10017,Alum,CLB-23,MEMBER_OF,,,Member,3
L2022-10017,Alum,CLB-14,MEMBER_OF,,,Member,1
L2023-10018,Alum,CLB-14,MEMBER_OF,,,Member,3
L2023-10018,Alum,CLB-17,MEMBER_OF,,,Founder,2
L2024-10019,Alum,CLB-27,MEMBER_OF,,,Member,3
L2024-10019,Alum,CLB-24,MEMBER_OF,,,Member,3
L2024-10019,Alum,CLB-32,MEMBER_OF,,,Member,3
L2019-10021,Alum,CLB-10,MEMBER_OF,,,Member,3
L2019-10021,Alum,CLB-04,MEMBER_OF,,,Member,4
L2019-10021,Alum,CLB-19,MEMBER_OF,,,Member,3
L2019-10021,Alum,CLB-09,MEMBER_OF,,,Member,4
L2020-10022,Alum,CLB-03,MEMBER_OF,,,Member,1
L2020-10022,Alum,CLB-23,MEMBER_OF,,,Member,2
L2022-10024,Alum,CLB-01,MEMBER_OF,,,Officer,4
L2023-10025,Alum,CLB-01,MEMBER_OF,,,Founder,4
L2023-10025,Alum,CLB-39,MEMBER_OF,,,Founder,1
L2024-10026,Alum,CLB-27,MEMBER_OF,,,Member,3
L2024-10026,Alum,CLB-32,MEMBER_OF,,,Member,4
L2024-10026,Alum,CLB-29,MEMBER_OF,,,Officer,2
L2025-10027,Alum,CLB-29,MEMBER_OF,,,President,2
L2025-10027,Alum,CLB-23,MEMBER_OF,,,Member,2
L2025-10027,Alum,CLB-14,MEMBER_OF,,,Officer,2
L2019-10028,Alum,CLB-05,MEMBER_OF,,,Member,4
L2019-10028,Alum,CLB-23,MEMBER_OF,,,Founder,2
L2021-10030,Alum,CLB-37,MEMBER_OF,,,Member,2
L2021-10030,Alum,CLB-14,MEMBER_OF,,,Member,4
L2022-10031,Alum,CLB-08,MEMBER_OF,,,Member,3
L2022-10031,Alum,CLB-14,MEMBER_OF,,,Member,1
L2022-10031,Alum,CLB-22,MEMBER_OF,,,Officer,1
L2022-10031,Alum,CLB-05,MEMBER_OF,,,Member,1
L2024-10033,Alum,CLB-24,MEMBER_OF,,,Member,1
L2019-10035,Alum,CLB-04,MEMBER_OF,,,Member,3
L2020-10036,Alum,CLB-39,MEMBER_OF,,,Officer,4
L2021-10037,Alum,CLB-39,MEMBER_OF,,,Member,4
L2021-10037,Alum,CLB-11,MEMBER_OF,,,Officer,2
L2021-10037,Alum,CLB-07,MEMBER_OF,,,Member,1
L2022-10038,Alum,CLB-17,MEMBER_OF,,,Member,2
L2022-10038,Alum,CLB-39,MEMBER_OF,,,Officer,2
L2022-10038,Alum,CLB-14,MEMBER_OF,,,Member,1
L2022-10038,Alum,CLB-01,MEMBER_OF,,,Member,3
L2023-10039,Alum,CLB-17,MEMBER_OF,,,Officer,4
L2023-10039,Alum,CLB-01,MEMBER_OF,,,Member,1
L2023-10039,Alum,CLB-23,MEMBER_OF,,,President,3
L2024-10040,Alum,CLB-14,MEMBER_OF,,,President,1
L2024-10040,Alum,CLB-35,MEMBER_OF,,,Member,1
L2024-10040,Alum,CLB-12,MEMBER_OF,,,Member,3
L2024-10040,Alum,CLB-13,MEMBER_OF,,,Member,4
L2025-10041,Alum,CLB-14,MEMBER_OF,,,Officer,4
L2025-10041,Alum,CLB-23,MEMBER_OF,,,Officer,3
L2019-10042,Alum,CLB-14,MEMBER_OF,,,Member,2
L2019-10042,Alum,CLB-12,MEMBER_OF,,,Member,2
L2019-10042,Alum,CLB-17,MEMBER_OF,,,Officer,4
L2019-10042,Alum,CLB-05,MEMBER_OF,,,Member,3
L2020-10043,Alum,CLB-33,MEMBER_OF,,,Officer,1
L2020-10043,Alum,CLB-17,MEMBER_OF,,,Officer,4
L2020-10043,Alum,CLB-15,MEMBER_OF,,,Founder,2
L2020-10043,Alum,CLB-14,MEMBER_OF,,,Member,4
L2021-10044,Alum,CLB-14,MEMBER_OF,,,Member,3
L2021-10044,Alum,CLB-13,MEMBER_OF,,,Member,4
L2022-10045,Alum,CLB-11,MEMBER_OF,,,Member,4
L2022-10045,Alum,CLB-05,MEMBER_OF,,,Officer,4
L2022-10045,Alum,CLB-08,MEMBER_OF,,,Officer,1
L2023-10046,Alum,CLB-14,MEMBER_OF,,,Officer,4
L2024-10047,Alum,CLB-14,MEMBER_OF,,,Member,4
L2024-10047,Alum,CLB-05,MEMBER_OF,,,Member,3
L2024-10047,Alum,CLB-17,MEMBER_OF,,,President,4
L2025-10048,Alum,CLB-17,MEMBER_OF,,,Member,3
L2025-10048,Alum,CLB-23,MEMBER_OF,,,Member,3
L2019-10049,Alum,CLB-23,MEMBER_OF,,,Member,2
L2020-10050,Alum,CLB-13,MEMBER_OF,,,Member,4
L2020-10050,Alum,CLB-23,MEMBER_OF,,,Member,2
L2020-10050,Alum,CLB-10,MEMBER_OF,,,Member,4
L2021-10051,Alum,CLB-14,MEMBER_OF,,,Officer,1
L2022-10052,Alum,CLB-25,MEMBER_OF,,,Member,1
L2022-10052,Alum,CLB-01,MEMBER_OF,,,Member,1
L2023-10053,Alum,CLB-25,MEMBER_OF,,,Member,4
L2023-10053,Alum,CLB-02,MEMBER_OF,,,Member,4
L2023-10053,Alum,CLB-33,MEMBER_OF,,,Member,2
L2024-10054,Alum,CLB-09,MEMBER_OF,,,Member,4
L2024-10054,Alum,CLB-23,MEMBER_OF,,,Officer,3
L2025-10055,Alum,CLB-09,MEMBER_OF,,,President,3
L2025-10055,Alum,CLB-14,MEMBER_OF,,,Member,3
L2025-10055,Alum,CLB-10,MEMBER_OF,,,Member,1
L2019-10056,Alum,CLB-26,MEMBER_OF,,,Member,3
L2019-10056,Alum,CLB-22,MEMBER_OF,,,Officer,2
L2020-10057,Alum,CLB-02,MEMBER_OF,,,Member,4
L2020-10057,Alum,CLB-10,MEMBER_OF,,,Officer,1
L2020-10057,Alum,CLB-09,MEMBER_OF,,,Member,1
L2021-10058,Alum,CLB-14,MEMBER_OF,,,Officer,3
L2021-10058,Alum,CLB-40,MEMBER_OF,,,Officer,2
L2021-10058,Alum,CLB-29,MEMBER_OF,,,Member,1
L2022-10059,Alum,CLB-14,MEMBER_OF,,,Member,2
L2022-10059,Alum,CLB-09,MEMBER_OF,,,Member,4
L2022-10059,Alum,CLB-04,MEMBER_OF,,,President,4
L2023-10060,Alum,CLB-07,MEMBER_OF,,,Member,4
L2023-10060,Alum,CLB-13,MEMBER_OF,,,President,4
L2023-10060,Alum,CLB-41,MEMBER_OF,,,Member,3
L2024-10061,Alum,CLB-11,MEMBER_OF,,,Member,3
L2024-10061,Alum,CLB-14,MEMBER_OF,,,Member,2
L2024-10061,Alum,CLB-22,MEMBER_OF,,,Member,1
L2025-10062,Alum,CLB-37,MEMBER_OF,,,Member,3
L2025-10062,Alum,CLB-05,MEMBER_OF,,,Officer,3
L2025-10062,Alum,CLB-14,MEMBER_OF,,,Member,1
L2025-10062,Alum,CLB-27,MEMBER_OF,,,Member,2
L2019-10063,Alum,CLB-25,MEMBER_OF,,,Founder,2
L2020-10064,Alum,CLB-04,MEMBER_OF,,,Officer,3
L2021-10065,Alum,CLB-14,MEMBER_OF,,,Member,4
L2021-10065,Alum,CLB-11,MEMBER_OF,,,Member,2
L2021-10065,Alum,CLB-12,MEMBER_OF,,,Member,4
L2023-10067,Alum,CLB-23,MEMBER_OF,,,Officer,2
L2023-10067,Alum,CLB-14,MEMBER_OF,,,Member,3
L2024-10068,Alum,CLB-03,MEMBER_OF,,,Member,1
L2025-10069,Alum,CLB-37,MEMBER_OF,,,Member,1
L2025-10069,Alum,CLB-14,MEMBER_OF,,,Member,3
L2025-10069,Alum,CLB-32,MEMBER_OF,,,Member,4
L2019-10070,Alum,CLB-17,MEMBER_OF,,,Member,1
L2019-10070,Alum,CLB-22,MEMBER_OF,,,Member,1
L2019-10070,Alum,CLB-04,MEMBER_OF,,,Member,2
L2020-10071,Alum,CLB-10,MEMBER_OF,,,Officer,1
L2020-10071,Alum,CLB-01,MEMBER_OF,,,Member,4
L2020-10071,Alum,CLB-14,MEMBER_OF,,,Member,4
L2020-10071,Alum,CLB-09,MEMBER_OF,,,Member,2
L2021-10072,Alum,CLB-14,MEMBER_OF,,,Member,2
L2022-10073,Alum,CLB-10,MEMBER_OF,,,Member,4
L2022-10073,Alum,CLB-09,MEMBER_OF,,,Member,4
L2023-10074,Alum,CLB-17,MEMBER_OF,,,Member,4
L2023-10074,Alum,CLB-14,MEMBER_OF,,,Member,3
L2024-10075,Alum,CLB-08,MEMBER_OF,,,Member,1
L2024-10075,Alum,CLB-07,MEMBER_OF,,,President,4
L2025-10076,Alum,CLB-05,MEMBER_OF,,,Officer,1
L2025-10076,Alum,CLB-23,MEMBER_OF,,,Member,1
L2025-10076,Alum,CLB-18,MEMBER_OF,,,Member,4
L2025-10076,Alum,CLB-13,MEMBER_OF,,,Founder,3
L2019-10077,Alum,CLB-17,MEMBER_OF,,,Member,2
L2019-10077,Alum,CLB-14,MEMBER_OF,,,Member,3
L2019-10077,Alum,CLB-09,MEMBER_OF,,,President,3
L2019-10077,Alum,CLB-27,MEMBER_OF,,,Member,4
L2020-10078,Alum,CLB-07,MEMBER_OF,,,Member,3
L2020-10078,Alum,CLB-11,MEMBER_OF,,,Member,1
L2021-10079,Alum,CLB-03,MEMBER_OF,,,Member,3
L2021-10079,Alum,CLB-02,MEMBER_OF,,,Member,4
L2023-10081,Alum,CLB-14,MEMBER_OF,,,Member,4
L2023-10081,Alum,CLB-07,MEMBER_OF,,,Member,4
L2023-10081,Alum,CLB-24,MEMBER_OF,,,Member,1
L2023-10081,Alum,CLB-17,MEMBER_OF,,,Member,4
L2024-10082,Alum,CLB-19,MEMBER_OF,,,Officer,4
L2024-10082,Alum,CLB-08,MEMBER_OF,,,President,2
L2024-10082,Alum,CLB-05,MEMBER_OF,,,Member,1
L2025-10083,Alum,CLB-41,MEMBER_OF,,,President,2
L2025-10083,Alum,CLB-04,MEMBER_OF,,,Member,3
L2019-10084,Alum,CLB-25,MEMBER_OF,,,Member,2
L2019-10084,Alum,CLB-13,MEMBER_OF,,,Officer,3
L2019-10084,Alum,CLB-01,MEMBER_OF,,,Member,3
L2019-10084,Alum,CLB-24,MEMBER_OF,,,Member,1
L2020-10085,Alum,CLB-23,MEMBER_OF,,,Member,2
L2021-10086,Alum,CLB-04,MEMBER_OF,,,Officer,2
L2021-10086,Alum,CLB-40,MEMBER_OF,,,Officer,2
L2023-10088,Alum,CLB-24,MEMBER_OF,,,Member,4
L2024-10089,Alum,CLB-17,MEMBER_OF,,,Member,1
L2024-10089,Alum,CLB-01,MEMBER_OF,,,Member,4
L2024-10089,Alum,CLB-02,MEMBER_OF,,,Member,4
L2024-10089,Alum,CLB-14,MEMBER_OF,,,Member,2
L2019-10091,Alum,CLB-05,MEMBER_OF,,,Member,4
L2019-10091,Alum,CLB-19,MEMBER_OF,,,Officer,1
L2021-10093,Alum,CLB-23,MEMBER_OF,,,Member,1
L2021-10093,Alum,CLB-10,MEMBER_OF,,,Member,4
L2021-10093,Alum,CLB-09,MEMBER_OF,,,Officer,4
L2023-10095,Alum,CLB-08,MEMBER_OF,,,Officer,4
L2024-10096,Alum,CLB-23,MEMBER_OF,,,Officer,3
L2024-10096,Alum,CLB-15,MEMBER_OF,,,Member,2
L2025-10097,Alum,CLB-14,MEMBER_OF,,,Member,1
L2025-10097,Alum,CLB-26,MEMBER_OF,,,Officer,4
L2019-10098,Alum,CLB-19,MEMBER_OF,,,Founder,2
L2019-10098,Alum,CLB-44,MEMBER_OF,,,Officer,2
L2019-10098,Alum,CLB-40,MEMBER_OF,,,President,2
L2019-10098,Alum,CLB-17,MEMBER_OF,,,Founder,1
L2020-10099,Alum,CLB-14,MEMBER_OF,,,Member,4
L2020-10099,Alum,CLB-23,MEMBER_OF,,,Member,1
L2020-10099,Alum,CLB-11,MEMBER_OF,,,Officer,2
L2021-10100,Alum,CLB-23,MEMBER_OF,,,Member,2
L2021-10100,Alum,CLB-15,MEMBER_OF,,,Officer,4
L2022-10101,Alum,CLB-04,MEMBER_OF,,,Member,1
L2022-10101,Alum,CLB-37,MEMBER_OF,,,Member,2
L2022-10101,Alum,CLB-11,MEMBER_OF,,,Member,1
L2023-10102,Alum,CLB-14,MEMBER_OF,,,Member,1
L2024-10103,Alum,CLB-13,MEMBER_OF,,,Officer,3
L2024-10103,Alum,CLB-25,MEMBER_OF,,,Founder,1
L2024-10103,Alum,CLB-14,MEMBER_OF,,,Officer,1
L2025-10104,Alum,CLB-19,MEMBER_OF,,,President,3
L2025-10104,Alum,CLB-14,MEMBER_OF,,,Member,2
L2025-10104,Alum,CLB-05,MEMBER_OF,,,Member,2
L2020-10106,Alum,CLB-02,MEMBER_OF,,,Member,4
L2020-10106,Alum,CLB-16,MEMBER_OF,,,Member,1
L2021-10107,Alum,CLB-26,MEMBER_OF,,,Member,2
L2022-10108,Alum,CLB-37,MEMBER_OF,,,Officer,2
L2023-10109,Alum,CLB-11,MEMBER_OF,,,Member,2
L2023-10109,Alum,CLB-24,MEMBER_OF,,,Member,1
L2024-10110,Alum,CLB-26,MEMBER_OF,,,Member,1
L2024-10110,Alum,CLB-17,MEMBER_OF,,,Officer,3
L2024-10110,Alum,CLB-05,MEMBER_OF,,,President,4
L2024-10110,Alum,CLB-14,MEMBER_OF,,,Member,1
L2025-10111,Alum,CLB-23,MEMBER_OF,,,Member,3
L2025-10111,Alum,CLB-27,MEMBER_OF,,,Member,2
L2019-10112,Alum,CLB-17,MEMBER_OF,,,Officer,2
L2019-10112,Alum,CLB-14,MEMBER_OF,,,Member,3
L2020-10113,Alum,CLB-22,MEMBER_OF,,,Member,2
L2020-10113,Alum,CLB-01,MEMBER_OF,,,Member,4
L2021-10114,Alum,CLB-40,MEMBER_OF,,,Member,2
L2021-10114,Alum,CLB-19,MEMBER_OF,,,Member,1
L2022-10115,Alum,CLB-17,MEMBER_OF,,,Officer,1
L2022-10115,Alum,CLB-11,MEMBER_OF,,,Founder,3
L2023-10116,Alum,CLB-39,MEMBER_OF,,,Member,3
L2023-10116,Alum,CLB-32,MEMBER_OF,,,Member,4
L2024-10117,Alum,CLB-05,MEMBER_OF,,,Member,3
L2024-10117,Alum,CLB-23,MEMBER_OF,,,Founder,2
L2024-10117,Alum,CLB-38,MEMBER_OF,,,Member,1
L2025-10118,Alum,CLB-05,MEMBER_OF,,,Member,2
L2019-10119,Alum,CLB-14,MEMBER_OF,,,President,1
L2019-10119,Alum,CLB-17,MEMBER_OF,,,Officer,1
L2019-10119,Alum,CLB-40,MEMBER_OF,,,Officer,3
L2019-10119,Alum,CLB-22,MEMBER_OF,,,Member,4
L2020-10120,Alum,CLB-14,MEMBER_OF,,,Officer,4
L2020-10120,Alum,CLB-40,MEMBER_OF,,,Officer,2
L2020-10120,Alum,CLB-06,MEMBER_OF,,,Founder,2
L2020-10120,Alum,CLB-31,MEMBER_OF,,,Officer,4
L2022-10122,Alum,CLB-13,MEMBER_OF,,,Member,1
L2022-10122,Alum,CLB-14,MEMBER_OF,,,Member,2
L2024-10124,Alum,CLB-17,MEMBER_OF,,,Member,4
L2024-10124,Alum,CLB-41,MEMBER_OF,,,Member,1
L2024-10124,Alum,CLB-13,MEMBER_OF,,,Member,1
L2024-10124,Alum,CLB-19,MEMBER_OF,,,President,1
L2025-10125,Alum,CLB-01,MEMBER_OF,,,Member,2
L2025-10125,Alum,CLB-15,MEMBER_OF,,,Member,1
L2019-10126,Alum,CLB-09,MEMBER_OF,,,Member,4
L2019-10126,Alum,CLB-14,MEMBER_OF,,,Member,4
L2020-10127,Alum,CLB-14,MEMBER_OF,,,Member,1
L2020-10127,Alum,CLB-22,MEMBER_OF,,,Member,1
L2021-10128,Alum,CLB-23,MEMBER_OF,,,Member,3
L2021-10128,Alum,CLB-14,MEMBER_OF,,,Member,1
L2022-10129,Alum,CLB-23,MEMBER_OF,,,Member,3
L2022-10129,Alum,CLB-01,MEMBER_OF,,,Officer,3
L2022-10129,Alum,CLB-39,MEMBER_OF,,,Member,3
L2022-10129,Alum,CLB-40,MEMBER_OF,,,Member,4
L2023-10130,Alum,CLB-39,MEMBER_OF,,,Officer,4
L2023-10130,Alum,CLB-25,MEMBER_OF,,,Member,3
L2023-10130,Alum,CLB-01,MEMBER_OF,,,President,2
L2023-10130,Alum,CLB-14,MEMBER_OF,,,Member,3
L2024-10131,Alum,CLB-04,MEMBER_OF,,,Officer,3
L2025-10132,Alum,CLB-41,MEMBER_OF,,,Member,1
L2025-10132,Alum,CLB-10,MEMBER_OF,,,Member,4
L2019-10133,Alum,CLB-14,MEMBER_OF,,,Member,3
L2020-10134,Alum,CLB-09,MEMBER_OF,,,Member,3
L2021-10135,Alum,CLB-41,MEMBER_OF,,,Member,3
L2021-10135,Alum,CLB-13,MEMBER_OF,,,President,4
L2021-10135,Alum,CLB-10,MEMBER_OF,,,Member,3
L2022-10136,Alum,CLB-12,MEMBER_OF,,,Member,1
L2022-10136,Alum,CLB-14,MEMBER_OF,,,Officer,2
L2023-10137,Alum,CLB-45,MEMBER_OF,,,Member,3
L2023-10137,Alum,CLB-12,MEMBER_OF,,,Member,3
L2023-10137,Alum,CLB-23,MEMBER_OF,,,Member,4
L2024-10138,Alum,CLB-25,MEMBER_OF,,,Member,1
L2024-10138,Alum,CLB-02,MEMBER_OF,,,Member,4
L2025-10139,Alum,CLB-17,MEMBER_OF,,,Member,3
L2019-10140,Alum,CLB-05,MEMBER_OF,,,Member,4
L2019-10140,Alum,CLB-41,MEMBER_OF,,,Member,2
L2021-10142,Alum,CLB-15,MEMBER_OF,,,Officer,3
L2022-10143,Alum,CLB-27,MEMBER_OF,,,Officer,1
L2022-10143,Alum,CLB-12,MEMBER_OF,,,Member,1
L2023-10144,Alum,CLB-14,MEMBER_OF,,,Member,4
L2023-10144,Alum,CLB-41,MEMBER_OF,,,Member,1
L2019-10147,Alum,CLB-17,MEMBER_OF,,,Founder,4
L2020-10148,Alum,CLB-23,MEMBER_OF,,,Officer,2
L2020-10148,Alum,CLB-14,MEMBER_OF,,,Member,1
L2020-10148,Alum,CLB-04,MEMBER_OF,,,Member,3
L2021-10149,Alum,CLB-05,MEMBER_OF,,,Member,1
L2021-10149,Alum,CLB-14,MEMBER_OF,,,Member,1
L2021-10149,Alum,CLB-23,MEMBER_OF,,,President,1
L2021-10149,Alum,CLB-39,MEMBER_OF,,,Member,3
L2022-10150,Alum,CLB-23,MEMBER_OF,,,Officer,1
L2022-10150,Alum,CLB-10,MEMBER_OF,,,Officer,4
L2022-10150,Alum,CLB-21,MEMBER_OF,,,Member,1
L2022-10150,Alum,CLB-09,MEMBER_OF,,,Officer,4
L2023-10151,Alum,CLB-23,MEMBER_OF,,,Member,1
L2023-10151,Alum,CLB-28,MEMBER_OF,,,Member,4
L2023-10151,Alum,CLB-24,MEMBER_OF,,,Member,4
L2023-10151,Alum,CLB-15,MEMBER_OF,,,Member,2
L2025-10153,Alum,CLB-19,MEMBER_OF,,,Officer,2
L2025-10153,Alum,CLB-09,MEMBER_OF,,,Member,1
L2025-10153,Alum,CLB-06,MEMBER_OF,,,Member,2
L2019-10154,Alum,CLB-05,MEMBER_OF,,,Member,2
L2020-10155,Alum,CLB-23,MEMBER_OF,,,Member,4
L2020-10155,Alum,CLB-11,MEMBER_OF,,,Officer,2
L2020-10155,Alum,CLB-40,MEMBER_OF,,,Member,4
L2020-10155,Alum,CLB-19,MEMBER_OF,,,Founder,3
L2021-10156,Alum,CLB-26,MEMBER_OF,,,Member,2
L2021-10156,Alum,CLB-10,MEMBER_OF,,,Member,4
L2022-10157,Alum,CLB-32,MEMBER_OF,,,Member,4
L2023-10158,Alum,CLB-01,MEMBER_OF,,,Member,3
L2023-10158,Alum,CLB-27,MEMBER_OF,,,Officer,4
L2023-10158,Alum,CLB-14,MEMBER_OF,,,Officer,3
L2024-10159,Alum,CLB-09,MEMBER_OF,,,Member,4
L2025-10160,Alum,CLB-09,MEMBER_OF,,,Member,3
L2019-10161,Alum,CLB-23,MEMBER_OF,,,Founder,3
L2019-10161,Alum,CLB-41,MEMBER_OF,,,Member,3
L2019-10161,Alum,CLB-14,MEMBER_OF,,,Member,3
L2020-10162,Alum,CLB-25,MEMBER_OF,,,Member,2
L2020-10162,Alum,CLB-41,MEMBER_OF,,,Member,2
L2020-10162,Alum,CLB-03,MEMBER_OF,,,Member,1
L2021-10163,Alum,CLB-14,MEMBER_OF,,,Member,3
L2022-10164,Alum,CLB-33,MEMBER_OF,,,Member,4
L2023-10165,Alum,CLB-44,MEMBER_OF,,,Officer,2
L2023-10165,Alum,CLB-17,MEMBER_OF,,,Member,4
L2024-10166,Alum,CLB-22,MEMBER_OF,,,Member,1
L2024-10166,Alum,CLB-14,MEMBER_OF,,,Member,4
L2024-10166,Alum,CLB-05,MEMBER_OF,,,Member,2
L2019-10168,Alum,CLB-39,MEMBER_OF,,,Member,2
L2019-10168,Alum,CLB-14,MEMBER_OF,,,Member,3
L2020-10169,Alum,CLB-17,MEMBER_OF,,,Member,1
L2020-10169,Alum,CLB-14,MEMBER_OF,,,Member,2
L2021-10170,Alum,CLB-17,MEMBER_OF,,,Founder,2
L2022-10171,Alum,CLB-14,MEMBER_OF,,,Member,4
L2022-10171,Alum,CLB-15,MEMBER_OF,,,Member,2
L2022-10171,Alum,CLB-25,MEMBER_OF,,,Member,1
L2022-10171,Alum,CLB-20,MEMBER_OF,,,Officer,1
L2023-10172,Alum,CLB-21,MEMBER_OF,,,Member,4
L2024-10173,Alum,CLB-09,MEMBER_OF,,,Member,3
L2025-10174,Alum,CLB-14,MEMBER_OF,,,Member,3
L2025-10174,Alum,CLB-35,MEMBER_OF,,,Member,1
L2020-10176,Alum,CLB-22,MEMBER_OF,,,Member,3
L2020-10176,Alum,CLB-27,MEMBER_OF,,,President,3
L2021-10177,Alum,CLB-11,MEMBER_OF,,,Member,1
L2021-10177,Alum,CLB-40,MEMBER_OF,,,Member,3
L2021-10177,Alum,CLB-41,MEMBER_OF,,,Member,2
L2022-10178,Alum,CLB-29,MEMBER_OF,,,Member,4
L2022-10178,Alum,CLB-17,MEMBER_OF,,,Member,3
L2022-10178,Alum,CLB-39,MEMBER_OF,,,Member,2
L2023-10179,Alum,CLB-29,MEMBER_OF,,,Member,2
L2023-10179,Alum,CLB-09,MEMBER_OF,,,Member,3
L2023-10179,Alum,CLB-10,MEMBER_OF,,,Member,1
L2024-10180,Alum,CLB-15,MEMBER_OF,,,Member,4
L2025-10181,Alum,CLB-28,MEMBER_OF,,,Member,4
L2025-10181,Alum,CLB-19,MEMBER_OF,,,Member,3
L2025-10181,Alum,CLB-31,MEMBER_OF,,,Member,2
L2019-10182,Alum,CLB-05,MEMBER_OF,,,Founder,3
L2019-10182,Alum,CLB-01,MEMBER_OF,,,Member,1
L2020-10183,Alum,CLB-28,MEMBER_OF,,,Officer,3
L2020-10183,Alum,CLB-29,MEMBER_OF,,,Officer,1
L2020-10183,Alum,CLB-05,MEMBER_OF,,,Member,2
L2020-10183,Alum,CLB-14,MEMBER_OF,,,Member,2
L2021-10184,Alum,CLB-44,MEMBER_OF,,,Officer,3
L2021-10184,Alum,CLB-06,MEMBER_OF,,,President,3
L2021-10184,Alum,CLB-40,MEMBER_OF,,,Officer,2
L2022-10185,Alum,CLB-17,MEMBER_OF,,,Member,3
L2022-10185,Alum,CLB-14,MEMBER_OF,,,Member,2
L2022-10185,Alum,CLB-08,MEMBER_OF,,,Member,4
L2024-10187,Alum,CLB-05,MEMBER_OF,,,Member,1
L2024-10187,Alum,CLB-40,MEMBER_OF,,,Member,2
L2024-10187,Alum,CLB-32,MEMBER_OF,,,Officer,3
L2024-10187,Alum,CLB-23,MEMBER_OF,,,Founder,4
L2025-10188,Alum,CLB-23,MEMBER_OF,,,Member,4
L2025-10188,Alum,CLB-28,MEMBER_OF,,,Officer,4
L2025-10188,Alum,CLB-21,MEMBER_OF,,,Member,3
L2019-10189,Alum,CLB-05,MEMBER_OF,,,Founder,4
L2020-10190,Alum,CLB-07,MEMBER_OF,,,Officer,1
L2020-10190,Alum,CLB-24,MEMBER_OF,,,Member,1
L2021-10191,Alum,CLB-04,MEMBER_OF,,,Member,2
L2021-10191,Alum,CLB-41,MEMBER_OF,,,President,4
L2021-10191,Alum,CLB-23,MEMBER_OF,,,Member,2
L2021-10191,Alum,CLB-05,MEMBER_OF,,,President,2
L2022-10192,Alum,CLB-22,MEMBER_OF,,,President,3
L2022-10192,Alum,CLB-01,MEMBER_OF,,,Member,2
L2023-10193,Alum,CLB-01,MEMBER_OF,,,Member,4
L2024-10194,Alum,CLB-09,MEMBER_OF,,,Member,2
L2024-10194,Alum,CLB-24,MEMBER_OF,,,Founder,3
L2025-10195,Alum,CLB-14,MEMBER_OF,,,Officer,3
L2025-10195,Alum,CLB-17,MEMBER_OF,,,Member,1
L2019-10196,Alum,CLB-24,MEMBER_OF,,,Officer,1
L2020-10197,Alum,CLB-01,MEMBER_OF,,,Officer,1
L2020-10197,Alum,CLB-39,MEMBER_OF,,,Officer,1
L2021-10198,Alum,CLB-17,MEMBER_OF,,,Member,1
L2021-10198,Alum,CLB-10,MEMBER_OF,,,Member,1
L2022-10199,Alum,CLB-14,MEMBER_OF,,,Member,2
L2023-10200,Alum,CLB-17,MEMBER_OF,,,Member,2
L2024-10201,Alum,CLB-23,MEMBER_OF,,,Member,3
L2025-10202,Alum,CLB-22,MEMBER_OF,,,Member,4
L2025-10202,Alum,CLB-14,MEMBER_OF,,,Member,4
L2025-10202,Alum,CLB-07,MEMBER_OF,,,Member,3
L2025-10202,Alum,CLB-23,MEMBER_OF,,,Officer,1
L2019-10203,Alum,CLB-14,MEMBER_OF,,,President,3
L2020-10204,Alum,CLB-10,MEMBER_OF,,,President,3
L2020-10204,Alum,CLB-12,MEMBER_OF,,,Officer,4
L2020-10204,Alum,CLB-15,MEMBER_OF,,,Officer,4
L2021-10205,Alum,CLB-39,MEMBER_OF,,,Founder,3
L2021-10205,Alum,CLB-01,MEMBER_OF,,,Member,2
L2022-10206,Alum,CLB-04,MEMBER_OF,,,Member,3
L2022-10206,Alum,CLB-02,MEMBER_OF,,,Member,3
L2023-10207,Alum,CLB-05,MEMBER_OF,,,Member,2
L2023-10207,Alum,CLB-15,MEMBER_OF,,,Founder,3
L2023-10207,Alum,CLB-37,MEMBER_OF,,,President,3
L2024-10208,Alum,CLB-37,MEMBER_OF,,,Member,1
L2024-10208,Alum,CLB-23,MEMBER_OF,,,Member,3
L2025-10209,Alum,CLB-08,MEMBER_OF,,,Member,2
L2025-10209,Alum,CLB-09,MEMBER_OF,,,Member,3
L2019-10210,Alum,CLB-22,MEMBER_OF,,,Member,2
L2020-10211,Alum,CLB-10,MEMBER_OF,,,Member,2
L2020-10211,Alum,CLB-02,MEMBER_OF,,,Member,2
L2020-10211,Alum,CLB-14,MEMBER_OF,,,Member,3
L2021-10212,Alum,CLB-28,MEMBER_OF,,,Member,1
L2021-10212,Alum,CLB-31,MEMBER_OF,,,Member,1
L2022-10213,Alum,CLB-19,MEMBER_OF,,,Member,2
L2022-10213,Alum,CLB-40,MEMBER_OF,,,Member,4
L2022-10213,Alum,CLB-21,MEMBER_OF,,,Member,2
L2023-10214,Alum,CLB-07,MEMBER_OF,,,Member,1
L2023-10214,Alum,CLB-15,MEMBER_OF,,,Member,2
L2024-10215,Alum,CLB-40,MEMBER_OF,,,President,2
L2024-10215,Alum,CLB-19,MEMBER_OF,,,Member,1
L2025-10216,Alum,CLB-41,MEMBER_OF,,,Member,2
L2025-10216,Alum,CLB-33,MEMBER_OF,,,Officer,3
L2025-10216,Alum,CLB-17,MEMBER_OF,,,Member,4
L2019-10217,Alum,CLB-14,MEMBER_OF,,,Member,1
L2019-10217,Alum,CLB-37,MEMBER_OF,,,Member,3
L2020-10218,Alum,CLB-02,MEMBER_OF,,,Member,1
L2021-10219,Alum,CLB-20,MEMBER_OF,,,President,1
L2021-10219,Alum,CLB-28,MEMBER_OF,,,Officer,1
L2021-10219,Alum,CLB-05,MEMBER_OF,,,Member,2
L2021-10219,Alum,CLB-12,MEMBER_OF,,,Member,4
L2022-10220,Alum,CLB-07,MEMBER_OF,,,Member,1
L2024-10222,Alum,CLB-28,MEMBER_OF,,,Officer,2
L2024-10222,Alum,CLB-05,MEMBER_OF,,,Member,2
L2025-10223,Alum,CLB-03,MEMBER_OF,,,Member,1
L2025-10223,Alum,CLB-15,MEMBER_OF,,,Member,4
L2019-10224,Alum,CLB-39,MEMBER_OF,,,Member,3
L2019-10224,Alum,CLB-08,MEMBER_OF,,,Member,1
L2019-10224,Alum,CLB-17,MEMBER_OF,,,Officer,1
L2019-10224,Alum,CLB-07,MEMBER_OF,,,Founder,2
L2020-10225,Alum,CLB-11,MEMBER_OF,,,Member,4
L2020-10225,Alum,CLB-17,MEMBER_OF,,,President,2
L2021-10226,Alum,CLB-09,MEMBER_OF,,,Member,2
L2023-10228,Alum,CLB-02,MEMBER_OF,,,Member,2
L2023-10228,Alum,CLB-26,MEMBER_OF,,,Officer,1
L2023-10228,Alum,CLB-23,MEMBER_OF,,,Officer,3
L2024-10229,Alum,CLB-15,MEMBER_OF,,,Member,3
L2019-10231,Alum,CLB-17,MEMBER_OF,,,Officer,4
L2019-10231,Alum,CLB-38,MEMBER_OF,,,Member,2
L2019-10231,Alum,CLB-44,MEMBER_OF,,,Member,3
L2019-10231,Alum,CLB-10,MEMBER_OF,,,Member,3
L2020-10232,Alum,CLB-10,MEMBER_OF,,,Officer,3
L2022-10234,Alum,CLB-21,MEMBER_OF,,,Member,1
L2022-10234,Alum,CLB-44,MEMBER_OF,,,Member,4
L2023-10235,Alum,CLB-07,MEMBER_OF,,,Officer,3
L2023-10235,Alum,CLB-05,MEMBER_OF,,,Member,4
L2023-10235,Alum,CLB-23,MEMBER_OF,,,Member,3
L2024-10236,Alum,CLB-09,MEMBER_OF,,,Officer,3
L2024-10236,Alum,CLB-39,MEMBER_OF,,,Member,1
L2025-10237,Alum,CLB-05,MEMBER_OF,,,Member,1
L2025-10237,Alum,CLB-17,MEMBER_OF,,,Member,1
L2025-10237,Alum,CLB-23,MEMBER_OF,,,Member,3
L2025-10237,Alum,CLB-10,MEMBER_OF,,,Member,2
L2020-10239,Alum,CLB-19,MEMBER_OF,,,Member,2
L2020-10239,Alum,CLB-27,MEMBER_OF,,,Member,3
L2020-10239,Alum,CLB-17,MEMBER_OF,,,Member,2
L2020-10239,Alum,CLB-39,MEMBER_OF,,,Member,4
L2021-10240,Alum,CLB-05,MEMBER_OF,,,Member,4
L2021-10240,Alum,CLB-22,MEMBER_OF,,,Officer,2
L2023-10242,Alum,CLB-10,MEMBER_OF,,,Officer,1
L2023-10242,Alum,CLB-09,MEMBER_OF,,,Founder,4
L2023-10242,Alum,CLB-08,MEMBER_OF,,,Member,4
L2024-10243,Alum,CLB-04,MEMBER_OF,,,Member,2
L2025-10244,Alum,CLB-40,MEMBER_OF,,,Officer,4
L2025-10244,Alum,CLB-13,MEMBER_OF,,,Officer,1
L2025-10244,Alum,CLB-17,MEMBER_OF,,,Member,1
L2019-10245,Alum,CLB-37,MEMBER_OF,,,Member,2
L2020-10246,Alum,CLB-40,MEMBER_OF,,,Member,3
L2021-10247,Alum,CLB-14,MEMBER_OF,,,Member,1
L2021-10247,Alum,CLB-37,MEMBER_OF,,,Member,4
L2022-10248,Alum,CLB-05,MEMBER_OF,,,Member,1
L2022-10248,Alum,CLB-23,MEMBER_OF,,,Member,3
L2022-10248,Alum,CLB-15,MEMBER_OF,,,Officer,1
L2022-10248,Alum,CLB-01,MEMBER_OF,,,Officer,4
L2023-10249,Alum,CLB-17,MEMBER_OF,,,Member,1
L2023-10249,Alum,CLB-21,MEMBER_OF,,,Officer,1
L2023-10249,Alum,CLB-04,MEMBER_OF,,,Member,2
L2024-10250,Alum,CLB-01,MEMBER_OF,,,Officer,1
L2019-10252,Alum,CLB-21,MEMBER_OF,,,Member,3
L2019-10252,Alum,CLB-14,MEMBER_OF,,,Member,4
L2019-10252,Alum,CLB-10,MEMBER_OF,,,Member,3
L2019-10252,Alum,CLB-23,MEMBER_OF,,,Member,3
L2020-10253,Alum,CLB-23,MEMBER_OF,,,Member,2
L2020-10253,Alum,CLB-24,MEMBER_OF,,,President,1
L2020-10253,Alum,CLB-31,MEMBER_OF,,,Member,3
L2020-10253,Alum,CLB-32,MEMBER_OF,,,Member,2
L2021-10254,Alum,CLB-15,MEMBER_OF,,,Member,2
L2021-10254,Alum,CLB-05,MEMBER_OF,,,President,1
L2021-10254,Alum,CLB-14,MEMBER_OF,,,Founder,1
L2022-10255,Alum,CLB-14,MEMBER_OF,,,Member,2
L2022-10255,Alum,CLB-17,MEMBER_OF,,,Member,3
L2023-10256,Alum,CLB-19,MEMBER_OF,,,Member,2
L2023-10256,Alum,CLB-02,MEMBER_OF,,,Member,2
L2024-10257,Alum,CLB-41,MEMBER_OF,,,Member,2
L2025-10258,Alum,CLB-03,MEMBER_OF,,,Member,2
L2025-10258,Alum,CLB-15,MEMBER_OF,,,Member,1
L2019-10259,Alum,CLB-41,MEMBER_OF,,,Member,3
L2019-10259,Alum,CLB-19,MEMBER_OF,,,Officer,2
L2019-10259,Alum,CLB-10,MEMBER_OF,,,Member,2
L2020-10260,Alum,CLB-23,MEMBER_OF,,,Member,4
L2020-10260,Alum,CLB-26,MEMBER_OF,,,Officer,1
L2020-10260,Alum,CLB-21,MEMBER_OF,,,Member,2
L2021-10261,Alum,CLB-10,MEMBER_OF,,,Officer,3
L2022-10262,Alum,CLB-07,MEMBER_OF,,,Member,2
L2022-10262,Alum,CLB-19,MEMBER_OF,,,Officer,4
L2022-10262,Alum,CLB-14,MEMBER_OF,,,Officer,3
L2022-10262,Alum,CLB-08,MEMBER_OF,,,Member,2
L2023-10263,Alum,CLB-17,MEMBER_OF,,,Officer,2
L2023-10263,Alum,CLB-04,MEMBER_OF,,,Member,1
L2023-10263,Alum,CLB-11,MEMBER_OF,,,Member,4
L2024-10264,Alum,CLB-36,MEMBER_OF,,,Member,4
L2024-10264,Alum,CLB-01,MEMBER_OF,,,Member,1
L2025-10265,Alum,CLB-40,MEMBER_OF,,,Member,3
L2025-10265,Alum,CLB-05,MEMBER_OF,,,Member,2
L2019-10266,Alum,CLB-14,MEMBER_OF,,,President,4
L2019-10266,Alum,CLB-22,MEMBER_OF,,,Member,3
L2019-10266,Alum,CLB-23,MEMBER_OF,,,Member,2
L2019-10266,Alum,CLB-11,MEMBER_OF,,,Member,1
L2020-10267,Alum,CLB-03,MEMBER_OF,,,Member,4
L2021-10268,Alum,CLB-04,MEMBER_OF,,,Member,4
L2021-10268,Alum,CLB-11,MEMBER_OF,,,Member,3
L2021-10268,Alum,CLB-14,MEMBER_OF,,,Member,3
L2021-10268,Alum,CLB-40,MEMBER_OF,,,President,4
L2022-10269,Alum,CLB-43,MEMBER_OF,,,Member,4
L2022-10269,Alum,CLB-13,MEMBER_OF,,,Member,2
L2022-10269,Alum,CLB-14,MEMBER_OF,,,Member,4
L2022-10269,Alum,CLB-23,MEMBER_OF,,,Member,4
L2023-10270,Alum,CLB-10,MEMBER_OF,,,Member,4
L2023-10270,Alum,CLB-08,MEMBER_OF,,,Officer,2
L2023-10270,Alum,CLB-23,MEMBER_OF,,,Officer,3
L2024-10271,Alum,CLB-25,MEMBER_OF,,,Member,2
L2024-10271,Alum,CLB-06,MEMBER_OF,,,Officer,1
L2025-10272,Alum,CLB-10,MEMBER_OF,,,Member,3
L2025-10272,Alum,CLB-09,MEMBER_OF,,,Member,1
L2019-10273,Alum,CLB-44,MEMBER_OF,,,President,4
L2019-10273,Alum,CLB-17,MEMBER_OF,,,Member,4
L2019-10273,Alum,CLB-12,MEMBER_OF,,,Member,3
L2020-10274,Alum,CLB-40,MEMBER_OF,,,Member,2
L2021-10275,Alum,CLB-07,MEMBER_OF,,,Member,4
L2021-10275,Alum,CLB-26,MEMBER_OF,,,Member,2
L2021-10275,Alum,CLB-08,MEMBER_OF,,,Member,3
L2022-10276,Alum,CLB-05,MEMBER_OF,,,Member,4
L2022-10276,Alum,CLB-14,MEMBER_OF,,,Member,4
L2023-10277,Alum,CLB-14,MEMBER_OF,,,Member,1
L2023-10277,Alum,CLB-16,MEMBER_OF,,,Member,4
L2023-10277,Alum,CLB-22,MEMBER_OF,,,Officer,2
L2024-10278,Alum,CLB-09,MEMBER_OF,,,President,1
L2024-10278,Alum,CLB-07,MEMBER_OF,,,Member,1
L2025-10279,Alum,CLB-10,MEMBER_OF,,,Member,1
L2019-10280,Alum,CLB-24,MEMBER_OF,,,Member,3
L2019-10280,Alum,CLB-14,MEMBER_OF,,,Officer,4
L2020-10281,Alum,CLB-17,MEMBER_OF,,,President,3
L2020-10281,Alum,CLB-14,MEMBER_OF,,,Member,4
L2020-10281,Alum,CLB-02,MEMBER_OF,,,Officer,1
L2021-10282,Alum,CLB-07,MEMBER_OF,,,Member,3
L2021-10282,Alum,CLB-19,MEMBER_OF,,,Member,1
L2021-10282,Alum,CLB-06,MEMBER_OF,,,Officer,2
L2021-10282,Alum,CLB-11,MEMBER_OF,,,Member,4
L2022-10283,Alum,CLB-27,MEMBER_OF,,,Member,3
L2022-10283,Alum,CLB-17,MEMBER_OF,,,Member,2
L2022-10283,Alum,CLB-22,MEMBER_OF,,,Member,4
L2023-10284,Alum,CLB-07,MEMBER_OF,,,President,1
L2024-10285,Alum,CLB-38,MEMBER_OF,,,Member,2
L2024-10285,Alum,CLB-14,MEMBER_OF,,,Member,1
L2024-10285,Alum,CLB-17,MEMBER_OF,,,Member,1
L2024-10285,Alum,CLB-15,MEMBER_OF,,,Member,1
L2025-10286,Alum,CLB-14,MEMBER_OF,,,Member,2
L2025-10286,Alum,CLB-09,MEMBER_OF,,,Member,3
L2025-10286,Alum,CLB-10,MEMBER_OF,,,Member,2
L2019-10287,Alum,CLB-14,MEMBER_OF,,,Member,3
L2020-10288,Alum,CLB-33,MEMBER_OF,,,Founder,1
L2021-10289,Alum,CLB-35,MEMBER_OF,,,Member,2
L2022-10290,Alum,CLB-01,MEMBER_OF,,,Founder,4
L2023-10291,Alum,CLB-31,MEMBER_OF,,,Member,4
L2023-10291,Alum,CLB-38,MEMBER_OF,,,Member,4
L2024-10292,Alum,CLB-31,MEMBER_OF,,,Member,4
L2025-10293,Alum,CLB-21,MEMBER_OF,,,Member,1
L2019-10294,Alum,CLB-28,MEMBER_OF,,,Member,2
L2019-10294,Alum,CLB-39,MEMBER_OF,,,Member,1
L2019-10294,Alum,CLB-37,MEMBER_OF,,,Member,1
L2021-10296,Alum,CLB-22,MEMBER_OF,,,Member,2
L2021-10296,Alum,CLB-26,MEMBER_OF,,,Officer,4
L2022-10297,Alum,CLB-19,MEMBER_OF,,,Member,2
L2022-10297,Alum,CLB-02,MEMBER_OF,,,Founder,1
L2023-10298,Alum,CLB-17,MEMBER_OF,,,Officer,2
L2023-10298,Alum,CLB-32,MEMBER_OF,,,Member,4
L2023-10298,Alum,CLB-11,MEMBER_OF,,,Officer,3
L2024-10299,Alum,CLB-09,MEMBER_OF,,,Member,1
L2024-10299,Alum,CLB-44,MEMBER_OF,,,Member,1
L2024-10299,Alum,CLB-21,MEMBER_OF,,,Member,2
L2024-10299,Alum,CLB-12,MEMBER_OF,,,Member,2
L2025-10300,Alum,CLB-23,MEMBER_OF,,,Member,3
L2025-10300,Alum,CLB-12,MEMBER_OF,,,Member,3
L2025-10300,Alum,CLB-17,MEMBER_OF,,,Member,2
L2019-10301,Alum,CLB-08,MEMBER_OF,,,President,3
L2019-10301,Alum,CLB-17,MEMBER_OF,,,Officer,1
L2019-10301,Alum,CLB-21,MEMBER_OF,,,Member,4
L2020-10302,Alum,CLB-15,MEMBER_OF,,,Member,1
L2020-10302,Alum,CLB-14,MEMBER_OF,,,Member,2
L2021-10303,Alum,CLB-13,MEMBER_OF,,,Member,3
L2021-10303,Alum,CLB-23,MEMBER_OF,,,Member,3
L2021-10303,Alum,CLB-11,MEMBER_OF,,,Member,3
L2021-10303,Alum,CLB-04,MEMBER_OF,,,President,2
L2022-10304,Alum,CLB-05,MEMBER_OF,,,President,4
L2022-10304,Alum,CLB-40,MEMBER_OF,,,Member,1
L2022-10304,Alum,CLB-19,MEMBER_OF,,,Member,2
L2023-10305,Alum,CLB-40,MEMBER_OF,,,Officer,2
L2023-10305,Alum,CLB-02,MEMBER_OF,,,Founder,4
L2023-10305,Alum,CLB-22,MEMBER_OF,,,Member,4
L2025-10307,Alum,CLB-23,MEMBER_OF,,,Member,2
L2019-10308,Alum,CLB-09,MEMBER_OF,,,Member,2
L2019-10308,Alum,CLB-13,MEMBER_OF,,,Member,2
L2020-10309,Alum,CLB-43,MEMBER_OF,,,President,1
L2020-10309,Alum,CLB-14,MEMBER_OF,,,Member,3
L2020-10309,Alum,CLB-05,MEMBER_OF,,,Officer,3
L2021-10310,Alum,CLB-26,MEMBER_OF,,,Member,1
L2021-10310,Alum,CLB-28,MEMBER_OF,,,Officer,4
L2022-10311,Alum,CLB-23,MEMBER_OF,,,Officer,3
L2023-10312,Alum,CLB-14,MEMBER_OF,,,Member,1
L2023-10312,Alum,CLB-33,MEMBER_OF,,,Officer,3
L2023-10312,Alum,CLB-13,MEMBER_OF,,,Member,2
L2024-10313,Alum,CLB-15,MEMBER_OF,,,Member,4
L2024-10313,Alum,CLB-08,MEMBER_OF,,,Officer,1
L2024-10313,Alum,CLB-04,MEMBER_OF,,,Member,2
L2025-10314,Alum,CLB-22,MEMBER_OF,,,Officer,2
L2019-10315,Alum,CLB-09,MEMBER_OF,,,President,3
L2020-10316,Alum,CLB-22,MEMBER_OF,,,Member,3
L2020-10316,Alum,CLB-41,MEMBER_OF,,,Member,1
L2020-10316,Alum,CLB-23,MEMBER_OF,,,Member,4
L2020-10316,Alum,CLB-09,MEMBER_OF,,,Member,4
L2021-10317,Alum,CLB-23,MEMBER_OF,,,Member,1
L2021-10317,Alum,CLB-25,MEMBER_OF,,,Member,2
L2022-10318,Alum,CLB-27,MEMBER_OF,,,President,1
L2022-10318,Alum,CLB-32,MEMBER_OF,,,Member,2
L2024-10320,Alum,CLB-40,MEMBER_OF,,,Member,1
L2024-10320,Alum,CLB-26,MEMBER_OF,,,President,2
L2024-10320,Alum,CLB-14,MEMBER_OF,,,President,1
L2024-10320,Alum,CLB-15,MEMBER_OF,,,Member,1
L2025-10321,Alum,CLB-11,MEMBER_OF,,,Member,4
L2019-10322,Alum,CLB-19,MEMBER_OF,,,Member,3
L2019-10322,Alum,CLB-45,MEMBER_OF,,,Member,1
L2019-10322,Alum,CLB-41,MEMBER_OF,,,Member,3
L2019-10322,Alum,CLB-04,MEMBER_OF,,,Member,3
L2020-10323,Alum,CLB-30,MEMBER_OF,,,Member,1
L2020-10323,Alum,CLB-02,MEMBER_OF,,,Member,1
L2021-10324,Alum,CLB-21,MEMBER_OF,,,Officer,3
L2021-10324,Alum,CLB-27,MEMBER_OF,,,Member,2
L2022-10325,Alum,CLB-19,MEMBER_OF,,,Officer,3
L2023-10326,Alum,CLB-07,MEMBER_OF,,,Member,2
L2024-10327,Alum,CLB-02,MEMBER_OF,,,President,3
L2024-10327,Alum,CLB-08,MEMBER_OF,,,Member,3
L2024-10327,Alum,CLB-37,MEMBER_OF,,,Member,1
L2024-10327,Alum,CLB-14,MEMBER_OF,,,Member,1
L2025-10328,Alum,CLB-14,MEMBER_OF,,,Member,3
L2019-10329,Alum,CLB-29,MEMBER_OF,,,Officer,3
L2021-10331,Alum,CLB-44,MEMBER_OF,,,Member,3
L2023-10333,Alum,CLB-08,MEMBER_OF,,,Officer,2
L2023-10333,Alum,CLB-10,MEMBER_OF,,,Member,2
L2023-10333,Alum,CLB-41,MEMBER_OF,,,President,2
L2024-10334,Alum,CLB-23,MEMBER_OF,,,Member,4
L2024-10334,Alum,CLB-05,MEMBER_OF,,,Member,1
L2024-10334,Alum,CLB-27,MEMBER_OF,,,Member,2
L2024-10334,Alum,CLB-02,MEMBER_OF,,,Member,1
L2025-10335,Alum,CLB-05,MEMBER_OF,,,Member,1
L2025-10335,Alum,CLB-14,MEMBER_OF,,,Founder,3
L2025-10335,Alum,CLB-17,MEMBER_OF,,,Officer,1
L2025-10335,Alum,CLB-36,MEMBER_OF,,,Member,1
L2019-10336,Alum,CLB-14,MEMBER_OF,,,Member,4
L2019-10336,Alum,CLB-19,MEMBER_OF,,,Member,2
L2020-10337,Alum,CLB-10,MEMBER_OF,,,Member,3
L2021-10338,Alum,CLB-10,MEMBER_OF,,,Member,2
L2021-10338,Alum,CLB-21,MEMBER_OF,,,Member,2
L2021-10338,Alum,CLB-40,MEMBER_OF,,,Member,4
L2021-10338,Alum,CLB-29,MEMBER_OF,,,Member,4
L2022-10339,Alum,CLB-15,MEMBER_OF,,,Member,4
L2022-10339,Alum,CLB-22,MEMBER_OF,,,Member,4
L2022-10339,Alum,CLB-40,MEMBER_OF,,,President,2
L2022-10339,Alum,CLB-17,MEMBER_OF,,,Member,1
L2023-10340,Alum,CLB-23,MEMBER_OF,,,Member,1
L2023-10340,Alum,CLB-19,MEMBER_OF,,,Officer,3
L2023-10340,Alum,CLB-37,MEMBER_OF,,,Member,2
L2023-10340,Alum,CLB-14,MEMBER_OF,,,Member,1
L2024-10341,Alum,CLB-14,MEMBER_OF,,,Officer,3
L2025-10342,Alum,CLB-41,MEMBER_OF,,,Member,2
L2019-10343,Alum,CLB-14,MEMBER_OF,,,Member,1
L2019-10343,Alum,CLB-04,MEMBER_OF,,,Member,1
L2020-10344,Alum,CLB-43,MEMBER_OF,,,Officer,1
L2020-10344,Alum,CLB-10,MEMBER_OF,,,Member,3
L2020-10344,Alum,CLB-19,MEMBER_OF,,,Member,1
L2020-10344,Alum,CLB-40,MEMBER_OF,,,Member,4
L2021-10345,Alum,CLB-28,MEMBER_OF,,,Member,2
L2021-10345,Alum,CLB-31,MEMBER_OF,,,Member,3
L2022-10346,Alum,CLB-23,MEMBER_OF,,,Founder,1
L2022-10346,Alum,CLB-22,MEMBER_OF,,,Officer,2
L2023-10347,Alum,CLB-10,MEMBER_OF,,,Member,3
L2023-10347,Alum,CLB-22,MEMBER_OF,,,Member,1
L2024-10348,Alum,CLB-07,MEMBER_OF,,,Member,3
L2024-10348,Alum,CLB-08,MEMBER_OF,,,Member,2
L2024-10348,Alum,CLB-14,MEMBER_OF,,,President,1
L2025-10349,Alum,CLB-40,MEMBER_OF,,,Member,1
L2025-10349,Alum,CLB-37,MEMBER_OF,,,Member,2
L2019-10350,Alum,CLB-22,MEMBER_OF,,,Member,2
L2020-10351,Alum,CLB-25,MEMBER_OF,,,Officer,4
L2020-10351,Alum,CLB-17,MEMBER_OF,,,Member,1
L2020-10351,Alum,CLB-36,MEMBER_OF,,,Member,3
L2021-10352,Alum,CLB-06,MEMBER_OF,,,Member,3
L2021-10352,Alum,CLB-08,MEMBER_OF,,,Member,2
L2021-10352,Alum,CLB-12,MEMBER_OF,,,Member,3
L2022-10353,Alum,CLB-09,MEMBER_OF,,,Founder,1
L2022-10353,Alum,CLB-17,MEMBER_OF,,,Member,4
L2022-10353,Alum,CLB-39,MEMBER_OF,,,Member,2
L2022-10353,Alum,CLB-10,MEMBER_OF,,,Member,2
L2023-10354,Alum,CLB-39,MEMBER_OF,,,Member,2
L2023-10354,Alum,CLB-19,MEMBER_OF,,,Member,4
L2023-10354,Alum,CLB-14,MEMBER_OF,,,Member,3
L2023-10354,Alum,CLB-01,MEMBER_OF,,,Member,2
L2024-10355,Alum,CLB-22,MEMBER_OF,,,Member,4
L2024-10355,Alum,CLB-01,MEMBER_OF,,,Founder,1
L2025-10356,Alum,CLB-15,MEMBER_OF,,,Member,1
L2025-10356,Alum,CLB-05,MEMBER_OF,,,Member,2
L2025-10356,Alum,CLB-06,MEMBER_OF,,,Officer,3
L2025-10356,Alum,CLB-41,MEMBER_OF,,,Member,3
L2019-10357,Alum,CLB-11,MEMBER_OF,,,Member,1
L2020-10358,Alum,CLB-43,MEMBER_OF,,,Member,3
L2020-10358,Alum,CLB-15,MEMBER_OF,,,Member,3
L2021-10359,Alum,CLB-22,MEMBER_OF,,,Member,4
L2021-10359,Alum,CLB-04,MEMBER_OF,,,Founder,1
L2021-10359,Alum,CLB-09,MEMBER_OF,,,Member,1
L2022-10360,Alum,CLB-14,MEMBER_OF,,,Member,2
L2023-10361,Alum,CLB-02,MEMBER_OF,,,Member,2
L2024-10362,Alum,CLB-02,MEMBER_OF,,,President,2
L2025-10363,Alum,CLB-05,MEMBER_OF,,,Member,4
L2025-10363,Alum,CLB-13,MEMBER_OF,,,President,2
L2019-10364,Alum,CLB-04,MEMBER_OF,,,Officer,4
L2019-10364,Alum,CLB-09,MEMBER_OF,,,President,4
L2020-10365,Alum,CLB-17,MEMBER_OF,,,Member,3
L2020-10365,Alum,CLB-15,MEMBER_OF,,,Member,1
L2022-10367,Alum,CLB-09,MEMBER_OF,,,Member,4
L2024-10369,Alum,CLB-31,MEMBER_OF,,,Member,2
L2024-10369,Alum,CLB-22,MEMBER_OF,,,Member,1
L2024-10369,Alum,CLB-15,MEMBER_OF,,,Member,1
L2025-10370,Alum,CLB-14,MEMBER_OF,,,Member,4
L2025-10370,Alum,CLB-17,MEMBER_OF,,,Officer,3
L2025-10370,Alum,CLB-24,MEMBER_OF,,,President,1
L2019-10371,Alum,CLB-44,MEMBER_OF,,,President,1
L2019-10371,Alum,CLB-08,MEMBER_OF,,,President,4
L2019-10371,Alum,CLB-17,MEMBER_OF,,,Member,3
L2019-10371,Alum,CLB-14,MEMBER_OF,,,Member,1
L2021-10373,Alum,CLB-08,MEMBER_OF,,,Member,3
L2021-10373,Alum,CLB-02,MEMBER_OF,,,Member,1
L2021-10373,Alum,CLB-01,MEMBER_OF,,,Member,4
L2022-10374,Alum,CLB-17,MEMBER_OF,,,Officer,4
L2022-10374,Alum,CLB-08,MEMBER_OF,,,Member,1
L2024-10376,Alum,CLB-01,MEMBER_OF,,,Officer,1
L2024-10376,Alum,CLB-17,MEMBER_OF,,,Member,3
L2024-10376,Alum,CLB-23,MEMBER_OF,,,Member,1
L2024-10376,Alum,CLB-19,MEMBER_OF,,,Member,4
L2025-10377,Alum,CLB-04,MEMBER_OF,,,Member,3
L2025-10377,Alum,CLB-24,MEMBER_OF,,,Member,2
L2025-10377,Alum,CLB-20,MEMBER_OF,,,Officer,2
L2025-10377,Alum,CLB-14,MEMBER_OF,,,President,2
L2020-10379,Alum,CLB-02,MEMBER_OF,,,Member,3
L2020-10379,Alum,CLB-17,MEMBER_OF,,,Founder,4
L2021-10380,Alum,CLB-14,MEMBER_OF,,,Member,3
L2022-10381,Alum,CLB-01,MEMBER_OF,,,Member,2
L2022-10381,Alum,CLB-37,MEMBER_OF,,,Officer,1
L2022-10381,Alum,CLB-39,MEMBER_OF,,,Member,4
L2022-10381,Alum,CLB-19,MEMBER_OF,,,Officer,1
L2023-10382,Alum,CLB-04,MEMBER_OF,,,Member,3
L2023-10382,Alum,CLB-23,MEMBER_OF,,,Member,2
L2024-10383,Alum,CLB-14,MEMBER_OF,,,Member,2
L2024-10383,Alum,CLB-11,MEMBER_OF,,,Officer,4
L2024-10383,Alum,CLB-17,MEMBER_OF,,,Member,1
L2025-10384,Alum,CLB-24,MEMBER_OF,,,Member,4
L2025-10384,Alum,CLB-23,MEMBER_OF,,,Member,2
L2019-10385,Alum,CLB-14,MEMBER_OF,,,Member,4
L2019-10385,Alum,CLB-02,MEMBER_OF,,,President,1
L2019-10385,Alum,CLB-11,MEMBER_OF,,,Member,1
L2021-10387,Alum,CLB-23,MEMBER_OF,,,Member,3
L2021-10387,Alum,CLB-05,MEMBER_OF,,,Member,1
L2022-10388,Alum,CLB-19,MEMBER_OF,,,President,2
L2022-10388,Alum,CLB-01,MEMBER_OF,,,Member,2
L2022-10388,Alum,CLB-24,MEMBER_OF,,,Member,4
L2023-10389,Alum,CLB-14,MEMBER_OF,,,Member,2
L2023-10389,Alum,CLB-17,MEMBER_OF,,,Member,4
L2024-10390,Alum,CLB-23,MEMBER_OF,,,Member,2
L2024-10390,Alum,CLB-17,MEMBER_OF,,,Officer,2
L2025-10391,Alum,CLB-05,MEMBER_OF,,,Member,1
L2025-10391,Alum,CLB-40,MEMBER_OF,,,Officer,3
L2025-10391,Alum,CLB-44,MEMBER_OF,,,Member,2
L2019-10392,Alum,CLB-26,MEMBER_OF,,,Officer,4
L2020-10393,Alum,CLB-25,MEMBER_OF,,,Member,3
L2021-10394,Alum,CLB-09,MEMBER_OF,,,Officer,1
L2021-10394,Alum,CLB-26,MEMBER_OF,,,Member,1
L2021-10394,Alum,CLB-10,MEMBER_OF,,,Member,3
L2022-10395,Alum,CLB-15,MEMBER_OF,,,Member,2
L2023-10396,Alum,CLB-22,MEMBER_OF,,,Member,1
L2023-10396,Alum,CLB-28,MEMBER_OF,,,Officer,1
L2024-10397,Alum,CLB-39,MEMBER_OF,,,President,3
L2025-10398,Alum,CLB-39,MEMBER_OF,,,Member,3
L2019-10399,Alum,CLB-01,MEMBER_OF,,,Member,1
L2019-10399,Alum,CLB-24,MEMBER_OF,,,Member,1
L2019-10399,Alum,CLB-14,MEMBER_OF,,,Member,1
L2020-10400,Alum,CLB-12,MEMBER_OF,,,Officer,2
L2020-10400,Alum,CLB-14,MEMBER_OF,,,Officer,1
L2020-10400,Alum,CLB-23,MEMBER_OF,,,Member,3
L2020-10400,Alum,CLB-04,MEMBER_OF,,,Member,3
L2021-10401,Alum,CLB-29,MEMBER_OF,,,Member,1
L2021-10401,Alum,CLB-27,MEMBER_OF,,,Member,1
L2021-10401,Alum,CLB-01,MEMBER_OF,,,Member,2
L2022-10402,Alum,CLB-19,MEMBER_OF,,,Member,2
L2022-10402,Alum,CLB-14,MEMBER_OF,,,Founder,3
L2022-10402,Alum,CLB-23,MEMBER_OF,,,Member,3
L2022-10402,Alum,CLB-40,MEMBER_OF,,,Officer,1
L2023-10403,Alum,CLB-30,MEMBER_OF,,,Member,2
L2023-10403,Alum,CLB-05,MEMBER_OF,,,Member,4
L2024-10404,Alum,CLB-17,MEMBER_OF,,,Member,1
L2019-10406,Alum,CLB-10,MEMBER_OF,,,Member,3
L2019-10406,Alum,CLB-40,MEMBER_OF,,,Member,2
L2020-10407,Alum,CLB-03,MEMBER_OF,,,Member,4
L2022-10409,Alum,CLB-03,MEMBER_OF,,,Member,2
L2022-10409,Alum,CLB-02,MEMBER_OF,,,Member,1
L2022-10409,Alum,CLB-14,MEMBER_OF,,,Member,4
L2024-10411,Alum,CLB-05,MEMBER_OF,,,Officer,3
L2025-10412,Alum,CLB-35,MEMBER_OF,,,Officer,1
L2025-10412,Alum,CLB-09,MEMBER_OF,,,President,1
L2019-10413,Alum,CLB-40,MEMBER_OF,,,Member,4
L2019-10413,Alum,CLB-14,MEMBER_OF,,,Member,3
L2020-10414,Alum,CLB-40,MEMBER_OF,,,Member,2
L2020-10414,Alum,CLB-12,MEMBER_OF,,,Member,3
L2021-10415,Alum,CLB-17,MEMBER_OF,,,Member,4
L2021-10415,Alum,CLB-05,MEMBER_OF,,,Member,1
L2021-10415,Alum,CLB-14,MEMBER_OF,,,Member,4
L2021-10415,Alum,CLB-01,MEMBER_OF,,,Officer,1
L2022-10416,Alum,CLB-10,MEMBER_OF,,,Founder,3
L2023-10417,Alum,CLB-23,MEMBER_OF,,,Member,3
L2023-10417,Alum,CLB-10,MEMBER_OF,,,Member,2
L2024-10418,Alum,CLB-05,MEMBER_OF,,,Member,3
L2024-10418,Alum,CLB-01,MEMBER_OF,,,Member,4
L2025-10419,Alum,CLB-10,MEMBER_OF,,,Officer,1
L2019-10420,Alum,CLB-03,MEMBER_OF,,,Officer,1
L2019-10420,Alum,CLB-26,MEMBER_OF,,,Officer,1
L2019-10420,Alum,CLB-10,MEMBER_OF,,,Member,4
L2020-10421,Alum,CLB-09,MEMBER_OF,,,President,2
L2021-10422,Alum,CLB-13,MEMBER_OF,,,Member,3
L2023-10424,Alum,CLB-03,MEMBER_OF,,,Officer,2
L2023-10424,Alum,CLB-09,MEMBER_OF,,,Founder,3
L2024-10425,Alum,CLB-39,MEMBER_OF,,,Member,3
L2024-10425,Alum,CLB-05,MEMBER_OF,,,Officer,4
L2024-10425,Alum,CLB-01,MEMBER_OF,,,Member,2
L2024-10425,Alum,CLB-10,MEMBER_OF,,,Officer,3
L2025-10426,Alum,CLB-32,MEMBER_OF,,,Member,4
L2025-10426,Alum,CLB-23,MEMBER_OF,,,Member,4
L2025-10426,Alum,CLB-01,MEMBER_OF,,,Member,3
L2019-10427,Alum,CLB-14,MEMBER_OF,,,Member,3
L2019-10427,Alum,CLB-41,MEMBER_OF,,,Officer,4
L2019-10427,Alum,CLB-26,MEMBER_OF,,,President,4
L2020-10428,Alum,CLB-24,MEMBER_OF,,,Member,3
L2020-10428,Alum,CLB-09,MEMBER_OF,,,Member,1
L2021-10429,Alum,CLB-17,MEMBER_OF,,,Member,2
L2022-10430,Alum,CLB-23,MEMBER_OF,,,Member,3
L2022-10430,Alum,CLB-09,MEMBER_OF,,,Member,1
L2022-10430,Alum,CLB-39,MEMBER_OF,,,Officer,4
L2023-10431,Alum,CLB-04,MEMBER_OF,,,Member,4
L2023-10431,Alum,CLB-08,MEMBER_OF,,,Officer,3
L2024-10432,Alum,CLB-31,MEMBER_OF,,,Member,1
L2024-10432,Alum,CLB-13,MEMBER_OF,,,Member,4
L2025-10433,Alum,CLB-26,MEMBER_OF,,,Member,3
L2019-10434,Alum,CLB-22,MEMBER_OF,,,Member,3
L2020-10435,Alum,CLB-14,MEMBER_OF,,,Member,2
L2020-10435,Alum,CLB-17,MEMBER_OF,,,President,3
L2021-10436,Alum,CLB-15,MEMBER_OF,,,President,1
L2022-10437,Alum,CLB-22,MEMBER_OF,,,Founder,1
L2024-10439,Alum,CLB-25,MEMBER_OF,,,Founder,4
L2024-10439,Alum,CLB-09,MEMBER_OF,,,Member,4
L2024-10439,Alum,CLB-01,MEMBER_OF,,,Officer,3
L2019-10441,Alum,CLB-09,MEMBER_OF,,,Officer,1
L2019-10441,Alum,CLB-11,MEMBER_OF,,,President,4
L2020-10442,Alum,CLB-23,MEMBER_OF,,,Member,1
L2020-10442,Alum,CLB-02,MEMBER_OF,,,Member,3
L2021-10443,Alum,CLB-17,MEMBER_OF,,,Member,3
L2021-10443,Alum,CLB-19,MEMBER_OF,,,President,3
L2021-10443,Alum,CLB-36,MEMBER_OF,,,Member,4
L2021-10443,Alum,CLB-40,MEMBER_OF,,,Member,1
L2022-10444,Alum,CLB-28,MEMBER_OF,,,Member,2
L2022-10444,Alum,CLB-27,MEMBER_OF,,,Founder,1
L2022-10444,Alum,CLB-29,MEMBER_OF,,,Member,3
L2023-10445,Alum,CLB-14,MEMBER_OF,,,Founder,3
L2023-10445,Alum,CLB-02,MEMBER_OF,,,Officer,4
L2023-10445,Alum,CLB-18,MEMBER_OF,,,President,3
L2024-10446,Alum,CLB-40,MEMBER_OF,,,Officer,1
L2025-10447,Alum,CLB-09,MEMBER_OF,,,Member,4
L2025-10447,Alum,CLB-10,MEMBER_OF,,,Member,4
L2025-10447,Alum,CLB-06,MEMBER_OF,,,Member,2
L2019-10448,Alum,CLB-04,MEMBER_OF,,,Founder,2
L2019-10448,Alum,CLB-02,MEMBER_OF,,,Member,1
L2021-10450,Alum,CLB-35,MEMBER_OF,,,Member,4
L2021-10450,Alum,CLB-19,MEMBER_OF,,,Officer,3
L2021-10450,Alum,CLB-40,MEMBER_OF,,,Member,3
L2021-10450,Alum,CLB-07,MEMBER_OF,,,Member,2
L2022-10451,Alum,CLB-14,MEMBER_OF,,,Member,1
L2022-10451,Alum,CLB-23,MEMBER_OF,,,Member,3
L2022-10451,Alum,CLB-26,MEMBER_OF,,,Officer,2
L2022-10451,Alum,CLB-04,MEMBER_OF,,,Member,2
L2023-10452,Alum,CLB-15,MEMBER_OF,,,Member,1
L2024-10453,Alum,CLB-40,MEMBER_OF,,,Officer,1
L2025-10454,Alum,CLB-01,MEMBER_OF,,,Member,3
L2025-10454,Alum,CLB-38,MEMBER_OF,,,President,3
L2025-10454,Alum,CLB-27,MEMBER_OF,,,Officer,4
L2019-10455,Alum,CLB-22,MEMBER_OF,,,President,4
L2019-10455,Alum,CLB-44,MEMBER_OF,,,Officer,4
L2019-10455,Alum,CLB-24,MEMBER_OF,,,Member,3
L2020-10456,Alum,CLB-14,MEMBER_OF,,,Officer,1
L2020-10456,Alum,CLB-25,MEMBER_OF,,,Founder,4
L2021-10457,Alum,CLB-02,MEMBER_OF,,,Member,2
L2021-10457,Alum,CLB-12,MEMBER_OF,,,Member,4
L2021-10457,Alum,CLB-14,MEMBER_OF,,,Member,4
L2022-10458,Alum,CLB-23,MEMBER_OF,,,Member,4
L2022-10458,Alum,CLB-13,MEMBER_OF,,,President,1
L2022-10458,Alum,CLB-09,MEMBER_OF,,,Officer,2
L2022-10458,Alum,CLB-40,MEMBER_OF,,,Member,2
L2023-10459,Alum,CLB-40,MEMBER_OF,,,Officer,3
L2024-10460,Alum,CLB-39,MEMBER_OF,,,Member,4
L2024-10460,Alum,CLB-03,MEMBER_OF,,,Member,3
L2024-10460,Alum,CLB-32,MEMBER_OF,,,Member,1
L2025-10461,Alum,CLB-22,MEMBER_OF,,,Member,1
L2019-10462,Alum,CLB-05,MEMBER_OF,,,Founder,4
L2019-10462,Alum,CLB-39,MEMBER_OF,,,Member,3
L2019-10462,Alum,CLB-44,MEMBER_OF,,,Member,3
L2020-10463,Alum,CLB-40,MEMBER_OF,,,Member,4
L2020-10463,Alum,CLB-04,MEMBER_OF,,,Member,1
L2021-10464,Alum,CLB-08,MEMBER_OF,,,Member,2
L2021-10464,Alum,CLB-39,MEMBER_OF,,,Member,3
L2022-10465,Alum,CLB-23,MEMBER_OF,,,Member,3
L2023-10466,Alum,CLB-22,MEMBER_OF,,,President,4
L2024-10467,Alum,CLB-40,MEMBER_OF,,,Founder,1
L2024-10467,Alum,CLB-09,MEMBER_OF,,,Member,1
L2024-10467,Alum,CLB-23,MEMBER_OF,,,Member,2
L2025-10468,Alum,CLB-22,MEMBER_OF,,,Officer,3
L2019-10469,Alum,CLB-10,MEMBER_OF,,,Member,4
L2019-10469,Alum,CLB-14,MEMBER_OF,,,Member,1
L2019-10469,Alum,CLB-09,MEMBER_OF,,,Member,3
L2019-10469,Alum,CLB-08,MEMBER_OF,,,Member,4
L2020-10470,Alum,CLB-37,MEMBER_OF,,,Member,2
L2020-10470,Alum,CLB-02,MEMBER_OF,,,Member,3
L2021-10471,Alum,CLB-17,MEMBER_OF,,,Member,1
L2021-10471,Alum,CLB-40,MEMBER_OF,,,Member,3
L2021-10471,Alum,CLB-14,MEMBER_OF,,,Member,4
L2022-10472,Alum,CLB-09,MEMBER_OF,,,Member,2
L2022-10472,Alum,CLB-14,MEMBER_OF,,,Member,1
L2022-10472,Alum,CLB-10,MEMBER_OF,,,Member,4
L2022-10472,Alum,CLB-11,MEMBER_OF,,,Member,4
L2023-10473,Alum,CLB-19,MEMBER_OF,,,Officer,2
L2023-10473,Alum,CLB-23,MEMBER_OF,,,President,2
L2023-10473,Alum,CLB-01,MEMBER_OF,,,Member,4
L2023-10473,Alum,CLB-06,MEMBER_OF,,,Member,3
L2024-10474,Alum,CLB-15,MEMBER_OF,,,Member,1
L2025-10475,Alum,CLB-14,MEMBER_OF,,,Officer,1
L2025-10475,Alum,CLB-17,MEMBER_OF,,,Member,1
L2025-10475,Alum,CLB-38,MEMBER_OF,,,Member,1
L2019-10476,Alum,CLB-03,MEMBER_OF,,,Officer,4
L2019-10476,Alum,CLB-23,MEMBER_OF,,,Founder,1
L2019-10476,Alum,CLB-19,MEMBER_OF,,,Officer,3
L2019-10476,Alum,CLB-26,MEMBER_OF,,,Member,4
L2020-10477,Alum,CLB-05,MEMBER_OF,,,Member,4
L2020-10477,Alum,CLB-14,MEMBER_OF,,,Member,1
L2020-10477,Alum,CLB-44,MEMBER_OF,,,Member,3
L2021-10478,Alum,CLB-14,MEMBER_OF,,,Member,1
L2022-10479,Alum,CLB-14,MEMBER_OF,,,Officer,1
L2023-10480,Alum,CLB-14,MEMBER_OF,,,Member,4
L2023-10480,Alum,CLB-39,MEMBER_OF,,,President,1
L2024-10481,Alum,CLB-31,MEMBER_OF,,,Member,4
L2024-10481,Alum,CLB-39,MEMBER_OF,,,Officer,2
L2024-10481,Alum,CLB-01,MEMBER_OF,,,Member,2
L2025-10482,Alum,CLB-40,MEMBER_OF,,,Member,1
L2025-10482,Alum,CLB-14,MEMBER_OF,,,Member,2
L2025-10482,Alum,CLB-19,MEMBER_OF,,,President,2
L2020-10484,Alum,CLB-28,MEMBER_OF,,,Officer,1
L2020-10484,Alum,CLB-32,MEMBER_OF,,,Member,1
L2020-10484,Alum,CLB-27,MEMBER_OF,,,Member,2
L2020-10484,Alum,CLB-22,MEMBER_OF,,,Officer,2
L2022-10486,Alum,CLB-19,MEMBER_OF,,,Member,2
L2022-10486,Alum,CLB-14,MEMBER_OF,,,Member,4
L2022-10486,Alum,CLB-21,MEMBER_OF,,,Founder,4
L2023-10487,Alum,CLB-14,MEMBER_OF,,,Member,1
L2023-10487,Alum,CLB-09,MEMBER_OF,,,Officer,2
L2024-10488,Alum,CLB-09,MEMBER_OF,,,Member,4
L2024-10488,Alum,CLB-11,MEMBER_OF,,,Member,2
L2025-10489,Alum,CLB-10,MEMBER_OF,,,Member,3
L2025-10489,Alum,CLB-14,MEMBER_OF,,,Member,2
L2019-10490,Alum,CLB-10,MEMBER_OF,,,Member,1
L2019-10490,Alum,CLB-09,MEMBER_OF,,,Member,2
L2019-10490,Alum,CLB-26,MEMBER_OF,,,Member,2
L2019-10490,Alum,CLB-14,MEMBER_OF,,,Member,4
L2021-10492,Alum,CLB-16,MEMBER_OF,,,Member,2
L2021-10492,Alum,CLB-09,MEMBER_OF,,,Member,4
L2021-10492,Alum,CLB-05,MEMBER_OF,,,Officer,1
L2022-10493,Alum,CLB-14,MEMBER_OF,,,Member,1
L2022-10493,Alum,CLB-23,MEMBER_OF,,,Member,4
L2022-10493,Alum,CLB-11,MEMBER_OF,,,Officer,2
L2023-10494,Alum,CLB-11,MEMBER_OF,,,Officer,1
L2023-10494,Alum,CLB-39,MEMBER_OF,,,President,1
L2023-10494,Alum,CLB-22,MEMBER_OF,,,Member,2
L2024-10495,Alum,CLB-17,MEMBER_OF,,,Member,4
L2024-10495,Alum,CLB-14,MEMBER_OF,,,Member,4
L2025-10496,Alum,CLB-39,MEMBER_OF,,,Member,4
L2025-10496,Alum,CLB-01,MEMBER_OF,,,Member,1
L2019-10497,Alum,CLB-23,MEMBER_OF,,,Member,3
L2020-10498,Alum,CLB-13,MEMBER_OF,,,Officer,3
L2020-10498,Alum,CLB-23,MEMBER_OF,,,Member,2
L2021-10499,Alum,CLB-01,MEMBER_OF,,,Officer,1
L2021-10499,Alum,CLB-22,MEMBER_OF,,,Member,2
L2023-10501,Alum,CLB-26,MEMBER_OF,,,Member,4
L2024-10502,Alum,CLB-04,MEMBER_OF,,,President,4
L2024-10502,Alum,CLB-09,MEMBER_OF,,,Officer,1
L2025-10503,Alum,CLB-17,MEMBER_OF,,,Founder,2
L2025-10503,Alum,CLB-14,MEMBER_OF,,,Officer,3
L2019-10504,Alum,CLB-14,MEMBER_OF,,,Member,4
L2019-10504,Alum,CLB-05,MEMBER_OF,,,Member,4
L2019-10504,Alum,CLB-13,MEMBER_OF,,,President,2
L2020-10505,Alum,CLB-23,MEMBER_OF,,,Member,1
L2020-10505,Alum,CLB-26,MEMBER_OF,,,Officer,4
L2020-10505,Alum,CLB-32,MEMBER_OF,,,Member,4
L2021-10506,Alum,CLB-03,MEMBER_OF,,,Member,4
L2022-10507,Alum,CLB-08,MEMBER_OF,,,Member,4
L2022-10507,Alum,CLB-11,MEMBER_OF,,,Officer,4
L2023-10508,Alum,CLB-02,MEMBER_OF,,,Member,1
L2023-10508,Alum,CLB-01,MEMBER_OF,,,Officer,1
L2023-10508,Alum,CLB-22,MEMBER_OF,,,Member,2
L2024-10509,Alum,CLB-23,MEMBER_OF,,,Member,1
L2024-10509,Alum,CLB-44,MEMBER_OF,,,Member,1
L2024-10509,Alum,CLB-17,MEMBER_OF,,,Officer,1
L2025-10510,Alum,CLB-01,MEMBER_OF,,,Member,3
L2025-10510,Alum,CLB-22,MEMBER_OF,,,Member,2
L2025-10510,Alum,CLB-44,MEMBER_OF,,,Member,3
L2025-10510,Alum,CLB-14,MEMBER_OF,,,Member,1
L2019-10511,Alum,CLB-15,MEMBER_OF,,,President,1
L2019-10511,Alum,CLB-26,MEMBER_OF,,,Member,2
L2019-10511,Alum,CLB-04,MEMBER_OF,,,Member,4
L2019-10511,Alum,CLB-23,MEMBER_OF,,,Member,4
L2020-10512,Alum,CLB-09,MEMBER_OF,,,Member,1
L2021-10513,Alum,CLB-09,MEMBER_OF,,,Member,1
L2021-10513,Alum,CLB-01,MEMBER_OF,,,Member,3
L2021-10513,Alum,CLB-23,MEMBER_OF,,,Member,1
L2021-10513,Alum,CLB-10,MEMBER_OF,,,Member,3
L2022-10514,Alum,CLB-04,MEMBER_OF,,,Member,3
L2022-10514,Alum,CLB-23,MEMBER_OF,,,Founder,4
L2022-10514,Alum,CLB-01,MEMBER_OF,,,Member,3
L2023-10515,Alum,CLB-02,MEMBER_OF,,,Member,4
L2023-10515,Alum,CLB-14,MEMBER_OF,,,Member,2
L2023-10515,Alum,CLB-39,MEMBER_OF,,,President,1
L2023-10515,Alum,CLB-01,MEMBER_OF,,,Member,4
L2025-10517,Alum,CLB-17,MEMBER_OF,,,Officer,2
L2020-10519,Alum,CLB-14,MEMBER_OF,,,Member,3
L2020-10519,Alum,CLB-19,MEMBER_OF,,,Member,2
L2021-10520,Alum,CLB-38,MEMBER_OF,,,Member,3
L2022-10521,Alum,CLB-40,MEMBER_OF,,,Member,1
L2022-10521,Alum,CLB-10,MEMBER_OF,,,President,3
L2022-10521,Alum,CLB-26,MEMBER_OF,,,Member,1
L2022-10521,Alum,CLB-44,MEMBER_OF,,,Member,4
L2023-10522,Alum,CLB-23,MEMBER_OF,,,Member,3
L2023-10522,Alum,CLB-26,MEMBER_OF,,,Member,1
L2023-10522,Alum,CLB-02,MEMBER_OF,,,Member,1
L2023-10522,Alum,CLB-21,MEMBER_OF,,,Member,3
L2024-10523,Alum,CLB-11,MEMBER_OF,,,Member,1
L2024-10523,Alum,CLB-14,MEMBER_OF,,,Member,1
L2025-10524,Alum,CLB-19,MEMBER_OF,,,Member,4
L2019-10525,Alum,CLB-01,MEMBER_OF,,,Member,1
L2019-10525,Alum,CLB-23,MEMBER_OF,,,Member,3
L2020-10526,Alum,CLB-01,MEMBER_OF,,,Member,1
L2020-10526,Alum,CLB-11,MEMBER_OF,,,Founder,2
L2020-10526,Alum,CLB-39,MEMBER_OF,,,Officer,2
L2020-10526,Alum,CLB-05,MEMBER_OF,,,Member,4
L2021-10527,Alum,CLB-14,MEMBER_OF,,,Officer,4
L2021-10527,Alum,CLB-25,MEMBER_OF,,,Officer,4
L2021-10527,Alum,CLB-02,MEMBER_OF,,,Member,4
L2022-10528,Alum,CLB-23,MEMBER_OF,,,Member,1
L2022-10528,Alum,CLB-21,MEMBER_OF,,,Member,1
L2023-10529,Alum,CLB-41,MEMBER_OF,,,Member,3
L2023-10529,Alum,CLB-17,MEMBER_OF,,,Member,1
L2023-10529,Alum,CLB-05,MEMBER_OF,,,Member,4
L2024-10530,Alum,CLB-03,MEMBER_OF,,,Member,3
L2024-10530,Alum,CLB-07,MEMBER_OF,,,Member,4
L2024-10530,Alum,CLB-02,MEMBER_OF,,,Member,4
L2025-10531,Alum,CLB-40,MEMBER_OF,,,Member,3
L2025-10531,Alum,CLB-26,MEMBER_OF,,,Officer,3
L2025-10531,Alum,CLB-19,MEMBER_OF,,,Member,1
L2019-10532,Alum,CLB-28,MEMBER_OF,,,Officer,4
L2020-10533,Alum,CLB-23,MEMBER_OF,,,Member,2
L2020-10533,Alum,CLB-22,MEMBER_OF,,,Officer,1
L2020-10533,Alum,CLB-17,MEMBER_OF,,,Member,4
L2021-10534,Alum,CLB-03,MEMBER_OF,,,President,4
L2022-10535,Alum,CLB-32,MEMBER_OF,,,Member,4
L2022-10535,Alum,CLB-23,MEMBER_OF,,,Officer,3
L2023-10536,Alum,CLB-23,MEMBER_OF,,,Member,2
L2023-10536,Alum,CLB-14,MEMBER_OF,,,Officer,3
L2023-10536,Alum,CLB-25,MEMBER_OF,,,President,4
L2024-10537,Alum,CLB-26,MEMBER_OF,,,Member,1
L2025-10538,Alum,CLB-23,MEMBER_OF,,,Member,4
L2019-10539,Alum,CLB-14,MEMBER_OF,,,Member,2
L2020-10540,Alum,CLB-40,MEMBER_OF,,,Officer,1
L2020-10540,Alum,CLB-26,MEMBER_OF,,,Member,2
L2021-10541,Alum,CLB-39,MEMBER_OF,,,Member,3
L2021-10541,Alum,CLB-27,MEMBER_OF,,,Member,2
L2021-10541,Alum,CLB-32,MEMBER_OF,,,Member,3
L2022-10542,Alum,CLB-40,MEMBER_OF,,,President,4
L2022-10542,Alum,CLB-17,MEMBER_OF,,,Member,3
L2022-10542,Alum,CLB-19,MEMBER_OF,,,Member,3
L2025-10545,Alum,CLB-39,MEMBER_OF,,,Member,4
L2025-10545,Alum,CLB-23,MEMBER_OF,,,Officer,4
L2025-10545,Alum,CLB-33,MEMBER_OF,,,Member,3
L2025-10545,Alum,CLB-26,MEMBER_OF,,,Member,2
L2019-10546,Alum,CLB-23,MEMBER_OF,,,Founder,3
L2019-10546,Alum,CLB-04,MEMBER_OF,,,Member,2
L2022-10549,Alum,CLB-12,MEMBER_OF,,,Officer,3
L2022-10549,Alum,CLB-14,MEMBER_OF,,,Member,2
L2024-10551,Alum,CLB-08,MEMBER_OF,,,Member,1
L2024-10551,Alum,CLB-15,MEMBER_OF,,,Member,3
L2024-10551,Alum,CLB-09,MEMBER_OF,,,Member,4
L2025-10552,Alum,CLB-40,MEMBER_OF,,,Member,1
L2025-10552,Alum,CLB-35,MEMBER_OF,,,Member,3
L2025-10552,Alum,CLB-23,MEMBER_OF,,,Member,2
L2025-10552,Alum,CLB-14,MEMBER_OF,,,Officer,4
L2019-10553,Alum,CLB-33,MEMBER_OF,,,Member,4
L2019-10553,Alum,CLB-14,MEMBER_OF,,,Member,1
L2019-10553,Alum,CLB-27,MEMBER_OF,,,Member,1
L2020-10554,Alum,CLB-23,MEMBER_OF,,,Member,1
L2021-10555,Alum,CLB-39,MEMBER_OF,,,Officer,4
L2021-10555,Alum,CLB-23,MEMBER_OF,,,Member,3
L2022-10556,Alum,CLB-05,MEMBER_OF,,,Member,3
L2022-10556,Alum,CLB-07,MEMBER_OF,,,Member,4
L2023-10557,Alum,CLB-01,MEMBER_OF,,,Member,2
L2024-10558,Alum,CLB-14,MEMBER_OF,,,Member,3
L2024-10558,Alum,CLB-37,MEMBER_OF,,,Officer,2
L2025-10559,Alum,CLB-08,MEMBER_OF,,,Officer,1
L2025-10559,Alum,CLB-07,MEMBER_OF,,,Member,2
L2025-10559,Alum,CLB-09,MEMBER_OF,,,Officer,4
L2019-10560,Alum,CLB-19,MEMBER_OF,,,Member,3
L2019-10560,Alum,CLB-05,MEMBER_OF,,,Member,2
L2019-10560,Alum,CLB-17,MEMBER_OF,,,Member,1
L2021-10562,Alum,CLB-39,MEMBER_OF,,,Officer,2
L2022-10563,Alum,CLB-27,MEMBER_OF,,,Member,4
L2022-10563,Alum,CLB-10,MEMBER_OF,,,Member,2
L2022-10563,Alum,CLB-05,MEMBER_OF,,,Officer,3
L2023-10564,Alum,CLB-39,MEMBER_OF,,,Officer,4
L2023-10564,Alum,CLB-07,MEMBER_OF,,,Member,4
L2024-10565,Alum,CLB-02,MEMBER_OF,,,Member,2
L2024-10565,Alum,CLB-15,MEMBER_OF,,,Member,3
L2019-10567,Alum,CLB-12,MEMBER_OF,,,Member,1
L2019-10567,Alum,CLB-20,MEMBER_OF,,,Member,1
L2020-10568,Alum,CLB-14,MEMBER_OF,,,Member,3
L2020-10568,Alum,CLB-23,MEMBER_OF,,,Member,1
L2022-10570,Alum,CLB-01,MEMBER_OF,,,Member,2
L2023-10571,Alum,CLB-02,MEMBER_OF,,,President,2
L2023-10571,Alum,CLB-09,MEMBER_OF,,,Member,2
L2023-10571,Alum,CLB-01,MEMBER_OF,,,Member,4
L2023-10571,Alum,CLB-04,MEMBER_OF,,,Officer,2
L2024-10572,Alum,CLB-11,MEMBER_OF,,,Member,4
L2024-10572,Alum,CLB-26,MEMBER_OF,,,Member,4
L2024-10572,Alum,CLB-01,MEMBER_OF,,,Member,1
L2019-10574,Alum,CLB-01,MEMBER_OF,,,Member,4
L2020-10575,Alum,CLB-25,MEMBER_OF,,,Officer,1
L2020-10575,Alum,CLB-22,MEMBER_OF,,,President,3
L2020-10575,Alum,CLB-03,MEMBER_OF,,,Officer,4
L2021-10576,Alum,CLB-26,MEMBER_OF,,,Officer,1
L2021-10576,Alum,CLB-15,MEMBER_OF,,,Member,4
L2021-10576,Alum,CLB-09,MEMBER_OF,,,Officer,3
L2021-10576,Alum,CLB-07,MEMBER_OF,,,President,1
L2022-10577,Alum,CLB-23,MEMBER_OF,,,Member,2
L2022-10577,Alum,CLB-14,MEMBER_OF,,,Officer,4
L2023-10578,Alum,CLB-22,MEMBER_OF,,,Member,2
L2023-10578,Alum,CLB-14,MEMBER_OF,,,Founder,1
L2023-10578,Alum,CLB-07,MEMBER_OF,,,Founder,1
L2023-10578,Alum,CLB-09,MEMBER_OF,,,President,1
L2024-10579,Alum,CLB-08,MEMBER_OF,,,Founder,4
L2024-10579,Alum,CLB-14,MEMBER_OF,,,Member,1
L2024-10579,Alum,CLB-28,MEMBER_OF,,,Member,4
L2025-10580,Alum,CLB-13,MEMBER_OF,,,Founder,3
L2025-10580,Alum,CLB-22,MEMBER_OF,,,Officer,4
L2025-10580,Alum,CLB-10,MEMBER_OF,,,Officer,1
L2019-10581,Alum,CLB-22,MEMBER_OF,,,Member,1
L2019-10581,Alum,CLB-29,MEMBER_OF,,,Officer,3
L2020-10582,Alum,CLB-24,MEMBER_OF,,,Officer,1
L2021-10583,Alum,CLB-22,MEMBER_OF,,,Member,3
L2021-10583,Alum,CLB-14,MEMBER_OF,,,Member,4
L2022-10584,Alum,CLB-41,MEMBER_OF,,,Officer,3
L2023-10585,Alum,CLB-14,MEMBER_OF,,,Founder,1
L2023-10585,Alum,CLB-39,MEMBER_OF,,,Officer,4
L2024-10586,Alum,CLB-22,MEMBER_OF,,,Member,1
L2025-10587,Alum,CLB-22,MEMBER_OF,,,Officer,4
L2025-10587,Alum,CLB-14,MEMBER_OF,,,Member,1
L2025-10587,Alum,CLB-37,MEMBER_OF,,,Founder,1
L2019-10588,Alum,CLB-14,MEMBER_OF,,,Member,4
L2019-10588,Alum,CLB-23,MEMBER_OF,,,Member,3
L2020-10589,Alum,CLB-33,MEMBER_OF,,,President,3
L2020-10589,Alum,CLB-02,MEMBER_OF,,,President,2
L2022-10591,Alum,CLB-09,MEMBER_OF,,,Member,3
L2022-10591,Alum,CLB-23,MEMBER_OF,,,Member,2
L2022-10591,Alum,CLB-14,MEMBER_OF,,,President,4
L2023-10592,Alum,CLB-03,MEMBER_OF,,,Officer,1
L2024-10593,Alum,CLB-14,MEMBER_OF,,,Member,3
L2024-10593,Alum,CLB-23,MEMBER_OF,,,Member,1
L2025-10594,Alum,CLB-10,MEMBER_OF,,,Officer,4
L2025-10594,Alum,CLB-14,MEMBER_OF,,,Member,4
L2019-10595,Alum,CLB-14,MEMBER_OF,,,Officer,1
L2020-10596,Alum,CLB-14,MEMBER_OF,,,President,2
L2020-10596,Alum,CLB-23,MEMBER_OF,,,Member,1
L2020-10596,Alum,CLB-08,MEMBER_OF,,,Member,3
L2020-10596,Alum,CLB-12,MEMBER_OF,,,Member,3
L2021-10597,Alum,CLB-29,MEMBER_OF,,,Member,3
L2021-10597,Alum,CLB-40,MEMBER_OF,,,President,1
L2021-10597,Alum,CLB-28,MEMBER_OF,,,Officer,2
L2021-10597,Alum,CLB-31,MEMBER_OF,,,Member,3
L2022-10598,Alum,CLB-31,MEMBER_OF,,,Member,1
L2023-10599,Alum,CLB-17,MEMBER_OF,,,Member,4
L2023-10599,Alum,CLB-41,MEMBER_OF,,,President,3
