applicant_id,entry_term,application_round,binding_agreement,app_submitted_date,committee_disposition,intended_school,intended_major,hs_gpa_recalc,class_rank_pct,testing_policy,sat_total,act_composite,ap_ib_count,academic_rating,extracurricular_rating,essay_rating,recommendation_rating,interview_completed,interview_rating,honors_college_invite,residence_state_country,region,citizenship,distance_miles,hs_ceeb,hs_type,hs_yield_rate_3yr,first_generation,legacy_relationship,gender,ethnicity_ipeds,fafsa_on_file,family_income_band,student_aid_index,computed_need,need_grant_offered,merit_award_offered,merit_tier,net_price,unmet_need,full_pay_flag,inquiry_source,first_touch_days_before_app,campus_visit_count,portal_logins_30d,email_engagement_score,demonstrated_interest_rating,athletic_recruit_sport,coach_support_tier,special_talent_tag,advancement_flag,competing_offers_reported,primary_competitor_type,stated_first_choice,predicted_yield_prob,yield_decile
A26-101831,Fall 2026,Early Action,N,2025-10-21,Admit,School of Business,Finance,3.31,67,Test Optional,,,4,2,2,1,3,N,,N,RI,New England,US Citizen,355,350554,Public,0.334,Y,None,Male,Asian,Y,$250K and above,160000,0,0,12700,Founders Award,71900,0,Y,Athletic Recruiting,207,3,28,65,5,Women's Lacrosse,Tip,,N,0,None Reported,Y,0.778,2
A26-104099,Fall 2026,Regular Decision,N,2025-12-08,Admit,College of Arts & Sciences,Communication,3.36,70,Test Optional,,,4,2,2,2,2,Y,2,N,PA,Mid-Atlantic,US Citizen,156,675305,Private - Independent,0.454,N,None,Female,Hispanic or Latino,N,Not Reported,,0,0,12100,Founders Award,72500,0,Y,Self-Initiated Inquiry,187,1,18,66,5,,None,,N,2,Regional Public,Y,0.312,3
A26-101372,Fall 2026,Regular Decision,N,2025-12-18,Admit,College of Fine Arts,Theatre,3.63,85,Submitted,1280,,6,3,2,2,4,N,,N,BRA,International,International,4552,000000,International School,0.165,N,Parent,Female,Hispanic or Latino,Y,$100K - $149K,20100,64500,52700,15100,Dean's Scholar,16800,0,N,Self-Initiated Inquiry,174,0,5,33,1,,None,Studio Art Portfolio,N,4,Less Selective Private,N,0.013,9
A26-107738,Fall 2026,Regular Decision,N,2025-12-22,Admit,College of Arts & Sciences,Psychology,3.99,91,Submitted,1370,32,9,4,3,3,3,N,,Y,NY,Mid-Atlantic,US Citizen,283,926406,Public,0.19,Y,None,Female,Black or African American,Y,$150K - $249K,44800,39800,36200,25300,Trustee Scholar,23100,0,N,Counselor Referral,261,5,30,80,5,,None,,N,5,Peer Private,N,0.148,5
A26-104952,Fall 2026,Early Action,N,2025-10-30,Admit,School of Nursing & Health,Exercise Science,3.25,67,Submitted,1210,,2,2,2,3,2,N,,N,GA,South,US Citizen,809,135301,Private - Independent,0.04,N,None,Male,White,Y,$100K - $149K,25200,59400,41400,6200,Founders Award,37000,11800,N,Campus Visit Walk-In,164,3,12,62,5,,None,,N,6,Peer Private,N,0.03,9
A26-107233,Fall 2026,Early Action,N,2025-10-31,Admit,College of Arts & Sciences,Communication,3.69,77,Test Optional,,,4,3,2,3,2,N,,N,NY,Mid-Atlantic,US Citizen,233,595173,Charter,0.428,N,None,Male,White,Y,$100K - $149K,20100,64500,55700,20700,Dean's Scholar,8200,0,N,Common App Only,3,4,31,52,5,,None,,N,8,Regional Public,Y,0.41,3
A26-104658,Fall 2026,Regular Decision,N,2025-11-27,Admit,College of Fine Arts,Music Performance,3.57,80,Submitted,1250,,6,3,3,3,1,N,,N,NJ,Mid-Atlantic,US Citizen,145,267755,Private - Independent,0.139,Y,None,Male,Hispanic or Latino,Y,$60K - $99K,9100,75500,63900,17000,Dean's Scholar,3700,0,N,Purchased Search Name,250,4,15,100,5,,None,Theatre Audition,N,2,In-State Flagship Public,Y,0.587,2
A26-104061,Fall 2026,Regular Decision,N,2026-01-07,Admit,School of Business,Management,3.84,85,Test Optional,,,7,4,3,2,2,N,,Y,CT,New England,US Citizen,293,404488,Private - Independent,0.238,N,None,Female,White,Y,$150K - $249K,60600,24000,23200,25200,Trustee Scholar,36200,0,N,Counselor Referral,187,3,16,51,5,,None,Robotics / STEM Competition,N,3,Less Selective Private,N,0.127,6
A26-102717,Fall 2026,Regular Decision,N,2025-12-29,Admit,College of Arts & Sciences,Psychology,4.09,86,Submitted,1380,,8,4,4,4,4,N,,Y,PA,Mid-Atlantic,US Citizen,19,129435,Private - Independent,0.325,N,None,Not Reported,Asian,Y,$60K - $99K,10000,74600,74600,6500,Trustee Scholar,3500,0,N,Self-Initiated Inquiry,250,5,39,40,5,,None,,N,2,More Selective Private,N,0.238,4
A26-104585,Fall 2026,Early Action,N,2025-10-30,Admit,College of Arts & Sciences,Sociology,3.47,76,Submitted,1250,,4,3,2,2,3,Y,3,N,NY,Mid-Atlantic,US Citizen,393,475085,Public,0.048,N,None,Male,White,N,Not Reported,,0,0,15500,Dean's Scholar,69100,0,Y,Purchased Search Name,355,1,7,64,4,,None,,N,4,None Reported,N,0.023,9
A26-104563,Fall 2026,Regular Decision,N,2026-01-05,Admit,School of Business,Business Analytics,3.93,91,Submitted,1360,,8,4,2,5,4,Y,3,Y,NY,Mid-Atlantic,US Citizen,111,926406,Public,0.19,N,None,Female,White,Y,$150K - $249K,56500,28100,26000,26400,Trustee Scholar,32200,0,N,Purchased Search Name,327,2,26,36,5,,None,,N,2,In-State Flagship Public,N,0.064,7
A26-105629,Fall 2026,Early Action,N,2025-10-19,Admit,School of Business,Marketing,3.51,74,Submitted,1280,,3,3,3,3,3,Y,3,N,VA,South,US Citizen,277,104750,Private - Independent,0.04,N,None,Female,Not Reported,Y,$250K and above,90500,0,0,17500,Dean's Scholar,67100,0,Y,Purchased Search Name,250,3,24,36,5,,None,,N,7,Less Selective Private,N,0.029,9
A26-104470,Fall 2026,Regular Decision,N,2025-12-08,Admit,School of Nursing & Health,Public Health,3.60,72,Submitted,1300,,3,3,4,4,3,Y,3,N,NC,South,US Citizen,514,394145,Private - Independent,0.248,N,None,Female,Hispanic or Latino,N,Not Reported,,0,0,16200,Dean's Scholar,68400,0,Y,Campus Visit Walk-In,84,3,18,72,5,,None,,N,7,In-State Flagship Public,N,0.036,8
A26-107326,Fall 2026,Regular Decision,N,2026-01-07,Waitlist Alternate,School of Nursing & Health,Exercise Science,3.64,80,Submitted,1330,,5,3,2,4,3,Y,3,N,VA,South,US Citizen,437,199528,Public,0.22,N,None,Male,Asian,Y,$150K - $249K,63700,20900,17400,15900,Dean's Scholar,51300,0,N,Purchased Search Name,376,1,15,77,5,,None,,N,6,More Selective Private,N,0.026,9
A26-106135,Fall 2026,Regular Decision,N,2025-12-16,Admit,School of Business,Finance,3.15,57,Test Optional,,,2,1,2,1,2,N,,N,IL,Midwest,US Citizen,716,481808,Parochial,0.429,N,None,Male,White,Y,$60K - $99K,5500,79100,41200,0,No Merit Award,43400,37900,N,High School Visit,227,2,22,21,4,,None,,N,5,Peer Private,N,0.014,9
A26-103800,Fall 2026,Regular Decision,N,2025-11-24,Admit,College of Arts & Sciences,Neuroscience,4.30,99,Test Optional,,,12,5,4,5,4,N,,Y,ME,New England,US Citizen,533,454355,Public,0.192,Y,None,Male,White,Y,$150K - $249K,72000,12600,11500,31300,Presidential Scholar,41800,0,N,Self-Initiated Inquiry,191,2,14,61,4,,None,,N,9,Peer Private,Y,0.039,8
A26-107350,Fall 2026,Regular Decision,N,2025-12-09,Admit,School of Nursing & Health,Public Health,3.97,99,Test Optional,,,8,4,3,3,4,N,,Y,IN,Midwest,US Citizen,612,396917,Private - Independent,0.368,Y,None,Male,Asian,Y,$150K - $249K,60800,23800,23800,31000,Trustee Scholar,29800,0,N,College Fair,328,4,22,77,5,,None,,N,4,More Selective Private,Y,0.304,3
A26-100231,Fall 2026,Regular Decision,N,2025-12-05,Admit,School of Business,Business Analytics,3.66,66,Submitted,,26,4,3,3,3,4,N,,N,PA,Mid-Atlantic,US Citizen,93,675305,Private - Independent,0.454,Y,None,Female,Asian,N,Not Reported,,0,0,14100,Dean's Scholar,70500,0,Y,Campus Visit Walk-In,292,4,20,81,5,,None,,N,5,In-State Flagship Public,Y,0.303,3
A26-107905,Fall 2026,Regular Decision,N,2026-01-10,Admit,College of Arts & Sciences,History,3.51,72,Submitted,,26,1,3,3,3,2,N,,N,CA,West,US Citizen,2713,263455,Public,0.188,Y,None,Male,Black or African American,Y,$250K and above,101000,0,0,21600,Dean's Scholar,63000,0,Y,Athletic Recruiting,244,2,20,61,5,Women's Soccer,Tip,,N,1,Peer Private,N,0.094,7
A26-106379,Fall 2026,Early Action,N,2025-10-21,Admit,College of Arts & Sciences,History,3.64,79,Submitted,1290,,4,3,4,4,3,Y,3,N,TX,Southwest,US Citizen,1582,957274,Private - Independent,0.06,Y,None,Male,Not Reported,Y,$100K - $149K,39400,45200,45200,13600,Dean's Scholar,25800,0,N,Purchased Search Name,173,1,10,2,3,,None,,N,5,More Selective Private,N,0.01,10
A26-102685,Fall 2026,Early Action,N,2025-10-24,Admit,College of Arts & Sciences,Political Science,3.66,78,Submitted,1290,28,5,3,3,2,3,Y,3,Y,WI,Midwest,US Citizen,663,785305,Public,0.343,N,None,Female,White,Y,$100K - $149K,20800,63800,62400,17500,Dean's Scholar,4700,0,N,Purchased Search Name,272,1,7,74,4,,None,,N,5,In-State Flagship Public,N,0.106,6
A26-108183,Fall 2026,Regular Decision,N,2025-11-28,Admit,School of Business,Finance,3.79,91,Test Optional,,,5,3,4,2,4,Y,3,N,PA,Mid-Atlantic,US Citizen,44,308412,Charter,0.32,N,None,Female,Not Reported,Y,$60K - $99K,13800,70800,63300,17800,Dean's Scholar,3500,0,N,Athletic Recruiting,91,2,18,82,5,,None,Theatre Audition,N,6,Peer Private,N,0.184,5
A26-100496,Fall 2026,Regular Decision,N,2026-01-09,Admit,College of Arts & Sciences,English,3.41,73,Test Optional,,,5,3,4,3,5,N,,N,AZ,West,US Citizen,2001,546148,Charter,0.161,N,None,Female,Two or More Races,Y,$100K - $149K,27200,57400,53100,20100,Dean's Scholar,11400,0,N,College Fair,63,0,17,34,3,,None,,N,4,Less Selective Private,N,0.029,9
A26-105456,Fall 2026,Regular Decision,N,2025-11-28,Admit,School of Business,Business Analytics,3.66,78,Submitted,1290,,5,3,2,2,3,N,,N,ME,New England,US Citizen,539,454355,Public,0.192,N,None,Male,White,Y,$250K and above,132100,0,0,22600,Dean's Scholar,62000,0,Y,Campus Visit Walk-In,122,0,10,43,2,,None,,N,7,None Reported,N,0.01,10
A26-101064,Fall 2026,Regular Decision,N,2025-11-29,Admit,School of Business,Marketing,3.62,84,Submitted,1270,31,3,3,4,3,2,N,,N,PA,Mid-Atlantic,US Citizen,158,752830,Public,0.256,N,None,Female,Hispanic or Latino,Y,$60K - $99K,16300,68300,68200,12900,Dean's Scholar,3500,0,N,Self-Initiated Inquiry,278,4,29,68,5,,None,,N,3,In-State Flagship Public,Y,0.517,2
A26-101758,Fall 2026,ED II,Y,2025-12-15,Admit,College of Arts & Sciences,History,3.53,79,Submitted,1310,29,5,3,3,3,4,Y,1,N,NY,Mid-Atlantic,US Citizen,203,690704,Public,0.206,N,None,Female,White,Y,$30K - $59K,3500,81100,68000,13100,Dean's Scholar,3500,0,N,Purchased Search Name,364,4,21,83,5,,None,,Y,5,Out-of-State Public,Y,0.985,1
A26-108318,Fall 2026,ED II,Y,2026-01-04,Admit,School of Business,Management,4.10,89,Submitted,1420,,8,4,4,4,3,N,,Y,PA,Mid-Atlantic,US Citizen,80,488338,Private - Independent,0.378,N,None,Female,Two or More Races,N,Not Reported,,0,0,30500,Trustee Scholar,54100,0,Y,Self-Initiated Inquiry,3,4,23,60,5,,None,,N,5,None Reported,N,0.972,1
A26-102958,Fall 2026,Regular Decision,N,2025-12-21,Admit,School of Engineering,Electrical Engineering,3.64,80,Submitted,1340,,3,3,1,2,4,Y,4,N,CT,New England,US Citizen,292,521782,Public,0.228,N,None,Male,White,Y,$60K - $99K,18500,66100,63300,17800,Dean's Scholar,3500,0,N,Athletic Recruiting,242,5,31,94,5,Baseball,Slot,,N,7,More Selective Private,N,0.577,2
A26-103682,Fall 2026,Regular Decision,N,2025-12-10,Admit,College of Arts & Sciences,Sociology,3.49,67,Test Optional,,,4,2,1,3,2,Y,4,N,WI,Midwest,US Citizen,737,694159,Parochial,0.366,N,None,Female,Hispanic or Latino,Y,$60K - $99K,10100,74500,59700,9600,Founders Award,15300,5200,N,Self-Initiated Inquiry,127,2,15,68,5,,None,,N,5,Peer Private,N,0.087,7
A26-104700,Fall 2026,Early Action,N,2025-10-25,Admit,School of Engineering,Mechanical Engineering,3.65,77,Submitted,1240,,5,3,2,5,4,Y,4,N,CT,New England,US Citizen,217,389513,Public,0.118,N,None,Male,Two or More Races,Y,$250K and above,78200,6400,6400,22300,Dean's Scholar,55900,0,N,Paid Digital Campaign,216,3,31,53,5,,None,,N,0,None Reported,N,0.152,5
A26-107163,Fall 2026,Regular Decision,N,2026-01-03,Admit,College of Arts & Sciences,Communication,3.63,82,Submitted,1260,,3,3,2,2,1,N,,N,PA,Mid-Atlantic,US Citizen,254,324037,Public,0.337,N,None,Female,White,Y,$60K - $99K,20600,64000,57700,15200,Dean's Scholar,11700,0,N,Purchased Search Name,384,2,11,71,4,,None,,N,4,None Reported,N,0.147,5
A26-103190,Fall 2026,Early Action,N,2025-11-02,Admit,School of Business,Business Analytics,3.76,84,Test Optional,,,6,3,2,4,3,Y,3,N,NJ,Mid-Atlantic,US Citizen,133,538638,Charter,0.347,Y,Grandparent,Female,Black or African American,Y,$60K - $99K,19100,65500,65500,15600,Dean's Scholar,3500,0,N,Athletic Recruiting,167,2,9,51,5,,None,,N,6,Out-of-State Public,N,0.106,6
A26-100268,Fall 2026,Early Action,N,2025-10-26,Waitlist Alternate,College of Arts & Sciences,Mathematics,3.55,76,Test Optional,,,5,3,2,2,2,N,,N,OH,Midwest,US Citizen,516,610404,Public,0.12,Y,None,Female,Black or African American,Y,$100K - $149K,17100,67500,55100,16700,Dean's Scholar,12800,0,N,College Fair,233,3,18,53,5,,None,,N,6,In-State Flagship Public,N,0.053,8
A26-105117,Fall 2026,Early Action,N,2025-11-02,Waitlist Alternate,College of Arts & Sciences,Psychology,3.65,73,Submitted,,31,5,3,3,3,4,N,,N,NY,Mid-Atlantic,US Citizen,408,133994,Public,0.262,Y,None,Female,Asian,Y,$250K and above,94100,0,0,13500,Dean's Scholar,71100,0,Y,High School Visit,273,0,4,36,1,,None,,N,4,Peer Private,N,0.01,10
A26-102356,Fall 2026,Regular Decision,N,2025-12-05,Admit,School of Engineering,Mechanical Engineering,3.85,90,Submitted,1400,,4,4,4,4,4,N,,Y,NY,Mid-Atlantic,US Citizen,224,406521,Parochial,0.431,N,None,Female,Asian,N,Not Reported,,0,0,26800,Trustee Scholar,57800,0,Y,Campus Visit Walk-In,110,4,19,53,5,,None,,N,3,None Reported,Y,0.302,4
A26-106255,Fall 2026,Early Action,N,2025-11-01,Admit,College of Arts & Sciences,Psychology,3.35,68,Submitted,1190,,1,2,2,2,2,N,,N,IL,Midwest,US Citizen,773,350836,Public,0.313,N,None,Female,White,N,Not Reported,,0,0,12600,Founders Award,72000,0,Y,Self-Initiated Inquiry,121,2,13,61,4,,None,,N,2,In-State Flagship Public,N,0.04,8
A26-102652,Fall 2026,Regular Decision,N,2025-12-03,Admit,School of Engineering,Computer Science,3.41,69,Test Optional,,,6,3,3,4,2,N,,N,IL,Midwest,Permanent Resident,785,398195,Private - Independent,0.187,N,Parent,Male,Asian,Y,$60K - $99K,7900,76700,68400,12700,Dean's Scholar,3500,0,N,Self-Initiated Inquiry,171,4,32,100,5,,None,Robotics / STEM Competition,N,3,Peer Private,Y,0.736,2
A26-105157,Fall 2026,Regular Decision,N,2026-01-04,Admit,College of Arts & Sciences,Chemistry,3.91,95,Submitted,,32,11,4,4,3,5,N,,Y,IL,Midwest,US Citizen,742,350836,Public,0.313,N,None,Male,White,Y,$100K - $149K,32000,52600,45800,30100,Trustee Scholar,8700,0,N,Purchased Search Name,183,4,24,63,5,,None,,N,5,Peer Private,N,0.113,6
A26-103923,Fall 2026,ED I,Y,2025-10-19,Admit,School of Business,Business Analytics,3.28,60,Submitted,1110,,1,2,2,2,2,N,,N,NH,New England,US Citizen,444,129537,Public,0.306,N,None,Male,Black or African American,Y,Under $30K,0,84600,54000,11800,Founders Award,18800,18800,N,College Fair,184,0,8,31,2,,None,Studio Art Portfolio,N,5,More Selective Private,N,0.744,2
A26-101404,Fall 2026,Early Action,N,2025-11-08,Admit,School of Nursing & Health,Exercise Science,3.66,75,Test Optional,,,4,3,4,2,3,N,,N,IL,Midwest,US Citizen,641,350836,Public,0.313,Y,None,Male,White,Y,$60K - $99K,17500,67100,57500,15300,Dean's Scholar,11800,0,N,Campus Visit Walk-In,389,3,17,73,5,,None,Debate / Speech,N,4,Peer Private,N,0.252,4
A26-105593,Fall 2026,Early Action,N,2025-11-14,Admit,School of Engineering,Civil Engineering,3.68,79,Submitted,,28,4,3,4,2,5,N,,Y,PA,Mid-Atlantic,US Citizen,42,574647,Private - Independent,0.268,N,None,Female,White,Y,$60K - $99K,12300,72300,62600,18500,Dean's Scholar,3500,0,N,Counselor Referral,114,4,16,71,5,,None,,N,3,Peer Private,N,0.339,3
A26-103907,Fall 2026,Regular Decision,N,2026-01-10,Admit,School of Engineering,Computer Science,3.92,87,Test Optional,,,7,4,3,2,3,N,,Y,KOR,International,International,7112,000000,International School,0.09,N,None,Female,White,Y,Under $30K,700,83900,76600,4500,Trustee Scholar,3500,2800,N,Paid Digital Campaign,3,0,4,39,1,,None,,N,6,Regional Public,N,0.01,10
A26-107686,Fall 2026,Regular Decision,N,2025-12-26,Admit - Committee Hold,School of Nursing & Health,Nursing (BSN),3.84,89,Test Optional,,,8,4,4,5,3,Y,3,N,NC,South,US Citizen,405,343712,Private - Independent,0.261,N,Parent,Female,Asian,Y,$150K - $249K,59500,25100,24000,25400,Trustee Scholar,35200,0,N,Paid Digital Campaign,254,4,21,72,5,,None,,N,5,In-State Flagship Public,N,0.204,4
A26-106304,Fall 2026,Regular Decision,N,2025-12-26,Admit,School of Engineering,Electrical Engineering,3.77,85,Submitted,1420,,6,4,3,2,4,Y,3,Y,OH,Midwest,US Citizen,365,325249,International School,0.081,Y,None,Male,Two or More Races,Y,$30K - $59K,2400,82200,76600,4500,Trustee Scholar,3500,1100,N,Athletic Recruiting,218,4,23,65,5,Rowing,Tip,,N,3,In-State Flagship Public,N,0.492,2
A26-101164,Fall 2026,Early Action,N,2025-11-15,Waitlist Alternate,School of Engineering,Biomedical Engineering,3.61,79,Test Optional,,,2,3,2,4,3,N,,N,PA,Mid-Atlantic,US Citizen,47,578034,Public,0.563,N,None,Male,White,Y,$60K - $99K,12300,72300,56300,14000,Dean's Scholar,14300,2000,N,Purchased Search Name,326,3,23,71,5,,None,,N,4,In-State Flagship Public,N,0.265,4
A26-103330,Fall 2026,Regular Decision,N,2025-12-09,Admit,College of Arts & Sciences,Neuroscience,3.60,74,Test Optional,,,3,3,3,3,5,N,,N,PA,Mid-Atlantic,US Citizen,45,838353,Public,0.394,N,Parent,Female,Asian,Y,$30K - $59K,5900,78700,66300,14800,Dean's Scholar,3500,0,N,College Fair,158,2,17,43,4,,None,Studio Art Portfolio,N,2,In-State Flagship Public,N,0.332,3
A26-102377,Fall 2026,ED I,Y,2025-10-22,Admit,College of Arts & Sciences,Neuroscience,3.69,82,Submitted,,31,4,3,5,3,4,Y,4,N,MD,Mid-Atlantic,US Citizen,130,329361,Public,0.158,Y,None,Female,Hispanic or Latino,Y,$250K and above,104300,0,0,21500,Dean's Scholar,63100,0,Y,Self-Initiated Inquiry,242,2,15,81,5,,None,,N,5,In-State Flagship Public,Y,0.976,1
A26-104374,Fall 2026,ED I,Y,2025-10-13,Admit,School of Nursing & Health,Nursing (BSN),3.39,70,Test Optional,,,3,3,3,2,3,N,,N,PA,Mid-Atlantic,US Citizen,223,912852,Public,0.521,N,Parent,Male,Hispanic or Latino,N,Not Reported,,0,0,16200,Dean's Scholar,68400,0,Y,Athletic Recruiting,175,1,8,50,3,,None,,N,4,More Selective Private,Y,0.97,1
A26-100879,Fall 2026,Regular Decision,N,2026-01-12,Waitlist Alternate,School of Business,Management,3.18,63,Submitted,1160,,1,2,3,2,1,N,,N,NJ,Mid-Atlantic,US Citizen,233,828449,Public,0.332,N,None,Male,White,Y,$150K - $249K,39500,45100,23500,10100,Founders Award,51000,11500,N,Self-Initiated Inquiry,118,4,19,44,5,,None,,N,2,Regional Public,Y,0.402,3
A26-102678,Fall 2026,Regular Decision,N,2026-01-05,Admit,School of Business,Business Analytics,3.75,74,Submitted,1270,,4,3,2,3,3,N,,Y,VA,South,US Citizen,328,104750,Private - Independent,0.04,N,None,Male,Black or African American,Y,$250K and above,129000,0,0,21400,Dean's Scholar,63200,0,Y,Self-Initiated Inquiry,233,0,9,37,2,,None,,N,3,In-State Flagship Public,N,0.01,10
A26-105349,Fall 2026,Regular Decision,N,2025-12-02,Admit,College of Arts & Sciences,Neuroscience,3.48,71,Submitted,1210,,2,3,4,3,2,Y,4,N,GA,South,US Citizen,792,135301,Private - Independent,0.04,N,None,Male,White,Y,$30K - $59K,500,84100,76600,4500,Dean's Scholar,3500,3000,N,Common App Only,3,1,10,46,4,,None,,N,2,Out-of-State Public,Y,0.185,5
A26-100374,Fall 2026,Early Action,N,2025-10-30,Admit,College of Arts & Sciences,Political Science,3.42,74,Submitted,1210,,3,3,3,5,3,N,,N,NY,Mid-Atlantic,US Citizen,193,168328,Private - Independent,0.226,Y,None,Male,Not Reported,Y,$250K and above,87500,0,0,21000,Dean's Scholar,63600,0,Y,Paid Digital Campaign,329,4,23,69,5,,None,,N,5,Regional Public,Y,0.283,4
A26-101119,Fall 2026,Early Action,N,2025-10-25,Waitlist Alternate,College of Arts & Sciences,Communication,3.18,53,Submitted,1080,,0,1,4,3,3,N,,N,MA,New England,US Citizen,373,185630,Public,0.226,N,None,Female,White,Y,$250K and above,142100,0,0,0,No Merit Award,84600,0,Y,Paid Digital Campaign,160,1,12,79,4,,None,,N,3,Peer Private,N,0.035,8
A26-100126,Fall 2026,Regular Decision,N,2025-12-03,Admit - Committee Hold,College of Arts & Sciences,Psychology,3.81,82,Submitted,1360,,8,4,3,3,3,Y,3,N,NY,Mid-Atlantic,US Citizen,257,670311,Charter,0.187,N,None,Male,White,Y,$100K - $149K,17200,67400,63000,18100,Trustee Scholar,3500,0,N,Purchased Search Name,396,5,34,62,5,,None,,N,6,Regional Public,N,0.148,5
A26-106730,Fall 2026,Early Action,N,2025-10-20,Admit - Committee Hold,School of Business,Finance,3.26,61,Submitted,1110,,1,2,1,2,2,N,,N,NJ,Mid-Atlantic,US Citizen,226,512063,Parochial,0.376,N,None,Male,Asian,Y,$150K - $249K,37900,46700,30000,6500,Founders Award,48100,10200,N,Purchased Search Name,347,4,25,100,5,,None,,N,5,More Selective Private,N,0.088,7
A26-100212,Fall 2026,Early Action,N,2025-11-09,Admit,School of Business,Supply Chain Management,4.09,89,Test Optional,,,8,4,3,2,2,N,,Y,PA,Mid-Atlantic,US Citizen,93,100498,Private - Independent,0.343,N,None,Female,Asian,Y,$150K - $249K,64300,20300,20300,23800,Trustee Scholar,40500,0,N,Purchased Search Name,195,2,19,27,4,,None,Dance Audition,N,5,None Reported,N,0.19,5
A26-106812,Fall 2026,Early Action,N,2025-11-06,Admit,School of Business,Supply Chain Management,3.78,82,Submitted,,31,5,3,3,2,4,N,,N,PA,Mid-Atlantic,US Citizen,87,674796,Public,0.293,N,None,Female,White,Y,$100K - $149K,34300,50300,46000,15600,Dean's Scholar,23000,0,N,Common App Only,3,3,17,64,5,,None,,N,3,Less Selective Private,N,0.256,4
A26-100138,Fall 2026,Regular Decision,N,2026-01-11,Admit,School of Nursing & Health,Exercise Science,3.62,72,Test Optional,,,2,3,3,4,3,N,,N,CA,West,US Citizen,2387,263455,Public,0.188,N,None,Male,Black or African American,Y,$100K - $149K,40400,44200,44200,13400,Dean's Scholar,27000,0,N,College Fair,143,0,11,51,2,,None,,N,6,More Selective Private,N,0.01,10
A26-101874,Fall 2026,Regular Decision,N,2025-12-01,Admit,College of Arts & Sciences,Undeclared,3.68,80,Submitted,1320,29,5,3,3,4,4,N,,N,VT,New England,US Citizen,458,576708,Parochial,0.355,N,None,Male,Black or African American,Y,$30K - $59K,3900,80700,66000,15100,Dean's Scholar,3500,0,N,College Fair,140,2,17,38,4,,None,,N,4,Regional Public,N,0.09,7
A26-102283,Fall 2026,Regular Decision,N,2025-11-20,Admit,School of Business,Accounting,3.81,86,Submitted,1390,,4,4,3,4,3,N,,Y,FL,South,US Citizen,938,231926,Public,0.381,N,None,Male,White,Y,$30K - $59K,7100,77500,71000,10100,Trustee Scholar,3500,0,N,Purchased Search Name,263,2,22,52,5,,None,,N,7,None Reported,Y,0.207,4
A26-102815,Fall 2026,Regular Decision,N,2025-12-21,Admit,School of Engineering,Civil Engineering,3.89,93,Submitted,1400,,7,4,3,2,3,Y,5,Y,NJ,Mid-Atlantic,US Citizen,211,493927,Public,0.295,Y,None,Male,Asian,Y,$100K - $149K,34000,50600,49200,23900,Trustee Scholar,11500,0,N,College Fair,164,2,20,48,5,,None,,N,8,None Reported,N,0.067,7
A26-107086,Fall 2026,Early Action,N,2025-11-04,Admit,School of Business,Accounting,3.72,79,Test Optional,,,3,3,4,4,5,N,,N,NY,Mid-Atlantic,US Citizen,150,728445,Public,0.242,N,None,Female,Black or African American,Y,$100K - $149K,25800,58800,55500,18700,Dean's Scholar,10400,0,N,College Fair,173,4,24,53,5,,None,Music - Vocal,N,2,In-State Flagship Public,N,0.228,4
A26-104365,Fall 2026,Early Action,N,2025-11-01,Admit,College of Fine Arts,Theatre,3.56,65,Test Optional,,,6,2,2,4,4,N,,N,PA,Mid-Atlantic,US Citizen,118,162116,Public,0.349,N,None,Male,Asian,N,Not Reported,,0,0,10900,Founders Award,73700,0,Y,Purchased Search Name,349,1,7,65,3,,None,Music - Vocal,N,3,Peer Private,N,0.123,6
A26-101439,Fall 2026,Regular Decision,N,2026-01-13,Admit,College of Arts & Sciences,English,3.86,94,Test Optional,,,9,4,4,4,4,N,,Y,GBR,International,International,3607,000000,International School,0.098,N,None,Male,Asian,Y,$100K - $149K,37000,47600,47600,28900,Trustee Scholar,8100,0,N,Self-Initiated Inquiry,211,0,21,33,3,,None,,N,4,Less Selective Private,N,0.01,10
A26-104128,Fall 2026,ED I,Y,2025-10-25,Admit,College of Fine Arts,Studio Art,3.75,77,Test Optional,,,4,3,3,2,3,N,,N,OH,Midwest,US Citizen,461,744135,Public,0.158,N,None,Male,Two or More Races,Y,$60K - $99K,10600,74000,57900,22800,Dean's Scholar,3900,0,N,Campus Visit Walk-In,198,1,22,69,5,,None,Dance Audition,N,7,More Selective Private,N,0.882,2
A26-101470,Fall 2026,Regular Decision,N,2025-12-05,Admit - Committee Hold,College of Arts & Sciences,Communication,3.50,69,Submitted,1210,,3,3,1,4,3,N,,N,CA,West,US Citizen,2700,569221,Private - Independent,0.04,N,None,Male,White,Y,$60K - $99K,19400,65200,49000,22100,Dean's Scholar,13500,0,N,Campus Visit Walk-In,341,1,2,52,2,,None,,N,2,In-State Flagship Public,Y,0.052,8
A26-107206,Fall 2026,Regular Decision,N,2026-01-06,Admit,College of Arts & Sciences,Neuroscience,3.69,78,Test Optional,,,3,3,2,2,3,N,,N,NC,South,US Citizen,550,343712,Private - Independent,0.261,Y,None,Male,White,Y,$30K - $59K,1300,83300,71600,9500,Dean's Scholar,3500,2200,N,Self-Initiated Inquiry,37,1,1,37,2,,None,,N,7,Peer Private,N,0.019,9
A26-107215,Fall 2026,Regular Decision,N,2025-11-24,Admit,School of Nursing & Health,Exercise Science,3.16,65,Test Optional,,,1,2,3,2,3,N,,N,OH,Midwest,US Citizen,443,744135,Public,0.158,Y,None,Female,Hispanic or Latino,Y,$100K - $149K,30500,54100,36500,7800,Founders Award,40300,9800,N,Purchased Search Name,258,2,19,62,5,,None,,N,2,In-State Flagship Public,N,0.074,7
A26-100585,Fall 2026,Early Action,N,2025-10-25,Admit,College of Arts & Sciences,Neuroscience,3.49,71,Test Optional,,,1,2,1,2,2,Y,4,N,FL,South,US Citizen,1144,339774,Parochial,0.293,Y,None,Male,Black or African American,Y,$250K and above,94300,0,0,8300,Founders Award,76300,0,Y,Athletic Recruiting,393,3,25,88,5,Women's Soccer,Coach Support,,N,5,Out-of-State Public,Y,0.24,4
A26-102407,Fall 2026,Regular Decision,N,2025-12-07,Admit,School of Engineering,Chemical Engineering,3.29,65,Submitted,1170,,0,2,3,3,3,N,,N,CA,West,US Citizen,2725,569221,Private - Independent,0.04,N,None,Male,White,N,Not Reported,,0,0,8800,Founders Award,75800,0,Y,High School Visit,360,1,14,39,3,,None,,N,6,Peer Private,Y,0.013,10
A26-106222,Fall 2026,Early Action,N,2025-11-07,Waitlist Alternate,School of Engineering,Mechanical Engineering,3.85,91,Submitted,1420,,7,4,4,3,4,N,,Y,CT,New England,US Citizen,245,389513,Public,0.118,Y,None,Female,White,Y,$150K - $249K,68800,15800,15400,25600,Trustee Scholar,43600,0,N,High School Visit,112,4,25,27,5,,None,,Y,5,More Selective Private,N,0.065,7
A26-101899,Fall 2026,ED I,Y,2025-11-01,Admit,School of Business,Management,3.59,95,Submitted,1310,,6,3,2,3,4,Y,1,N,NY,Mid-Atlantic,US Citizen,428,192198,Public,0.274,Y,None,Female,White,Y,Under $30K,0,84600,72500,8600,Dean's Scholar,3500,3500,N,Purchased Search Name,279,2,13,60,5,,None,,N,2,Out-of-State Public,N,0.98,1
A26-103890,Fall 2026,Regular Decision,N,2025-11-30,Admit,College of Arts & Sciences,Political Science,3.74,80,Submitted,1280,28,5,4,3,4,2,N,,Y,OH,Midwest,US Citizen,382,744135,Public,0.158,N,None,Male,Black or African American,Y,$100K - $149K,25000,59600,59600,21500,Trustee Scholar,3500,0,N,Self-Initiated Inquiry,193,3,20,57,5,,None,,N,6,Peer Private,N,0.037,8
A26-105110,Fall 2026,ED I,Y,2025-11-01,Admit,School of Nursing & Health,Public Health,3.67,77,Submitted,1370,,5,4,2,4,3,Y,2,Y,PA,Mid-Atlantic,US Citizen,55,367072,Private - Independent,0.309,Y,None,Male,Two or More Races,Y,$30K - $59K,1600,83000,76600,4500,Trustee Scholar,3500,1900,N,Common App Only,225,4,30,100,5,,None,Music - Vocal,N,1,In-State Flagship Public,Y,0.985,1
A26-104980,Fall 2026,Regular Decision,N,2025-11-30,Admit,College of Arts & Sciences,Undeclared,3.11,59,Submitted,1090,,1,1,2,2,3,N,,N,NC,South,US Citizen,519,343712,Private - Independent,0.261,N,None,Female,White,Y,$30K - $59K,4000,80600,49100,0,No Merit Award,35500,31500,N,Purchased Search Name,335,3,31,57,5,,None,,N,1,In-State Flagship Public,Y,0.191,5
A26-100615,Fall 2026,Regular Decision,N,2025-11-29,Waitlist Alternate,College of Arts & Sciences,Chemistry,4.03,99,Submitted,1470,,8,4,2,4,2,Y,2,Y,NJ,Mid-Atlantic,US Citizen,110,512063,Parochial,0.376,N,None,Female,White,Y,$100K - $149K,18800,65800,60300,20800,Trustee Scholar,3500,0,N,Purchased Search Name,251,5,42,93,5,,None,,N,6,None Reported,Y,0.659,2
A26-105138,Fall 2026,Regular Decision,N,2025-11-30,Admit,School of Engineering,Electrical Engineering,3.55,69,Submitted,1200,,2,2,3,3,2,Y,1,N,PA,Mid-Atlantic,US Citizen,228,900119,Parochial,0.427,Y,None,Female,Asian,Y,$150K - $249K,57700,26900,18400,9600,Founders Award,56600,0,N,Self-Initiated Inquiry,283,2,18,54,5,,None,,N,1,More Selective Private,N,0.087,7
A26-103901,Fall 2026,Regular Decision,N,2026-01-02,Admit,School of Nursing & Health,Exercise Science,3.57,85,Submitted,1310,,1,3,4,4,3,Y,4,N,WI,Midwest,US Citizen,649,694159,Parochial,0.366,N,None,Male,White,Y,$30K - $59K,5700,78900,56400,19300,Dean's Scholar,8900,3200,N,Purchased Search Name,417,1,23,57,5,,None,,N,5,Less Selective Private,Y,0.412,3
A26-105195,Fall 2026,Regular Decision,N,2026-01-09,Admit,School of Business,Supply Chain Management,4.14,95,Submitted,1450,,7,5,2,5,3,Y,2,Y,PA,Mid-Atlantic,US Citizen,93,872383,Public,0.284,N,Parent,Female,Asian,Y,$100K - $149K,34500,50100,44200,36300,Presidential Scholar,4100,0,N,Athletic Recruiting,320,2,25,69,5,,None,,N,6,In-State Flagship Public,N,0.16,5
A26-104134,Fall 2026,Regular Decision,N,2025-12-11,Admit,School of Engineering,Mechanical Engineering,3.60,82,Submitted,1290,,7,3,3,4,5,N,,N,NJ,Mid-Atlantic,US Citizen,89,122832,Public,0.109,Y,Parent,Nonbinary,White,Y,$100K - $149K,27800,56800,51100,19700,Dean's Scholar,13800,0,N,Paid Digital Campaign,292,3,17,31,5,,None,,N,4,More Selective Private,N,0.114,6
A26-100726,Fall 2026,ED I,Y,2025-10-19,Admit,School of Engineering,Chemical Engineering,3.43,74,Submitted,1240,29,4,3,4,4,2,N,,N,NJ,Mid-Atlantic,US Citizen,167,255789,Public,0.299,Y,None,Female,White,Y,$100K - $149K,22400,62200,55900,20500,Dean's Scholar,8200,0,N,Self-Initiated Inquiry,238,0,13,28,2,,None,,N,6,Peer Private,Y,0.962,1
A26-103332,Fall 2026,Early Action,N,2025-10-18,Admit,School of Nursing & Health,Exercise Science,3.41,67,Test Optional,,,2,2,3,2,2,Y,5,N,NY,Mid-Atlantic,US Citizen,203,913379,Public,0.304,N,None,Male,White,Y,$150K - $249K,62600,22000,15300,6700,Founders Award,62600,0,N,College Fair,231,4,34,63,5,,None,,N,3,Less Selective Private,Y,0.738,2
A26-103725,Fall 2026,Regular Decision,N,2026-01-04,Admit,School of Engineering,Biomedical Engineering,3.47,73,Test Optional,,,3,3,3,3,3,N,,N,FL,South,US Citizen,1069,252370,Public,0.261,N,None,Male,White,N,Not Reported,,0,0,16300,Dean's Scholar,68300,0,Y,Athletic Recruiting,311,0,22,34,3,,None,,N,3,In-State Flagship Public,Y,0.029,9
A26-104152,Fall 2026,Regular Decision,N,2026-01-05,Admit,College of Arts & Sciences,History,3.57,80,Submitted,1280,,6,3,4,3,3,N,,N,CO,West,US Citizen,1611,861767,Public,0.245,N,None,Male,Not Reported,N,Not Reported,,0,0,16700,Dean's Scholar,67900,0,Y,Paid Digital Campaign,3,0,8,44,2,,None,,N,4,Peer Private,N,0.01,10
A26-105766,Fall 2026,ED I,Y,2025-10-22,Admit,School of Business,Accounting,3.38,73,Test Optional,,,2,3,3,2,3,N,,N,PA,Mid-Atlantic,US Citizen,211,901818,Public,0.42,N,None,Male,Hispanic or Latino,Y,$100K - $149K,29200,55400,50000,14900,Dean's Scholar,19700,0,N,Purchased Search Name,139,4,18,43,5,,None,,N,5,In-State Flagship Public,Y,0.985,1
A26-106657,Fall 2026,Regular Decision,N,2025-11-21,Admit,School of Business,Supply Chain Management,3.54,74,Test Optional,,,4,3,2,4,3,N,,N,NY,Mid-Atlantic,US Citizen,140,275729,Public,0.312,N,None,Male,White,Y,Under $30K,0,84600,55700,16500,Dean's Scholar,12400,12400,N,Self-Initiated Inquiry,201,2,13,42,4,,None,,N,2,Peer Private,Y,0.119,6
A26-101452,Fall 2026,Early Action,N,2025-10-24,Admit,School of Nursing & Health,Nursing (BSN),3.12,60,Test Optional,,,1,2,2,2,3,N,,N,VT,New England,Permanent Resident,360,576708,Parochial,0.355,N,None,Female,Hispanic or Latino,Y,$30K - $59K,5200,79400,70100,10300,Founders Award,4200,0,N,Athletic Recruiting,333,5,38,82,5,Track & Field,Tip,,N,5,Less Selective Private,N,0.815,2
A26-108192,Fall 2026,Regular Decision,N,2025-11-29,Admit,School of Nursing & Health,Exercise Science,3.66,80,Test Optional,,,2,3,4,4,3,Y,4,N,PA,Mid-Atlantic,US Citizen,21,901818,Public,0.42,N,None,Female,Asian,Y,$60K - $99K,13700,70900,55300,21200,Dean's Scholar,8100,0,N,Paid Digital Campaign,314,4,29,87,5,,None,,N,7,Out-of-State Public,N,0.326,3
A26-106106,Fall 2026,Early Action,N,2025-10-21,Admit - Committee Hold,College of Fine Arts,Music Performance,3.89,95,Test Optional,,,8,4,5,4,3,N,,N,OH,Midwest,US Citizen,355,610404,Public,0.12,N,None,Female,White,N,Not Reported,,0,0,26900,Trustee Scholar,57700,0,Y,Common App Only,182,1,7,72,3,,None,Theatre Audition,N,7,Peer Private,Y,0.063,8
A26-103883,Fall 2026,Regular Decision,N,2026-01-14,Admit,School of Nursing & Health,Nursing (BSN),3.50,75,Submitted,1250,,4,3,3,2,3,N,,Y,TUR,International,International,5253,000000,International School,0.114,N,None,Female,White,Y,$250K and above,127400,0,0,19800,Dean's Scholar,64800,0,Y,Common App Only,3,0,16,6,2,,None,,N,5,In-State Flagship Public,N,0.01,10
A26-105013,Fall 2026,Regular Decision,N,2025-12-26,Waitlist Alternate,College of Fine Arts,Graphic Design,3.72,86,Test Optional,,,4,3,4,2,3,Y,3,N,NY,Mid-Atlantic,US Citizen,316,192198,Public,0.274,N,None,Female,White,Y,$100K - $149K,29900,54700,46100,17400,Dean's Scholar,21100,0,N,Common App Only,91,1,18,62,5,,None,Published Research,N,6,Regional Public,N,0.095,6
A26-104161,Fall 2026,Regular Decision,N,2025-12-20,Admit,School of Nursing & Health,Health Administration,3.83,85,Submitted,1400,,5,4,2,4,3,N,,Y,IL,Midwest,US Citizen,744,871889,Charter,0.264,Y,None,Female,White,Y,$150K - $249K,56700,27900,25100,28100,Trustee Scholar,31400,0,N,College Fair,309,1,16,38,3,,None,,N,3,Peer Private,N,0.064,7
A26-107579,Fall 2026,Early Action,N,2025-10-27,Admit - Committee Hold,School of Business,Management,3.62,74,Test Optional,,,3,3,2,4,4,Y,3,N,PA,Mid-Atlantic,US Citizen,236,872383,Public,0.284,N,None,Male,White,Y,$100K - $149K,17700,66900,63200,13800,Dean's Scholar,7600,0,N,Self-Initiated Inquiry,148,5,41,100,5,,None,,N,5,Peer Private,Y,0.693,2
A26-105564,Fall 2026,Early Action,N,2025-10-22,Admit,College of Arts & Sciences,Economics,3.63,82,Submitted,1370,,5,4,3,4,3,N,,Y,PA,Mid-Atlantic,US Citizen,132,211557,Public,0.356,N,None,Female,White,Y,$100K - $149K,18800,65800,65500,15600,Trustee Scholar,3500,0,N,Self-Initiated Inquiry,242,3,26,35,5,,None,,N,9,None Reported,N,0.138,5
A26-108275,Fall 2026,Regular Decision,N,2025-11-22,Admit,College of Arts & Sciences,Psychology,3.76,85,Submitted,1400,,6,4,3,3,2,N,,Y,NY,Mid-Atlantic,US Citizen,134,168328,Private - Independent,0.226,Y,None,Male,Black or African American,Y,$150K - $249K,69200,15400,13800,24700,Trustee Scholar,46100,0,N,Counselor Referral,192,2,10,69,4,,None,,N,3,Peer Private,Y,0.178,5
A26-104863,Fall 2026,Early Action,N,2025-11-07,Admit,School of Business,Business Analytics,3.59,78,Submitted,,29,5,3,4,3,4,Y,4,N,NH,New England,US Citizen,493,522785,Private - Independent,0.315,N,None,Not Reported,Black or African American,Y,$60K - $99K,14300,70300,63400,17700,Dean's Scholar,3500,0,N,High School Visit,352,2,9,39,4,,None,,Y,5,None Reported,N,0.134,6
A26-100624,Fall 2026,Regular Decision,N,2025-11-23,Admit,College of Arts & Sciences,Biology,3.74,79,Submitted,1250,,4,3,1,3,3,Y,3,N,MD,Mid-Atlantic,US Citizen,168,985640,Public,0.267,Y,None,Male,Asian,N,Not Reported,,0,0,19700,Dean's Scholar,64900,0,Y,Purchased Search Name,92,1,5,73,4,,None,,N,6,More Selective Private,N,0.016,9
A26-104229,Fall 2026,Regular Decision,N,2025-12-22,Admit,College of Fine Arts,Graphic Design,4.15,96,Test Optional,,,8,5,4,4,4,N,,Y,NJ,Mid-Atlantic,US Citizen,208,154518,Public,0.158,N,None,Male,Two or More Races,Y,$100K - $149K,37600,47000,46700,34400,Presidential Scholar,3500,0,N,College Fair,238,3,10,67,5,,None,Studio Art Portfolio,N,8,None Reported,Y,0.177,5
A26-107158,Fall 2026,Early Action,N,2025-10-23,Admit,College of Arts & Sciences,Biology,3.57,68,Submitted,1220,,3,3,2,1,5,N,,N,PA,Mid-Atlantic,US Citizen,95,243289,Private - Independent,0.31,N,None,Male,White,Y,$150K - $249K,73200,11400,9400,22900,Dean's Scholar,52300,0,N,Paid Digital Campaign,125,4,20,62,5,,None,,N,1,None Reported,N,0.224,4
A26-106410,Fall 2026,Early Action,N,2025-11-07,Admit,College of Arts & Sciences,Psychology,3.45,70,Test Optional,,,3,2,3,2,3,N,,N,FL,South,US Citizen,1176,544384,Public,0.15,N,None,Male,White,Y,$250K and above,69200,15400,12100,13500,Founders Award,59000,0,N,Purchased Search Name,303,0,9,26,2,,None,,Y,3,In-State Flagship Public,Y,0.069,7
A26-102475,Fall 2026,Early Action,N,2025-10-26,Admit,College of Arts & Sciences,Environmental Science,3.63,72,Test Optional,,,4,3,4,2,2,Y,5,N,MD,Mid-Atlantic,US Citizen,107,985640,Public,0.267,N,None,Male,White,Y,$150K - $249K,55100,29500,26000,14300,Dean's Scholar,44300,0,N,Purchased Search Name,208,2,19,100,5,,None,,N,6,None Reported,N,0.094,6
A26-101022,Fall 2026,Regular Decision,N,2025-12-09,Admit,College of Fine Arts,Theatre,3.26,63,Submitted,,26,1,2,3,4,2,N,,N,PA,Mid-Atlantic,US Citizen,240,162116,Public,0.349,N,None,Female,Black or African American,Y,$150K - $249K,65500,19100,16700,10100,Founders Award,57800,0,N,Purchased Search Name,392,1,18,73,4,,None,Studio Art Portfolio,N,3,In-State Flagship Public,N,0.136,5
A26-103698,Fall 2026,Regular Decision,N,2025-12-28,Admit,College of Arts & Sciences,Mathematics,3.36,62,Submitted,1220,,4,2,2,3,1,N,,N,PA,Mid-Atlantic,US Citizen,33,232110,Public,0.286,N,None,Male,White,N,Not Reported,,0,0,6600,Founders Award,78000,0,Y,Athletic Recruiting,218,5,25,64,5,Swimming & Diving,Coach Support,,N,0,None Reported,N,0.407,3
A26-102782,Fall 2026,Early Action,N,2025-11-04,Admit,School of Business,Accounting,3.64,81,Submitted,1360,,5,3,4,4,3,Y,4,Y,NJ,Mid-Atlantic,US Citizen,145,704699,Private - Independent,0.141,N,None,Female,Asian,Y,$250K and above,84900,0,0,16700,Dean's Scholar,67900,0,Y,Athletic Recruiting,227,4,30,76,5,,None,,N,5,More Selective Private,Y,0.202,4
A26-106021,Fall 2026,Regular Decision,N,2025-11-25,Admit,College of Arts & Sciences,Biology,3.94,87,Test Optional,,,8,4,2,2,3,N,,Y,MA,New England,US Citizen,453,456105,Public,0.334,Y,None,Male,Asian,Y,$100K - $149K,28300,56300,43400,22700,Trustee Scholar,18500,0,N,Campus Visit Walk-In,53,3,23,61,5,,None,Robotics / STEM Competition,N,8,In-State Flagship Public,N,0.053,8
A26-105790,Fall 2026,Regular Decision,N,2025-12-10,Admit,School of Business,Accounting,3.63,74,Submitted,,30,6,3,2,4,2,N,,N,NY,Mid-Atlantic,US Citizen,152,945888,Parochial,0.309,N,None,Male,White,Y,$60K - $99K,18900,65700,57600,16900,Dean's Scholar,10100,0,N,Paid Digital Campaign,141,2,6,60,4,,None,,N,5,More Selective Private,N,0.03,9
A26-108171,Fall 2026,Early Action,N,2025-10-18,Admit,College of Arts & Sciences,Communication,4.00,97,Submitted,1480,,7,4,4,4,3,N,,Y,DE,Mid-Atlantic,US Citizen,143,498059,Public,0.333,N,None,Male,Two or More Races,Y,Under $30K,1000,83600,76600,4500,Trustee Scholar,3500,2500,N,Self-Initiated Inquiry,151,4,27,62,5,,None,,N,3,Peer Private,Y,0.634,2
A26-106059,Fall 2026,Regular Decision,N,2026-01-09,Admit,College of Arts & Sciences,Mathematics,3.42,66,Submitted,1230,,2,2,2,4,3,N,,N,PA,Mid-Atlantic,US Citizen,150,162116,Public,0.349,N,None,Female,Hispanic or Latino,N,Not Reported,,0,0,10700,Founders Award,73900,0,Y,Campus Visit Walk-In,48,4,22,68,5,,None,,N,2,In-State Flagship Public,N,0.124,6
A26-107764,Fall 2026,Regular Decision,N,2026-01-03,Admit - Committee Hold,College of Arts & Sciences,Neuroscience,3.56,82,Submitted,1280,,6,3,3,2,4,N,,N,NY,Mid-Atlantic,US Citizen,268,406521,Parochial,0.431,N,Parent,Male,White,Y,$100K - $149K,23900,60700,55200,22100,Dean's Scholar,7300,0,N,Paid Digital Campaign,341,2,13,69,5,,None,,N,7,More Selective Private,N,0.058,8
A26-107777,Fall 2026,Early Action,N,2025-10-23,Admit,School of Business,Finance,3.83,80,Test Optional,,,6,4,4,3,4,N,,Y,PA,Mid-Atlantic,US Citizen,105,812817,Public,0.277,N,None,Male,Not Reported,Y,$30K - $59K,6700,77900,64000,17100,Trustee Scholar,3500,0,N,Self-Initiated Inquiry,441,4,30,77,5,,None,,N,2,Out-of-State Public,N,0.447,3
A26-106420,Fall 2026,Regular Decision,N,2025-11-29,Admit,School of Business,Accounting,3.63,84,Test Optional,,,3,3,2,3,3,N,,N,CT,New England,US Citizen,329,389513,Public,0.118,N,None,Male,White,Y,$100K - $149K,23000,61600,54900,20500,Dean's Scholar,9200,0,N,College Fair,216,0,14,53,3,,None,,N,4,In-State Flagship Public,N,0.022,9
A26-100385,Fall 2026,Regular Decision,N,2025-12-02,Admit,College of Arts & Sciences,Chemistry,3.73,78,Submitted,1330,,6,3,4,4,4,N,,N,PA,Mid-Atlantic,US Citizen,123,812817,Public,0.277,N,None,Female,Black or African American,Y,Under $30K,0,84600,76600,4500,Dean's Scholar,3500,3500,N,Purchased Search Name,299,5,26,86,5,,None,Published Research,N,1,None Reported,Y,0.874,2
A26-103315,Fall 2026,Regular Decision,N,2026-01-03,Waitlist Alternate,College of Arts & Sciences,Neuroscience,3.90,91,Submitted,1370,,7,4,4,4,3,N,,Y,FL,South,US Citizen,1014,339774,Parochial,0.293,N,None,Male,Not Reported,Y,$250K and above,159700,0,0,28400,Trustee Scholar,56200,0,Y,Counselor Referral,204,1,13,60,4,,None,,N,7,More Selective Private,N,0.01,10
A26-104111,Fall 2026,ED I,Y,2025-10-25,Admit,School of Engineering,Civil Engineering,3.66,77,Test Optional,,,4,3,4,3,3,N,,Y,PA,Mid-Atlantic,Permanent Resident,80,490704,Public,0.349,N,Grandparent,Female,White,Y,$100K - $149K,31500,53100,50500,21300,Dean's Scholar,12800,0,N,Purchased Search Name,222,4,20,60,5,,None,Robotics / STEM Competition,Y,3,Peer Private,Y,0.985,1
A26-103383,Fall 2026,Regular Decision,N,2026-01-02,Admit,College of Arts & Sciences,Communication,3.52,81,Test Optional,,,4,3,4,3,2,Y,2,N,IND,International,International,7838,000000,International School,0.147,Y,None,Female,White,Y,$150K - $249K,68300,16300,15700,19000,Dean's Scholar,49900,0,N,Campus Visit Walk-In,298,1,16,74,5,,None,,N,2,Peer Private,Y,0.011,10
A26-106536,Fall 2026,Early Action,N,2025-11-03,Admit,College of Arts & Sciences,Biology,3.50,68,Test Optional,,,3,3,3,2,2,Y,4,N,PA,Mid-Atlantic,US Citizen,37,901818,Public,0.42,N,None,Male,Two or More Races,Y,$150K - $249K,43500,41100,33300,19300,Dean's Scholar,32000,0,N,Counselor Referral,53,3,26,75,5,,None,,N,5,Regional Public,Y,0.486,2
A26-103162,Fall 2026,Early Action,N,2025-11-07,Admit,College of Arts & Sciences,Mathematics,3.93,85,Submitted,1350,,7,4,3,3,5,N,,Y,OH,Midwest,US Citizen,358,610404,Public,0.12,N,None,Female,White,Y,$100K - $149K,40200,44400,44400,28300,Trustee Scholar,11900,0,N,College Fair,14,1,18,59,4,,None,,N,4,Regional Public,N,0.081,7
A26-101074,Fall 2026,Early Action,N,2025-10-18,Admit,School of Business,Management,3.42,65,Test Optional,,,1,3,3,5,3,Y,3,N,SC,South,US Citizen,670,872992,Public,0.33,Y,None,Male,Not Reported,Y,$250K and above,147000,0,0,18200,Dean's Scholar,66400,0,Y,Self-Initiated Inquiry,163,1,4,37,3,,None,,N,3,Peer Private,Y,0.112,6
A26-106709,Fall 2026,Regular Decision,N,2025-12-13,Admit,College of Arts & Sciences,Economics,3.81,77,Submitted,1300,,7,3,1,2,2,Y,3,N,OH,Midwest,US Citizen,320,362708,Public,0.281,Y,None,Female,White,Y,$150K - $249K,40400,44200,33500,21500,Dean's Scholar,29600,0,N,Campus Visit Walk-In,145,1,6,50,4,,None,,N,1,None Reported,N,0.116,6
A26-104102,Fall 2026,Regular Decision,N,2025-12-08,Admit,College of Fine Arts,Studio Art,3.65,78,Submitted,1310,,5,3,3,3,5,N,,N,PA,Mid-Atlantic,US Citizen,16,458169,Private - Independent,0.207,N,None,Male,White,N,Not Reported,,0,0,20500,Dean's Scholar,64100,0,Y,College Fair,94,4,33,70,5,,None,Dance Audition,N,5,More Selective Private,N,0.098,6
A26-104539,Fall 2026,Early Action,N,2025-10-23,Admit - Committee Hold,College of Fine Arts,Graphic Design,3.55,82,Submitted,,28,6,3,2,4,4,Y,4,N,PAK,International,International,7201,000000,International School,0.177,N,None,Male,Asian,Y,$60K - $99K,9500,75100,62600,18500,Dean's Scholar,3500,0,N,Purchased Search Name,75,1,12,78,5,,None,Theatre Audition,N,8,More Selective Private,N,0.01,10
A26-107273,Fall 2026,ED I,Y,2025-10-22,Admit,College of Arts & Sciences,Mathematics,3.48,80,Test Optional,,,3,3,2,2,2,Y,3,N,VA,South,US Citizen,423,846587,Public,0.212,N,None,Nonbinary,White,Y,$100K - $149K,35200,49400,42400,19700,Dean's Scholar,22500,0,N,College Fair,198,3,20,72,5,,None,,N,4,Peer Private,Y,0.982,1
A26-104691,Fall 2026,Early Action,N,2025-11-08,Admit,College of Arts & Sciences,English,3.72,86,Test Optional,,,8,4,3,4,2,Y,4,Y,CA,West,US Citizen,2419,569221,Private - Independent,0.04,N,None,Female,White,Y,$100K - $149K,36400,48200,46400,30500,Trustee Scholar,7700,0,N,Counselor Referral,28,0,10,38,3,,None,,N,7,Less Selective Private,N,0.013,10
A26-104843,Fall 2026,ED II,Y,2026-01-04,Admit,School of Business,Supply Chain Management,3.64,80,Submitted,1300,,7,3,2,3,3,Y,3,N,CT,New England,US Citizen,196,953514,Public,0.206,N,None,Female,White,Y,$150K - $249K,43400,41200,34500,19500,Dean's Scholar,30600,0,N,High School Visit,99,2,11,85,5,,None,Debate / Speech,N,2,More Selective Private,N,0.96,1
A26-103918,Fall 2026,Regular Decision,N,2025-12-03,Waitlist Alternate,College of Arts & Sciences,Mathematics,3.80,77,Test Optional,,,5,3,3,3,4,N,,N,FL,South,US Citizen,1104,544384,Public,0.15,Y,None,Male,Asian,Y,$60K - $99K,5500,79100,62800,18300,Dean's Scholar,3500,0,N,Athletic Recruiting,182,3,21,42,5,Women's Basketball,Slot,,N,3,Peer Private,N,0.506,2
A26-104317,Fall 2026,Regular Decision,N,2025-12-02,Admit,School of Nursing & Health,Nursing (BSN),4.26,99,Test Optional,,,9,5,4,4,4,Y,2,Y,MA,New England,US Citizen,428,185630,Public,0.226,N,None,Male,Hispanic or Latino,Y,$30K - $59K,4300,80300,76600,4500,Presidential Scholar,3500,0,N,Paid Digital Campaign,38,2,13,65,5,,None,,N,7,Less Selective Private,N,0.141,5
A26-106780,Fall 2026,Early Action,N,2025-10-19,Admit,College of Arts & Sciences,History,3.18,59,Test Optional,,,0,2,3,3,3,N,,N,GA,South,US Citizen,685,135301,Private - Independent,0.04,N,None,Male,White,Y,$100K - $149K,27000,57600,40400,7600,Founders Award,36600,9600,N,Purchased Search Name,220,0,8,38,2,,None,,N,3,In-State Flagship Public,N,0.017,9
A26-107963,Fall 2026,Regular Decision,N,2025-12-30,Admit,College of Arts & Sciences,Mathematics,3.37,69,Test Optional,,,4,2,3,2,2,N,,N,VA,South,US Citizen,455,846587,Public,0.212,N,None,Male,White,Y,$60K - $99K,20900,63700,53500,11200,Founders Award,19900,0,N,Common App Only,3,1,18,39,4,,None,,N,4,Peer Private,N,0.026,9
A26-103097,Fall 2026,Regular Decision,N,2025-11-28,Admit,College of Fine Arts,Music Performance,3.69,76,Submitted,1300,,5,3,3,2,2,N,,N,NJ,Mid-Atlantic,US Citizen,249,255789,Public,0.299,N,None,Male,White,Y,$150K - $249K,73900,10700,10000,21200,Dean's Scholar,53400,0,N,College Fair,317,4,22,73,5,,None,Dance Audition,N,2,Peer Private,N,0.236,4
A26-102043,Fall 2026,Regular Decision,N,2025-12-02,Admit,College of Arts & Sciences,Political Science,3.70,79,Test Optional,,,4,3,2,2,3,Y,3,N,RI,New England,US Citizen,309,350554,Public,0.334,N,None,Female,White,Y,$100K - $149K,37500,47100,47100,21800,Dean's Scholar,15700,0,N,Athletic Recruiting,147,2,15,64,5,,None,,N,3,More Selective Private,Y,0.17,5
A26-103525,Fall 2026,Regular Decision,N,2026-01-06,Admit,School of Nursing & Health,Nursing (BSN),3.67,96,Submitted,1330,,7,4,3,4,4,N,,Y,PA,Mid-Atlantic,US Citizen,182,232110,Public,0.286,N,None,Female,Not Reported,Y,$60K - $99K,15400,69200,58600,22500,Trustee Scholar,3500,0,N,Paid Digital Campaign,271,3,36,35,5,,None,,N,5,None Reported,N,0.216,4
A26-105982,Fall 2026,Regular Decision,N,2026-01-10,Waitlist Alternate,School of Business,Supply Chain Management,3.51,70,Submitted,1240,,3,3,2,3,4,N,,N,PA,Mid-Atlantic,Permanent Resident,145,412105,Public,0.206,N,None,Not Reported,White,Y,$150K - $249K,62100,22500,17800,15000,Dean's Scholar,51800,0,N,Purchased Search Name,348,2,18,61,5,,None,,N,3,Peer Private,N,0.059,8
A26-105380,Fall 2026,Regular Decision,N,2026-01-03,Admit,College of Arts & Sciences,Chemistry,3.76,76,Test Optional,,,6,3,5,3,4,N,,Y,TX,Southwest,US Citizen,1362,927275,Private - Independent,0.111,N,None,Female,White,Y,Under $30K,0,84600,76600,4500,Dean's Scholar,3500,3500,N,Self-Initiated Inquiry,332,0,1,7,1,,None,,N,4,Out-of-State Public,N,0.019,9
A26-104888,Fall 2026,Early Action,N,2025-11-02,Admit,College of Arts & Sciences,Communication,3.77,90,Test Optional,,,8,4,4,3,3,N,,Y,PA,Mid-Atlantic,US Citizen,49,799098,Public,0.35,N,None,Female,Black or African American,Y,$30K - $59K,3600,81000,76600,4500,Trustee Scholar,3500,0,N,Athletic Recruiting,356,5,28,73,5,Field Hockey,Tip,,N,3,Less Selective Private,Y,0.951,1
A26-107874,Fall 2026,Regular Decision,N,2026-01-13,Admit,College of Arts & Sciences,Chemistry,3.62,85,Test Optional,,,4,3,3,2,2,Y,4,N,GA,South,US Citizen,832,135301,Private - Independent,0.04,N,None,Male,Not Reported,Y,$60K - $99K,19900,64700,58600,15400,Dean's Scholar,10600,0,N,Purchased Search Name,235,2,15,88,5,,None,Published Research,N,7,More Selective Private,N,0.023,9
A26-100438,Fall 2026,Regular Decision,N,2025-11-24,Admit,School of Business,Marketing,3.74,81,Test Optional,,,6,4,2,4,4,N,,Y,NJ,Mid-Atlantic,US Citizen,234,828449,Public,0.332,N,None,Female,Black or African American,Y,$60K - $99K,18300,66300,64600,16500,Trustee Scholar,3500,0,N,Athletic Recruiting,49,4,23,75,5,,None,,N,4,Less Selective Private,Y,0.559,2
A26-104326,Fall 2026,Regular Decision,N,2025-12-08,Admit,School of Business,Management,3.85,88,Submitted,1310,,7,4,4,4,5,N,,N,NJ,Mid-Atlantic,US Citizen,101,122832,Public,0.109,N,None,Male,Hispanic or Latino,N,Not Reported,,0,0,28500,Trustee Scholar,56100,0,Y,Paid Digital Campaign,350,4,23,59,5,,None,,N,6,In-State Flagship Public,N,0.013,10
A26-108095,Fall 2026,Regular Decision,N,2025-12-12,Admit,College of Arts & Sciences,English,3.63,77,Test Optional,,,2,3,2,3,1,Y,2,N,NJ,Mid-Atlantic,US Citizen,210,704699,Private - Independent,0.141,Y,None,Male,Black or African American,Y,$60K - $99K,13400,71200,71200,9900,Dean's Scholar,3500,0,N,Campus Visit Walk-In,283,3,23,66,5,,None,Theatre Audition,N,6,More Selective Private,N,0.085,7
A26-102997,Fall 2026,Early Action,N,2025-11-10,Admit - Committee Hold,School of Business,Business Analytics,4.25,99,Test Optional,,,9,5,5,4,4,N,,Y,WI,Midwest,US Citizen,735,785305,Public,0.343,N,None,Not Reported,Asian,Y,$100K - $149K,37800,46800,46800,34300,Presidential Scholar,3500,0,N,Self-Initiated Inquiry,253,0,12,31,2,,None,,N,5,More Selective Private,N,0.011,10
A26-100510,Fall 2026,ED II,Y,2025-12-20,Admit,School of Business,Supply Chain Management,3.49,67,Submitted,1200,,4,3,1,2,3,Y,4,N,FL,South,US Citizen,891,979286,Public,0.286,N,None,Male,White,N,Not Reported,,0,0,21500,Dean's Scholar,63100,0,Y,Self-Initiated Inquiry,3,1,11,59,4,,None,,N,4,More Selective Private,Y,0.903,1
A26-106539,Fall 2026,Early Action,N,2025-11-11,Admit,School of Engineering,Civil Engineering,3.16,60,Submitted,,23,0,1,2,2,2,Y,3,N,CA,West,US Citizen,2520,644362,Parochial,0.204,N,Sibling,Male,White,Y,$30K - $59K,800,83800,59700,0,No Merit Award,24900,24100,N,Purchased Search Name,333,1,19,62,5,,None,,N,4,Regional Public,N,0.103,6
A26-105206,Fall 2026,Regular Decision,N,2025-12-14,Admit,School of Business,Business Analytics,3.59,78,Submitted,1320,,5,3,2,5,3,Y,5,Y,PA,Mid-Atlantic,Permanent Resident,31,162116,Public,0.349,Y,Parent,Male,White,Y,$250K and above,94600,0,0,13800,Dean's Scholar,70800,0,Y,Athletic Recruiting,119,5,29,99,5,Golf,Coach Support,,N,5,In-State Flagship Public,N,0.578,2
A26-103377,Fall 2026,Regular Decision,N,2025-12-07,Waitlist Alternate,College of Fine Arts,Theatre,3.89,91,Test Optional,,,9,4,3,3,3,Y,3,Y,NJ,Mid-Atlantic,US Citizen,177,493927,Public,0.295,N,None,Female,Black or African American,Y,$150K - $249K,55700,28900,27800,27900,Trustee Scholar,28900,0,N,Self-Initiated Inquiry,283,2,12,76,5,,None,Music - Instrumental,N,7,Peer Private,Y,0.288,4
A26-103195,Fall 2026,Regular Decision,N,2025-11-22,Waitlist Alternate,School of Nursing & Health,Public Health,3.63,78,Test Optional,,,6,3,3,4,3,Y,4,Y,PA,Mid-Atlantic,US Citizen,21,905207,Private - Independent,0.484,N,None,Female,Hispanic or Latino,Y,$30K - $59K,5700,78900,68900,12200,Dean's Scholar,3500,0,N,Purchased Search Name,464,3,23,82,5,,None,,N,5,In-State Flagship Public,N,0.339,3
A26-100984,Fall 2026,Regular Decision,N,2026-01-12,Admit - Committee Hold,School of Business,Finance,3.65,75,Submitted,1290,,2,3,3,3,4,N,,N,NJ,Mid-Atlantic,US Citizen,202,944115,Public,0.264,N,None,Female,White,Y,$100K - $149K,34500,50100,50100,20800,Dean's Scholar,13700,0,N,Athletic Recruiting,3,5,38,49,5,Volleyball,Tip,,N,4,Peer Private,N,0.412,3
A26-100204,Fall 2026,Regular Decision,N,2026-01-07,Admit,School of Engineering,Mechanical Engineering,3.72,87,Submitted,1250,,4,3,5,3,3,N,,N,WI,Midwest,US Citizen,641,785305,Public,0.343,N,None,Female,Asian,Y,$100K - $149K,17700,66900,59900,18900,Dean's Scholar,5800,0,N,Athletic Recruiting,364,4,21,86,5,,None,,N,3,More Selective Private,N,0.116,6
A26-105447,Fall 2026,Regular Decision,N,2025-12-05,Waitlist Alternate,College of Arts & Sciences,Biology,3.45,71,Submitted,1240,,3,3,3,3,2,N,,N,PA,Mid-Atlantic,Permanent Resident,225,458169,Private - Independent,0.207,N,None,Female,Not Reported,Y,$150K - $249K,57300,27300,26000,15600,Dean's Scholar,43000,0,N,Self-Initiated Inquiry,41,3,24,78,5,,None,,N,7,More Selective Private,Y,0.1,6
A26-107628,Fall 2026,Regular Decision,N,2025-11-26,Admit,College of Fine Arts,Studio Art,4.06,95,Submitted,1390,,8,4,2,3,4,Y,2,N,PA,Mid-Atlantic,US Citizen,103,900119,Parochial,0.427,N,None,Female,White,Y,$100K - $149K,30700,53900,49800,29900,Trustee Scholar,4900,0,N,Purchased Search Name,284,5,20,43,5,,None,Robotics / STEM Competition,N,5,More Selective Private,Y,0.425,3
A26-101014,Fall 2026,Regular Decision,N,2025-11-30,Admit,School of Nursing & Health,Exercise Science,3.46,68,Test Optional,,,2,3,2,4,3,Y,4,Y,CHN,International,International,7029,000000,International School,0.089,N,Parent,Male,White,Y,$100K - $149K,29100,55500,40400,13800,Dean's Scholar,30400,1300,N,Athletic Recruiting,151,0,19,56,4,,None,,N,4,In-State Flagship Public,Y,0.022,9
A26-108031,Fall 2026,Early Action,N,2025-11-06,Admit,School of Business,Supply Chain Management,3.46,74,Submitted,1170,,3,3,2,2,4,Y,4,N,PA,Mid-Atlantic,US Citizen,193,132128,Parochial,0.348,N,Parent,Male,White,Y,$30K - $59K,4900,79700,54700,21500,Dean's Scholar,8400,3500,N,Counselor Referral,109,5,34,100,5,,None,,Y,6,Less Selective Private,N,0.826,2
A26-106182,Fall 2026,ED II,Y,2025-12-20,Admit,College of Arts & Sciences,English,3.47,66,Test Optional,,,3,3,2,4,3,Y,3,Y,MD,Mid-Atlantic,US Citizen,219,526342,Public,0.297,N,None,Female,White,Y,$60K - $99K,8100,76500,66500,13200,Dean's Scholar,4900,0,N,Athletic Recruiting,134,2,16,56,5,,None,,N,2,Less Selective Private,N,0.985,1
A26-108377,Fall 2026,Regular Decision,N,2025-11-29,Admit - Committee Hold,College of Arts & Sciences,Sociology,3.55,80,Submitted,,30,5,3,3,2,2,Y,3,N,NY,Mid-Atlantic,US Citizen,113,897916,Parochial,0.228,N,None,Male,White,Y,$30K - $59K,1700,82900,70100,11000,Dean's Scholar,3500,1800,N,Self-Initiated Inquiry,103,3,21,45,5,,None,,N,3,In-State Flagship Public,Y,0.358,3
A26-107283,Fall 2026,Regular Decision,N,2026-01-01,Admit - Committee Hold,College of Arts & Sciences,History,3.79,92,Submitted,1340,,5,4,2,4,3,Y,3,N,PA,Mid-Atlantic,US Citizen,133,752830,Public,0.256,Y,None,Male,Hispanic or Latino,Y,$150K - $249K,72000,12600,10700,24600,Trustee Scholar,49300,0,N,Purchased Search Name,327,4,31,99,5,,None,,N,3,None Reported,Y,0.507,2
A26-105970,Fall 2026,Regular Decision,N,2025-11-21,Admit - Committee Hold,School of Business,Finance,4.19,99,Submitted,1490,,12,5,5,5,4,N,,Y,MD,Mid-Atlantic,US Citizen,205,329361,Public,0.158,N,None,Male,White,Y,$60K - $99K,7200,77400,64200,16900,Presidential Scholar,3500,0,N,Paid Digital Campaign,264,1,13,64,4,,None,,N,4,More Selective Private,Y,0.069,7
A26-107558,Fall 2026,Early Action,N,2025-10-24,Waitlist Alternate,College of Arts & Sciences,Mathematics,3.86,88,Submitted,1380,,6,4,5,4,4,Y,5,N,PA,Mid-Atlantic,US Citizen,105,752830,Public,0.256,Y,None,Female,Hispanic or Latino,N,Not Reported,,0,0,24200,Trustee Scholar,60400,0,Y,Athletic Recruiting,228,5,37,72,5,Volleyball,Tip,,N,6,Less Selective Private,N,0.433,3
A26-102153,Fall 2026,ED I,Y,2025-10-13,Admit,School of Business,Marketing,3.85,87,Test Optional,,,9,4,5,1,3,N,,Y,NGA,International,International,5627,000000,International School,0.204,N,None,Female,Black or African American,Y,$250K and above,77400,7200,6200,29300,Trustee Scholar,49100,0,N,Athletic Recruiting,225,0,1,37,1,,None,,N,8,Less Selective Private,Y,0.619,2
A26-107815,Fall 2026,Regular Decision,N,2025-11-26,Admit,School of Engineering,Electrical Engineering,3.88,97,Test Optional,,,6,4,2,2,3,Y,4,N,CT,New England,US Citizen,328,404488,Private - Independent,0.238,Y,None,Female,White,N,Not Reported,,0,0,28800,Trustee Scholar,55800,0,Y,College Fair,99,2,10,81,5,,None,,Y,7,In-State Flagship Public,N,0.028,9
A26-104525,Fall 2026,Regular Decision,N,2025-12-03,Admit,College of Arts & Sciences,English,3.87,90,Submitted,1340,,8,4,5,3,4,N,,N,PA,Mid-Atlantic,US Citizen,166,879707,Public,0.315,Y,None,Male,White,Y,$150K - $249K,70500,14100,14100,30700,Trustee Scholar,39800,0,N,Purchased Search Name,383,3,35,95,5,,None,,N,0,None Reported,Y,0.645,2
A26-103986,Fall 2026,Regular Decision,N,2025-12-26,Admit,College of Arts & Sciences,Undeclared,3.70,79,Submitted,1380,,7,3,3,4,3,N,,N,NY,Mid-Atlantic,US Citizen,235,648923,Public,0.181,N,None,Male,White,Y,$150K - $249K,65800,18800,18500,22000,Dean's Scholar,44100,0,N,Purchased Search Name,272,4,29,52,5,,None,,N,7,Less Selective Private,N,0.069,7
A26-103490,Fall 2026,Early Action,N,2025-10-18,Waitlist Alternate,School of Engineering,Civil Engineering,3.60,77,Test Optional,,,3,3,3,3,3,Y,3,N,PA,Mid-Atlantic,US Citizen,153,278119,Public,0.339,N,None,Male,Hispanic or Latino,Y,$150K - $249K,61900,22700,16100,19200,Dean's Scholar,49300,0,N,Athletic Recruiting,232,4,22,83,5,,None,,N,4,Regional Public,N,0.311,3
A26-107889,Fall 2026,Regular Decision,N,2025-12-31,Admit - Committee Hold,College of Arts & Sciences,Environmental Science,3.81,83,Test Optional,,,6,3,2,3,3,Y,2,N,NY,Mid-Atlantic,US Citizen,422,648923,Public,0.181,N,None,Female,Hispanic or Latino,Y,$60K - $99K,20200,64400,56900,14200,Dean's Scholar,13500,0,N,Purchased Search Name,239,3,26,64,5,,None,,N,3,In-State Flagship Public,N,0.077,7
A26-103644,Fall 2026,Early Action,N,2025-10-24,Admit,College of Arts & Sciences,Economics,3.87,90,Submitted,,31,8,4,4,4,4,N,,Y,IL,Midwest,US Citizen,654,871889,Charter,0.264,N,None,Female,White,Y,$150K - $249K,54500,30100,28200,29100,Trustee Scholar,27300,0,N,Purchased Search Name,363,1,21,55,4,,None,,N,2,More Selective Private,Y,0.114,6
A26-105051,Fall 2026,Regular Decision,N,2026-01-11,Admit,School of Engineering,Electrical Engineering,3.70,74,Submitted,1250,,5,3,2,4,4,N,,N,PA,Mid-Atlantic,US Citizen,232,675305,Private - Independent,0.454,N,None,Male,White,Y,$100K - $149K,40200,44400,41500,20200,Dean's Scholar,22900,0,N,Campus Visit Walk-In,155,1,18,41,4,,None,,N,4,Peer Private,N,0.058,8
A26-104011,Fall 2026,Regular Decision,N,2025-12-21,Admit,College of Arts & Sciences,Environmental Science,3.12,64,Submitted,1160,,1,2,2,4,3,N,,N,MD,Mid-Atlantic,US Citizen,211,329361,Public,0.158,Y,None,Male,Asian,Y,$250K and above,92100,0,0,13600,Founders Award,71000,0,Y,Campus Visit Walk-In,16,1,16,17,3,,None,,N,3,In-State Flagship Public,N,0.018,9
A26-108145,Fall 2026,Early Action,N,2025-10-31,Admit - Committee Hold,School of Engineering,Biomedical Engineering,3.62,79,Test Optional,,,4,3,2,3,2,N,,N,CT,New England,US Citizen,323,538053,Private - Independent,0.149,N,None,Male,White,Y,$60K - $99K,19100,65500,65500,14100,Dean's Scholar,5000,0,N,Purchased Search Name,231,1,20,61,4,,None,,N,4,Peer Private,N,0.033,9
A26-101232,Fall 2026,Early Action,N,2025-11-09,Admit,College of Arts & Sciences,Communication,3.90,82,Test Optional,,,8,4,3,5,4,Y,4,N,NY,Mid-Atlantic,US Citizen,189,648923,Public,0.181,Y,Sibling,Male,White,Y,$100K - $149K,39100,45500,45100,24100,Trustee Scholar,15400,0,N,Campus Visit Walk-In,363,5,26,68,5,,None,,N,3,Peer Private,Y,0.553,2
A26-105077,Fall 2026,Regular Decision,N,2025-12-16,Admit,School of Business,Business Analytics,3.80,79,Test Optional,,,6,3,3,3,3,Y,2,N,MD,Mid-Atlantic,US Citizen,159,985640,Public,0.267,N,Parent,Female,White,Y,$60K - $99K,17400,67200,49800,17300,Dean's Scholar,17500,100,N,Purchased Search Name,281,0,3,84,3,,None,Music - Instrumental,N,8,More Selective Private,N,0.041,8
A26-101564,Fall 2026,ED II,Y,2025-12-10,Admit,College of Arts & Sciences,Biology,3.70,80,Test Optional,,,4,3,4,2,3,N,,N,CO,West,US Citizen,1598,667923,Public,0.259,N,None,Male,Two or More Races,Y,$100K - $149K,40800,43800,40100,21000,Dean's Scholar,23500,0,N,Paid Digital Campaign,100,0,9,41,2,,None,Robotics / STEM Competition,N,4,Peer Private,Y,0.937,1
A26-100976,Fall 2026,ED I,Y,2025-10-24,Admit,College of Arts & Sciences,Undeclared,3.28,59,Submitted,1150,,1,2,3,2,3,N,,N,TX,Southwest,US Citizen,1687,927275,Private - Independent,0.111,Y,None,Female,White,Y,Under $30K,600,84000,60900,6100,Founders Award,17600,17000,N,College Fair,282,0,7,64,2,,None,,N,2,Less Selective Private,N,0.874,2
A26-100935,Fall 2026,Regular Decision,N,2026-01-08,Waitlist Alternate,College of Arts & Sciences,Sociology,3.84,82,Test Optional,,,5,4,3,3,4,Y,3,Y,NY,Mid-Atlantic,US Citizen,269,648923,Public,0.181,N,None,Male,White,Y,$100K - $149K,27800,56800,56100,25000,Trustee Scholar,3500,0,N,Purchased Search Name,446,3,24,80,5,,None,Studio Art Portfolio,N,5,More Selective Private,Y,0.356,3
A26-102514,Fall 2026,Early Action,N,2025-10-28,Admit - Committee Hold,School of Nursing & Health,Exercise Science,4.12,99,Test Optional,,,10,5,5,4,3,N,,Y,IL,Midwest,US Citizen,782,350836,Public,0.313,N,None,Female,White,N,Not Reported,,0,0,39700,Presidential Scholar,44900,0,Y,High School Visit,347,0,3,36,1,,None,,N,5,More Selective Private,N,0.01,10
A26-102802,Fall 2026,Regular Decision,N,2025-12-24,Waitlist Alternate,School of Engineering,Biomedical Engineering,3.60,76,Test Optional,,,3,3,3,4,5,N,,N,VA,South,US Citizen,270,997468,Public,0.382,Y,None,Female,Two or More Races,Y,$60K - $99K,16700,67900,46100,16200,Dean's Scholar,22300,5600,N,Athletic Recruiting,31,3,17,85,5,,None,,N,5,Peer Private,N,0.067,7
A26-101771,Fall 2026,Early Action,N,2025-10-25,Admit,School of Engineering,Chemical Engineering,3.17,53,Test Optional,,,0,1,3,3,3,Y,3,N,NC,South,Permanent Resident,489,648546,Public,0.316,N,None,Female,White,Y,$250K and above,83200,1400,1100,0,No Merit Award,83500,300,N,Common App Only,206,3,27,90,5,,None,,N,4,More Selective Private,Y,0.287,4
A26-100542,Fall 2026,Regular Decision,N,2026-01-13,Admit - Committee Hold,School of Engineering,Mechanical Engineering,3.17,60,Submitted,1140,,0,2,3,2,3,N,,N,OR,West,US Citizen,2694,469179,Public,0.31,N,None,Female,White,Y,$60K - $99K,7700,76900,66800,13000,Founders Award,4800,0,N,College Fair,356,0,8,25,2,,None,,N,4,In-State Flagship Public,N,0.017,9
A26-101582,Fall 2026,Early Action,N,2025-10-20,Admit - Committee Hold,School of Engineering,Chemical Engineering,3.61,88,Submitted,1270,,4,3,3,4,2,Y,3,N,RI,New England,US Citizen,277,732369,Private - Independent,0.362,Y,None,Male,White,Y,$30K - $59K,4400,80200,76600,4500,Dean's Scholar,3500,0,N,Purchased Search Name,316,4,25,92,5,,None,,N,2,None Reported,Y,0.813,2
A26-108197,Fall 2026,Regular Decision,N,2026-01-09,Admit,College of Arts & Sciences,Sociology,3.87,94,Test Optional,,,7,4,5,3,5,Y,3,N,MD,Mid-Atlantic,US Citizen,148,284139,Public,0.309,Y,None,Male,White,Y,$150K - $249K,64300,20300,20100,22800,Trustee Scholar,41700,0,N,Campus Visit Walk-In,172,2,20,43,5,,None,,N,8,None Reported,Y,0.089,7
A26-106922,Fall 2026,Regular Decision,N,2025-12-04,Admit,College of Arts & Sciences,Chemistry,3.62,83,Submitted,1370,,5,3,4,3,4,Y,3,N,VA,South,US Citizen,178,997468,Public,0.382,N,Grandparent,Female,Black or African American,Y,$30K - $59K,5600,79000,64000,17100,Dean's Scholar,3500,0,N,Common App Only,87,4,28,83,5,,None,,N,3,In-State Flagship Public,N,0.384,3
A26-103362,Fall 2026,Regular Decision,N,2025-11-27,Admit,School of Engineering,Chemical Engineering,3.43,64,Test Optional,,,0,2,2,3,3,N,,N,PA,Mid-Atlantic,US Citizen,79,308412,Charter,0.32,N,None,Male,Native Hawaiian or Other Pacific Islander,Y,$150K - $249K,51700,32900,22800,8600,Founders Award,53200,1500,N,Purchased Search Name,396,3,20,49,5,,None,,N,2,Peer Private,N,0.151,5
A26-107794,Fall 2026,ED I,Y,2025-10-14,Admit,School of Engineering,Computer Science,3.92,92,Submitted,1420,,6,4,2,3,3,N,,N,IL,Midwest,US Citizen,781,350836,Public,0.313,Y,None,Male,White,N,Not Reported,,0,0,23200,Trustee Scholar,61400,0,Y,Purchased Search Name,506,2,15,39,4,,None,,N,5,In-State Flagship Public,Y,0.941,1
A26-101284,Fall 2026,Regular Decision,N,2026-01-10,Waitlist Alternate,School of Business,Marketing,3.21,60,Test Optional,,,2,2,2,3,2,N,,N,NC,South,US Citizen,501,343712,Private - Independent,0.261,N,Parent,Female,Hispanic or Latino,Y,$100K - $149K,38100,46500,41900,9700,Founders Award,33000,0,N,Campus Visit Walk-In,316,2,18,94,5,,None,,N,6,None Reported,N,0.126,6
A26-107052,Fall 2026,Early Action,N,2025-10-18,Admit,College of Arts & Sciences,Political Science,3.33,63,Submitted,1180,,3,2,2,2,3,N,,N,IDN,International,International,9897,000000,International School,0.139,Y,Parent,Female,Not Reported,Y,$250K and above,151200,0,0,15900,Founders Award,68700,0,Y,Purchased Search Name,298,0,9,58,2,,None,,Y,5,Peer Private,N,0.01,10
A26-106569,Fall 2026,Regular Decision,N,2025-12-11,Admit,College of Arts & Sciences,Psychology,3.51,68,Submitted,1300,,3,3,3,2,3,N,,N,CHN,International,International,7402,000000,International School,0.176,Y,None,Female,White,Y,$150K - $249K,53000,31600,30200,15900,Dean's Scholar,38500,0,N,Athletic Recruiting,218,4,24,19,5,Softball,Tip,,N,2,In-State Flagship Public,N,0.011,10
A26-100998,Fall 2026,Regular Decision,N,2025-12-19,Admit,School of Engineering,Computer Science,4.02,87,Test Optional,,,8,4,4,3,4,Y,2,N,MN,Midwest,US Citizen,900,944785,Public,0.317,N,None,Female,White,Y,$100K - $149K,35700,48900,42200,26600,Trustee Scholar,15800,0,N,Athletic Recruiting,229,5,24,80,5,Rowing,Tip,,N,3,Regional Public,Y,0.699,2
A26-101780,Fall 2026,Early Action,N,2025-10-19,Admit,School of Business,Finance,3.38,64,Submitted,1230,28,4,2,4,3,1,N,,N,NY,Mid-Atlantic,US Citizen,395,559008,Public,0.426,N,None,Male,Two or More Races,Y,$100K - $149K,35900,48700,44000,10900,Founders Award,29700,0,N,Self-Initiated Inquiry,57,1,21,32,4,,None,,N,3,More Selective Private,N,0.054,8
A26-101147,Fall 2026,Early Action,N,2025-11-13,Admit,College of Arts & Sciences,Biology,3.94,90,Test Optional,,,8,4,3,3,4,N,,N,CA,West,US Citizen,2560,569221,Private - Independent,0.04,N,None,Female,White,Y,$30K - $59K,600,84000,69600,11500,Trustee Scholar,3500,2900,N,Purchased Search Name,272,0,21,36,3,,None,,N,3,Peer Private,N,0.012,10
A26-103963,Fall 2026,Regular Decision,N,2026-01-09,Waitlist Alternate,School of Business,Supply Chain Management,3.55,67,Submitted,,28,1,2,2,3,3,Y,4,N,CT,New England,Permanent Resident,336,404488,Private - Independent,0.238,Y,None,Male,White,N,Not Reported,,0,0,13200,Founders Award,71400,0,Y,Athletic Recruiting,147,2,14,77,5,,None,,N,5,Less Selective Private,N,0.057,8
A26-104901,Fall 2026,Early Action,N,2025-10-28,Admit,College of Arts & Sciences,Environmental Science,3.54,75,Test Optional,,,3,3,2,3,3,N,,N,MA,New England,US Citizen,370,185630,Public,0.226,N,None,Female,White,Y,$150K - $249K,73400,11200,10800,16500,Dean's Scholar,57300,0,N,Athletic Recruiting,138,5,37,71,5,Field Hockey,Coach Support,Studio Art Portfolio,N,1,Out-of-State Public,N,0.357,3
A26-105898,Fall 2026,Regular Decision,N,2025-11-24,Admit,College of Arts & Sciences,History,3.98,90,Test Optional,,,8,4,4,3,5,N,,N,VA,South,US Citizen,353,846587,Public,0.212,N,None,Male,Hispanic or Latino,Y,$150K - $249K,52400,32200,32200,29100,Trustee Scholar,23300,0,N,Self-Initiated Inquiry,175,3,23,100,5,,None,,N,3,In-State Flagship Public,N,0.073,7
A26-103545,Fall 2026,Regular Decision,N,2025-12-12,Admit,School of Business,Business Analytics,3.27,71,Submitted,,25,2,2,3,3,2,Y,3,N,NJ,Mid-Atlantic,US Citizen,112,267755,Private - Independent,0.139,N,None,Female,Not Reported,Y,$30K - $59K,2300,82300,53000,7500,Founders Award,24100,21800,N,College Fair,130,3,18,65,5,,None,,N,4,More Selective Private,N,0.037,8
A26-103681,Fall 2026,Regular Decision,N,2025-11-22,Admit - Committee Hold,College of Arts & Sciences,Psychology,3.91,87,Test Optional,,,7,4,4,3,4,Y,2,Y,NY,Mid-Atlantic,US Citizen,119,767090,Public,0.202,N,None,Female,White,Y,$150K - $249K,68300,16300,11600,28900,Trustee Scholar,44100,0,N,Athletic Recruiting,172,5,25,80,5,Football,Tip,,N,6,More Selective Private,N,0.212,4
A26-103612,Fall 2026,Regular Decision,N,2026-01-14,Admit,School of Business,Supply Chain Management,3.78,92,Submitted,1320,,7,3,3,3,4,Y,5,N,PA,Mid-Atlantic,US Citizen,37,488338,Private - Independent,0.378,N,None,Female,White,Y,Under $30K,0,84600,74200,6900,Dean's Scholar,3500,3500,N,Purchased Search Name,344,1,15,60,4,,None,,N,2,Less Selective Private,N,0.261,4
A26-104208,Fall 2026,Regular Decision,N,2026-01-11,Admit,School of Engineering,Computer Science,3.37,58,Test Optional,,,1,2,3,1,2,N,,N,GA,South,US Citizen,718,135301,Private - Independent,0.04,N,None,Female,White,Y,$150K - $249K,45400,39200,27000,6300,Founders Award,51300,5900,N,Campus Visit Walk-In,302,3,22,61,5,,None,,N,4,None Reported,N,0.048,8
A26-105134,Fall 2026,Regular Decision,N,2025-12-13,Admit,College of Fine Arts,Studio Art,3.52,79,Submitted,1330,,2,3,3,4,2,N,,N,NC,South,US Citizen,393,206144,Public,0.219,N,None,Female,Not Reported,Y,$150K - $249K,57200,27400,23600,19300,Dean's Scholar,41700,0,N,Athletic Recruiting,134,0,11,43,2,,None,Music - Instrumental,N,6,Less Selective Private,N,0.031,9
A26-107679,Fall 2026,Regular Decision,N,2026-01-10,Admit,College of Arts & Sciences,Economics,3.55,77,Submitted,,28,2,3,2,4,2,Y,2,N,NC,South,US Citizen,499,394145,Private - Independent,0.248,Y,Sibling,Male,White,Y,$100K - $149K,33100,51500,39300,14200,Dean's Scholar,31100,0,N,Paid Digital Campaign,52,1,12,83,5,,None,,N,5,Peer Private,N,0.069,7
A26-105535,Fall 2026,Regular Decision,N,2025-11-24,Admit,College of Arts & Sciences,Mathematics,3.72,78,Submitted,1310,30,4,3,4,1,4,N,,N,MA,New England,US Citizen,398,566507,Public,0.187,Y,None,Female,Asian,Y,$150K - $249K,70100,14500,13200,18400,Dean's Scholar,53000,0,N,Purchased Search Name,285,3,20,59,5,,None,,N,0,None Reported,N,0.15,5
A26-104850,Fall 2026,ED I,Y,2025-10-28,Admit,College of Arts & Sciences,English,3.77,85,Test Optional,,,6,4,2,4,4,N,,Y,PA,Mid-Atlantic,US Citizen,140,665127,Public,0.305,N,None,Female,Asian,Y,$150K - $249K,49000,35600,34800,30600,Trustee Scholar,19200,0,N,Paid Digital Campaign,300,3,27,60,5,,None,,N,5,More Selective Private,N,0.934,1
A26-104269,Fall 2026,Regular Decision,N,2026-01-03,Waitlist Alternate,College of Arts & Sciences,Environmental Science,3.10,63,Submitted,,23,2,2,3,1,3,N,,N,NY,Mid-Atlantic,US Citizen,191,926406,Public,0.19,Y,None,Female,White,Y,$150K - $249K,69900,14700,12900,13300,Founders Award,58400,0,N,Paid Digital Campaign,30,3,25,42,5,,None,,N,3,Regional Public,Y,0.303,4
A26-101849,Fall 2026,Early Action,N,2025-11-14,Admit,College of Arts & Sciences,Biology,3.75,80,Submitted,1330,,5,3,3,3,4,N,,N,CA,West,US Citizen,2326,298108,Public,0.222,Y,None,Female,White,Y,$150K - $249K,72900,11700,9600,18800,Dean's Scholar,56200,0,N,Self-Initiated Inquiry,185,1,5,79,3,,None,,N,3,Regional Public,N,0.034,9
A26-105927,Fall 2026,ED I,Y,2025-10-28,Admit,School of Nursing & Health,Exercise Science,3.77,86,Test Optional,,,6,4,3,3,4,Y,2,Y,PA,Mid-Atlantic,US Citizen,24,826319,Public,0.29,N,None,Female,Asian,Y,$60K - $99K,14900,69700,62200,18900,Trustee Scholar,3500,0,N,Campus Visit Walk-In,260,4,30,89,5,,None,Theatre Audition,N,2,Less Selective Private,Y,0.985,1
A26-104087,Fall 2026,Regular Decision,N,2025-11-25,Admit,School of Engineering,Electrical Engineering,3.14,70,Test Optional,,,1,2,3,2,3,Y,4,N,NY,Mid-Atlantic,US Citizen,373,670311,Charter,0.187,N,None,Male,White,Y,$100K - $149K,29100,55500,39700,12400,Founders Award,32500,3400,N,Purchased Search Name,154,2,22,100,5,,None,,Y,4,Peer Private,N,0.119,6
A26-102916,Fall 2026,Regular Decision,N,2026-01-13,Admit,College of Arts & Sciences,Chemistry,3.85,86,Submitted,1310,,9,4,3,1,3,N,,Y,VA,South,US Citizen,196,104750,Private - Independent,0.04,N,None,Male,Asian,Y,$100K - $149K,36700,47900,43400,29700,Trustee Scholar,11500,0,N,Self-Initiated Inquiry,294,4,28,75,5,,None,,N,5,In-State Flagship Public,N,0.079,7
A26-102006,Fall 2026,Early Action,N,2025-10-22,Admit,School of Nursing & Health,Nursing (BSN),3.59,75,Submitted,1290,,4,3,1,2,4,N,,N,IND,International,International,7891,000000,International School,0.175,N,Grandparent,Male,Hispanic or Latino,Y,$60K - $99K,20000,64600,49500,14100,Dean's Scholar,21000,1000,N,Paid Digital Campaign,217,0,5,28,1,,None,,N,3,In-State Flagship Public,Y,0.01,10
A26-103624,Fall 2026,ED I,Y,2025-10-30,Admit,School of Engineering,Biomedical Engineering,3.38,72,Submitted,1210,,5,2,1,5,2,Y,2,N,PA,Mid-Atlantic,US Citizen,221,872383,Public,0.284,Y,None,Female,White,Y,$150K - $249K,47300,37300,25800,7300,Founders Award,51500,4200,N,Counselor Referral,3,3,20,100,5,,None,,N,4,Regional Public,N,0.985,1
A26-105513,Fall 2026,Regular Decision,N,2025-12-15,Admit,College of Arts & Sciences,Sociology,3.67,79,Submitted,1350,,4,3,2,3,3,Y,2,N,PA,Mid-Atlantic,Permanent Resident,49,767318,Charter,0.398,N,None,Male,White,Y,$250K and above,87200,0,0,22900,Dean's Scholar,61700,0,Y,Self-Initiated Inquiry,109,2,25,45,5,,None,,N,3,Peer Private,Y,0.215,4
A26-107382,Fall 2026,Early Action,N,2025-10-18,Admit - Committee Hold,School of Engineering,Civil Engineering,3.64,71,Submitted,1280,,5,3,3,3,4,N,,Y,PA,Mid-Atlantic,US Citizen,46,489242,Public,0.661,N,None,Female,White,Y,$60K - $99K,12400,72200,66000,15100,Dean's Scholar,3500,0,N,High School Visit,66,3,18,30,5,,None,,N,6,Peer Private,N,0.344,3
A26-104073,Fall 2026,Regular Decision,N,2025-12-05,Admit - Committee Hold,College of Arts & Sciences,English,3.52,63,Submitted,1210,,2,2,4,1,2,Y,2,N,PA,Mid-Atlantic,US Citizen,234,489242,Public,0.661,Y,Parent,Female,White,Y,$150K - $249K,43700,40900,30300,7100,Founders Award,47200,3500,N,Self-Initiated Inquiry,165,4,29,63,5,,None,,N,0,None Reported,Y,0.929,1
A26-101768,Fall 2026,Early Action,N,2025-10-20,Admit,School of Engineering,Computer Science,3.76,76,Submitted,1400,,6,4,4,4,3,N,,Y,IND,International,International,8044,000000,International School,0.216,N,None,Male,Not Reported,Y,$150K - $249K,44300,40300,36200,24200,Trustee Scholar,24200,0,N,High School Visit,168,0,2,54,2,,None,,N,2,None Reported,Y,0.01,10
A26-105942,Fall 2026,ED I,Y,2025-10-20,Admit,College of Arts & Sciences,Mathematics,3.95,87,Test Optional,,,6,4,2,3,3,N,,Y,MD,Mid-Atlantic,US Citizen,221,284139,Public,0.309,N,None,Male,Hispanic or Latino,Y,$150K - $249K,71500,13100,13100,29800,Trustee Scholar,41700,0,N,Athletic Recruiting,301,4,22,69,5,Women's Basketball,Tip,,N,3,None Reported,Y,0.985,1
A26-104675,Fall 2026,ED I,Y,2025-11-01,Admit,School of Business,Management,3.95,96,Submitted,1410,,7,4,3,2,3,N,,Y,PAK,International,International,6985,000000,International School,0.216,N,None,Female,White,Y,Under $30K,0,84600,76600,4500,Trustee Scholar,3500,3500,N,Counselor Referral,175,1,9,61,3,,None,,N,6,Peer Private,Y,0.813,2
A26-101307,Fall 2026,Regular Decision,N,2025-11-28,Admit,School of Business,Marketing,3.84,77,Submitted,1400,,7,4,2,3,4,N,,Y,DC,Mid-Atlantic,US Citizen,192,859983,Private - Independent,0.207,N,None,Female,Hispanic or Latino,Y,$100K - $149K,24100,60500,52500,26700,Trustee Scholar,5400,0,N,Purchased Search Name,258,3,27,31,5,,None,,N,6,None Reported,N,0.072,7
A26-103674,Fall 2026,Regular Decision,N,2025-11-30,Admit,School of Business,Business Analytics,3.36,74,Test Optional,,,2,2,1,4,3,Y,3,N,NJ,Mid-Atlantic,US Citizen,221,267755,Private - Independent,0.139,N,None,Female,White,N,Not Reported,,0,0,14000,Founders Award,70600,0,Y,Common App Only,75,4,28,83,5,,None,,N,6,Peer Private,Y,0.114,6
A26-101658,Fall 2026,Regular Decision,N,2026-01-06,Admit,School of Business,Finance,3.76,79,Test Optional,,,7,3,4,3,2,N,,N,CT,New England,US Citizen,318,521782,Public,0.228,N,None,Female,Black or African American,N,Not Reported,,0,0,20400,Dean's Scholar,64200,0,Y,College Fair,382,1,14,33,3,,None,,N,6,None Reported,N,0.013,10
A26-105171,Fall 2026,Regular Decision,N,2025-12-23,Admit,College of Arts & Sciences,Chemistry,3.83,87,Submitted,1380,31,7,4,2,2,3,N,,Y,NJ,Mid-Atlantic,US Citizen,214,154518,Public,0.158,N,None,Female,Black or African American,Y,$150K - $249K,51200,33400,33000,30500,Trustee Scholar,21100,0,N,High School Visit,195,5,32,81,5,,None,,N,3,In-State Flagship Public,N,0.153,5
A26-107805,Fall 2026,Regular Decision,N,2025-12-06,Admit,School of Business,Management,3.77,85,Test Optional,,,7,3,3,3,4,N,,N,NY,Mid-Atlantic,US Citizen,167,648923,Public,0.181,Y,None,Female,White,Y,$30K - $59K,1900,82700,56300,16200,Dean's Scholar,12100,10200,N,Campus Visit Walk-In,161,2,15,46,4,,None,,N,4,Peer Private,N,0.026,9
A26-104382,Fall 2026,Regular Decision,N,2025-11-21,Admit,College of Arts & Sciences,Psychology,3.63,76,Submitted,1290,30,7,3,1,4,4,Y,5,N,PA,Mid-Atlantic,US Citizen,119,100498,Private - Independent,0.343,N,None,Male,Asian,Y,$100K - $149K,40400,44200,38100,19800,Dean's Scholar,26700,0,N,Athletic Recruiting,260,2,25,68,5,,None,Published Research,N,2,Out-of-State Public,Y,0.446,3
A26-106872,Fall 2026,Regular Decision,N,2025-12-23,Admit,School of Engineering,Mechanical Engineering,3.55,75,Submitted,1310,,2,3,4,3,2,N,,N,PA,Mid-Atlantic,US Citizen,166,912852,Public,0.521,N,None,Male,American Indian or Alaska Native,Y,$250K and above,133900,0,0,16000,Dean's Scholar,68600,0,Y,Counselor Referral,101,3,19,34,5,,None,,N,4,None Reported,Y,0.25,4
A26-105226,Fall 2026,Regular Decision,N,2025-12-21,Admit,School of Engineering,Civil Engineering,3.79,84,Test Optional,,,8,3,2,2,3,Y,2,N,VA,South,US Citizen,476,104750,Private - Independent,0.04,N,None,Male,White,N,Not Reported,,0,0,22300,Dean's Scholar,62300,0,Y,Athletic Recruiting,276,2,20,52,5,Wrestling,Tip,,N,0,None Reported,Y,0.439,3
A26-105784,Fall 2026,Regular Decision,N,2026-01-12,Admit,College of Fine Arts,Theatre,3.45,69,Test Optional,,,0,2,3,3,4,Y,2,N,CT,New England,US Citizen,198,389513,Public,0.118,N,None,Male,American Indian or Alaska Native,Y,$100K - $149K,28700,55900,39900,10700,Founders Award,34000,5300,N,Purchased Search Name,377,4,24,75,5,,None,Music - Instrumental,N,6,Less Selective Private,N,0.211,4
A26-106483,Fall 2026,Regular Decision,N,2025-12-18,Admit,School of Business,Finance,3.63,78,Submitted,1170,,3,3,4,2,4,N,,N,MD,Mid-Atlantic,US Citizen,131,526342,Public,0.297,Y,None,Female,White,Y,$60K - $99K,10800,73800,56600,15300,Dean's Scholar,12700,1900,N,College Fair,114,4,25,74,5,,None,,N,3,Peer Private,N,0.225,4
A26-103084,Fall 2026,Regular Decision,N,2025-11-25,Admit,College of Arts & Sciences,Sociology,3.74,79,Test Optional,,,5,3,3,3,4,Y,5,N,PA,Mid-Atlantic,US Citizen,219,767318,Charter,0.398,N,Sibling,Female,White,Y,$150K - $249K,40300,44300,40300,16400,Dean's Scholar,27900,0,N,Athletic Recruiting,3,1,18,68,5,,None,,N,4,Peer Private,N,0.174,5
A26-107850,Fall 2026,Regular Decision,N,2025-11-29,Admit,College of Arts & Sciences,Biology,3.40,69,Test Optional,,,3,2,2,3,3,N,,N,MD,Mid-Atlantic,US Citizen,123,284139,Public,0.309,N,None,Female,Asian,Y,$100K - $149K,35300,49300,36000,11500,Founders Award,37100,1800,N,Self-Initiated Inquiry,167,1,25,72,5,,None,,N,3,None Reported,Y,0.292,4
A26-107098,Fall 2026,Regular Decision,N,2025-11-25,Admit,School of Engineering,Chemical Engineering,3.68,75,Test Optional,,,4,3,3,3,3,N,,N,NC,South,US Citizen,501,343712,Private - Independent,0.261,Y,None,Male,White,Y,$250K and above,160500,0,0,15100,Dean's Scholar,69500,0,Y,Self-Initiated Inquiry,117,2,13,39,4,,None,,N,3,More Selective Private,N,0.018,9
A26-106369,Fall 2026,Regular Decision,N,2026-01-06,Admit,College of Arts & Sciences,Mathematics,3.55,80,Submitted,1240,,4,3,2,2,2,N,,N,NY,Mid-Atlantic,US Citizen,159,767090,Public,0.202,N,None,Female,Hispanic or Latino,Y,$100K - $149K,32200,52400,47000,18700,Dean's Scholar,18900,0,N,High School Visit,122,2,10,43,4,,None,,N,4,Less Selective Private,N,0.059,8
A26-102774,Fall 2026,Early Action,N,2025-11-02,Admit,College of Arts & Sciences,Undeclared,3.67,75,Submitted,,30,6,3,2,2,2,N,,N,NY,Mid-Atlantic,US Citizen,148,690704,Public,0.206,N,None,Male,Hispanic or Latino,Y,$150K - $249K,43200,41400,36500,14700,Dean's Scholar,33400,0,N,Purchased Search Name,283,1,4,44,2,,None,,N,3,Less Selective Private,N,0.057,8
A26-102302,Fall 2026,Regular Decision,N,2025-12-10,Admit,College of Arts & Sciences,Sociology,4.14,89,Submitted,,32,7,4,3,4,2,Y,3,Y,PA,Mid-Atlantic,US Citizen,122,259201,Public,0.428,N,None,Female,Hispanic or Latino,N,Not Reported,,0,0,26500,Trustee Scholar,58100,0,Y,Self-Initiated Inquiry,190,1,9,52,4,,None,,N,9,In-State Flagship Public,N,0.017,9
A26-106345,Fall 2026,Regular Decision,N,2025-11-30,Admit,School of Engineering,Electrical Engineering,3.89,86,Test Optional,,,7,4,4,4,5,Y,4,N,IND,International,International,7538,000000,International School,0.173,Y,None,Male,Black or African American,Y,$250K and above,108100,0,0,26800,Trustee Scholar,57800,0,Y,Self-Initiated Inquiry,130,1,19,53,5,,None,,N,6,More Selective Private,Y,0.01,10
A26-100004,Fall 2026,Regular Decision,N,2025-12-15,Waitlist Alternate,College of Arts & Sciences,Communication,3.38,67,Submitted,1240,,3,2,2,2,3,N,,N,PA,Mid-Atlantic,US Citizen,238,898488,Private - Independent,0.24,N,None,Female,White,Y,$100K - $149K,33600,51000,36400,9400,Founders Award,38800,5200,N,Purchased Search Name,255,4,22,79,5,,None,,N,2,More Selective Private,Y,0.353,3
A26-100530,Fall 2026,Early Action,N,2025-11-05,Admit,College of Arts & Sciences,History,3.52,73,Test Optional,,,4,3,1,3,3,Y,2,N,MD,Mid-Atlantic,US Citizen,101,549515,Public,0.361,N,None,Male,Two or More Races,Y,$60K - $99K,7800,76800,76600,4500,Dean's Scholar,3500,0,N,Self-Initiated Inquiry,75,2,11,50,5,,None,,N,4,Less Selective Private,N,0.129,6
A26-106694,Fall 2026,Regular Decision,N,2025-12-23,Admit,College of Arts & Sciences,Environmental Science,4.16,99,Submitted,1460,,11,5,3,3,4,N,,N,PA,Mid-Atlantic,Permanent Resident,32,752830,Public,0.256,Y,None,Female,White,Y,$60K - $99K,13600,71000,68400,12700,Presidential Scholar,3500,0,N,Common App Only,177,3,31,41,5,,None,,N,7,Peer Private,N,0.043,8
A26-104219,Fall 2026,Regular Decision,N,2026-01-03,Admit,School of Business,Management,3.54,63,Test Optional,,,3,2,3,2,4,Y,4,N,PA,Mid-Atlantic,US Citizen,33,490704,Public,0.349,N,None,Female,White,Y,$60K - $99K,10600,74000,53300,6700,Founders Award,24600,14000,N,Self-Initiated Inquiry,238,3,22,95,5,,None,,N,9,Out-of-State Public,N,0.067,7
A26-100559,Fall 2026,ED II,Y,2026-01-03,Admit,College of Arts & Sciences,Economics,3.79,79,Test Optional,,,6,3,4,4,3,N,,N,PA,Mid-Atlantic,US Citizen,260,517657,Parochial,0.474,N,None,Male,American Indian or Alaska Native,Y,$100K - $149K,33400,51200,49300,22300,Dean's Scholar,13000,0,N,Purchased Search Name,374,3,14,55,5,,None,,N,5,In-State Flagship Public,Y,0.985,1
A26-106653,Fall 2026,Regular Decision,N,2026-01-02,Admit,School of Business,Marketing,3.27,72,Test Optional,,,2,2,2,1,3,N,,N,OH,Midwest,US Citizen,507,325249,International School,0.081,Y,Sibling,Female,Black or African American,N,Not Reported,,0,0,9500,Founders Award,75100,0,Y,Purchased Search Name,313,1,21,54,4,,None,,N,2,Regional Public,N,0.048,8
A26-107362,Fall 2026,Regular Decision,N,2026-01-01,Admit,School of Engineering,Biomedical Engineering,3.79,85,Submitted,1350,,9,4,3,4,4,N,,Y,AZ,West,US Citizen,2056,733355,Public,0.255,N,None,Female,White,Y,$60K - $99K,12300,72300,62500,18600,Trustee Scholar,3500,0,N,Purchased Search Name,185,0,2,53,2,,None,,N,4,More Selective Private,N,0.01,10
A26-102828,Fall 2026,Early Action,N,2025-11-06,Admit - Committee Hold,College of Arts & Sciences,History,3.39,68,Test Optional,,,1,2,4,3,2,Y,3,N,MD,Mid-Atlantic,US Citizen,207,329361,Public,0.158,Y,None,Female,White,Y,$30K - $59K,3000,81600,76200,4900,Founders Award,3500,500,N,Campus Visit Walk-In,273,3,16,57,5,,None,,N,4,Less Selective Private,N,0.318,3
A26-107698,Fall 2026,Regular Decision,N,2025-12-27,Admit,School of Nursing & Health,Public Health,3.61,83,Test Optional,,,5,3,3,3,5,N,,N,NJ,Mid-Atlantic,US Citizen,262,467943,Public,0.218,N,None,Male,White,Y,$250K and above,84600,0,0,18100,Dean's Scholar,66500,0,Y,Athletic Recruiting,165,5,30,71,5,,None,,N,5,Peer Private,Y,0.226,4
A26-103353,Fall 2026,ED I,Y,2025-10-18,Admit,School of Engineering,Mechanical Engineering,3.79,89,Submitted,1380,,6,4,2,4,5,N,,N,VA,South,US Citizen,471,201088,Public,0.279,N,None,Female,White,Y,$30K - $59K,400,84200,76600,4500,Trustee Scholar,3500,3100,N,College Fair,427,2,10,76,4,,None,,N,6,Peer Private,N,0.938,1
A26-107970,Fall 2026,Regular Decision,N,2025-12-06,Admit,College of Arts & Sciences,Communication,3.38,67,Test Optional,,,6,2,2,4,3,Y,3,N,WA,West,US Citizen,2566,164941,Public,0.178,N,None,Male,White,Y,$150K - $249K,73800,10800,6900,8100,Founders Award,69600,0,N,High School Visit,336,2,20,60,5,,None,,N,0,None Reported,N,0.051,8
A26-104424,Fall 2026,Regular Decision,N,2026-01-01,Admit,School of Nursing & Health,Public Health,3.81,81,Test Optional,,,6,3,2,2,2,N,,N,VT,New England,US Citizen,413,576708,Parochial,0.355,N,None,Female,White,Y,Under $30K,600,84000,60000,21100,Dean's Scholar,3500,2900,N,Self-Initiated Inquiry,102,0,14,39,2,,None,,N,2,In-State Flagship Public,N,0.042,8
A26-100067,Fall 2026,Regular Decision,N,2026-01-05,Admit,School of Business,Business Analytics,3.59,84,Test Optional,,,6,3,2,2,4,N,,N,PA,Mid-Atlantic,US Citizen,191,236005,Public,0.412,N,None,Female,Not Reported,Y,$30K - $59K,5100,79500,72000,9100,Dean's Scholar,3500,0,N,Purchased Search Name,351,4,19,85,5,,None,,N,7,Peer Private,N,0.186,5
A26-103115,Fall 2026,Regular Decision,N,2026-01-13,Admit,School of Business,Accounting,3.33,74,Submitted,1130,26,2,2,2,3,3,N,,N,NY,Mid-Atlantic,US Citizen,253,559008,Public,0.426,N,Parent,Female,Black or African American,Y,$30K - $59K,1600,83000,75800,5300,Founders Award,3500,1900,N,High School Visit,169,3,29,71,5,,None,Studio Art Portfolio,N,5,Peer Private,Y,0.696,2
A26-102110,Fall 2026,Regular Decision,N,2025-12-11,Admit,College of Arts & Sciences,Biology,3.68,83,Submitted,1300,,4,3,3,2,2,N,,N,CT,New England,Permanent Resident,300,538053,Private - Independent,0.149,N,None,Female,White,Y,$100K - $149K,29000,55600,40500,13700,Dean's Scholar,30400,1400,N,Athletic Recruiting,526,4,19,86,5,Baseball,Coach Support,,N,8,In-State Flagship Public,Y,0.174,5
A26-104118,Fall 2026,Regular Decision,N,2026-01-11,Admit,School of Business,Supply Chain Management,3.32,71,Submitted,1140,,3,2,1,2,3,Y,3,N,NY,Mid-Atlantic,US Citizen,260,728445,Public,0.242,N,None,Not Reported,Asian,Y,$150K - $249K,48900,35700,26300,13300,Founders Award,45000,0,N,Self-Initiated Inquiry,275,1,18,71,5,,None,,N,4,None Reported,N,0.071,7
A26-100896,Fall 2026,ED I,Y,2025-10-23,Admit,College of Fine Arts,Studio Art,3.38,64,Submitted,,27,2,2,2,3,2,N,,N,CT,New England,US Citizen,227,676686,Home School,0.252,N,None,Female,White,Y,$30K - $59K,300,84300,59400,7600,Founders Award,17600,17300,N,Common App Only,74,5,32,26,5,,None,Theatre Audition,N,6,More Selective Private,Y,0.985,1
A26-103478,Fall 2026,Regular Decision,N,2025-12-29,Admit,College of Arts & Sciences,Environmental Science,3.85,87,Test Optional,,,7,4,2,2,3,N,,Y,TX,Southwest,US Citizen,1583,927275,Private - Independent,0.111,N,None,Male,Hispanic or Latino,Y,Under $30K,500,84100,76600,4500,Trustee Scholar,3500,3000,N,College Fair,124,1,8,35,3,,None,,N,4,Less Selective Private,N,0.025,9
A26-106440,Fall 2026,Early Action,N,2025-11-15,Admit,School of Nursing & Health,Nursing (BSN),3.44,63,Submitted,,25,3,2,3,3,2,N,,N,PA,Mid-Atlantic,Permanent Resident,115,992847,Private - Independent,0.436,N,None,Male,White,Y,$100K - $149K,23800,60800,51300,11400,Founders Award,21900,0,N,Athletic Recruiting,159,5,30,70,5,Women's Lacrosse,Coach Support,,N,3,Out-of-State Public,N,0.699,2
A26-100644,Fall 2026,Regular Decision,N,2025-12-16,Waitlist Alternate,College of Arts & Sciences,Chemistry,3.08,58,Test Optional,,,1,2,3,3,1,Y,4,N,NJ,Mid-Atlantic,US Citizen,113,538638,Charter,0.347,N,None,Female,Hispanic or Latino,Y,$150K - $249K,40400,44200,25900,9600,Founders Award,49100,8700,N,Self-Initiated Inquiry,272,3,20,86,5,,None,,N,2,Peer Private,N,0.161,5
A26-105503,Fall 2026,Regular Decision,N,2025-12-27,Admit,School of Engineering,Mechanical Engineering,3.64,72,Submitted,,28,3,3,2,2,4,Y,3,N,NY,Mid-Atlantic,US Citizen,364,192198,Public,0.274,Y,None,Female,White,Y,$150K - $249K,65500,19100,13200,14900,Dean's Scholar,56500,0,N,Athletic Recruiting,200,2,29,56,5,Men's Basketball,Tip,Debate / Speech,N,4,In-State Flagship Public,Y,0.588,2
A26-102759,Fall 2026,Regular Decision,N,2025-12-18,Admit,School of Engineering,Civil Engineering,3.09,51,Submitted,1140,,0,2,1,2,2,N,,N,PA,Mid-Atlantic,US Citizen,32,132128,Parochial,0.348,N,None,Female,White,Y,$30K - $59K,5200,79400,63200,9400,Founders Award,12000,6800,N,Purchased Search Name,119,2,10,69,4,,None,,N,2,In-State Flagship Public,Y,0.402,3
A26-107222,Fall 2026,Regular Decision,N,2026-01-04,Admit - Committee Hold,College of Arts & Sciences,Chemistry,3.40,71,Submitted,,26,4,3,2,3,3,N,,N,PA,Mid-Atlantic,US Citizen,42,600020,Parochial,0.405,N,None,Female,White,Y,$60K - $99K,8400,76200,67100,14000,Dean's Scholar,3500,0,N,Paid Digital Campaign,425,4,15,60,5,,None,,N,7,In-State Flagship Public,N,0.117,6
A26-104188,Fall 2026,Regular Decision,N,2025-12-15,Admit,School of Nursing & Health,Exercise Science,3.71,70,Test Optional,,,4,3,3,4,3,N,,N,RI,New England,US Citizen,335,732369,Private - Independent,0.362,Y,None,Female,Two or More Races,Y,$250K and above,121800,0,0,16700,Dean's Scholar,67900,0,Y,Counselor Referral,215,0,16,56,3,,None,,N,6,Peer Private,N,0.017,9
A26-105089,Fall 2026,Regular Decision,N,2025-11-20,Admit,School of Business,Supply Chain Management,3.89,79,Test Optional,,,6,4,4,3,3,N,,N,VT,New England,US Citizen,470,576708,Parochial,0.355,Y,None,Male,White,Y,$30K - $59K,6300,78300,67000,14100,Trustee Scholar,3500,0,N,High School Visit,85,2,20,56,5,,None,,N,7,Out-of-State Public,N,0.052,8
A26-108010,Fall 2026,ED II,Y,2026-01-01,Admit,College of Arts & Sciences,Economics,4.07,91,Test Optional,,,8,5,3,3,4,N,,Y,MN,Midwest,US Citizen,1000,200287,Public,0.288,N,None,Male,White,Y,$100K - $149K,23400,61200,58900,22200,Presidential Scholar,3500,0,N,Common App Only,3,0,12,49,2,,None,,N,8,None Reported,Y,0.912,1
A26-107009,Fall 2026,Regular Decision,N,2025-12-14,Admit,School of Engineering,Electrical Engineering,3.78,82,Test Optional,,,2,4,1,3,4,N,,Y,VT,New England,US Citizen,416,576708,Parochial,0.355,N,None,Female,Black or African American,Y,Under $30K,0,84600,73800,7300,Trustee Scholar,3500,3500,N,Campus Visit Walk-In,110,2,29,53,5,,None,,N,6,More Selective Private,N,0.04,8
A26-105264,Fall 2026,Early Action,N,2025-11-05,Waitlist Alternate,School of Engineering,Chemical Engineering,3.31,66,Test Optional,,,0,2,2,2,3,N,,N,PA,Mid-Atlantic,Permanent Resident,123,738524,Public,0.32,N,None,Male,Not Reported,Y,$100K - $149K,37000,47600,39100,12000,Founders Award,33500,0,N,Paid Digital Campaign,272,3,18,45,5,,None,,N,3,Peer Private,Y,0.456,3
A26-100712,Fall 2026,Regular Decision,N,2025-12-27,Admit,School of Engineering,Chemical Engineering,3.84,90,Submitted,1370,,6,4,3,4,3,N,,Y,CA,West,US Citizen,2677,298108,Public,0.222,N,None,Male,Hispanic or Latino,Y,$150K - $249K,71000,13600,12100,30000,Trustee Scholar,42500,0,N,Purchased Search Name,134,1,20,38,4,,None,,N,7,Less Selective Private,N,0.012,10
A26-100955,Fall 2026,Regular Decision,N,2026-01-11,Admit,College of Arts & Sciences,Economics,3.54,79,Submitted,1310,,8,3,3,2,3,N,,N,TX,Southwest,US Citizen,1429,957274,Private - Independent,0.06,N,None,Female,White,Y,$150K - $249K,60400,24200,16200,13900,Dean's Scholar,54500,0,N,Campus Visit Walk-In,102,0,0,55,1,,None,,N,7,In-State Flagship Public,N,0.01,10
A26-104668,Fall 2026,Regular Decision,N,2025-12-13,Admit,College of Arts & Sciences,History,3.22,70,Submitted,1160,,4,2,2,3,4,N,,N,NJ,Mid-Atlantic,US Citizen,228,467943,Public,0.218,N,None,Male,White,Y,$100K - $149K,39800,44800,38200,10900,Founders Award,35500,0,N,Self-Initiated Inquiry,187,2,24,39,5,,None,,N,1,Regional Public,N,0.116,6
A26-107458,Fall 2026,Early Action,N,2025-11-14,Admit,School of Engineering,Computer Science,3.67,77,Test Optional,,,6,3,3,4,3,N,,N,FL,South,US Citizen,994,407537,Private - Independent,0.04,Y,None,Male,White,Y,$250K and above,144700,0,0,27000,Dean's Scholar,57600,0,Y,Athletic Recruiting,160,3,15,65,5,Men's Lacrosse,Slot,,Y,1,Less Selective Private,Y,0.888,2
A26-100425,Fall 2026,Early Action,N,2025-11-13,Admit,College of Arts & Sciences,English,3.77,88,Submitted,1310,28,6,3,2,2,3,N,,N,PA,Mid-Atlantic,US Citizen,20,503564,Charter,0.345,N,None,Female,White,Y,$150K - $249K,62400,22200,19200,16700,Dean's Scholar,48700,0,N,Purchased Search Name,232,4,33,70,5,,None,,N,7,Peer Private,Y,0.283,4
A26-101623,Fall 2026,Early Action,N,2025-11-03,Admit,School of Business,Finance,3.94,88,Submitted,1440,,9,4,4,4,4,N,,Y,VA,South,US Citizen,281,619507,Public,0.196,N,Parent,Female,White,Y,$60K - $99K,20200,64400,56600,23400,Trustee Scholar,4600,0,N,Athletic Recruiting,119,5,21,66,5,Men's Basketball,Coach Support,,N,4,None Reported,N,0.547,2
A26-104337,Fall 2026,Regular Decision,N,2025-12-09,Admit,School of Nursing & Health,Health Administration,3.61,79,Submitted,1230,,5,3,3,2,4,N,,N,CT,New England,US Citizen,281,237473,Parochial,0.229,N,None,Female,Hispanic or Latino,N,Not Reported,,0,0,19600,Dean's Scholar,65000,0,Y,High School Visit,268,4,29,72,5,,None,,N,4,In-State Flagship Public,N,0.085,7
A26-107169,Fall 2026,ED II,Y,2025-12-24,Admit,College of Arts & Sciences,History,3.62,72,Submitted,1210,27,3,3,5,3,1,N,,N,CA,West,US Citizen,2753,569221,Private - Independent,0.04,N,None,Female,White,Y,$250K and above,94800,0,0,19100,Dean's Scholar,65500,0,Y,Common App Only,3,1,13,49,3,,None,Studio Art Portfolio,N,4,In-State Flagship Public,Y,0.82,2
A26-100323,Fall 2026,Regular Decision,N,2025-11-21,Admit,College of Arts & Sciences,Political Science,4.06,96,Submitted,1540,,7,5,3,3,4,Y,3,Y,NC,South,US Citizen,426,624049,Public,0.423,N,None,Female,Asian,Y,$150K - $249K,73400,11200,10600,33900,Presidential Scholar,40100,0,N,High School Visit,208,0,0,68,3,,None,,N,7,Peer Private,Y,0.044,8
A26-103753,Fall 2026,ED I,Y,2025-10-16,Admit,School of Engineering,Chemical Engineering,3.70,66,Submitted,1310,28,3,3,3,4,2,N,,N,NY,Mid-Atlantic,US Citizen,274,670311,Charter,0.187,N,None,Male,Black or African American,Y,$100K - $149K,27400,57200,54700,22500,Dean's Scholar,7400,0,N,College Fair,59,3,18,72,5,,None,,N,6,Out-of-State Public,Y,0.981,1
A26-104769,Fall 2026,ED I,Y,2025-10-23,Admit,School of Business,Accounting,3.42,68,Submitted,1200,,3,2,2,3,3,N,,N,MA,New England,US Citizen,347,964188,Public,0.109,N,None,Male,Hispanic or Latino,Y,$60K - $99K,12700,71900,70000,11100,Founders Award,3500,0,N,Athletic Recruiting,212,2,20,100,5,Baseball,Slot,,N,4,Peer Private,N,0.985,1
A26-100944,Fall 2026,Regular Decision,N,2025-12-09,Admit - Committee Hold,College of Arts & Sciences,Psychology,3.82,96,Test Optional,,,6,4,2,4,3,N,,N,PA,Mid-Atlantic,US Citizen,220,258601,Public,0.281,N,None,Female,White,Y,$30K - $59K,2200,82400,76600,4500,Trustee Scholar,3500,1300,N,Purchased Search Name,268,4,27,71,5,,None,,N,6,Regional Public,Y,0.491,2
A26-105020,Fall 2026,Early Action,N,2025-11-15,Admit,School of Nursing & Health,Exercise Science,3.48,80,Test Optional,,,1,3,3,5,3,Y,2,N,NJ,Mid-Atlantic,US Citizen,185,772353,Private - Independent,0.361,N,Parent,Male,Asian,N,Not Reported,,0,0,21500,Dean's Scholar,63100,0,Y,Athletic Recruiting,251,5,34,70,5,Women's Basketball,Coach Support,,N,6,More Selective Private,Y,0.467,3
A26-102080,Fall 2026,Regular Decision,N,2025-12-17,Admit - Committee Hold,College of Fine Arts,Music Performance,3.50,69,Test Optional,,,3,3,2,2,3,N,,N,NY,Mid-Atlantic,US Citizen,209,728445,Public,0.242,N,None,Male,Black or African American,Y,Under $30K,400,84200,71800,9300,Dean's Scholar,3500,3100,N,Common App Only,157,3,27,47,5,,None,Dance Audition,N,5,Peer Private,Y,0.403,3
A26-105416,Fall 2026,Regular Decision,N,2025-12-27,Admit,College of Arts & Sciences,Chemistry,3.54,73,Test Optional,,,0,3,2,2,3,N,,N,NC,South,US Citizen,435,648546,Public,0.316,N,None,Male,White,Y,$60K - $99K,19800,64800,50000,17300,Dean's Scholar,17300,0,N,College Fair,184,3,15,34,5,,None,,N,5,None Reported,Y,0.2,4
A26-105546,Fall 2026,Regular Decision,N,2025-12-05,Waitlist Alternate,School of Nursing & Health,Nursing (BSN),3.86,92,Test Optional,,,9,4,3,3,4,N,,Y,VA,South,US Citizen,345,846587,Public,0.212,N,None,Male,Two or More Races,N,Not Reported,,0,0,28600,Trustee Scholar,56000,0,Y,Campus Visit Walk-In,115,2,17,42,4,,None,,N,5,More Selective Private,N,0.018,9
A26-107590,Fall 2026,Regular Decision,N,2026-01-03,Admit,School of Business,Accounting,3.73,90,Test Optional,,,7,4,4,4,3,N,,N,NJ,Mid-Atlantic,US Citizen,186,750655,Public,0.251,N,None,Male,White,Y,$150K - $249K,61500,23100,19500,28900,Trustee Scholar,36200,0,N,Campus Visit Walk-In,155,3,24,58,5,,None,,N,7,In-State Flagship Public,N,0.031,9
A26-107989,Fall 2026,Regular Decision,N,2026-01-06,Waitlist Alternate,School of Nursing & Health,Nursing (BSN),3.55,71,Submitted,,27,2,3,3,3,4,N,,Y,CT,New England,US Citizen,321,492670,Parochial,0.44,N,None,Male,Not Reported,Y,$100K - $149K,36300,48300,40700,14300,Dean's Scholar,29600,0,N,Purchased Search Name,197,0,5,68,2,,None,,N,9,In-State Flagship Public,Y,0.078,7
A26-105408,Fall 2026,Regular Decision,N,2025-12-22,Admit,School of Business,Supply Chain Management,3.66,90,Submitted,1290,,4,3,3,1,4,N,,N,MA,New England,US Citizen,370,415210,Public,0.273,Y,None,Male,Two or More Races,N,Not Reported,,0,0,21200,Dean's Scholar,63400,0,Y,College Fair,340,1,17,57,4,,None,,N,7,Peer Private,N,0.01,10
A26-100859,Fall 2026,Regular Decision,N,2025-12-28,Waitlist Alternate,College of Arts & Sciences,Communication,3.26,67,Submitted,1170,26,4,2,2,2,4,N,,N,PA,Mid-Atlantic,US Citizen,29,129435,Private - Independent,0.325,Y,None,Female,White,Y,$150K - $249K,64300,20300,17200,8700,Founders Award,58700,0,N,College Fair,342,5,28,83,5,,None,,N,1,Out-of-State Public,N,0.394,3
A26-103454,Fall 2026,Regular Decision,N,2025-12-22,Admit - Committee Hold,School of Business,Marketing,3.78,86,Test Optional,,,8,4,2,3,3,Y,3,Y,AZ,West,US Citizen,2000,546148,Charter,0.161,Y,None,Female,White,Y,$100K - $149K,36900,47700,40900,27000,Trustee Scholar,16700,0,N,Athletic Recruiting,198,2,11,54,5,Football,Slot,,N,1,Regional Public,Y,0.849,2
A26-103715,Fall 2026,Regular Decision,N,2026-01-03,Admit,College of Arts & Sciences,Biology,3.77,87,Test Optional,,,6,4,3,4,2,N,,N,PA,Mid-Atlantic,US Citizen,167,601952,Private - Independent,0.468,N,Parent,Male,Hispanic or Latino,N,Not Reported,,0,0,29500,Trustee Scholar,55100,0,Y,Paid Digital Campaign,21,2,10,26,3,,None,,N,3,None Reported,Y,0.275,4
A26-106562,Fall 2026,Regular Decision,N,2025-11-20,Admit,School of Engineering,Computer Science,3.00,57,Submitted,1090,,0,1,3,2,2,Y,4,N,OR,West,US Citizen,2655,472141,Parochial,0.449,N,None,Female,White,Y,$250K and above,128000,0,0,0,No Merit Award,84600,0,Y,High School Visit,190,0,6,15,2,,None,,N,2,Peer Private,N,0.02,9
A26-106905,Fall 2026,Early Action,N,2025-11-07,Admit,College of Arts & Sciences,Chemistry,3.41,71,Submitted,1230,26,3,2,2,3,4,Y,4,N,MA,New England,US Citizen,380,639814,Parochial,0.304,N,None,Male,Black or African American,Y,$150K - $249K,44100,40500,31800,9600,Founders Award,43200,0,N,Common App Only,3,3,19,87,5,,None,,N,3,More Selective Private,Y,0.307,3
A26-102638,Fall 2026,ED II,Y,2025-12-29,Admit,College of Arts & Sciences,Sociology,3.59,76,Test Optional,,,5,3,1,3,3,Y,3,N,PA,Mid-Atlantic,US Citizen,128,211557,Public,0.356,N,None,Male,White,Y,$150K - $249K,37600,47000,42900,21500,Dean's Scholar,20200,0,N,Athletic Recruiting,229,5,39,57,5,Women's Soccer,Slot,,N,2,Peer Private,N,0.985,1
A26-100962,Fall 2026,Regular Decision,N,2025-12-23,Admit,College of Fine Arts,Music Performance,3.86,94,Test Optional,,,6,4,4,3,5,N,,Y,PA,Mid-Atlantic,US Citizen,138,162116,Public,0.349,Y,None,Male,White,Y,Under $30K,1300,83300,76600,4500,Trustee Scholar,3500,2200,N,Paid Digital Campaign,179,3,28,47,5,,None,Theatre Audition,N,2,None Reported,Y,0.843,2
A26-100321,Fall 2026,Regular Decision,N,2025-11-24,Admit - Committee Hold,College of Arts & Sciences,History,3.70,82,Submitted,1240,,6,3,3,1,1,N,,N,RI,New England,US Citizen,352,350554,Public,0.334,Y,Parent,Female,Not Reported,Y,$100K - $149K,29100,55500,36200,15000,Dean's Scholar,33400,4300,N,Common App Only,12,2,13,50,4,,None,,N,2,None Reported,N,0.175,5
A26-102842,Fall 2026,Regular Decision,N,2025-12-30,Admit,College of Fine Arts,Music Performance,3.61,80,Submitted,1230,,2,3,4,3,3,N,,N,MD,Mid-Atlantic,US Citizen,211,284139,Public,0.309,N,None,Female,White,Y,$100K - $149K,36500,48100,41900,18000,Dean's Scholar,24700,0,N,College Fair,261,2,17,66,5,,None,Theatre Audition,N,5,Regional Public,N,0.131,6
A26-108367,Fall 2026,Regular Decision,N,2025-12-15,Admit,College of Arts & Sciences,History,3.73,86,Submitted,1350,,4,3,3,4,3,N,,N,NJ,Mid-Atlantic,US Citizen,205,697960,Public,0.216,N,None,Female,Asian,Y,$30K - $59K,3100,81500,61400,14400,Dean's Scholar,8800,5700,N,Purchased Search Name,235,2,16,66,5,,None,,N,5,More Selective Private,Y,0.118,6
A26-105614,Fall 2026,Regular Decision,N,2025-12-27,Admit - Committee Hold,School of Engineering,Electrical Engineering,3.84,84,Submitted,,31,7,4,3,3,3,Y,5,N,TX,Southwest,US Citizen,1576,957274,Private - Independent,0.06,N,None,Female,Two or More Races,Y,$150K - $249K,41900,42700,39600,23700,Trustee Scholar,21300,0,N,Purchased Search Name,395,1,17,39,4,,None,,N,2,Out-of-State Public,N,0.023,9
A26-105029,Fall 2026,Regular Decision,N,2025-12-22,Admit,College of Arts & Sciences,Chemistry,3.52,77,Test Optional,,,4,3,1,4,3,N,,N,PA,Mid-Atlantic,US Citizen,241,259201,Public,0.428,N,Grandparent,Female,White,Y,$100K - $149K,40300,44300,39900,20000,Dean's Scholar,24700,0,N,Counselor Referral,152,5,31,94,5,,None,,N,3,None Reported,N,0.409,3
A26-103388,Fall 2026,Regular Decision,N,2025-12-05,Admit,School of Business,Marketing,3.57,77,Test Optional,,,2,3,4,3,3,N,,N,CT,New England,US Citizen,271,667923,Public,0.259,N,None,Female,White,Y,$100K - $149K,40900,43700,31700,16900,Dean's Scholar,36000,0,N,Athletic Recruiting,191,4,28,69,5,,None,Music - Vocal,N,7,None Reported,N,0.084,7
A26-103257,Fall 2026,Regular Decision,N,2026-01-09,Admit,College of Arts & Sciences,Neuroscience,3.43,67,Submitted,1160,,0,2,3,3,1,N,,N,GBR,International,International,3402,000000,International School,0.166,N,None,Male,White,Y,$100K - $149K,18700,65900,46800,11300,Founders Award,26500,7800,N,Common App Only,56,0,8,22,1,,None,,N,7,Less Selective Private,Y,0.01,10
A26-102575,Fall 2026,Regular Decision,N,2025-12-02,Admit,School of Nursing & Health,Health Administration,3.45,72,Submitted,1220,,2,3,2,2,4,N,,N,NJ,Mid-Atlantic,US Citizen,190,154518,Public,0.158,N,None,Female,White,Y,$100K - $149K,18500,66100,45200,22300,Dean's Scholar,17100,0,N,Campus Visit Walk-In,308,3,23,70,5,,None,,N,2,More Selective Private,N,0.112,6
A26-102896,Fall 2026,Regular Decision,N,2026-01-05,Admit - Committee Hold,School of Business,Finance,4.12,99,Test Optional,,,6,5,4,4,3,N,,Y,CT,New England,US Citizen,334,237473,Parochial,0.229,Y,None,Male,Black or African American,Y,$150K - $249K,73900,10700,9300,36000,Presidential Scholar,39300,0,N,Self-Initiated Inquiry,110,0,4,33,1,,None,,N,5,Less Selective Private,Y,0.049,8
A26-107395,Fall 2026,Regular Decision,N,2026-01-01,Waitlist Alternate,School of Engineering,Electrical Engineering,3.41,65,Test Optional,,,3,2,3,1,3,N,,N,SC,South,US Citizen,719,725945,Parochial,0.519,N,None,Female,Hispanic or Latino,Y,$60K - $99K,13800,70800,58300,11200,Founders Award,15100,1300,N,College Fair,190,2,31,25,5,,None,,N,6,Regional Public,N,0.1,6
A26-105582,Fall 2026,Regular Decision,N,2026-01-13,Admit,School of Engineering,Electrical Engineering,3.69,78,Test Optional,,,3,4,3,4,4,N,,N,NC,South,US Citizen,484,343712,Private - Independent,0.261,Y,Sibling,Male,White,Y,$150K - $249K,72700,11900,11100,25600,Trustee Scholar,47900,0,N,College Fair,213,1,12,50,3,,None,,Y,5,More Selective Private,N,0.045,8
A26-101817,Fall 2026,Regular Decision,N,2025-12-05,Admit,School of Business,Finance,3.99,95,Test Optional,,,8,5,3,3,4,Y,3,Y,NY,Mid-Atlantic,US Citizen,319,192198,Public,0.274,N,None,Female,Hispanic or Latino,Y,$60K - $99K,19300,65300,57600,23500,Presidential Scholar,3500,0,N,Self-Initiated Inquiry,249,1,13,53,4,,None,Theatre Audition,N,7,Less Selective Private,N,0.057,8
A26-105974,Fall 2026,Early Action,N,2025-10-18,Admit,College of Arts & Sciences,Communication,3.72,84,Test Optional,,,3,3,3,2,3,N,,N,BRA,International,International,4888,000000,International School,0.05,Y,None,Female,White,N,Not Reported,,0,0,16600,Dean's Scholar,68000,0,Y,Common App Only,86,1,18,56,4,,None,,N,3,None Reported,Y,0.013,10
A26-102244,Fall 2026,Regular Decision,N,2025-12-30,Admit - Committee Hold,College of Arts & Sciences,Political Science,3.60,78,Submitted,1300,,3,3,2,3,3,Y,3,N,NJ,Mid-Atlantic,US Citizen,237,114752,Private - Independent,0.271,N,None,Not Reported,Hispanic or Latino,Y,$100K - $149K,18300,66300,48500,13900,Dean's Scholar,22200,3900,N,Purchased Search Name,229,4,27,47,5,,None,,N,8,In-State Flagship Public,N,0.061,8
A26-104303,Fall 2026,Early Action,N,2025-10-31,Admit - Committee Hold,School of Business,Marketing,4.02,93,Submitted,1340,28,7,4,4,3,2,Y,2,Y,NC,South,US Citizen,607,343712,Private - Independent,0.261,N,None,Male,White,Y,Under $30K,200,84400,74400,6700,Trustee Scholar,3500,3300,N,High School Visit,65,2,27,36,5,,None,,N,4,In-State Flagship Public,Y,0.277,4
A26-106833,Fall 2026,ED I,Y,2025-10-24,Admit,School of Engineering,Civil Engineering,3.81,85,Submitted,1290,,3,4,2,4,3,N,,N,FL,South,US Citizen,1147,444536,Public,0.094,N,None,Female,Asian,Y,Under $30K,0,84600,74900,6200,Trustee Scholar,3500,3500,N,Purchased Search Name,181,0,9,45,2,,None,,N,4,None Reported,N,0.873,2
A26-107021,Fall 2026,Regular Decision,N,2025-12-21,Admit,College of Arts & Sciences,Environmental Science,3.93,80,Submitted,,30,8,4,3,2,3,N,,N,FL,South,US Citizen,1086,231926,Public,0.381,N,None,Female,Hispanic or Latino,Y,$100K - $149K,38600,46000,44400,26500,Trustee Scholar,13700,0,N,Common App Only,278,0,12,36,2,,None,,N,5,In-State Flagship Public,N,0.011,10
A26-106950,Fall 2026,Regular Decision,N,2026-01-09,Admit,College of Arts & Sciences,Undeclared,3.40,70,Test Optional,,,3,3,4,3,3,N,,N,FL,South,US Citizen,1006,444536,Public,0.094,N,Parent,Female,Black or African American,Y,$60K - $99K,6400,78200,66700,13500,Dean's Scholar,4400,0,N,Purchased Search Name,298,1,12,57,3,,None,,N,6,Peer Private,Y,0.105,6
A26-101551,Fall 2026,Early Action,N,2025-10-20,Admit,School of Business,Finance,3.46,70,Submitted,1130,,2,2,3,2,3,N,,N,VA,South,US Citizen,406,569725,Parochial,0.375,N,None,Female,White,N,Not Reported,,0,0,12800,Founders Award,71800,0,Y,Purchased Search Name,230,2,15,33,4,,None,,N,1,Less Selective Private,N,0.14,5
A26-104439,Fall 2026,Early Action,N,2025-11-13,Admit,School of Nursing & Health,Public Health,3.42,65,Submitted,1150,,3,2,3,3,3,N,,N,VT,New England,US Citizen,415,576708,Parochial,0.355,N,None,Female,Hispanic or Latino,Y,$100K - $149K,36900,47700,38500,8800,Founders Award,37300,400,N,Athletic Recruiting,297,2,13,33,4,,None,,N,4,Regional Public,N,0.156,5
A26-106940,Fall 2026,Regular Decision,N,2026-01-08,Admit,College of Arts & Sciences,Biology,3.53,71,Test Optional,,,4,2,3,2,4,Y,3,N,PA,Mid-Atlantic,US Citizen,258,126955,Public,0.375,N,Parent,Male,Not Reported,Y,$100K - $149K,40300,44300,35000,6100,Founders Award,43500,3200,N,Purchased Search Name,261,4,22,76,5,,None,Dance Audition,N,6,More Selective Private,N,0.239,4
A26-107568,Fall 2026,Regular Decision,N,2025-12-31,Admit,School of Engineering,Computer Science,3.64,84,Submitted,,28,5,3,4,4,3,N,,N,NJ,Mid-Atlantic,US Citizen,244,697960,Public,0.216,N,Grandparent,Male,White,Y,$100K - $149K,24400,60200,49900,15200,Dean's Scholar,19500,0,N,Athletic Recruiting,214,4,23,53,5,,None,,N,2,Out-of-State Public,N,0.197,5
A26-104728,Fall 2026,Regular Decision,N,2025-12-22,Admit - Committee Hold,School of Business,Accounting,3.31,61,Submitted,1170,,0,2,4,3,3,Y,3,N,IND,International,International,7501,000000,International School,0.133,N,None,Female,American Indian or Alaska Native,N,Not Reported,,0,0,10900,Founders Award,73700,0,Y,Athletic Recruiting,3,2,16,55,5,Men's Basketball,Coach Support,,N,3,In-State Flagship Public,N,0.01,10
A26-103165,Fall 2026,Early Action,N,2025-11-12,Admit,College of Arts & Sciences,Undeclared,3.29,63,Test Optional,,,2,2,4,2,3,N,,N,VA,South,US Citizen,312,254970,Public,0.327,N,None,Male,White,Y,$150K - $249K,66000,18600,9900,13300,Founders Award,61400,0,N,Athletic Recruiting,120,1,11,51,3,,None,,N,2,Peer Private,Y,0.199,4
A26-104966,Fall 2026,ED I,Y,2025-10-26,Admit,School of Engineering,Computer Science,3.49,75,Submitted,1150,,3,2,2,1,4,Y,2,N,TUR,International,International,4890,000000,International School,0.131,N,None,Female,Two or More Races,Y,$150K - $249K,43400,41200,33500,12100,Founders Award,39000,0,N,Paid Digital Campaign,121,0,15,58,4,,None,,N,4,Peer Private,Y,0.84,2
A26-102873,Fall 2026,Early Action,N,2025-11-01,Admit - Committee Hold,School of Business,Supply Chain Management,3.36,68,Submitted,,26,0,3,4,3,3,N,,N,PA,Mid-Atlantic,US Citizen,152,236005,Public,0.412,N,None,Male,White,Y,$30K - $59K,7400,77200,62700,14500,Dean's Scholar,7400,0,N,Counselor Referral,375,3,25,64,5,,None,,N,4,In-State Flagship Public,Y,0.617,2
A26-102656,Fall 2026,Regular Decision,N,2025-11-27,Admit,School of Business,Marketing,3.40,67,Submitted,1150,,2,2,3,1,3,N,,N,DC,Mid-Atlantic,US Citizen,171,859983,Private - Independent,0.207,N,None,Female,Not Reported,Y,$250K and above,101500,0,0,12700,Founders Award,71900,0,Y,Purchased Search Name,439,3,23,28,5,,None,,N,2,In-State Flagship Public,Y,0.131,6
A26-103249,Fall 2026,Regular Decision,N,2025-12-18,Waitlist Alternate,School of Engineering,Chemical Engineering,3.54,72,Submitted,1230,,4,3,3,2,1,N,,N,MD,Mid-Atlantic,US Citizen,152,549515,Public,0.361,Y,None,Male,Asian,Y,$150K - $249K,38800,45800,42700,20900,Dean's Scholar,21000,0,N,Self-Initiated Inquiry,3,3,28,66,5,,None,,N,7,Peer Private,N,0.073,7
A26-103436,Fall 2026,Regular Decision,N,2025-12-02,Admit,College of Arts & Sciences,English,3.19,58,Submitted,1190,,0,2,2,2,2,N,,N,IDN,International,International,9965,000000,International School,0.15,N,None,Female,White,Y,$150K - $249K,50700,33900,30600,11200,Founders Award,42800,0,N,Self-Initiated Inquiry,230,2,23,58,5,,None,,N,5,More Selective Private,Y,0.01,10
A26-100113,Fall 2026,ED I,Y,2025-10-13,Admit,College of Arts & Sciences,Psychology,4.00,99,Test Optional,,,6,5,4,5,4,N,,N,IL,Midwest,US Citizen,671,340129,Public,0.302,N,Parent,Female,Black or African American,Y,$150K - $249K,59200,25400,25400,33300,Presidential Scholar,25900,0,N,Self-Initiated Inquiry,328,4,35,43,5,,None,,N,7,Peer Private,Y,0.98,1
A26-105087,Fall 2026,Regular Decision,N,2025-12-23,Admit,School of Business,Marketing,3.61,75,Submitted,1260,,4,3,3,3,4,Y,3,N,NJ,Mid-Atlantic,US Citizen,134,154518,Public,0.158,Y,None,Female,Asian,Y,$150K - $249K,47600,37000,31100,21500,Dean's Scholar,32000,0,N,Common App Only,13,4,21,54,5,,None,,N,3,In-State Flagship Public,N,0.103,6
A26-101253,Fall 2026,Regular Decision,N,2025-12-02,Admit,College of Arts & Sciences,Environmental Science,3.70,88,Test Optional,,,5,3,3,4,4,Y,3,N,TX,Southwest,US Citizen,1534,927275,Private - Independent,0.111,N,None,Female,Hispanic or Latino,Y,$60K - $99K,5300,79300,57100,16000,Dean's Scholar,11500,6200,N,College Fair,163,2,11,43,5,,None,,N,8,More Selective Private,N,0.01,10
A26-107366,Fall 2026,Early Action,N,2025-10-19,Admit,College of Arts & Sciences,Undeclared,3.59,80,Submitted,,30,4,3,4,3,2,Y,5,N,IN,Midwest,US Citizen,637,732632,Parochial,0.245,Y,None,Male,Asian,Y,$100K - $149K,40600,44000,33500,19700,Dean's Scholar,31400,0,N,College Fair,39,0,21,66,4,,None,,N,5,Out-of-State Public,Y,0.136,5
A26-106176,Fall 2026,Early Action,N,2025-10-29,Admit,School of Business,Accounting,3.48,74,Test Optional,,,3,3,3,3,3,N,,N,TUR,International,International,5197,000000,International School,0.183,N,None,Male,White,Y,$150K - $249K,68800,15800,14300,19300,Dean's Scholar,51000,0,N,Athletic Recruiting,199,2,10,33,4,Men's Lacrosse,Coach Support,,N,4,Peer Private,Y,0.022,9
A26-104944,Fall 2026,Early Action,N,2025-11-02,Admit,College of Fine Arts,Studio Art,3.74,84,Submitted,1330,,7,4,4,2,4,N,,N,SC,South,US Citizen,555,872992,Public,0.33,N,Grandparent,Female,White,Y,$250K and above,115000,0,0,24800,Trustee Scholar,59800,0,Y,Purchased Search Name,203,1,19,21,3,,None,Studio Art Portfolio,N,7,More Selective Private,Y,0.071,7
A26-103530,Fall 2026,Regular Decision,N,2025-12-09,Admit,College of Arts & Sciences,Chemistry,3.62,82,Test Optional,,,4,3,4,5,3,N,,N,MD,Mid-Atlantic,US Citizen,232,284139,Public,0.309,N,None,Male,White,Y,Under $30K,300,84300,73500,7600,Dean's Scholar,3500,3200,N,Purchased Search Name,194,5,43,56,5,,None,,N,6,None Reported,N,0.192,5
A26-103124,Fall 2026,Regular Decision,N,2026-01-14,Admit,College of Arts & Sciences,Neuroscience,4.09,99,Submitted,1480,35,8,5,4,3,4,Y,2,Y,PA,Mid-Atlantic,US Citizen,190,578034,Public,0.563,Y,None,Female,White,Y,$30K - $59K,200,84400,76600,4500,Presidential Scholar,3500,3300,N,Purchased Search Name,145,4,20,86,5,,None,,N,5,In-State Flagship Public,N,0.239,4
A26-107014,Fall 2026,Early Action,N,2025-11-15,Admit,School of Business,Accounting,3.84,95,Test Optional,,,7,4,3,3,3,N,,Y,DE,Mid-Atlantic,US Citizen,165,668070,Public,0.283,N,None,Male,Black or African American,Y,$30K - $59K,5800,78800,75800,5300,Trustee Scholar,3500,0,N,Self-Initiated Inquiry,23,1,18,32,4,,None,,N,2,In-State Flagship Public,N,0.12,6
A26-104707,Fall 2026,Early Action,N,2025-11-10,Admit - Committee Hold,School of Nursing & Health,Public Health,3.93,95,Test Optional,,,9,4,4,4,2,N,,Y,VA,South,US Citizen,480,997468,Public,0.382,N,None,Male,Not Reported,Y,$60K - $99K,7400,77200,71700,9400,Trustee Scholar,3500,0,N,Athletic Recruiting,94,0,3,69,2,,None,,N,5,In-State Flagship Public,N,0.065,7
A26-105944,Fall 2026,Early Action,N,2025-10-26,Admit,School of Engineering,Chemical Engineering,3.67,84,Test Optional,,,6,3,3,4,2,Y,3,N,MI,Midwest,US Citizen,502,260093,Public,0.193,N,None,Male,White,Y,$150K - $249K,61900,22700,15700,17900,Dean's Scholar,51000,0,N,Self-Initiated Inquiry,287,3,17,79,5,,None,,N,6,None Reported,N,0.053,8
A26-102751,Fall 2026,Early Action,N,2025-10-26,Admit,College of Arts & Sciences,Undeclared,3.95,89,Submitted,1420,33,7,4,4,5,5,N,,N,NJ,Mid-Atlantic,US Citizen,236,665092,Charter,0.241,N,None,Female,White,Y,$100K - $149K,32400,52200,50600,23000,Trustee Scholar,11000,0,N,College Fair,101,4,17,73,5,,None,Music - Vocal,N,4,Peer Private,N,0.177,5
A26-104785,Fall 2026,Regular Decision,N,2026-01-04,Admit,College of Fine Arts,Music Performance,3.70,83,Submitted,1330,,3,3,4,3,3,N,,N,MA,New England,US Citizen,411,456105,Public,0.334,N,Sibling,Male,Black or African American,Y,$60K - $99K,13900,70700,70700,10400,Dean's Scholar,3500,0,N,Paid Digital Campaign,72,4,28,86,5,,None,Theatre Audition,N,4,In-State Flagship Public,Y,0.774,2
A26-102631,Fall 2026,Regular Decision,N,2025-12-08,Admit,School of Business,Business Analytics,3.50,75,Test Optional,,,4,3,4,3,3,Y,2,Y,NJ,Mid-Atlantic,US Citizen,98,154518,Public,0.158,Y,None,Female,White,Y,$150K - $249K,57900,26700,21500,21800,Dean's Scholar,41300,0,N,Purchased Search Name,212,3,21,62,5,,None,,N,4,Less Selective Private,N,0.182,5
A26-106234,Fall 2026,Regular Decision,N,2026-01-05,Admit,College of Arts & Sciences,History,3.88,82,Submitted,,33,4,4,4,4,3,Y,3,Y,PA,Mid-Atlantic,US Citizen,201,993450,Charter,0.31,N,Sibling,Male,Two or More Races,Y,$150K - $249K,42700,41900,38500,26800,Trustee Scholar,19300,0,N,Paid Digital Campaign,326,2,27,58,5,,None,,N,7,In-State Flagship Public,N,0.125,6
A26-107261,Fall 2026,ED I,Y,2025-10-20,Admit,College of Fine Arts,Theatre,3.81,83,Submitted,,31,6,3,4,5,3,N,,Y,CA,West,US Citizen,2465,569221,Private - Independent,0.04,N,None,Female,Hispanic or Latino,Y,$100K - $149K,33300,51300,40300,15100,Dean's Scholar,29200,0,N,Self-Initiated Inquiry,159,0,10,0,1,,None,Music - Vocal,N,6,Less Selective Private,Y,0.934,1
A26-100093,Fall 2026,ED I,Y,2025-10-12,Admit,College of Arts & Sciences,Undeclared,3.33,59,Submitted,1180,,2,2,3,2,2,N,,N,PA,Mid-Atlantic,US Citizen,62,601952,Private - Independent,0.468,N,None,Not Reported,White,Y,$150K - $249K,62900,21700,17800,10000,Founders Award,56800,0,N,Counselor Referral,228,5,32,83,5,,None,,N,4,More Selective Private,Y,0.985,1
A26-100947,Fall 2026,Regular Decision,N,2025-12-19,Admit,School of Business,Finance,3.45,63,Submitted,1230,,2,2,2,1,3,N,,N,NJ,Mid-Atlantic,US Citizen,90,267755,Private - Independent,0.139,N,Sibling,Male,White,Y,Under $30K,1700,82900,64900,7700,Founders Award,12000,10300,N,Self-Initiated Inquiry,121,3,24,67,5,,None,,N,3,More Selective Private,N,0.099,6
A26-102561,Fall 2026,Early Action,N,2025-11-08,Admit - Committee Hold,School of Engineering,Civil Engineering,3.31,61,Submitted,1170,,2,2,4,2,3,N,,N,OH,Midwest,US Citizen,406,610404,Public,0.12,N,None,Female,Asian,Y,Under $30K,0,84600,56200,10400,Founders Award,18000,18000,N,College Fair,83,2,21,93,5,,None,,N,3,Out-of-State Public,N,0.077,7
A26-103631,Fall 2026,Early Action,N,2025-10-22,Waitlist Alternate,College of Arts & Sciences,Economics,3.48,75,Submitted,1260,,0,2,2,4,1,Y,3,N,TN,South,US Citizen,722,558283,Public,0.327,N,None,Female,White,N,Not Reported,,0,0,7500,Founders Award,77100,0,Y,College Fair,272,4,24,63,5,,None,,N,1,Out-of-State Public,Y,0.385,3
A26-107193,Fall 2026,Regular Decision,N,2025-12-11,Waitlist Alternate,School of Engineering,Mechanical Engineering,3.48,78,Submitted,1260,26,4,3,1,1,2,N,,N,MD,Mid-Atlantic,Permanent Resident,218,329361,Public,0.158,N,None,Female,Two or More Races,Y,$60K - $99K,20100,64500,51800,16200,Dean's Scholar,16600,0,N,Self-Initiated Inquiry,211,1,14,34,3,,None,,N,3,In-State Flagship Public,N,0.027,9
A26-101465,Fall 2026,Early Action,N,2025-10-27,Admit,College of Arts & Sciences,Mathematics,3.50,75,Submitted,,28,4,3,3,3,2,Y,3,N,NJ,Mid-Atlantic,US Citizen,131,772353,Private - Independent,0.361,N,None,Female,Hispanic or Latino,Y,$100K - $149K,27600,57000,44500,18100,Dean's Scholar,22000,0,N,Self-Initiated Inquiry,3,5,38,100,5,,None,,N,4,In-State Flagship Public,Y,0.729,2
A26-100686,Fall 2026,Early Action,N,2025-10-24,Admit,College of Arts & Sciences,Psychology,3.61,74,Test Optional,,,3,3,3,2,3,N,,Y,OH,Midwest,US Citizen,348,325249,International School,0.081,N,None,Female,Hispanic or Latino,Y,$150K - $249K,42300,42300,38300,21100,Dean's Scholar,25200,0,N,Athletic Recruiting,409,4,27,71,5,Baseball,Tip,,N,6,Out-of-State Public,N,0.244,4
A26-105910,Fall 2026,Regular Decision,N,2025-11-26,Admit,School of Engineering,Civil Engineering,3.76,87,Test Optional,,,6,4,5,4,3,N,,Y,PA,Mid-Atlantic,US Citizen,113,490704,Public,0.349,N,None,Female,White,Y,$100K - $149K,36400,48200,44300,29900,Trustee Scholar,10400,0,N,College Fair,88,2,16,34,4,,None,,N,3,Peer Private,N,0.101,6
A26-105774,Fall 2026,Regular Decision,N,2025-12-08,Admit,College of Arts & Sciences,Economics,3.87,90,Test Optional,,,6,4,3,4,3,N,,Y,OH,Midwest,US Citizen,371,325249,International School,0.081,N,Grandparent,Male,Asian,Y,$150K - $249K,40600,44000,35400,28900,Trustee Scholar,20300,0,N,Self-Initiated Inquiry,3,1,7,56,3,,None,,N,7,In-State Flagship Public,N,0.012,10
A26-106808,Fall 2026,Early Action,N,2025-11-03,Admit,College of Arts & Sciences,Sociology,3.89,91,Test Optional,,,5,4,4,3,3,Y,2,Y,GA,South,US Citizen,618,135301,Private - Independent,0.04,N,None,Male,White,Y,$150K - $249K,69600,15000,13500,26200,Trustee Scholar,44900,0,N,College Fair,283,1,16,63,5,,None,,N,6,In-State Flagship Public,Y,0.069,7
A26-106272,Fall 2026,Early Action,N,2025-11-06,Waitlist Alternate,School of Engineering,Mechanical Engineering,3.44,73,Submitted,1220,,0,2,4,3,4,N,,N,CAN,International,International,647,000000,International School,0.228,N,None,Male,White,Y,$100K - $149K,28900,55700,39400,6900,Founders Award,38300,9400,N,Self-Initiated Inquiry,158,0,10,71,3,,None,,N,4,More Selective Private,N,0.01,10
A26-106415,Fall 2026,Regular Decision,N,2025-11-30,Admit,School of Engineering,Chemical Engineering,3.32,61,Submitted,1160,,3,2,5,3,3,Y,3,N,PAK,International,International,7341,000000,International School,0.154,N,None,Male,Not Reported,Y,$60K - $99K,15500,69100,52300,9200,Founders Award,23100,7600,N,College Fair,124,0,19,29,4,,None,,N,4,Less Selective Private,Y,0.01,10
A26-107747,Fall 2026,Regular Decision,N,2025-12-08,Admit,College of Arts & Sciences,Political Science,3.50,80,Test Optional,,,1,3,4,3,3,N,,N,MN,Midwest,US Citizen,900,944785,Public,0.317,N,None,Male,White,Y,$100K - $149K,34700,49900,42900,18500,Dean's Scholar,23200,0,N,Purchased Search Name,333,2,23,79,5,,None,,N,5,Peer Private,N,0.039,8
A26-101801,Fall 2026,ED II,Y,2026-01-02,Admit,School of Engineering,Civil Engineering,3.65,82,Submitted,1360,,6,3,2,2,4,Y,4,Y,AZ,West,US Citizen,2200,546148,Charter,0.161,N,None,Female,Asian,Y,$100K - $149K,24400,60200,53100,14300,Dean's Scholar,17200,0,N,Athletic Recruiting,278,5,31,33,5,Wrestling,Tip,,N,4,Out-of-State Public,Y,0.985,1
A26-100175,Fall 2026,Early Action,N,2025-10-28,Admit - Committee Hold,College of Arts & Sciences,Mathematics,3.43,72,Submitted,1260,,5,3,3,3,3,N,,Y,SC,South,US Citizen,632,725945,Parochial,0.519,N,None,Female,White,Y,Under $30K,1000,83600,58400,15000,Dean's Scholar,11200,10200,N,College Fair,164,2,18,52,5,,None,,N,5,More Selective Private,N,0.048,8
A26-105658,Fall 2026,Regular Decision,N,2026-01-11,Admit,College of Fine Arts,Theatre,3.62,80,Submitted,1320,,6,3,5,3,4,N,,N,IL,Midwest,US Citizen,694,444516,Home School,0.306,N,None,Female,Two or More Races,Y,$100K - $149K,24800,59800,45700,17100,Dean's Scholar,21800,0,N,Athletic Recruiting,249,1,3,58,3,,None,Music - Vocal,N,3,Regional Public,N,0.115,6
A26-108341,Fall 2026,Early Action,N,2025-10-30,Admit,College of Arts & Sciences,Chemistry,3.52,76,Submitted,1280,,3,3,4,2,1,Y,4,N,TX,Southwest,US Citizen,1361,177101,Public,0.253,N,None,Male,Asian,Y,Under $30K,100,84500,75900,5200,Dean's Scholar,3500,3400,N,Self-Initiated Inquiry,191,1,10,74,4,,None,,N,7,Less Selective Private,Y,0.215,4
A26-102707,Fall 2026,Early Action,N,2025-10-27,Admit,College of Arts & Sciences,Psychology,3.64,81,Test Optional,,,6,3,3,2,5,Y,3,N,PA,Mid-Atlantic,US Citizen,97,574647,Private - Independent,0.268,N,None,Female,White,Y,$60K - $99K,11700,72900,65400,15700,Dean's Scholar,3500,0,N,High School Visit,167,3,18,64,5,,None,,N,0,None Reported,N,0.571,2
A26-100758,Fall 2026,Regular Decision,N,2025-12-11,Admit,College of Arts & Sciences,History,3.87,89,Test Optional,,,8,4,3,3,4,N,,Y,MD,Mid-Atlantic,US Citizen,158,329361,Public,0.158,N,None,Male,Hispanic or Latino,Y,$150K - $249K,41400,43200,41200,25000,Trustee Scholar,18400,0,N,Purchased Search Name,241,4,34,84,5,,None,,N,6,None Reported,N,0.114,6
A26-101421,Fall 2026,Regular Decision,N,2025-11-24,Admit,School of Engineering,Civil Engineering,3.56,73,Test Optional,,,4,3,4,3,3,Y,2,N,NJ,Mid-Atlantic,US Citizen,150,665092,Charter,0.241,N,None,Male,White,Y,$100K - $149K,29700,54900,42600,21700,Dean's Scholar,20300,0,N,Purchased Search Name,380,2,22,86,5,,None,,N,2,Peer Private,Y,0.379,3
A26-102329,Fall 2026,Regular Decision,N,2025-12-05,Admit - Committee Hold,College of Arts & Sciences,Sociology,3.37,62,Submitted,1160,25,2,2,3,2,2,N,,N,OH,Midwest,US Citizen,356,325249,International School,0.081,N,None,Male,Not Reported,Y,$60K - $99K,4800,79800,71600,7100,Founders Award,5900,1100,N,Self-Initiated Inquiry,191,0,8,29,2,,None,,N,1,In-State Flagship Public,Y,0.084,7
A26-103006,Fall 2026,Early Action,N,2025-11-14,Admit,College of Arts & Sciences,Biology,3.87,87,Test Optional,,,6,4,2,2,2,N,,N,PA,Mid-Atlantic,US Citizen,33,232110,Public,0.286,N,None,Male,Not Reported,Y,$100K - $149K,22400,62200,56100,25000,Trustee Scholar,3500,0,N,Athletic Recruiting,200,2,19,74,5,,None,,N,6,None Reported,N,0.114,6
A26-104832,Fall 2026,Regular Decision,N,2026-01-12,Admit,College of Arts & Sciences,Mathematics,3.84,86,Submitted,,31,6,4,5,3,5,N,,N,NJ,Mid-Atlantic,US Citizen,255,772353,Private - Independent,0.361,N,None,Male,Hispanic or Latino,Y,$250K and above,106700,0,0,26100,Trustee Scholar,58500,0,Y,Paid Digital Campaign,6,1,12,31,3,,None,,N,6,Peer Private,Y,0.028,9
A26-104917,Fall 2026,Regular Decision,N,2025-12-06,Admit - Committee Hold,College of Arts & Sciences,Political Science,3.84,88,Submitted,1390,,6,4,4,2,3,Y,3,Y,FL,South,US Citizen,1153,370593,Private - Independent,0.097,Y,None,Male,Black or African American,Y,$100K - $149K,23700,60900,54200,23900,Trustee Scholar,6500,0,N,Campus Visit Walk-In,205,2,27,68,5,,None,,N,4,More Selective Private,Y,0.142,5
A26-102494,Fall 2026,Early Action,N,2025-11-11,Admit,School of Nursing & Health,Public Health,3.48,76,Test Optional,,,1,3,2,1,3,Y,3,N,NY,Mid-Atlantic,US Citizen,387,648923,Public,0.181,N,None,Male,White,Y,$30K - $59K,1200,83400,57200,14700,Dean's Scholar,12700,11500,N,Athletic Recruiting,94,2,23,69,5,,None,,N,6,In-State Flagship Public,Y,0.161,5
A26-106192,Fall 2026,Early Action,N,2025-10-30,Admit,School of Engineering,Computer Science,4.00,93,Submitted,1430,32,5,4,3,3,4,N,,N,MA,New England,US Citizen,306,415210,Public,0.273,N,None,Female,White,Y,$150K - $249K,52600,32000,27700,29500,Trustee Scholar,27400,0,N,Athletic Recruiting,197,3,21,44,5,,None,,N,7,Peer Private,Y,0.133,6
A26-102526,Fall 2026,Regular Decision,N,2025-12-08,Admit,College of Arts & Sciences,Neuroscience,3.56,74,Test Optional,,,5,3,3,2,3,N,,N,MA,New England,Permanent Resident,453,185630,Public,0.226,Y,None,Female,White,Y,$60K - $99K,17700,66900,60300,20800,Dean's Scholar,3500,0,N,Athletic Recruiting,79,3,21,29,5,Field Hockey,Slot,,N,3,More Selective Private,N,0.478,2
A26-108130,Fall 2026,Regular Decision,N,2025-12-07,Admit,School of Business,Management,3.97,93,Test Optional,,,7,4,2,5,4,Y,3,Y,PA,Mid-Atlantic,US Citizen,113,767318,Charter,0.398,N,None,Male,Asian,Y,$60K - $99K,9200,75400,75300,5800,Trustee Scholar,3500,0,N,Paid Digital Campaign,83,3,15,91,5,,None,Music - Vocal,N,4,More Selective Private,Y,0.593,2
A26-102262,Fall 2026,Regular Decision,N,2025-12-09,Admit,College of Arts & Sciences,Communication,3.62,71,Test Optional,,,5,3,3,2,3,N,,N,IL,Midwest,US Citizen,693,871889,Charter,0.264,N,None,Female,Hispanic or Latino,Y,$60K - $99K,15600,69000,67100,14000,Dean's Scholar,3500,0,N,High School Visit,299,0,12,22,2,,None,,N,4,Out-of-State Public,N,0.019,9
A26-104077,Fall 2026,Regular Decision,N,2025-12-09,Admit,School of Engineering,Computer Science,3.71,77,Test Optional,,,4,3,1,3,3,Y,3,N,NC,South,US Citizen,554,624049,Public,0.423,N,None,Female,Hispanic or Latino,N,Not Reported,,0,0,16500,Dean's Scholar,68100,0,Y,Self-Initiated Inquiry,229,2,17,64,5,,None,,N,2,Out-of-State Public,N,0.076,7
A26-100862,Fall 2026,Regular Decision,N,2026-01-12,Admit,College of Arts & Sciences,Psychology,3.57,81,Test Optional,,,6,3,2,3,3,Y,2,Y,PA,Mid-Atlantic,Permanent Resident,26,236005,Public,0.412,N,Parent,Female,Asian,Y,$100K - $149K,35700,48900,38300,19300,Dean's Scholar,27000,0,N,High School Visit,54,5,34,99,5,,None,,N,5,In-State Flagship Public,Y,0.803,2
A26-103512,Fall 2026,Regular Decision,N,2025-11-26,Admit,School of Nursing & Health,Public Health,3.79,83,Test Optional,,,5,3,5,5,3,Y,5,N,NJ,Mid-Atlantic,US Citizen,131,772353,Private - Independent,0.361,N,None,Male,White,Y,$100K - $149K,29400,55200,41300,13400,Dean's Scholar,29900,500,N,Purchased Search Name,403,4,30,79,5,,None,,N,1,In-State Flagship Public,N,0.304,3
A26-105570,Fall 2026,Early Action,N,2025-10-24,Admit,College of Arts & Sciences,Sociology,3.74,76,Submitted,1390,,7,4,2,3,4,Y,5,Y,WA,West,US Citizen,2306,525949,Public,0.344,N,None,Female,White,N,Not Reported,,0,0,22400,Trustee Scholar,62200,0,Y,Athletic Recruiting,244,0,9,73,3,,None,,N,3,Peer Private,N,0.032,9
A26-100248,Fall 2026,Regular Decision,N,2026-01-10,Admit,College of Arts & Sciences,Environmental Science,3.65,80,Submitted,1330,,4,3,4,3,2,N,,N,VA,South,US Citizen,321,201088,Public,0.279,N,None,Male,Asian,Y,$250K and above,111200,0,0,18100,Dean's Scholar,66500,0,Y,Counselor Referral,54,2,15,34,4,,None,,N,5,Peer Private,N,0.024,9
A26-104499,Fall 2026,Regular Decision,N,2026-01-09,Admit,College of Arts & Sciences,Undeclared,3.43,70,Submitted,1190,,2,3,3,1,1,N,,N,DE,Mid-Atlantic,US Citizen,88,668070,Public,0.283,N,None,Male,Not Reported,Y,$250K and above,159000,0,0,22400,Dean's Scholar,62200,0,Y,Common App Only,174,1,15,57,4,,None,Dance Audition,N,5,Peer Private,Y,0.059,8
A26-106468,Fall 2026,Regular Decision,N,2025-11-21,Admit,School of Business,Business Analytics,4.17,92,Test Optional,,,8,5,4,4,4,Y,3,N,GA,South,US Citizen,794,135301,Private - Independent,0.04,N,None,Male,Black or African American,Y,$100K - $149K,18300,66300,57300,23800,Presidential Scholar,3500,0,N,Purchased Search Name,152,2,23,88,5,,None,,N,7,Regional Public,N,0.03,9
A26-102456,Fall 2026,Regular Decision,N,2025-11-23,Admit,School of Business,Management,3.40,67,Test Optional,,,4,2,3,4,2,Y,5,N,NY,Mid-Atlantic,US Citizen,417,648923,Public,0.181,N,Sibling,Male,Black or African American,N,Not Reported,,0,0,14700,Founders Award,69900,0,Y,College Fair,56,2,24,75,5,,None,Studio Art Portfolio,Y,5,In-State Flagship Public,Y,0.493,2
A26-108113,Fall 2026,Regular Decision,N,2025-11-26,Admit,College of Arts & Sciences,Mathematics,3.53,70,Test Optional,,,2,3,1,2,2,N,,N,GA,South,US Citizen,689,135301,Private - Independent,0.04,N,None,Female,Hispanic or Latino,Y,$60K - $99K,13400,71200,60500,19600,Dean's Scholar,4500,0,N,Common App Only,25,1,9,45,3,,None,,N,4,None Reported,Y,0.075,7
A26-100622,Fall 2026,Regular Decision,N,2026-01-08,Admit,School of Business,Supply Chain Management,3.44,75,Submitted,1220,,3,3,2,4,3,N,,N,VA,South,US Citizen,298,619507,Public,0.196,N,None,Female,White,N,Not Reported,,0,0,17900,Dean's Scholar,66700,0,Y,High School Visit,188,5,35,65,5,,None,Music - Instrumental,N,7,None Reported,N,0.068,7
A26-102880,Fall 2026,Early Action,N,2025-10-22,Admit,College of Arts & Sciences,Political Science,3.08,57,Submitted,1060,,0,1,2,2,4,N,,N,NJ,Mid-Atlantic,US Citizen,230,267755,Private - Independent,0.139,N,None,Female,White,Y,$150K - $249K,62200,22400,14000,0,No Merit Award,70600,8400,N,Purchased Search Name,260,3,20,53,5,,None,,N,4,More Selective Private,N,0.028,9
A26-102969,Fall 2026,Early Action,N,2025-10-29,Admit - Committee Hold,School of Business,Supply Chain Management,3.93,95,Submitted,1410,,5,4,5,3,4,N,,Y,NJ,Mid-Atlantic,US Citizen,147,828449,Public,0.332,N,Parent,Female,Hispanic or Latino,Y,$150K - $249K,72300,12300,11300,24500,Trustee Scholar,48800,0,N,Paid Digital Campaign,63,4,25,55,5,,None,Published Research,N,5,More Selective Private,Y,0.456,3
A26-102943,Fall 2026,Regular Decision,N,2026-01-02,Admit,College of Arts & Sciences,Sociology,3.23,57,Test Optional,,,1,1,3,2,3,Y,3,N,MD,Mid-Atlantic,US Citizen,207,549515,Public,0.361,N,None,Male,White,Y,Under $30K,0,84600,55200,0,No Merit Award,29400,29400,N,Counselor Referral,181,1,12,60,4,,None,,N,3,Peer Private,Y,0.101,6
A26-107943,Fall 2026,Early Action,N,2025-11-12,Waitlist Alternate,School of Nursing & Health,Exercise Science,3.52,74,Submitted,1180,,3,3,3,1,2,Y,4,N,GA,South,US Citizen,821,135301,Private - Independent,0.04,N,None,Male,Black or African American,Y,$150K - $249K,46500,38100,37200,15000,Dean's Scholar,32400,0,N,Athletic Recruiting,3,3,17,68,5,,None,,N,5,Peer Private,Y,0.241,4
A26-103977,Fall 2026,Regular Decision,N,2026-01-13,Admit,College of Arts & Sciences,Political Science,3.47,74,Submitted,1240,,1,2,3,3,3,N,,N,TX,Southwest,US Citizen,1581,177101,Public,0.253,N,None,Female,Hispanic or Latino,Y,$100K - $149K,34300,50300,47100,10000,Founders Award,27500,0,N,Common App Only,3,0,0,50,1,,None,,N,6,More Selective Private,Y,0.02,9
A26-107292,Fall 2026,Early Action,N,2025-10-22,Admit - Committee Hold,College of Arts & Sciences,History,3.43,73,Submitted,1200,,5,2,3,2,4,N,,N,PA,Mid-Atlantic,US Citizen,135,912312,Private - Independent,0.255,N,None,Female,White,Y,$60K - $99K,9100,75500,53100,10800,Founders Award,20700,11600,N,Campus Visit Walk-In,209,1,21,7,3,,None,Robotics / STEM Competition,N,2,Out-of-State Public,N,0.113,6
A26-107436,Fall 2026,Regular Decision,N,2026-01-01,Admit,College of Arts & Sciences,Undeclared,3.51,64,Test Optional,,,4,2,3,2,3,N,,N,MI,Midwest,US Citizen,474,609198,Parochial,0.275,N,None,Male,Asian,Y,$150K - $249K,38300,46300,38900,13700,Founders Award,32000,0,N,Campus Visit Walk-In,72,2,11,73,4,,None,,N,4,None Reported,N,0.075,7
A26-102319,Fall 2026,Regular Decision,N,2026-01-15,Admit,School of Business,Accounting,3.38,72,Submitted,1110,,1,2,3,3,1,N,,N,MD,Mid-Atlantic,US Citizen,148,985640,Public,0.267,N,None,Male,White,Y,$100K - $149K,36700,47900,35500,7100,Founders Award,42000,5300,N,Common App Only,3,2,17,46,4,,None,,N,0,None Reported,N,0.165,5
A26-106685,Fall 2026,ED I,Y,2025-10-28,Admit,College of Arts & Sciences,Economics,4.00,99,Submitted,1500,,7,5,3,5,4,N,,Y,PA,Mid-Atlantic,US Citizen,228,738524,Public,0.32,Y,None,Male,Asian,Y,$100K - $149K,33700,50900,43700,30300,Presidential Scholar,10600,0,N,Paid Digital Campaign,76,5,33,61,5,,None,,N,5,Peer Private,N,0.985,1
A26-105300,Fall 2026,Regular Decision,N,2025-12-03,Waitlist Alternate,College of Arts & Sciences,Political Science,3.29,67,Submitted,1260,,3,2,2,2,3,N,,N,NJ,Mid-Atlantic,US Citizen,144,783357,Public,0.256,N,None,Male,White,Y,Under $30K,1300,83300,76600,4500,Founders Award,3500,2200,N,Counselor Referral,191,2,26,73,5,,None,,N,4,In-State Flagship Public,N,0.165,5
A26-105189,Fall 2026,Regular Decision,N,2025-12-10,Admit,College of Arts & Sciences,Neuroscience,3.52,75,Test Optional,,,3,3,4,3,2,N,,N,DE,Mid-Atlantic,US Citizen,124,697698,Public,0.173,Y,Parent,Female,Black or African American,Y,$250K and above,94900,0,0,17200,Dean's Scholar,67400,0,Y,Common App Only,10,3,20,63,5,,None,,N,2,Less Selective Private,N,0.147,5
A26-102236,Fall 2026,Regular Decision,N,2025-12-23,Admit - Committee Hold,School of Engineering,Computer Science,3.47,69,Test Optional,,,5,3,3,2,3,N,,N,PA,Mid-Atlantic,US Citizen,51,826319,Public,0.29,N,None,Male,White,Y,$150K - $249K,53800,30800,22300,19400,Dean's Scholar,42900,0,N,Campus Visit Walk-In,238,3,21,61,5,,None,,N,4,Less Selective Private,N,0.122,6
A26-100595,Fall 2026,Early Action,N,2025-10-30,Admit,College of Arts & Sciences,Mathematics,3.81,79,Test Optional,,,4,3,4,3,3,Y,4,N,FL,South,US Citizen,1197,979286,Public,0.286,N,None,Male,Native Hawaiian or Other Pacific Islander,N,Not Reported,,0,0,19500,Dean's Scholar,65100,0,Y,Self-Initiated Inquiry,226,1,12,33,4,,None,,N,3,More Selective Private,N,0.012,10
A26-106983,Fall 2026,Regular Decision,N,2026-01-04,Admit,School of Business,Business Analytics,3.81,90,Submitted,1400,,3,4,3,3,4,Y,2,Y,CA,West,US Citizen,2733,298108,Public,0.222,N,None,Male,Asian,Y,$60K - $99K,17500,67100,64800,16300,Trustee Scholar,3500,0,N,Self-Initiated Inquiry,207,1,13,33,4,,None,,N,3,Less Selective Private,N,0.051,8
A26-102460,Fall 2026,Regular Decision,N,2025-12-14,Admit,School of Engineering,Civil Engineering,3.94,96,Submitted,1370,,10,4,3,4,3,Y,2,Y,BRA,International,International,4828,000000,International School,0.145,N,None,Male,White,Y,$250K and above,98600,0,0,28300,Trustee Scholar,56300,0,Y,Athletic Recruiting,183,4,22,90,5,Men's Lacrosse,Tip,,N,3,In-State Flagship Public,Y,0.15,5
A26-106357,Fall 2026,Regular Decision,N,2026-01-04,Admit,School of Nursing & Health,Public Health,3.76,81,Submitted,1380,,7,4,3,4,3,N,,Y,OH,Midwest,Permanent Resident,390,610404,Public,0.12,N,Sibling,Female,Black or African American,Y,$30K - $59K,6400,78200,72300,8800,Trustee Scholar,3500,0,N,Self-Initiated Inquiry,167,0,14,33,2,,None,,N,4,In-State Flagship Public,N,0.077,7
A26-103744,Fall 2026,Early Action,N,2025-11-03,Admit,School of Business,Marketing,3.58,75,Test Optional,,,1,2,2,3,2,N,,N,IN,Midwest,US Citizen,447,396917,Private - Independent,0.368,N,Parent,Female,Hispanic or Latino,Y,$30K - $59K,7400,77200,49700,9800,Founders Award,25100,17700,N,Self-Initiated Inquiry,233,2,14,66,5,,None,,N,5,In-State Flagship Public,N,0.092,7
A26-103292,Fall 2026,Early Action,N,2025-11-03,Admit,School of Business,Finance,3.54,75,Submitted,1190,,4,2,4,2,2,N,,N,PA,Mid-Atlantic,US Citizen,52,367072,Private - Independent,0.309,N,None,Male,Hispanic or Latino,Y,$150K - $249K,65200,19400,19300,13400,Founders Award,51900,0,N,Athletic Recruiting,112,5,31,28,5,Field Hockey,Coach Support,,N,4,Less Selective Private,Y,0.717,2
A26-104058,Fall 2026,Regular Decision,N,2025-11-24,Admit,School of Business,Business Analytics,3.17,58,Test Optional,,,2,1,2,2,2,N,,N,VT,New England,US Citizen,474,576708,Parochial,0.355,N,Parent,Male,Hispanic or Latino,Y,$100K - $149K,19400,65200,49100,0,No Merit Award,35500,16100,N,High School Visit,300,1,8,64,3,,None,,N,2,Less Selective Private,N,0.133,6
A26-102868,Fall 2026,Early Action,N,2025-11-14,Admit,School of Nursing & Health,Public Health,3.71,73,Submitted,,27,5,3,4,3,3,N,,Y,NY,Mid-Atlantic,US Citizen,398,362387,Public,0.238,N,None,Female,Black or African American,Y,$100K - $149K,37300,47300,40300,17700,Dean's Scholar,26600,0,N,Athletic Recruiting,303,3,21,53,5,Men's Basketball,Tip,,N,2,More Selective Private,N,0.386,3
A26-102092,Fall 2026,Regular Decision,N,2025-11-21,Admit - Committee Hold,College of Fine Arts,Theatre,3.27,60,Submitted,1150,,2,2,2,3,2,N,,N,VA,South,US Citizen,198,846587,Public,0.212,Y,None,Female,Asian,Y,$100K - $149K,25600,59000,48200,11300,Founders Award,25100,0,N,High School Visit,181,2,16,87,5,,None,Music - Vocal,N,5,In-State Flagship Public,N,0.122,6
A26-102932,Fall 2026,ED I,Y,2025-10-20,Admit,School of Business,Finance,3.45,71,Test Optional,,,3,3,3,2,3,Y,3,N,NC,South,Permanent Resident,460,394145,Private - Independent,0.248,N,None,Female,Black or African American,Y,$150K - $249K,58800,25800,24000,22600,Dean's Scholar,38000,0,N,Campus Visit Walk-In,133,1,8,57,4,,None,,N,5,In-State Flagship Public,N,0.851,2
A26-106924,Fall 2026,Early Action,N,2025-11-10,Admit,College of Fine Arts,Studio Art,3.76,82,Submitted,1290,,4,4,3,3,3,N,,Y,VT,New England,US Citizen,378,576708,Parochial,0.355,N,None,Male,White,Y,$150K - $249K,65100,19500,17500,30400,Trustee Scholar,36700,0,N,College Fair,3,0,15,41,3,,None,Studio Art Portfolio,N,2,None Reported,N,0.125,6
A26-107307,Fall 2026,Early Action,N,2025-11-15,Admit - Committee Hold,College of Arts & Sciences,Biology,3.43,75,Submitted,1290,,4,3,5,2,3,Y,4,N,IDN,International,International,9939,000000,International School,0.15,N,None,Female,White,Y,$150K - $249K,67100,17500,17500,19800,Dean's Scholar,47300,0,N,Paid Digital Campaign,159,1,21,50,5,,None,,N,3,Regional Public,Y,0.01,10
A26-108254,Fall 2026,Regular Decision,N,2025-12-13,Admit,College of Arts & Sciences,Communication,3.56,79,Submitted,1290,,4,3,3,5,3,N,,N,NJ,Mid-Atlantic,US Citizen,86,828449,Public,0.332,N,None,Male,White,Y,Under $30K,0,84600,64900,16200,Dean's Scholar,3500,3500,N,Purchased Search Name,373,1,11,41,3,,None,,N,5,None Reported,N,0.082,7
A26-108042,Fall 2026,Regular Decision,N,2026-01-15,Waitlist Alternate,School of Nursing & Health,Health Administration,3.85,87,Submitted,1340,,8,4,4,3,5,N,,Y,MA,New England,US Citizen,301,964188,Public,0.109,N,None,Male,White,Y,$60K - $99K,4800,79800,76600,4500,Trustee Scholar,3500,0,N,Campus Visit Walk-In,222,1,23,28,4,,None,,N,4,Peer Private,Y,0.142,5
A26-106148,Fall 2026,Regular Decision,N,2025-12-23,Admit,College of Arts & Sciences,Environmental Science,3.71,76,Submitted,1310,,4,3,4,3,3,Y,4,N,NY,Mid-Atlantic,US Citizen,211,559008,Public,0.426,N,None,Not Reported,Hispanic or Latino,Y,$60K - $99K,12500,72100,69900,11200,Dean's Scholar,3500,0,N,Counselor Referral,45,2,17,52,5,,None,,N,5,Less Selective Private,N,0.092,7
A26-107527,Fall 2026,Early Action,N,2025-11-02,Admit,School of Engineering,Computer Science,3.54,72,Test Optional,,,3,3,3,3,2,N,,N,NJ,Mid-Atlantic,Permanent Resident,139,861767,Public,0.245,N,None,Female,Not Reported,Y,$100K - $149K,27400,57200,52600,13400,Dean's Scholar,18600,0,N,Common App Only,207,2,20,21,4,,None,,N,3,More Selective Private,N,0.037,8
A26-102414,Fall 2026,Regular Decision,N,2025-12-20,Waitlist Alternate,School of Business,Marketing,3.36,72,Submitted,1220,,4,2,3,3,2,N,,N,MA,New England,US Citizen,367,494227,Public,0.437,N,None,Male,Two or More Races,Y,$100K - $149K,21400,63200,48800,11200,Founders Award,24600,3200,N,Self-Initiated Inquiry,195,1,3,64,3,,None,,N,1,Regional Public,N,0.146,5
A26-103287,Fall 2026,Regular Decision,N,2026-01-02,Admit,School of Business,Finance,3.52,66,Test Optional,,,3,2,2,2,2,Y,2,N,NJ,Mid-Atlantic,US Citizen,233,467943,Public,0.218,N,None,Female,White,N,Not Reported,,0,0,9900,Founders Award,74700,0,Y,Purchased Search Name,299,3,8,66,5,,None,,N,4,Peer Private,N,0.032,9
A26-106677,Fall 2026,Regular Decision,N,2026-01-08,Admit,College of Arts & Sciences,Chemistry,3.61,73,Submitted,1340,,2,3,3,4,3,N,,N,PA,Mid-Atlantic,US Citizen,163,503564,Charter,0.345,N,Parent,Female,White,Y,$250K and above,146400,0,0,18100,Dean's Scholar,66500,0,Y,Counselor Referral,334,2,17,41,4,,None,,N,4,In-State Flagship Public,Y,0.188,5
A26-104750,Fall 2026,Regular Decision,N,2025-12-19,Admit,School of Business,Supply Chain Management,3.65,74,Submitted,1330,,5,3,2,3,3,N,,N,WA,West,US Citizen,2344,525949,Public,0.344,N,None,Female,White,N,Not Reported,,0,0,14000,Dean's Scholar,70600,0,Y,Athletic Recruiting,126,0,0,15,1,,None,,N,7,More Selective Private,N,0.01,10
A26-107475,Fall 2026,Regular Decision,N,2025-11-20,Admit,College of Arts & Sciences,Mathematics,3.45,76,Submitted,1310,,3,3,3,5,3,N,,Y,VA,South,Permanent Resident,398,846587,Public,0.212,N,None,Male,Hispanic or Latino,Y,$100K - $149K,19800,64800,53800,22500,Dean's Scholar,8300,0,N,Purchased Search Name,316,1,10,63,3,,None,,N,1,In-State Flagship Public,N,0.087,7
A26-105033,Fall 2026,Regular Decision,N,2025-12-29,Admit,School of Nursing & Health,Public Health,3.44,70,Submitted,1240,,3,2,2,3,3,Y,3,N,DE,Mid-Atlantic,US Citizen,161,697698,Public,0.173,N,None,Female,Hispanic or Latino,Y,$30K - $59K,2200,82400,50300,7800,Founders Award,26500,24300,N,College Fair,243,4,27,74,5,,None,,N,7,None Reported,Y,0.258,4
A26-100308,Fall 2026,Regular Decision,N,2025-11-24,Waitlist Alternate,School of Engineering,Computer Science,3.58,82,Submitted,1300,,7,3,4,3,3,Y,5,N,NJ,Mid-Atlantic,US Citizen,129,828449,Public,0.332,N,None,Male,Asian,Y,$60K - $99K,20000,64600,58200,22400,Dean's Scholar,4000,0,N,Purchased Search Name,375,4,39,88,5,,None,,N,7,None Reported,N,0.285,4
A26-104811,Fall 2026,Regular Decision,N,2025-12-13,Waitlist Alternate,School of Nursing & Health,Exercise Science,3.99,87,Submitted,1410,,11,4,2,3,3,Y,4,N,NY,Mid-Atlantic,US Citizen,309,168328,Private - Independent,0.226,N,Parent,Female,White,Y,$30K - $59K,7500,77100,76600,4500,Trustee Scholar,3500,0,N,Campus Visit Walk-In,173,2,12,87,5,,None,Music - Vocal,N,5,More Selective Private,N,0.168,5
A26-108283,Fall 2026,ED I,Y,2025-10-26,Admit,College of Arts & Sciences,History,3.62,72,Submitted,1310,,4,3,2,2,5,Y,2,N,NH,New England,US Citizen,509,522785,Private - Independent,0.315,N,None,Female,White,Y,$250K and above,105500,0,0,13500,Dean's Scholar,71100,0,Y,Paid Digital Campaign,400,2,23,84,5,,None,,N,3,In-State Flagship Public,Y,0.978,1
A26-105103,Fall 2026,Regular Decision,N,2025-11-23,Admit,College of Arts & Sciences,Neuroscience,3.56,80,Test Optional,,,3,3,3,3,3,N,,Y,PA,Mid-Atlantic,US Citizen,187,767318,Charter,0.398,N,None,Female,White,Y,$250K and above,131800,0,0,20500,Dean's Scholar,64100,0,Y,Paid Digital Campaign,148,3,23,61,5,,None,,N,3,Regional Public,N,0.11,6
A26-108016,Fall 2026,Regular Decision,N,2025-11-22,Admit,College of Arts & Sciences,Communication,3.55,73,Test Optional,,,5,3,3,2,4,N,,N,DE,Mid-Atlantic,US Citizen,135,674884,Public,0.084,N,None,Female,Not Reported,Y,$30K - $59K,100,84500,56800,24300,Dean's Scholar,3500,3400,N,Athletic Recruiting,121,5,24,70,5,Golf,Slot,,N,3,Out-of-State Public,Y,0.921,1
A26-102770,Fall 2026,Regular Decision,N,2025-12-11,Admit,College of Arts & Sciences,Mathematics,3.52,71,Submitted,,28,3,3,2,4,3,Y,3,N,IL,Midwest,US Citizen,796,508240,Public,0.234,N,None,Female,Asian,Y,$150K - $249K,47800,36800,25000,22700,Dean's Scholar,36900,0,N,Athletic Recruiting,33,5,34,94,5,Wrestling,Coach Support,,N,7,Peer Private,N,0.157,5
A26-101092,Fall 2026,Early Action,N,2025-11-09,Admit - Committee Hold,School of Business,Accounting,3.50,77,Submitted,1260,,4,3,3,4,2,N,,N,VA,South,US Citizen,250,997468,Public,0.382,Y,None,Male,Two or More Races,Y,$250K and above,73900,10700,8100,14900,Dean's Scholar,61600,0,N,Self-Initiated Inquiry,214,2,19,43,5,,None,,N,0,None Reported,Y,0.445,3
A26-101277,Fall 2026,Early Action,N,2025-10-30,Admit,College of Arts & Sciences,Communication,3.56,79,Submitted,1250,,2,3,2,3,2,N,,N,TX,Southwest,US Citizen,1566,927275,Private - Independent,0.111,Y,None,Female,Not Reported,Y,$250K and above,128100,0,0,22500,Dean's Scholar,62100,0,Y,College Fair,327,0,3,47,1,,None,Debate / Speech,N,9,Less Selective Private,N,0.01,10
A26-101265,Fall 2026,Early Action,N,2025-11-14,Admit,School of Engineering,Chemical Engineering,3.90,81,Submitted,1410,,8,4,4,4,4,Y,5,Y,DE,Mid-Atlantic,US Citizen,156,447427,Public,0.262,N,None,Female,Asian,Y,$100K - $149K,26900,57700,54600,26500,Trustee Scholar,3500,0,N,High School Visit,3,2,18,69,5,,None,,N,4,Peer Private,N,0.161,5
A26-101312,Fall 2026,ED II,Y,2025-12-16,Admit,School of Nursing & Health,Health Administration,3.38,69,Submitted,1300,,7,3,3,3,3,Y,5,N,NJ,Mid-Atlantic,US Citizen,237,861767,Public,0.245,N,None,Female,White,Y,$60K - $99K,19900,64700,61500,19600,Dean's Scholar,3500,0,N,College Fair,144,4,22,80,5,,None,,N,4,In-State Flagship Public,N,0.985,1
A26-101754,Fall 2026,ED II,Y,2025-12-26,Admit,School of Nursing & Health,Nursing (BSN),3.73,91,Submitted,1400,31,7,4,3,4,4,N,,N,AZ,West,US Citizen,2012,733355,Public,0.255,N,None,Male,Asian,Y,$100K - $149K,21200,63400,61800,19300,Trustee Scholar,3500,0,N,Purchased Search Name,376,0,14,62,3,,None,,N,1,Peer Private,Y,0.968,1
A26-101637,Fall 2026,Regular Decision,N,2026-01-08,Admit - Committee Hold,College of Arts & Sciences,History,3.36,67,Test Optional,,,2,2,3,3,3,Y,3,N,RI,New England,US Citizen,374,350554,Public,0.334,N,None,Female,Two or More Races,Y,Under $30K,0,84600,70800,6300,Founders Award,7500,7500,N,Purchased Search Name,250,2,23,58,5,,None,,N,4,Peer Private,N,0.097,6
A26-101726,Fall 2026,ED I,Y,2025-10-23,Admit,College of Arts & Sciences,Neuroscience,3.52,76,Submitted,1310,,4,3,2,4,2,N,,N,CA,West,US Citizen,2531,569221,Private - Independent,0.04,N,None,Female,Not Reported,Y,$150K - $249K,58400,26200,24100,14500,Dean's Scholar,46000,0,N,Campus Visit Walk-In,222,0,9,39,2,,None,,N,7,Peer Private,Y,0.691,2
A26-105437,Fall 2026,Regular Decision,N,2026-01-09,Admit,College of Fine Arts,Studio Art,3.99,89,Submitted,1500,,7,4,2,4,4,N,,N,PA,Mid-Atlantic,US Citizen,213,872383,Public,0.284,N,None,Male,White,Y,$150K - $249K,69000,15600,13200,30200,Trustee Scholar,41200,0,N,Purchased Search Name,333,3,18,55,5,,None,Studio Art Portfolio,N,6,Less Selective Private,N,0.12,6
A26-103830,Fall 2026,Regular Decision,N,2025-12-28,Admit,College of Arts & Sciences,Psychology,3.78,77,Test Optional,,,1,3,3,2,2,N,,N,NY,Mid-Atlantic,US Citizen,240,152042,Private - Independent,0.298,N,None,Female,Hispanic or Latino,N,Not Reported,,0,0,19000,Dean's Scholar,65600,0,Y,College Fair,264,2,17,20,4,,None,,N,9,Peer Private,N,0.01,10
A26-106976,Fall 2026,ED I,Y,2025-10-13,Admit,College of Fine Arts,Studio Art,3.77,80,Test Optional,,,5,3,4,3,1,Y,5,Y,PA,Mid-Atlantic,US Citizen,95,912852,Public,0.521,N,None,Female,Asian,N,Not Reported,,0,0,20200,Dean's Scholar,64400,0,Y,Self-Initiated Inquiry,94,2,25,56,5,,None,Music - Instrumental,N,2,Peer Private,Y,0.985,1
A26-100466,Fall 2026,Early Action,N,2025-10-30,Waitlist Alternate,School of Engineering,Civil Engineering,3.83,86,Submitted,1370,,3,4,2,4,3,Y,4,N,MI,Midwest,US Citizen,499,260093,Public,0.193,N,None,Male,White,Y,$100K - $149K,20000,64600,64600,16500,Trustee Scholar,3500,0,N,Purchased Search Name,259,1,10,69,4,,None,,N,3,None Reported,Y,0.241,4
A26-101085,Fall 2026,Regular Decision,N,2026-01-12,Admit,School of Business,Management,3.51,70,Submitted,1240,,3,2,2,2,1,N,,N,VNM,International,International,8434,000000,International School,0.166,N,None,Female,Black or African American,N,Not Reported,,0,0,11900,Founders Award,72700,0,Y,Athletic Recruiting,188,0,5,58,2,Rowing,Tip,,N,4,More Selective Private,N,0.01,10
A26-101366,Fall 2026,Early Action,N,2025-11-08,Admit,School of Nursing & Health,Health Administration,3.76,86,Submitted,1380,,3,4,3,3,3,Y,3,Y,CT,New England,US Citizen,204,667923,Public,0.259,Y,None,Male,Not Reported,Y,$60K - $99K,6500,78100,70900,10200,Trustee Scholar,3500,0,N,Campus Visit Walk-In,179,3,28,99,5,,None,,N,5,Peer Private,Y,0.561,2
A26-105778,Fall 2026,Early Action,N,2025-10-24,Waitlist Alternate,School of Engineering,Civil Engineering,3.75,82,Submitted,1350,,5,3,4,4,4,N,,N,PA,Mid-Atlantic,US Citizen,23,308412,Charter,0.32,N,None,Male,Black or African American,Y,$100K - $149K,36800,47800,35700,20400,Dean's Scholar,28500,0,N,College Fair,342,2,21,62,5,,None,,N,5,Peer Private,N,0.107,6
A26-101361,Fall 2026,Regular Decision,N,2025-12-03,Admit - Committee Hold,School of Business,Marketing,3.35,72,Test Optional,,,0,2,3,2,3,N,,N,MI,Midwest,US Citizen,478,718445,Charter,0.313,N,None,Male,Asian,Y,$150K - $249K,60700,23900,18100,11000,Founders Award,55500,0,N,Purchased Search Name,379,1,18,51,4,,None,,N,9,In-State Flagship Public,Y,0.026,9
A26-101484,Fall 2026,Early Action,N,2025-11-14,Admit,College of Arts & Sciences,History,3.55,81,Test Optional,,,6,3,4,3,3,Y,4,N,NC,South,US Citizen,434,206144,Public,0.219,N,None,Female,White,Y,$100K - $149K,22300,62300,42000,21400,Dean's Scholar,21200,0,N,Purchased Search Name,269,1,11,44,4,,None,,N,3,More Selective Private,Y,0.116,6
A26-105068,Fall 2026,Regular Decision,N,2025-12-21,Admit,School of Business,Management,3.70,71,Test Optional,,,3,3,3,3,2,N,,N,PA,Mid-Atlantic,US Citizen,123,826319,Public,0.29,N,None,Male,White,Y,$60K - $99K,17600,67000,54200,15000,Dean's Scholar,15400,0,N,Campus Visit Walk-In,202,5,30,69,5,,None,,N,5,None Reported,N,0.233,4
A26-104898,Fall 2026,Regular Decision,N,2025-12-15,Admit,College of Arts & Sciences,Psychology,3.19,60,Submitted,1110,25,1,2,3,3,2,Y,3,N,OR,West,US Citizen,2438,472141,Parochial,0.449,N,None,Female,Hispanic or Latino,Y,$60K - $99K,13400,71200,62100,6300,Founders Award,16200,2800,N,Purchased Search Name,324,1,17,51,4,,None,,N,5,Out-of-State Public,Y,0.143,5
A26-102786,Fall 2026,ED II,Y,2025-12-20,Admit,College of Arts & Sciences,English,3.48,64,Test Optional,,,3,3,3,3,2,N,,N,OH,Midwest,US Citizen,370,610404,Public,0.12,N,None,Male,Black or African American,Y,$100K - $149K,22200,62400,47000,18100,Dean's Scholar,19500,0,N,Counselor Referral,316,3,18,79,5,,None,,N,5,In-State Flagship Public,Y,0.978,1
A26-101433,Fall 2026,Regular Decision,N,2025-12-26,Admit,College of Arts & Sciences,Sociology,3.55,80,Submitted,1320,,4,3,3,3,1,N,,N,DE,Mid-Atlantic,US Citizen,170,668070,Public,0.283,N,None,Male,White,Y,$150K - $249K,41300,43300,40100,14600,Dean's Scholar,29900,0,N,Purchased Search Name,464,1,18,56,4,,None,,N,4,None Reported,N,0.06,8
A26-100413,Fall 2026,Early Action,N,2025-11-10,Admit,College of Arts & Sciences,English,3.34,69,Submitted,,25,2,2,4,3,3,Y,3,N,PA,Mid-Atlantic,US Citizen,161,367072,Private - Independent,0.309,N,None,Male,Black or African American,Y,$100K - $149K,29100,55500,42300,6900,Founders Award,35400,6300,N,Common App Only,80,2,2,48,4,,None,,N,6,In-State Flagship Public,Y,0.183,5
A26-100228,Fall 2026,Regular Decision,N,2025-12-30,Admit,College of Arts & Sciences,Political Science,3.92,93,Submitted,1440,,8,4,5,5,5,N,,Y,NY,Mid-Atlantic,US Citizen,331,475085,Public,0.048,Y,None,Female,Hispanic or Latino,Y,$100K - $149K,31100,53500,49500,30400,Trustee Scholar,4700,0,N,Counselor Referral,223,0,14,44,3,,None,,N,8,In-State Flagship Public,N,0.01,10
A26-105671,Fall 2026,Early Action,N,2025-10-21,Admit,School of Engineering,Electrical Engineering,3.72,87,Submitted,1320,30,5,3,4,2,3,N,,N,TX,Southwest,US Citizen,1493,177101,Public,0.253,N,None,Female,Hispanic or Latino,Y,$100K - $149K,32600,52000,40000,15600,Dean's Scholar,29000,0,N,College Fair,284,0,19,55,3,,None,Published Research,N,5,More Selective Private,N,0.014,9
A26-105931,Fall 2026,Regular Decision,N,2026-01-08,Admit,School of Business,Marketing,3.64,75,Test Optional,,,3,3,2,3,3,Y,4,N,MD,Mid-Atlantic,US Citizen,144,284139,Public,0.309,N,None,Female,Two or More Races,Y,$30K - $59K,6100,78500,59700,15000,Dean's Scholar,9900,3800,N,Common App Only,76,3,9,83,5,,None,,N,9,In-State Flagship Public,N,0.035,8
A26-102436,Fall 2026,Early Action,N,2025-10-27,Admit,School of Engineering,Electrical Engineering,3.63,81,Submitted,1310,,4,3,3,3,4,N,,N,PA,Mid-Atlantic,US Citizen,39,912312,Private - Independent,0.255,Y,None,Female,White,Y,$150K - $249K,37300,47300,35400,13000,Dean's Scholar,36200,0,N,Paid Digital Campaign,206,4,32,33,5,,None,,N,4,More Selective Private,Y,0.37,3
A26-102859,Fall 2026,Early Action,N,2025-11-03,Admit,School of Engineering,Biomedical Engineering,3.72,81,Test Optional,,,5,3,4,2,4,Y,4,Y,IND,International,International,7995,000000,International School,0.126,N,None,Male,White,Y,$150K - $249K,65600,19000,17900,21100,Dean's Scholar,45600,0,N,Purchased Search Name,264,1,15,100,5,,None,,N,7,Peer Private,N,0.01,10
A26-105853,Fall 2026,Regular Decision,N,2025-12-16,Admit,College of Arts & Sciences,Neuroscience,3.31,62,Test Optional,,,0,2,2,3,4,N,,N,OH,Midwest,US Citizen,364,802399,Public,0.257,N,None,Female,Hispanic or Latino,Y,$150K - $249K,45400,39200,34500,13000,Founders Award,37100,0,N,Athletic Recruiting,187,4,37,70,5,Rowing,Tip,,N,3,Less Selective Private,Y,0.764,2
A26-103693,Fall 2026,ED II,Y,2025-12-10,Admit,College of Arts & Sciences,Biology,3.55,80,Test Optional,,,3,3,3,2,4,N,,N,NGA,International,International,5350,000000,International School,0.104,N,None,Male,Asian,Y,$60K - $99K,19900,64700,53400,16000,Dean's Scholar,15200,0,N,Counselor Referral,94,0,4,29,1,,None,Music - Instrumental,N,3,Out-of-State Public,Y,0.798,2
A26-100366,Fall 2026,Regular Decision,N,2025-11-24,Admit,School of Engineering,Chemical Engineering,3.81,87,Test Optional,,,3,4,2,4,3,N,,Y,PA,Mid-Atlantic,US Citizen,63,308412,Charter,0.32,N,None,Male,Asian,Y,$100K - $149K,34200,50400,50400,24300,Trustee Scholar,9900,0,N,Purchased Search Name,231,1,7,71,3,,None,,N,4,Peer Private,N,0.098,6
A26-107844,Fall 2026,Regular Decision,N,2025-11-23,Waitlist Alternate,School of Engineering,Computer Science,3.37,68,Submitted,1200,,0,2,3,2,3,N,,N,PA,Mid-Atlantic,US Citizen,199,898488,Private - Independent,0.24,N,None,Female,Black or African American,Y,$250K and above,163300,0,0,7000,Founders Award,77600,0,Y,Purchased Search Name,273,4,26,96,5,,None,,N,5,Peer Private,Y,0.214,4
A26-106956,Fall 2026,Regular Decision,N,2025-12-18,Admit,College of Arts & Sciences,Chemistry,3.82,90,Submitted,1300,32,8,4,2,4,3,Y,3,Y,VA,South,US Citizen,411,201088,Public,0.279,Y,None,Female,Black or African American,Y,$150K - $249K,62400,22200,22100,27100,Trustee Scholar,35400,0,N,Purchased Search Name,406,2,17,72,5,,None,,N,2,More Selective Private,N,0.061,8
A26-101479,Fall 2026,Regular Decision,N,2025-12-22,Admit,School of Business,Business Analytics,3.36,60,Test Optional,,,3,2,3,2,2,N,,N,NJ,Mid-Atlantic,US Citizen,114,467943,Public,0.218,Y,Parent,Male,Hispanic or Latino,Y,$100K - $149K,32700,51900,39300,7200,Founders Award,38100,5400,N,Paid Digital Campaign,48,4,24,60,5,,None,,N,5,In-State Flagship Public,N,0.114,6
A26-102115,Fall 2026,Early Action,N,2025-10-18,Admit,School of Business,Supply Chain Management,4.05,97,Submitted,1480,32,9,4,5,3,5,N,,N,AZ,West,US Citizen,2286,733355,Public,0.255,N,None,Male,Hispanic or Latino,Y,$250K and above,125400,0,0,27300,Trustee Scholar,57300,0,Y,Purchased Search Name,170,1,4,70,3,,None,,N,5,Out-of-State Public,N,0.011,10
A26-104297,Fall 2026,ED I,Y,2025-10-22,Admit,School of Engineering,Chemical Engineering,3.59,78,Submitted,1280,,6,3,4,5,2,N,,N,CT,New England,US Citizen,196,676686,Home School,0.252,N,None,Female,Hispanic or Latino,Y,$100K - $149K,26400,58200,49500,20900,Dean's Scholar,14200,0,N,Counselor Referral,280,3,21,68,5,,None,,N,4,Less Selective Private,Y,0.985,1
A26-102935,Fall 2026,Early Action,N,2025-10-19,Admit,College of Arts & Sciences,Psychology,3.66,80,Test Optional,,,3,3,3,1,4,N,,N,MD,Mid-Atlantic,US Citizen,101,329361,Public,0.158,N,Parent,Female,Black or African American,Y,Under $30K,0,84600,57200,16500,Dean's Scholar,10900,10900,N,College Fair,66,5,38,98,5,,None,,N,8,Less Selective Private,N,0.256,4
A26-101320,Fall 2026,Regular Decision,N,2025-11-29,Admit,School of Business,Management,3.21,64,Test Optional,,,2,2,2,3,4,N,,N,RI,New England,US Citizen,277,350554,Public,0.334,N,None,Female,White,N,Not Reported,,0,0,11200,Founders Award,73400,0,Y,Self-Initiated Inquiry,147,4,34,67,5,,None,,N,4,Regional Public,N,0.098,6
A26-101884,Fall 2026,Regular Decision,N,2025-12-08,Waitlist Alternate,College of Arts & Sciences,Sociology,4.07,88,Test Optional,,,8,4,4,5,3,N,,Y,MD,Mid-Atlantic,US Citizen,196,549515,Public,0.361,N,None,Male,White,Y,$100K - $149K,19400,65200,65100,16000,Trustee Scholar,3500,0,N,Athletic Recruiting,247,5,30,92,5,Golf,Coach Support,,N,5,In-State Flagship Public,N,0.304,3
A26-106638,Fall 2026,Early Action,N,2025-11-08,Admit - Committee Hold,School of Engineering,Chemical Engineering,3.38,67,Test Optional,,,0,2,3,3,2,Y,5,N,NJ,Mid-Atlantic,US Citizen,227,750655,Public,0.251,N,None,Male,Not Reported,Y,$100K - $149K,17400,67200,52600,8500,Founders Award,23500,6100,N,Purchased Search Name,285,2,18,66,5,,None,,N,3,More Selective Private,N,0.081,7
A26-101530,Fall 2026,Early Action,N,2025-11-06,Admit,College of Arts & Sciences,Communication,3.59,71,Test Optional,,,2,3,4,3,3,Y,4,N,NJ,Mid-Atlantic,US Citizen,116,467943,Public,0.218,Y,None,Female,Hispanic or Latino,Y,$150K - $249K,47900,36700,30700,16400,Dean's Scholar,37500,0,N,Campus Visit Walk-In,215,5,34,96,5,,None,,N,2,Less Selective Private,Y,0.751,2
A26-103805,Fall 2026,Regular Decision,N,2025-11-24,Waitlist Alternate,College of Arts & Sciences,Sociology,3.55,74,Submitted,1290,,3,3,2,3,2,Y,4,N,FL,South,Permanent Resident,1058,554380,Public,0.249,N,None,Female,White,Y,$150K - $249K,46300,38300,33000,19500,Dean's Scholar,32100,0,N,Campus Visit Walk-In,3,2,15,28,5,,None,,N,3,Out-of-State Public,N,0.036,8
A26-104356,Fall 2026,Regular Decision,N,2026-01-12,Admit,College of Arts & Sciences,Undeclared,3.31,73,Submitted,1200,,5,3,3,2,4,N,,N,NY,Mid-Atlantic,US Citizen,390,133994,Public,0.262,Y,Parent,Female,Hispanic or Latino,Y,$150K - $249K,69200,15400,11700,17100,Dean's Scholar,55800,0,N,High School Visit,83,1,18,47,4,,None,,N,4,More Selective Private,N,0.025,9
A26-103426,Fall 2026,Regular Decision,N,2025-11-25,Admit,School of Business,Finance,3.57,79,Submitted,1320,,3,3,3,5,4,N,,N,CT,New England,US Citizen,306,667923,Public,0.259,N,None,Female,Hispanic or Latino,Y,$100K - $149K,38900,45700,37800,14400,Dean's Scholar,32400,0,N,Paid Digital Campaign,259,2,25,37,5,,None,,N,4,In-State Flagship Public,Y,0.149,5
A26-105392,Fall 2026,Early Action,N,2025-11-15,Admit,School of Nursing & Health,Nursing (BSN),3.79,82,Test Optional,,,6,4,3,2,3,N,,Y,NY,Mid-Atlantic,US Citizen,325,595173,Charter,0.428,N,None,Female,Asian,Y,$150K - $249K,67300,17300,14500,23800,Trustee Scholar,46300,0,N,Self-Initiated Inquiry,135,2,16,48,4,,None,,N,3,None Reported,N,0.137,5
A26-103894,Fall 2026,Early Action,N,2025-10-22,Admit,School of Business,Accounting,3.93,88,Test Optional,,,10,4,3,4,3,N,,Y,NJ,Mid-Atlantic,US Citizen,105,828449,Public,0.332,N,None,Male,Hispanic or Latino,Y,$150K - $249K,66100,18500,16500,25700,Trustee Scholar,42400,0,N,Purchased Search Name,435,5,37,85,5,,None,,N,6,More Selective Private,Y,0.246,4
A26-104829,Fall 2026,Regular Decision,N,2026-01-05,Admit,School of Business,Marketing,3.52,76,Submitted,1250,,4,3,2,3,2,Y,3,N,TX,Southwest,US Citizen,1515,957274,Private - Independent,0.06,N,None,Male,Hispanic or Latino,Y,$100K - $149K,30000,54600,52600,18200,Dean's Scholar,13800,0,N,College Fair,303,0,18,43,4,,None,,N,3,In-State Flagship Public,N,0.021,9
A26-100480,Fall 2026,Regular Decision,N,2025-12-08,Admit,College of Arts & Sciences,Biology,3.26,73,Submitted,1170,,3,2,3,2,3,Y,3,N,VA,South,US Citizen,183,254970,Public,0.327,N,None,Female,Black or African American,Y,$30K - $59K,3600,81000,47300,13000,Founders Award,24300,20700,N,High School Visit,374,4,39,100,5,,None,,N,1,In-State Flagship Public,Y,0.501,2
A26-101046,Fall 2026,Regular Decision,N,2025-12-22,Admit,College of Arts & Sciences,Sociology,3.48,71,Test Optional,,,2,3,4,4,3,N,,N,KOR,International,International,6861,000000,International School,0.136,N,None,Male,Not Reported,Y,$60K - $99K,7500,77100,67400,13700,Dean's Scholar,3500,0,N,Athletic Recruiting,211,0,0,58,1,Baseball,Coach Support,,N,3,More Selective Private,N,0.01,10
A26-104182,Fall 2026,Early Action,N,2025-10-31,Admit,College of Arts & Sciences,Economics,3.49,69,Submitted,1190,,4,3,4,3,1,Y,3,N,NY,Mid-Atlantic,US Citizen,388,152042,Private - Independent,0.298,Y,Grandparent,Male,Asian,N,Not Reported,,0,0,17300,Dean's Scholar,67300,0,Y,Counselor Referral,178,1,12,68,4,,None,,N,5,None Reported,N,0.065,7
A26-102745,Fall 2026,Regular Decision,N,2026-01-14,Waitlist Alternate,College of Arts & Sciences,Psychology,3.50,76,Test Optional,,,2,3,3,3,3,N,,N,NY,Mid-Atlantic,US Citizen,392,945888,Parochial,0.309,N,None,Female,White,Y,$60K - $99K,5600,79000,67200,13900,Dean's Scholar,3500,0,N,Common App Only,3,1,1,58,2,,None,,N,5,Peer Private,N,0.029,9
A26-102512,Fall 2026,ED II,Y,2025-12-16,Admit,College of Arts & Sciences,History,3.19,53,Submitted,,24,0,2,5,1,3,Y,5,N,TN,South,US Citizen,667,558283,Public,0.327,N,None,Male,Asian,Y,$30K - $59K,3700,80900,62700,12400,Founders Award,9500,5800,N,Purchased Search Name,232,0,0,77,3,,None,,N,1,Out-of-State Public,Y,0.985,1
A26-105954,Fall 2026,Early Action,N,2025-10-28,Admit,School of Nursing & Health,Public Health,3.91,90,Test Optional,,,7,3,2,3,4,N,,N,PA,Mid-Atlantic,US Citizen,51,129435,Private - Independent,0.325,N,Grandparent,Male,White,Y,$30K - $59K,7300,77300,63500,17600,Dean's Scholar,3500,0,N,Athletic Recruiting,183,5,38,96,5,Rowing,Slot,,Y,4,Peer Private,N,0.981,1
A26-101968,Fall 2026,Regular Decision,N,2026-01-09,Admit - Committee Hold,College of Arts & Sciences,English,3.88,82,Submitted,1370,,5,4,5,3,4,N,,Y,FL,South,US Citizen,996,407537,Private - Independent,0.04,N,None,Female,Asian,Y,$100K - $149K,30800,53800,42500,24100,Trustee Scholar,18000,0,N,Self-Initiated Inquiry,351,1,2,43,2,,None,,N,4,More Selective Private,N,0.01,10
A26-103786,Fall 2026,ED I,Y,2025-10-16,Admit,School of Nursing & Health,Health Administration,3.79,86,Test Optional,,,5,4,4,4,4,N,,Y,GBR,International,International,3212,000000,International School,0.215,Y,Sibling,Male,Asian,Y,$60K - $99K,14900,69700,60000,21100,Trustee Scholar,3500,0,N,Common App Only,4,0,8,30,2,,None,,N,2,Peer Private,N,0.891,2
A26-107113,Fall 2026,Early Action,N,2025-10-21,Admit,College of Arts & Sciences,History,3.34,64,Submitted,1210,,0,2,3,3,1,Y,2,N,PA,Mid-Atlantic,US Citizen,15,879707,Public,0.315,N,None,Male,Two or More Races,Y,$150K - $249K,46200,38400,28100,12800,Founders Award,43700,0,N,Campus Visit Walk-In,226,4,32,82,5,,None,,N,3,Less Selective Private,N,0.507,2
A26-103602,Fall 2026,ED I,Y,2025-10-22,Admit,School of Engineering,Computer Science,3.57,76,Submitted,1220,,2,3,2,3,3,N,,N,DC,Mid-Atlantic,US Citizen,179,859983,Private - Independent,0.207,N,None,Female,White,Y,$150K - $249K,57900,26700,21500,19500,Dean's Scholar,43600,0,N,Athletic Recruiting,187,2,27,65,5,,None,Theatre Audition,N,5,Peer Private,N,0.956,1
A26-100274,Fall 2026,Regular Decision,N,2025-12-08,Admit - Committee Hold,School of Business,Supply Chain Management,3.50,73,Submitted,1200,,4,2,2,4,3,N,,N,NJ,Mid-Atlantic,US Citizen,147,512063,Parochial,0.376,Y,None,Female,White,Y,$150K - $249K,55100,29500,20500,9400,Founders Award,54700,0,N,Athletic Recruiting,88,2,14,49,4,,None,,N,6,None Reported,N,0.055,8
A26-107985,Fall 2026,Regular Decision,N,2025-12-05,Admit,College of Arts & Sciences,Biology,3.53,67,Test Optional,,,0,3,4,2,3,N,,Y,GHA,International,International,5096,000000,International School,0.158,N,None,Not Reported,Asian,Y,$250K and above,145800,0,0,23000,Dean's Scholar,61600,0,Y,Purchased Search Name,387,0,7,68,2,,None,,N,5,Peer Private,N,0.01,10
A26-105214,Fall 2026,Regular Decision,N,2025-12-05,Admit,College of Arts & Sciences,Economics,3.82,82,Test Optional,,,6,3,4,4,4,Y,3,Y,PA,Mid-Atlantic,US Citizen,181,826319,Public,0.29,Y,None,Female,White,Y,$150K - $249K,37800,46800,44800,22000,Dean's Scholar,17800,0,N,Purchased Search Name,86,3,24,70,5,,None,,N,4,Less Selective Private,N,0.295,4
A26-101979,Fall 2026,Regular Decision,N,2025-11-30,Waitlist Alternate,School of Nursing & Health,Exercise Science,3.14,65,Test Optional,,,0,2,3,1,2,Y,1,N,NY,Mid-Atlantic,US Citizen,115,275729,Public,0.312,N,None,Female,Asian,N,Not Reported,,0,0,8000,Founders Award,76600,0,Y,Campus Visit Walk-In,141,5,21,59,5,,None,,N,1,Less Selective Private,N,0.314,3
A26-101001,Fall 2026,Early Action,N,2025-11-10,Admit,College of Arts & Sciences,Environmental Science,3.60,77,Submitted,,27,2,3,3,5,2,N,,N,FL,South,US Citizen,1081,554380,Public,0.249,N,None,Female,White,Y,$30K - $59K,2200,82400,68100,13000,Dean's Scholar,3500,1300,N,Paid Digital Campaign,298,1,9,39,3,,None,,N,5,More Selective Private,N,0.029,9
A26-106786,Fall 2026,Regular Decision,N,2025-12-13,Admit,College of Arts & Sciences,Political Science,3.36,67,Submitted,1250,,3,2,3,4,2,N,,N,VT,New England,US Citizen,495,576708,Parochial,0.355,N,None,Male,Black or African American,Y,$100K - $149K,26800,57800,40000,7400,Founders Award,37200,10400,N,Campus Visit Walk-In,275,0,12,45,2,,None,,N,3,None Reported,N,0.04,8
A26-106293,Fall 2026,Regular Decision,N,2025-12-07,Admit - Committee Hold,College of Arts & Sciences,Environmental Science,3.47,76,Submitted,1260,,2,3,3,2,1,N,,N,WI,Midwest,US Citizen,680,694159,Parochial,0.366,N,None,Female,Hispanic or Latino,Y,$250K and above,128500,0,0,14100,Dean's Scholar,70500,0,Y,College Fair,73,3,16,54,5,,None,,N,6,More Selective Private,N,0.018,9
A26-100454,Fall 2026,ED I,Y,2025-10-30,Admit,School of Business,Accounting,3.48,77,Submitted,1280,,4,3,4,2,3,Y,4,N,VA,South,US Citizen,285,846587,Public,0.212,N,None,Female,Black or African American,Y,$100K - $149K,21000,63600,60500,20600,Dean's Scholar,3500,0,N,College Fair,217,5,33,100,5,,None,,N,7,Regional Public,Y,0.985,1
A26-107724,Fall 2026,Regular Decision,N,2025-11-23,Admit,College of Arts & Sciences,Chemistry,3.64,69,Submitted,1280,,4,3,4,3,3,N,,N,PA,Mid-Atlantic,US Citizen,186,992847,Private - Independent,0.436,N,None,Female,Hispanic or Latino,N,Not Reported,,0,0,21000,Dean's Scholar,63600,0,Y,Common App Only,150,3,22,62,5,,None,,N,2,More Selective Private,Y,0.122,6
A26-100753,Fall 2026,Regular Decision,N,2026-01-02,Admit,School of Business,Management,3.59,84,Submitted,1330,,4,3,3,2,3,N,,N,NGA,International,International,5382,000000,International School,0.03,N,None,Male,White,Y,$60K - $99K,12900,71700,71700,9400,Dean's Scholar,3500,0,N,Purchased Search Name,280,0,12,51,3,,None,,N,6,More Selective Private,N,0.01,10
A26-106580,Fall 2026,Regular Decision,N,2025-11-28,Admit - Committee Hold,School of Business,Finance,3.87,82,Submitted,1290,,6,3,4,3,2,Y,3,Y,PA,Mid-Atlantic,US Citizen,97,236005,Public,0.412,N,None,Female,White,Y,$30K - $59K,3300,81300,69900,11200,Dean's Scholar,3500,200,N,Self-Initiated Inquiry,93,2,22,20,5,,None,,N,6,Less Selective Private,N,0.255,4
A26-108154,Fall 2026,Regular Decision,N,2026-01-11,Admit,College of Fine Arts,Music Performance,3.44,71,Test Optional,,,4,2,3,4,3,Y,2,N,NJ,Mid-Atlantic,US Citizen,180,750655,Public,0.251,N,None,Female,Asian,Y,$30K - $59K,1700,82900,65900,6700,Founders Award,12000,10300,N,Purchased Search Name,481,1,4,44,3,,None,Music - Vocal,N,3,Out-of-State Public,N,0.101,6
A26-105721,Fall 2026,Regular Decision,N,2025-11-28,Waitlist Alternate,College of Arts & Sciences,Mathematics,3.96,96,Submitted,1440,,8,4,4,3,4,N,,Y,NY,Mid-Atlantic,US Citizen,347,897916,Parochial,0.228,N,None,Female,White,Y,$150K - $249K,66600,18000,14100,26200,Trustee Scholar,44300,0,N,Self-Initiated Inquiry,122,3,29,55,5,,None,,N,6,Less Selective Private,Y,0.232,4
A26-101667,Fall 2026,Early Action,N,2025-11-12,Admit,School of Nursing & Health,Nursing (BSN),3.09,58,Test Optional,,,2,2,3,1,3,N,,N,IL,Midwest,US Citizen,661,398195,Private - Independent,0.187,N,None,Female,White,Y,$60K - $99K,17600,67000,56200,12900,Founders Award,15500,0,N,College Fair,174,3,18,100,5,,None,,N,6,More Selective Private,N,0.054,8
A26-101682,Fall 2026,Regular Decision,N,2026-01-10,Admit,School of Business,Supply Chain Management,3.60,75,Submitted,1340,29,5,3,2,3,4,N,,N,WA,West,US Citizen,2491,164941,Public,0.178,N,None,Male,Hispanic or Latino,Y,$60K - $99K,8800,75800,57200,16800,Dean's Scholar,10600,1800,N,Self-Initiated Inquiry,248,1,20,60,4,,None,,N,6,None Reported,Y,0.057,8
A26-103205,Fall 2026,Regular Decision,N,2026-01-02,Admit,School of Engineering,Chemical Engineering,3.48,79,Test Optional,,,4,3,3,3,4,N,,N,PA,Mid-Atlantic,US Citizen,251,278119,Public,0.339,N,None,Female,Black or African American,Y,$150K - $249K,62900,21700,18400,15400,Dean's Scholar,50800,0,N,Purchased Search Name,186,2,22,73,5,,None,,N,4,In-State Flagship Public,N,0.065,7
A26-107071,Fall 2026,ED I,Y,2025-10-30,Admit,School of Business,Finance,3.61,81,Test Optional,,,3,3,4,2,4,Y,4,N,ME,New England,US Citizen,511,454355,Public,0.192,Y,None,Female,Hispanic or Latino,Y,$100K - $149K,18900,65700,62100,17900,Dean's Scholar,4600,0,N,College Fair,77,3,29,87,5,,None,,N,5,Less Selective Private,Y,0.985,1
A26-101294,Fall 2026,Regular Decision,N,2025-12-09,Waitlist Alternate,College of Arts & Sciences,Undeclared,3.77,81,Test Optional,,,5,3,4,5,3,Y,3,N,NJ,Mid-Atlantic,US Citizen,182,828449,Public,0.332,N,None,Female,White,Y,Under $30K,0,84600,66800,14300,Dean's Scholar,3500,3500,N,Paid Digital Campaign,12,5,28,79,5,,None,,N,2,In-State Flagship Public,N,0.399,3
A26-106598,Fall 2026,Early Action,N,2025-10-28,Admit,School of Engineering,Biomedical Engineering,3.74,84,Submitted,1350,,6,4,4,3,3,N,,N,PA,Mid-Atlantic,US Citizen,70,126955,Public,0.375,Y,None,Female,Asian,Y,$30K - $59K,7000,77600,63100,18000,Trustee Scholar,3500,0,N,Self-Initiated Inquiry,118,3,20,77,5,,None,Debate / Speech,N,4,In-State Flagship Public,N,0.403,3
A26-106529,Fall 2026,Regular Decision,N,2025-11-23,Admit - Committee Hold,School of Business,Supply Chain Management,3.38,71,Submitted,1180,,5,2,3,3,5,Y,3,N,PA,Mid-Atlantic,US Citizen,147,737466,Public,0.171,Y,None,Female,Asian,Y,$100K - $149K,29500,55100,37300,12300,Founders Award,35000,5500,N,College Fair,84,4,22,78,5,,None,,N,4,Regional Public,N,0.247,4
A26-103778,Fall 2026,Regular Decision,N,2025-12-02,Admit - Committee Hold,College of Arts & Sciences,Psychology,3.29,62,Submitted,1210,,0,2,2,3,3,Y,3,N,PA,Mid-Atlantic,US Citizen,167,259201,Public,0.428,N,None,Male,Asian,Y,$150K - $249K,56600,28000,28000,8300,Founders Award,48300,0,N,Athletic Recruiting,192,5,28,80,5,Wrestling,Tip,,N,2,More Selective Private,Y,0.818,2
A26-107201,Fall 2026,Regular Decision,N,2025-12-18,Waitlist Alternate,School of Engineering,Mechanical Engineering,3.54,73,Submitted,1280,,4,3,4,2,4,N,,N,NH,New England,US Citizen,444,662565,Public,0.15,N,None,Male,White,Y,$60K - $99K,7200,77400,61200,15600,Dean's Scholar,7800,600,N,Campus Visit Walk-In,336,3,26,60,5,,None,,N,7,None Reported,Y,0.144,5
A26-106882,Fall 2026,ED I,Y,2025-10-13,Admit,School of Business,Business Analytics,3.93,87,Submitted,1390,,8,4,2,3,4,N,,Y,FL,South,US Citizen,932,554380,Public,0.249,N,None,Male,Hispanic or Latino,Y,$30K - $59K,1800,82800,65300,15800,Trustee Scholar,3500,1700,N,Self-Initiated Inquiry,269,0,11,26,2,,None,,N,6,More Selective Private,Y,0.921,1
A26-100533,Fall 2026,Regular Decision,N,2025-11-23,Admit,School of Engineering,Computer Science,3.62,76,Submitted,1280,,3,3,4,3,3,N,,Y,NC,South,US Citizen,530,343712,Private - Independent,0.261,N,None,Female,White,Y,$100K - $149K,23200,61400,60500,18100,Dean's Scholar,6000,0,N,Counselor Referral,228,1,13,65,4,,None,,N,4,Peer Private,N,0.054,8
A26-100671,Fall 2026,Regular Decision,N,2026-01-01,Admit,School of Engineering,Civil Engineering,3.67,79,Test Optional,,,5,3,1,2,2,N,,N,NY,Mid-Atlantic,US Citizen,122,133994,Public,0.262,N,None,Male,White,Y,$100K - $149K,18300,66300,57100,22200,Dean's Scholar,5300,0,N,Athletic Recruiting,233,5,40,67,5,Golf,Slot,Studio Art Portfolio,N,4,Out-of-State Public,N,0.805,2
A26-106007,Fall 2026,Regular Decision,N,2025-12-23,Admit,College of Arts & Sciences,History,3.67,82,Test Optional,,,4,3,3,3,4,N,,N,PA,Mid-Atlantic,US Citizen,52,367072,Private - Independent,0.309,N,None,Male,White,Y,$100K - $149K,26500,58100,50300,20500,Dean's Scholar,13800,0,N,High School Visit,233,1,6,54,3,,None,,N,2,In-State Flagship Public,Y,0.191,5
A26-107408,Fall 2026,ED II,Y,2025-12-25,Admit,College of Arts & Sciences,Communication,3.42,67,Submitted,1150,,3,2,3,2,3,N,,N,WA,West,US Citizen,2516,164941,Public,0.178,N,None,Female,Asian,Y,Under $30K,0,84600,76600,4500,Founders Award,3500,3500,N,Purchased Search Name,365,0,2,79,2,,None,,N,6,More Selective Private,Y,0.856,2
A26-101181,Fall 2026,Early Action,N,2025-10-21,Admit,School of Business,Accounting,3.53,68,Test Optional,,,3,3,4,1,4,N,,N,IN,Midwest,US Citizen,595,389753,Public,0.362,N,None,Female,White,N,Not Reported,,0,0,13700,Dean's Scholar,70900,0,Y,Self-Initiated Inquiry,283,1,16,21,3,,None,,N,3,Less Selective Private,Y,0.125,6
A26-105384,Fall 2026,Regular Decision,N,2025-12-27,Admit,School of Nursing & Health,Public Health,3.27,63,Test Optional,,,4,2,2,2,3,N,,N,NJ,Mid-Atlantic,US Citizen,220,704699,Private - Independent,0.141,N,None,Female,White,Y,$100K - $149K,17200,67400,50500,10100,Founders Award,24000,6800,N,Common App Only,3,4,21,42,5,,None,,N,5,Peer Private,Y,0.205,4
A26-100782,Fall 2026,Regular Decision,N,2026-01-04,Admit,School of Business,Finance,3.43,71,Submitted,1260,,3,3,3,3,3,N,,N,DC,Mid-Atlantic,US Citizen,156,859983,Private - Independent,0.207,Y,None,Male,White,N,Not Reported,,0,0,20100,Dean's Scholar,64500,0,Y,High School Visit,204,5,32,62,5,,None,,N,4,Less Selective Private,Y,0.342,3
A26-102738,Fall 2026,Early Action,N,2025-10-26,Admit,School of Nursing & Health,Nursing (BSN),3.62,69,Test Optional,,,3,3,3,2,3,Y,3,N,VA,South,US Citizen,233,254970,Public,0.327,N,None,Nonbinary,White,Y,$30K - $59K,6300,78300,76200,4900,Dean's Scholar,3500,0,N,Purchased Search Name,267,2,17,59,5,,None,Music - Instrumental,N,5,Peer Private,Y,0.506,2
A26-105253,Fall 2026,Regular Decision,N,2025-11-27,Admit,College of Arts & Sciences,Neuroscience,3.58,73,Submitted,1250,,3,3,2,3,3,Y,3,N,CO,West,US Citizen,1598,624049,Public,0.423,N,None,Male,White,Y,$150K - $249K,49300,35300,25100,18900,Dean's Scholar,40600,0,N,Self-Initiated Inquiry,357,1,22,47,5,,None,Music - Instrumental,N,4,Out-of-State Public,Y,0.196,5
A26-108022,Fall 2026,ED I,Y,2025-10-19,Admit,School of Engineering,Mechanical Engineering,3.53,74,Test Optional,,,5,3,2,4,4,N,,Y,PA,Mid-Atlantic,US Citizen,64,826319,Public,0.29,N,None,Female,Asian,Y,$100K - $149K,19900,64700,53200,14500,Dean's Scholar,16900,0,N,Purchased Search Name,243,3,18,81,5,,None,,N,5,In-State Flagship Public,Y,0.985,1
A26-105538,Fall 2026,Regular Decision,N,2025-12-20,Admit,College of Fine Arts,Studio Art,3.54,80,Test Optional,,,5,3,3,4,3,Y,4,N,ME,New England,US Citizen,618,454355,Public,0.192,Y,None,Male,Asian,Y,$60K - $99K,5400,79200,64300,16800,Dean's Scholar,3500,0,N,High School Visit,196,1,17,36,4,,None,Studio Art Portfolio,N,2,More Selective Private,N,0.055,8
A26-107886,Fall 2026,Regular Decision,N,2025-11-30,Admit,School of Business,Accounting,3.87,87,Submitted,,30,5,4,4,2,5,Y,5,Y,CHN,International,International,6961,000000,International School,0.096,N,None,Not Reported,Black or African American,N,Not Reported,,0,0,22600,Trustee Scholar,62000,0,Y,Purchased Search Name,395,0,2,47,2,,None,Music - Instrumental,N,3,Less Selective Private,Y,0.01,10
A26-101386,Fall 2026,Regular Decision,N,2025-12-17,Admit,College of Arts & Sciences,Neuroscience,3.75,86,Submitted,1360,,5,3,3,3,4,Y,3,N,PA,Mid-Atlantic,US Citizen,94,490704,Public,0.349,N,None,Female,White,N,Not Reported,,0,0,15700,Dean's Scholar,68900,0,Y,Purchased Search Name,237,2,12,85,5,,None,,N,7,None Reported,Y,0.148,5
A26-107719,Fall 2026,Regular Decision,N,2025-11-28,Admit,College of Arts & Sciences,Chemistry,3.48,79,Submitted,1230,26,3,3,2,2,3,N,,N,WA,West,US Citizen,2463,161429,Public,0.317,N,None,Male,Black or African American,Y,$60K - $99K,8500,76100,57800,17700,Dean's Scholar,9100,600,N,High School Visit,173,1,20,37,4,,None,,N,7,Peer Private,N,0.01,10
A26-104381,Fall 2026,Regular Decision,N,2025-12-04,Admit,School of Nursing & Health,Nursing (BSN),3.75,79,Test Optional,,,4,3,3,4,3,N,,N,NY,Mid-Atlantic,US Citizen,283,913379,Public,0.304,N,None,Male,White,Y,$100K - $149K,21600,63000,63000,18000,Dean's Scholar,3600,0,N,Self-Initiated Inquiry,247,5,26,93,5,,None,,N,4,Peer Private,N,0.329,3
A26-102096,Fall 2026,ED I,Y,2025-10-15,Admit,School of Engineering,Electrical Engineering,3.54,78,Test Optional,,,6,3,4,4,3,N,,Y,DC,Mid-Atlantic,US Citizen,172,859983,Private - Independent,0.207,N,None,Male,Hispanic or Latino,Y,$30K - $59K,300,84300,69000,12100,Dean's Scholar,3500,3200,N,Campus Visit Walk-In,151,0,5,48,2,,None,,N,5,In-State Flagship Public,Y,0.951,1
A26-105237,Fall 2026,Regular Decision,N,2025-12-11,Waitlist Alternate,School of Engineering,Chemical Engineering,3.07,57,Submitted,1150,20,0,1,1,3,3,Y,3,N,NY,Mid-Atlantic,US Citizen,160,728445,Public,0.242,N,None,Male,White,Y,$100K - $149K,17800,66800,45200,0,No Merit Award,39400,21600,N,College Fair,298,3,28,60,5,,None,,N,3,Out-of-State Public,Y,0.273,4
A26-105328,Fall 2026,Regular Decision,N,2025-12-08,Admit - Committee Hold,College of Arts & Sciences,History,3.55,85,Submitted,1260,,5,3,3,4,2,N,,N,PA,Mid-Atlantic,Permanent Resident,21,232110,Public,0.286,N,None,Male,Black or African American,N,Not Reported,,0,0,21100,Dean's Scholar,63500,0,Y,Self-Initiated Inquiry,194,4,33,56,5,,None,,N,4,Peer Private,Y,0.26,4
A26-105174,Fall 2026,Regular Decision,N,2025-12-09,Admit,College of Arts & Sciences,Sociology,3.18,68,Test Optional,,,1,2,2,2,4,N,,N,WI,Midwest,US Citizen,650,785305,Public,0.343,N,None,Not Reported,Two or More Races,Y,$60K - $99K,20300,64300,54400,8600,Founders Award,21600,1300,N,Paid Digital Campaign,208,3,29,73,5,,None,,N,0,None Reported,Y,0.606,2
A26-103567,Fall 2026,Regular Decision,N,2025-12-23,Admit,College of Arts & Sciences,Economics,3.60,73,Submitted,1270,,6,3,3,4,3,Y,5,N,GHA,International,International,5219,000000,International School,0.079,N,None,Female,Asian,Y,$60K - $99K,11900,72700,67500,13600,Dean's Scholar,3500,0,N,Self-Initiated Inquiry,211,0,9,64,3,,None,,N,4,More Selective Private,N,0.01,10
A26-107445,Fall 2026,ED II,Y,2025-12-21,Admit,School of Business,Finance,3.76,84,Submitted,1420,,7,4,3,3,1,Y,3,Y,NJ,Mid-Atlantic,US Citizen,239,861767,Public,0.245,N,None,Female,Hispanic or Latino,Y,$250K and above,96700,0,0,26100,Trustee Scholar,58500,0,Y,Purchased Search Name,236,4,29,60,5,,None,,N,4,More Selective Private,Y,0.979,1
A26-102018,Fall 2026,Early Action,N,2025-11-04,Waitlist Alternate,School of Engineering,Electrical Engineering,3.30,57,Submitted,1130,24,0,2,1,4,3,N,,N,OH,Midwest,US Citizen,516,802399,Public,0.257,Y,None,Male,Asian,Y,$100K - $149K,18300,66300,55000,7500,Founders Award,22100,3800,N,Purchased Search Name,342,2,21,36,5,,None,Music - Instrumental,N,4,More Selective Private,N,0.077,7
A26-104260,Fall 2026,Regular Decision,N,2025-12-07,Admit,College of Arts & Sciences,Neuroscience,3.51,85,Submitted,1400,,8,4,2,5,2,N,,N,SC,South,US Citizen,611,872992,Public,0.33,N,None,Male,White,Y,$60K - $99K,14400,70200,70200,10900,Trustee Scholar,3500,0,N,Purchased Search Name,242,1,8,44,3,,None,,N,5,Regional Public,N,0.046,8
A26-104511,Fall 2026,Regular Decision,N,2025-12-31,Admit,School of Engineering,Biomedical Engineering,3.31,60,Submitted,1130,23,3,2,3,3,4,N,,N,PA,Mid-Atlantic,US Citizen,94,674796,Public,0.293,N,None,Female,White,Y,$250K and above,144300,0,0,11600,Founders Award,73000,0,Y,Self-Initiated Inquiry,117,4,25,67,5,,None,,N,2,Peer Private,N,0.164,5
A26-108210,Fall 2026,Regular Decision,N,2026-01-08,Admit,College of Arts & Sciences,Economics,3.89,85,Test Optional,,,6,4,3,4,4,Y,2,N,NC,South,US Citizen,416,394145,Private - Independent,0.248,N,None,Male,Two or More Races,Y,$60K - $99K,11100,73500,67600,13500,Trustee Scholar,3500,0,N,Paid Digital Campaign,174,1,12,31,4,,None,,N,3,Peer Private,Y,0.104,6
A26-106030,Fall 2026,Early Action,N,2025-11-03,Admit - Committee Hold,School of Engineering,Chemical Engineering,3.32,66,Test Optional,,,2,2,2,3,3,Y,3,N,PA,Mid-Atlantic,US Citizen,126,259201,Public,0.428,N,None,Female,White,Y,$60K - $99K,8500,76100,44800,9000,Founders Award,30800,22300,N,Campus Visit Walk-In,269,4,34,80,5,,None,Debate / Speech,N,5,Less Selective Private,N,0.47,3
A26-105248,Fall 2026,Early Action,N,2025-10-19,Admit,School of Engineering,Civil Engineering,3.27,67,Test Optional,,,4,2,3,3,3,N,,N,MA,New England,US Citizen,387,265022,Private - Independent,0.262,N,None,Male,White,Y,$60K - $99K,11900,72700,64300,9300,Founders Award,11000,0,N,Athletic Recruiting,233,4,31,66,5,Football,Tip,,N,3,More Selective Private,Y,0.601,2
A26-108217,Fall 2026,Regular Decision,N,2026-01-02,Admit,School of Business,Accounting,3.44,76,Test Optional,,,2,2,1,4,2,N,,N,PA,Mid-Atlantic,US Citizen,247,738524,Public,0.32,N,None,Female,White,N,Not Reported,,0,0,13900,Founders Award,70700,0,Y,Counselor Referral,223,5,32,52,5,,None,,N,4,More Selective Private,N,0.071,7
A26-106394,Fall 2026,Regular Decision,N,2025-12-14,Admit,School of Business,Management,3.70,80,Submitted,1340,,6,3,3,1,4,N,,N,NGA,International,International,5550,000000,International School,0.11,N,None,Female,Black or African American,Y,Under $30K,1600,83000,60500,17500,Dean's Scholar,6600,5000,N,Common App Only,193,0,12,72,3,,None,,N,6,Peer Private,N,0.01,10
A26-100816,Fall 2026,Regular Decision,N,2025-12-14,Admit,School of Business,Marketing,3.47,69,Submitted,1300,,4,3,3,3,3,N,,N,NJ,Mid-Atlantic,US Citizen,99,665092,Charter,0.241,N,None,Female,White,Y,$30K - $59K,4900,79700,69100,12000,Dean's Scholar,3500,0,N,College Fair,189,3,14,52,5,,None,,N,4,More Selective Private,Y,0.153,5
A26-103219,Fall 2026,Early Action,N,2025-11-12,Waitlist Alternate,College of Arts & Sciences,English,3.00,60,Test Optional,,,0,1,4,2,2,Y,3,N,MA,New England,US Citizen,402,456105,Public,0.334,N,None,Female,White,Y,$100K - $149K,40800,43800,34500,1000,No Merit Award,49100,8300,N,Campus Visit Walk-In,3,3,19,59,5,,None,,Y,5,More Selective Private,N,0.09,7
A26-106288,Fall 2026,Regular Decision,N,2026-01-14,Admit,College of Arts & Sciences,Mathematics,3.27,60,Submitted,,25,2,2,3,4,3,N,,N,NJ,Mid-Atlantic,US Citizen,123,783357,Public,0.256,N,None,Nonbinary,White,Y,$150K - $249K,51100,33500,28800,6100,Founders Award,49700,0,N,Purchased Search Name,300,3,19,33,5,,None,,N,3,In-State Flagship Public,N,0.077,7
A26-106371,Fall 2026,Regular Decision,N,2025-11-22,Admit,College of Arts & Sciences,Biology,3.08,55,Test Optional,,,0,1,3,2,1,N,,N,CT,New England,US Citizen,284,667923,Public,0.259,N,None,Male,White,Y,$250K and above,105000,0,0,0,No Merit Award,84600,0,Y,Purchased Search Name,251,3,23,82,5,,None,Dance Audition,N,0,None Reported,N,0.273,4
A26-105996,Fall 2026,ED I,Y,2025-10-21,Admit,College of Arts & Sciences,Chemistry,3.75,88,Submitted,1320,,7,4,4,4,3,N,,Y,PA,Mid-Atlantic,US Citizen,116,812817,Public,0.277,N,None,Female,Asian,Y,$30K - $59K,4400,80200,76600,4500,Trustee Scholar,3500,0,N,Paid Digital Campaign,133,4,31,52,5,,None,,N,7,Less Selective Private,Y,0.985,1
A26-103587,Fall 2026,Early Action,N,2025-11-03,Admit,School of Business,Business Analytics,3.98,93,Submitted,1330,,6,4,4,1,3,N,,N,CT,New England,US Citizen,228,343307,Public,0.255,N,None,Female,Hispanic or Latino,Y,$100K - $149K,40500,44100,35900,26700,Trustee Scholar,22000,0,N,Purchased Search Name,182,3,16,45,5,,None,,N,5,Peer Private,N,0.082,7
A26-104285,Fall 2026,Regular Decision,N,2025-12-28,Waitlist Alternate,College of Arts & Sciences,Neuroscience,3.61,89,Submitted,1410,,7,3,3,2,3,N,,N,VA,South,US Citizen,225,199528,Public,0.22,N,None,Male,Two or More Races,Y,$60K - $99K,14800,69800,69700,11400,Dean's Scholar,3500,0,N,Common App Only,179,3,16,51,5,,None,,N,3,Less Selective Private,N,0.132,6
A26-107643,Fall 2026,Regular Decision,N,2026-01-02,Admit,College of Arts & Sciences,Environmental Science,3.63,76,Submitted,1270,,4,3,4,2,5,N,,N,MN,Midwest,US Citizen,915,200287,Public,0.288,N,None,Female,Not Reported,Y,$100K - $149K,18700,65900,53400,21500,Dean's Scholar,9700,0,N,Paid Digital Campaign,46,2,21,65,5,,None,Debate / Speech,N,5,Peer Private,Y,0.193,5
A26-104049,Fall 2026,Regular Decision,N,2025-12-04,Admit,School of Business,Marketing,3.69,82,Test Optional,,,4,3,4,2,3,Y,3,N,MA,New England,US Citizen,440,415210,Public,0.273,N,None,Male,Black or African American,Y,$30K - $59K,2200,82400,68900,12200,Dean's Scholar,3500,1300,N,Self-Initiated Inquiry,324,2,29,57,5,,None,,N,4,None Reported,Y,0.338,3
A26-100293,Fall 2026,Regular Decision,N,2025-12-26,Waitlist Alternate,College of Arts & Sciences,Psychology,3.84,82,Test Optional,,,10,4,4,3,3,N,,Y,NJ,Mid-Atlantic,US Citizen,87,467943,Public,0.218,N,None,Male,Hispanic or Latino,Y,$250K and above,151800,0,0,22300,Trustee Scholar,62300,0,Y,Purchased Search Name,362,3,26,47,5,,None,,N,5,Regional Public,Y,0.106,6
A26-100591,Fall 2026,Regular Decision,N,2025-12-07,Waitlist Alternate,School of Business,Finance,4.00,93,Submitted,1380,32,6,4,1,3,4,Y,2,Y,PA,Mid-Atlantic,US Citizen,251,236005,Public,0.412,Y,Grandparent,Female,White,Y,$60K - $99K,19500,65100,63800,17300,Trustee Scholar,3500,0,N,High School Visit,293,2,15,50,5,,None,,N,4,More Selective Private,Y,0.4,3
A26-101945,Fall 2026,Regular Decision,N,2025-12-28,Admit - Committee Hold,School of Business,Management,3.78,85,Submitted,1410,,6,4,4,3,2,Y,3,Y,OH,Midwest,US Citizen,295,362708,Public,0.281,N,None,Male,Two or More Races,N,Not Reported,,0,0,29100,Trustee Scholar,55500,0,Y,College Fair,212,4,27,91,5,,None,,N,6,Regional Public,N,0.144,5
A26-102400,Fall 2026,Regular Decision,N,2025-12-31,Admit,College of Arts & Sciences,Undeclared,3.69,93,Test Optional,,,5,4,2,3,3,Y,4,Y,PA,Mid-Atlantic,US Citizen,34,488338,Private - Independent,0.378,Y,None,Female,White,Y,$100K - $149K,21000,63600,51400,29100,Trustee Scholar,4100,0,N,Athletic Recruiting,4,2,18,56,5,,None,,N,2,Out-of-State Public,N,0.233,4
A26-102257,Fall 2026,Regular Decision,N,2025-12-30,Admit,College of Arts & Sciences,Economics,3.76,81,Test Optional,,,6,3,3,3,4,N,,N,VNM,International,International,8492,000000,International School,0.115,N,None,Female,White,Y,$60K - $99K,21000,63600,55700,13800,Dean's Scholar,15100,0,N,Purchased Search Name,359,0,16,52,3,,None,,N,5,Regional Public,N,0.01,10
A26-108389,Fall 2026,Early Action,N,2025-10-30,Waitlist Alternate,School of Nursing & Health,Exercise Science,3.55,75,Submitted,,33,3,3,2,3,3,N,,N,GHA,International,International,5081,000000,International School,0.212,Y,Grandparent,Female,White,Y,$30K - $59K,2400,82200,67000,14100,Dean's Scholar,3500,1100,N,Campus Visit Walk-In,322,0,9,53,2,,None,,N,4,Regional Public,N,0.032,9
A26-101708,Fall 2026,Early Action,N,2025-10-23,Admit,College of Arts & Sciences,Environmental Science,3.52,79,Submitted,1320,,4,3,3,4,2,Y,3,N,PA,Mid-Atlantic,US Citizen,220,132128,Parochial,0.348,N,None,Male,White,Y,$150K - $249K,62700,21900,21900,18700,Dean's Scholar,44000,0,N,Common App Only,165,4,21,100,5,,None,,N,5,Less Selective Private,N,0.292,4
A26-108051,Fall 2026,Early Action,N,2025-11-05,Admit - Committee Hold,School of Engineering,Mechanical Engineering,3.42,72,Submitted,1170,,5,2,2,3,3,N,,N,PAK,International,International,6961,000000,International School,0.231,Y,None,Female,White,N,Not Reported,,0,0,12800,Founders Award,71800,0,Y,Counselor Referral,168,0,0,12,1,,None,,N,3,Less Selective Private,N,0.01,10
A26-102195,Fall 2026,Regular Decision,N,2026-01-03,Admit,School of Nursing & Health,Health Administration,3.73,85,Submitted,1330,,7,4,2,3,3,Y,3,Y,PA,Mid-Atlantic,US Citizen,107,490704,Public,0.349,N,None,Male,White,Y,$150K - $249K,57900,26700,23300,29500,Trustee Scholar,31800,0,N,Purchased Search Name,340,5,31,84,5,,None,Theatre Audition,N,3,More Selective Private,Y,0.67,2
A26-107977,Fall 2026,Early Action,N,2025-11-01,Admit,College of Arts & Sciences,English,3.92,88,Submitted,1420,,8,4,3,2,3,Y,4,Y,IL,Midwest,US Citizen,680,350836,Public,0.313,N,None,Female,Asian,Y,$150K - $249K,53200,31400,28800,30200,Trustee Scholar,25600,0,N,Athletic Recruiting,177,2,11,46,5,Men's Soccer,Slot,,N,3,More Selective Private,N,0.54,2
A26-105149,Fall 2026,Early Action,N,2025-10-31,Admit,College of Fine Arts,Theatre,3.51,75,Test Optional,,,6,3,4,3,3,Y,4,N,OH,Midwest,US Citizen,309,664159,Public,0.346,N,None,Female,Asian,Y,$250K and above,128400,0,0,19000,Dean's Scholar,65600,0,Y,Self-Initiated Inquiry,217,4,29,70,5,,None,Theatre Audition,N,1,None Reported,N,0.385,3
A26-106349,Fall 2026,Regular Decision,N,2025-12-30,Admit,School of Engineering,Mechanical Engineering,3.57,68,Test Optional,,,5,3,1,3,3,N,,N,NC,South,US Citizen,511,206144,Public,0.219,Y,None,Male,Asian,Y,$250K and above,145300,0,0,22500,Dean's Scholar,62100,0,Y,Counselor Referral,155,3,21,50,5,,None,,N,5,Out-of-State Public,N,0.03,9
A26-101826,Fall 2026,Regular Decision,N,2025-11-28,Admit,College of Arts & Sciences,Undeclared,3.97,93,Submitted,1420,,7,4,3,4,4,Y,3,Y,CA,West,US Citizen,2303,263455,Public,0.188,Y,None,Male,Asian,N,Not Reported,,0,0,27700,Trustee Scholar,56900,0,Y,Athletic Recruiting,105,1,23,84,5,Football,Coach Support,,N,6,None Reported,Y,0.166,5
A26-102229,Fall 2026,Regular Decision,N,2026-01-13,Admit,School of Business,Marketing,3.62,72,Submitted,1290,,6,3,4,3,3,Y,3,N,MD,Mid-Atlantic,US Citizen,227,985640,Public,0.267,N,None,Male,White,Y,$250K and above,94400,0,0,16900,Dean's Scholar,67700,0,Y,Self-Initiated Inquiry,119,3,11,70,5,,None,,N,0,None Reported,N,0.222,4
A26-102985,Fall 2026,Regular Decision,N,2025-11-26,Admit,College of Arts & Sciences,Political Science,3.56,83,Submitted,1250,,5,3,2,2,3,N,,N,TX,Southwest,US Citizen,1374,177101,Public,0.253,N,None,Female,Black or African American,Y,$60K - $99K,14300,70300,48100,18200,Dean's Scholar,18300,4000,N,Athletic Recruiting,259,0,11,24,2,,None,,N,6,Peer Private,N,0.01,10
A26-105861,Fall 2026,Early Action,N,2025-11-11,Admit,School of Engineering,Mechanical Engineering,3.59,80,Submitted,,27,5,3,4,2,3,Y,4,N,NC,South,US Citizen,458,394145,Private - Independent,0.248,N,None,Female,White,Y,$30K - $59K,6100,78500,70200,10900,Dean's Scholar,3500,0,N,Common App Only,73,1,13,62,4,,None,,N,3,Peer Private,N,0.138,5
A26-106101,Fall 2026,Regular Decision,N,2025-12-12,Admit - Committee Hold,College of Arts & Sciences,Environmental Science,3.40,65,Test Optional,,,0,2,4,2,3,N,,N,CA,West,US Citizen,2735,263455,Public,0.188,N,None,Female,Asian,Y,$100K - $149K,34500,50100,35800,6800,Founders Award,42000,7500,N,High School Visit,116,0,4,47,2,,None,,N,6,More Selective Private,N,0.01,10
A26-104618,Fall 2026,Early Action,N,2025-10-20,Admit,School of Engineering,Computer Science,3.69,91,Submitted,1340,,6,3,4,2,4,Y,2,N,NY,Mid-Atlantic,US Citizen,211,648923,Public,0.181,N,None,Male,White,Y,$100K - $149K,37700,46900,39200,18900,Dean's Scholar,26500,0,N,Athletic Recruiting,185,5,37,89,5,Field Hockey,Coach Support,,N,3,Peer Private,Y,0.66,2
A26-106547,Fall 2026,Early Action,N,2025-10-23,Admit,School of Engineering,Biomedical Engineering,3.62,79,Submitted,1290,,3,3,4,1,3,Y,3,N,PA,Mid-Atlantic,US Citizen,168,905207,Private - Independent,0.484,N,None,Female,White,Y,$250K and above,128100,0,0,20300,Dean's Scholar,64300,0,Y,Self-Initiated Inquiry,148,2,23,63,5,,None,,N,7,In-State Flagship Public,Y,0.238,4
A26-107267,Fall 2026,Regular Decision,N,2026-01-02,Waitlist Alternate,College of Arts & Sciences,Communication,3.48,77,Test Optional,,,0,3,3,2,4,Y,3,N,MI,Midwest,US Citizen,544,373975,Parochial,0.236,N,None,Male,White,Y,$60K - $99K,12300,72300,61500,19600,Dean's Scholar,3500,0,N,Campus Visit Walk-In,199,2,18,75,5,,None,,N,1,Less Selective Private,N,0.18,5
A26-102898,Fall 2026,Regular Decision,N,2025-12-03,Admit,School of Business,Marketing,3.87,87,Submitted,1430,,6,4,2,2,2,N,,N,MA,New England,Permanent Resident,339,185630,Public,0.226,N,None,Female,White,Y,$250K and above,99900,0,0,28200,Trustee Scholar,56400,0,Y,Athletic Recruiting,224,0,17,35,3,,None,,N,3,Out-of-State Public,N,0.01,10
A26-107148,Fall 2026,ED I,Y,2025-10-19,Admit,School of Nursing & Health,Public Health,3.40,67,Submitted,,27,2,2,2,3,1,N,,N,NC,South,US Citizen,551,648546,Public,0.316,Y,None,Female,Not Reported,Y,$100K - $149K,38400,46200,39200,6600,Founders Award,38800,400,N,Self-Initiated Inquiry,195,0,3,57,2,,None,,N,6,Less Selective Private,Y,0.978,1
A26-104239,Fall 2026,Early Action,N,2025-11-01,Admit,School of Nursing & Health,Health Administration,3.58,74,Test Optional,,,5,3,3,2,3,N,,N,NC,South,US Citizen,547,648546,Public,0.316,N,None,Male,Two or More Races,Y,$100K - $149K,36800,47800,43100,21000,Dean's Scholar,20500,0,N,Purchased Search Name,411,1,6,72,3,,None,,N,0,None Reported,N,0.166,5
A26-107429,Fall 2026,Regular Decision,N,2025-11-22,Admit,School of Business,Finance,3.49,70,Test Optional,,,6,3,3,3,4,N,,N,VA,South,Permanent Resident,201,997468,Public,0.382,N,None,Female,Hispanic or Latino,N,Not Reported,,0,0,15300,Dean's Scholar,69300,0,Y,Purchased Search Name,268,1,11,51,3,,None,,N,5,More Selective Private,N,0.01,10
A26-100441,Fall 2026,Regular Decision,N,2025-12-08,Waitlist Alternate,College of Arts & Sciences,Environmental Science,3.65,85,Test Optional,,,4,4,4,2,4,Y,3,N,NY,Mid-Atlantic,US Citizen,372,475085,Public,0.048,N,None,Female,White,Y,$100K - $149K,33300,51300,50900,25300,Trustee Scholar,8400,0,N,Campus Visit Walk-In,188,1,20,65,5,,None,,N,8,Peer Private,Y,0.038,8
A26-102032,Fall 2026,Early Action,N,2025-11-02,Admit,School of Business,Supply Chain Management,4.30,99,Test Optional,,,9,5,5,4,3,Y,3,N,TUR,International,International,5016,000000,International School,0.102,N,None,Male,Hispanic or Latino,Y,$100K - $149K,32100,52500,52500,28600,Presidential Scholar,3500,0,N,Purchased Search Name,266,0,11,62,3,,None,,N,2,More Selective Private,Y,0.01,10
A26-106988,Fall 2026,Regular Decision,N,2025-12-11,Admit,College of Arts & Sciences,Biology,3.42,64,Submitted,,26,2,2,3,3,3,N,,N,NH,New England,US Citizen,482,129537,Public,0.306,N,None,Female,White,Y,$150K - $249K,69400,15200,9900,10900,Founders Award,63800,0,N,Purchased Search Name,334,3,16,67,5,,None,,N,3,Peer Private,N,0.061,8
A26-104910,Fall 2026,Regular Decision,N,2025-11-29,Admit,College of Arts & Sciences,Sociology,3.41,69,Test Optional,,,2,2,2,1,3,Y,2,N,MD,Mid-Atlantic,US Citizen,252,526342,Public,0.297,Y,None,Female,Not Reported,Y,$100K - $149K,22300,62300,46400,11400,Founders Award,26800,4500,N,Purchased Search Name,312,1,19,73,5,,None,Debate / Speech,N,6,Out-of-State Public,N,0.069,7
A26-107648,Fall 2026,Regular Decision,N,2025-11-28,Admit,School of Nursing & Health,Nursing (BSN),3.24,61,Submitted,1230,,1,2,2,1,4,N,,N,NY,Mid-Atlantic,US Citizen,390,648923,Public,0.181,N,None,Male,Black or African American,Y,Under $30K,1400,83200,54800,13500,Founders Award,16300,14900,N,Self-Initiated Inquiry,250,1,23,51,4,,None,,N,6,Out-of-State Public,N,0.027,9
A26-106195,Fall 2026,Early Action,N,2025-10-27,Admit,School of Business,Marketing,3.60,78,Test Optional,,,4,3,3,2,4,N,,N,NY,Mid-Atlantic,US Citizen,429,323666,Public,0.273,N,None,Female,White,Y,$30K - $59K,2500,82100,61700,14600,Dean's Scholar,8300,5800,N,Self-Initiated Inquiry,184,0,9,16,1,,None,,N,5,None Reported,N,0.042,8
A26-105601,Fall 2026,Early Action,N,2025-11-10,Admit,School of Business,Marketing,4.16,93,Submitted,1470,,10,4,3,5,3,N,,Y,GBR,International,International,3754,000000,International School,0.233,N,None,Female,White,Y,$100K - $149K,29900,54700,53500,24100,Trustee Scholar,7000,0,N,High School Visit,67,1,25,49,4,,None,,N,3,Peer Private,N,0.021,9
A26-101505,Fall 2026,Early Action,N,2025-11-08,Admit,School of Engineering,Biomedical Engineering,3.60,81,Submitted,1270,,5,3,2,3,3,N,,N,NJ,Mid-Atlantic,US Citizen,144,944115,Public,0.264,N,None,Male,Hispanic or Latino,Y,$30K - $59K,3600,81000,76600,4500,Dean's Scholar,3500,0,N,Purchased Search Name,315,3,24,57,5,,None,,N,2,In-State Flagship Public,N,0.203,4
A26-101543,Fall 2026,Regular Decision,N,2025-11-21,Admit,College of Arts & Sciences,Environmental Science,3.38,65,Submitted,1180,,2,3,4,2,3,N,,N,PAK,International,International,7149,000000,International School,0.111,Y,None,Female,Hispanic or Latino,Y,$100K - $149K,17600,67000,67000,14100,Dean's Scholar,3500,0,N,High School Visit,124,0,14,45,3,,None,,N,2,Peer Private,N,0.01,10
A26-102349,Fall 2026,Regular Decision,N,2026-01-12,Admit,College of Arts & Sciences,Biology,3.65,87,Test Optional,,,5,3,3,4,4,N,,N,OH,Midwest,US Citizen,441,610404,Public,0.12,N,None,Male,White,Y,$150K - $249K,50200,34400,28500,15600,Dean's Scholar,40500,0,N,Common App Only,92,3,31,55,5,,None,,N,2,More Selective Private,N,0.039,8
A26-108359,Fall 2026,Regular Decision,N,2025-11-22,Admit,College of Arts & Sciences,Chemistry,3.62,76,Submitted,1280,,3,3,2,4,2,Y,4,N,FL,South,US Citizen,919,252370,Public,0.261,N,None,Female,White,N,Not Reported,,0,0,14000,Dean's Scholar,70600,0,Y,Counselor Referral,20,1,4,56,3,,None,,N,3,Peer Private,N,0.018,9
A26-106080,Fall 2026,Regular Decision,N,2025-11-22,Admit,School of Engineering,Electrical Engineering,3.08,59,Submitted,,23,3,1,2,3,2,N,,N,NY,Mid-Atlantic,Permanent Resident,275,728445,Public,0.242,N,None,Male,Not Reported,Y,$150K - $249K,64300,20300,15200,0,No Merit Award,69400,5100,N,Athletic Recruiting,69,5,29,97,5,Wrestling,Coach Support,,N,3,Peer Private,Y,0.564,2
A26-105800,Fall 2026,Regular Decision,N,2025-12-25,Admit,College of Arts & Sciences,Biology,3.31,71,Submitted,1180,,2,2,3,2,2,N,,N,TN,South,US Citizen,748,558283,Public,0.327,N,None,Male,White,Y,$60K - $99K,18100,66500,59800,7200,Founders Award,17600,0,N,Self-Initiated Inquiry,178,2,5,29,3,,None,,N,4,Less Selective Private,Y,0.193,5
A26-101099,Fall 2026,Early Action,N,2025-10-18,Waitlist Alternate,College of Arts & Sciences,Mathematics,3.53,72,Submitted,1240,,4,3,3,3,4,Y,2,Y,PA,Mid-Atlantic,US Citizen,242,126955,Public,0.375,N,None,Male,Two or More Races,N,Not Reported,,0,0,15100,Dean's Scholar,69500,0,Y,Athletic Recruiting,179,1,5,75,4,,None,,N,8,Peer Private,N,0.03,9
A26-105470,Fall 2026,Regular Decision,N,2025-12-15,Admit,School of Engineering,Biomedical Engineering,3.70,92,Submitted,1370,,6,4,2,4,4,N,,Y,NY,Mid-Atlantic,Permanent Resident,418,187386,Private - Independent,0.248,N,None,Female,Black or African American,Y,$250K and above,128900,0,0,26700,Trustee Scholar,57900,0,Y,Purchased Search Name,180,3,14,26,5,,None,,N,5,In-State Flagship Public,Y,0.064,7
A26-107186,Fall 2026,Regular Decision,N,2025-12-18,Admit,School of Nursing & Health,Nursing (BSN),3.80,85,Test Optional,,,5,4,2,3,4,N,,Y,MA,New England,US Citizen,432,566507,Public,0.187,Y,None,Female,Hispanic or Latino,Y,$100K - $149K,30600,54000,44600,25900,Trustee Scholar,14100,0,N,High School Visit,98,0,7,31,2,,None,Music - Vocal,N,6,Out-of-State Public,N,0.027,9
A26-100826,Fall 2026,Regular Decision,N,2025-12-21,Admit,School of Business,Management,3.66,73,Submitted,1350,,6,3,3,3,2,N,,N,CA,West,US Citizen,2583,644362,Parochial,0.204,N,None,Male,White,Y,$30K - $59K,2300,82300,70200,10900,Dean's Scholar,3500,1200,N,High School Visit,162,0,11,54,2,,None,,N,5,Regional Public,N,0.021,9
A26-100428,Fall 2026,Regular Decision,N,2025-12-24,Admit,College of Fine Arts,Studio Art,3.31,70,Submitted,1190,,1,2,2,2,2,Y,3,N,NC,South,Permanent Resident,616,624049,Public,0.423,N,None,Male,White,Y,$150K - $249K,46300,38300,34500,8900,Founders Award,41200,0,N,Self-Initiated Inquiry,182,1,16,79,5,,None,Theatre Audition,N,4,In-State Flagship Public,N,0.094,6
A26-105707,Fall 2026,Early Action,N,2025-11-11,Waitlist Alternate,College of Arts & Sciences,Environmental Science,3.71,81,Test Optional,,,4,3,3,4,3,N,,N,CA,West,Permanent Resident,2334,569221,Private - Independent,0.04,Y,None,Female,Hispanic or Latino,Y,$150K - $249K,41700,42900,35600,22800,Dean's Scholar,26200,0,N,Paid Digital Campaign,145,0,24,31,3,,None,,N,4,Peer Private,Y,0.036,8
A26-105461,Fall 2026,ED II,Y,2025-12-25,Admit,School of Business,Accounting,3.19,50,Submitted,1230,,0,2,3,3,2,N,,N,CA,West,US Citizen,2649,263455,Public,0.188,N,None,Male,Asian,Y,$60K - $99K,15200,69400,62300,8400,Founders Award,13900,0,N,College Fair,144,1,19,51,4,,None,,N,3,Regional Public,Y,0.97,1
A26-104575,Fall 2026,Regular Decision,N,2025-12-02,Admit,School of Nursing & Health,Nursing (BSN),3.47,70,Submitted,1190,,2,2,2,2,2,N,,N,DC,Mid-Atlantic,US Citizen,171,859983,Private - Independent,0.207,N,None,Male,White,Y,Under $30K,300,84300,67800,13300,Founders Award,3500,3200,N,Self-Initiated Inquiry,130,3,22,84,5,,None,,N,6,In-State Flagship Public,N,0.15,5
A26-107750,Fall 2026,Regular Decision,N,2025-12-12,Waitlist Alternate,College of Fine Arts,Music Performance,3.55,76,Test Optional,,,2,3,2,1,2,N,,N,PA,Mid-Atlantic,US Citizen,144,900119,Parochial,0.427,N,None,Female,White,Y,$150K - $249K,68700,15900,13400,19800,Dean's Scholar,51400,0,N,Self-Initiated Inquiry,234,0,15,47,3,,None,Dance Audition,N,5,Less Selective Private,Y,0.158,5
A26-101356,Fall 2026,Early Action,N,2025-11-09,Admit,College of Arts & Sciences,Mathematics,3.24,65,Submitted,1080,,1,2,2,3,4,Y,3,N,CT,New England,US Citizen,249,521782,Public,0.228,Y,None,Female,White,Y,$150K - $249K,54100,30500,25600,10500,Founders Award,48500,0,N,Purchased Search Name,339,2,7,78,5,,None,,Y,2,In-State Flagship Public,N,0.183,5
A26-104602,Fall 2026,Regular Decision,N,2025-12-26,Admit,College of Arts & Sciences,History,3.53,68,Test Optional,,,4,3,3,4,4,Y,3,N,FL,South,US Citizen,1109,444536,Public,0.094,N,None,Male,Hispanic or Latino,Y,$60K - $99K,14500,70100,70100,11000,Dean's Scholar,3500,0,N,Self-Initiated Inquiry,174,2,16,92,5,,None,,N,2,Peer Private,N,0.071,7
A26-100683,Fall 2026,Early Action,N,2025-11-14,Admit,School of Engineering,Computer Science,3.24,63,Submitted,1120,,1,2,2,3,3,N,,N,NY,Mid-Atlantic,US Citizen,183,875760,Public,0.175,N,None,Female,White,Y,$150K - $249K,70800,13800,12500,7700,Founders Award,64400,0,N,Counselor Referral,162,3,26,69,5,,None,,N,3,In-State Flagship Public,N,0.077,7
A26-106738,Fall 2026,Regular Decision,N,2025-11-22,Admit,School of Business,Marketing,3.28,69,Submitted,1220,,3,2,3,2,4,N,,N,DC,Mid-Atlantic,US Citizen,190,859983,Private - Independent,0.207,Y,None,Male,White,Y,$250K and above,82500,2100,1700,10100,Founders Award,72800,0,N,College Fair,214,2,19,57,5,,None,,N,4,Regional Public,Y,0.217,4
A26-108158,Fall 2026,Early Action,N,2025-11-08,Admit,School of Engineering,Civil Engineering,3.68,77,Submitted,1270,,5,3,3,4,3,Y,5,N,NJ,Mid-Atlantic,US Citizen,149,174999,Public,0.156,N,None,Male,White,Y,$100K - $149K,32600,52000,38100,15000,Dean's Scholar,31500,0,N,Purchased Search Name,229,2,9,70,5,,None,,N,8,More Selective Private,Y,0.07,7
A26-100469,Fall 2026,Regular Decision,N,2025-12-10,Admit,College of Arts & Sciences,Environmental Science,3.73,81,Test Optional,,,3,3,4,2,3,N,,N,VT,New England,US Citizen,399,576708,Parochial,0.355,N,None,Female,Black or African American,Y,$250K and above,155400,0,0,18400,Dean's Scholar,66200,0,Y,Athletic Recruiting,3,5,32,79,5,Rowing,Tip,,N,2,Peer Private,N,0.302,4
A26-107506,Fall 2026,Early Action,N,2025-10-29,Admit,School of Business,Supply Chain Management,3.84,80,Submitted,1380,,6,4,3,3,3,Y,3,Y,TN,South,US Citizen,698,195242,Public,0.184,N,Parent,Female,White,Y,$100K - $149K,17100,67500,51300,29800,Trustee Scholar,3500,0,N,Common App Only,3,1,11,70,4,,None,,N,5,Less Selective Private,N,0.205,4
A26-104640,Fall 2026,Regular Decision,N,2025-12-30,Admit,School of Nursing & Health,Exercise Science,3.63,72,Submitted,1240,,5,3,2,4,3,N,,N,CA,West,US Citizen,2514,263455,Public,0.188,N,None,Male,White,Y,$150K - $249K,55000,29600,27700,14300,Dean's Scholar,42600,0,N,Counselor Referral,87,1,19,39,4,,None,,N,3,In-State Flagship Public,N,0.011,10
A26-100569,Fall 2026,Early Action,N,2025-10-20,Admit,School of Engineering,Electrical Engineering,3.73,84,Submitted,1300,,1,3,3,3,3,Y,2,N,MA,New England,US Citizen,366,265022,Private - Independent,0.262,Y,None,Male,White,N,Not Reported,,0,0,22000,Dean's Scholar,62600,0,Y,Purchased Search Name,451,2,14,42,5,,None,,N,1,In-State Flagship Public,N,0.078,7
A26-107551,Fall 2026,Early Action,N,2025-11-06,Admit,School of Engineering,Biomedical Engineering,3.90,93,Submitted,1400,,6,4,3,3,3,N,,N,PA,Mid-Atlantic,US Citizen,156,600020,Parochial,0.405,N,None,Female,Hispanic or Latino,Y,$150K - $249K,40600,44000,38700,23400,Trustee Scholar,22500,0,N,Purchased Search Name,322,4,17,64,5,,None,,N,7,Out-of-State Public,Y,0.385,3
A26-103556,Fall 2026,Regular Decision,N,2025-12-28,Admit,College of Arts & Sciences,Sociology,3.50,75,Submitted,1260,,2,3,4,3,4,N,,N,CT,New England,US Citizen,224,521782,Public,0.228,N,None,Female,White,Y,Under $30K,1200,83400,76500,4600,Dean's Scholar,3500,2300,N,Purchased Search Name,351,2,9,67,4,,None,,N,5,In-State Flagship Public,N,0.058,8
A26-108002,Fall 2026,Regular Decision,N,2025-12-22,Waitlist Alternate,College of Arts & Sciences,History,3.37,69,Test Optional,,,2,2,3,3,2,N,,N,DC,Mid-Atlantic,Permanent Resident,163,859983,Private - Independent,0.207,N,None,Female,Black or African American,Y,$150K - $249K,46200,38400,32100,11400,Founders Award,41100,0,N,Paid Digital Campaign,309,2,24,75,5,,None,Debate / Speech,N,2,In-State Flagship Public,Y,0.32,3
A26-102911,Fall 2026,Regular Decision,N,2025-12-01,Admit,College of Arts & Sciences,Sociology,4.09,89,Submitted,1410,31,8,4,3,2,4,N,,Y,MA,New England,US Citizen,363,639814,Parochial,0.304,N,None,Male,White,N,Not Reported,,0,0,27500,Trustee Scholar,57100,0,Y,Self-Initiated Inquiry,283,2,15,43,4,,None,,N,8,None Reported,N,0.017,9
A26-101579,Fall 2026,Regular Decision,N,2025-11-24,Admit - Committee Hold,School of Business,Marketing,3.92,87,Submitted,1390,,8,4,4,5,4,N,,Y,PA,Mid-Atlantic,US Citizen,256,324037,Public,0.337,Y,None,Female,White,Y,$150K - $249K,70600,14000,14000,30700,Trustee Scholar,39900,0,N,Paid Digital Campaign,188,3,20,55,5,,None,,N,3,In-State Flagship Public,N,0.132,6
A26-107466,Fall 2026,ED I,Y,2025-10-16,Admit,College of Arts & Sciences,Political Science,3.58,86,Test Optional,,,6,3,3,3,2,Y,3,N,CT,New England,US Citizen,197,453619,Private - Independent,0.258,N,None,Female,Two or More Races,Y,$100K - $149K,37300,47300,37500,22700,Dean's Scholar,24400,0,N,Purchased Search Name,313,3,25,77,5,,None,,N,7,More Selective Private,Y,0.966,1
A26-108249,Fall 2026,Regular Decision,N,2025-12-26,Admit - Committee Hold,College of Fine Arts,Music Performance,3.45,75,Test Optional,,,1,3,3,3,3,N,,N,VNM,International,International,8581,000000,International School,0.213,N,None,Female,Black or African American,Y,$100K - $149K,25600,59000,43800,18900,Dean's Scholar,21900,0,N,Paid Digital Campaign,71,0,11,37,2,,None,Theatre Audition,N,5,Peer Private,N,0.01,10
A26-104199,Fall 2026,Regular Decision,N,2026-01-04,Admit,School of Nursing & Health,Nursing (BSN),3.41,64,Submitted,,27,3,2,4,3,3,N,,N,WA,West,US Citizen,2564,161429,Public,0.317,N,None,Male,White,Y,$100K - $149K,24500,60100,39900,9800,Founders Award,34900,10400,N,Athletic Recruiting,208,0,23,22,3,,None,,N,2,None Reported,N,0.034,9
A26-101739,Fall 2026,Regular Decision,N,2026-01-12,Admit,College of Arts & Sciences,Political Science,3.85,95,Submitted,1400,30,7,4,3,2,2,N,,Y,PA,Mid-Atlantic,US Citizen,209,993450,Charter,0.31,N,None,Female,White,Y,$150K - $249K,54000,30600,24600,23300,Trustee Scholar,36700,0,N,Self-Initiated Inquiry,181,3,24,92,5,,None,,N,4,Peer Private,N,0.091,7
A26-105810,Fall 2026,Early Action,N,2025-11-12,Admit,School of Business,Accounting,3.54,79,Test Optional,,,3,3,4,4,4,Y,4,N,NY,Mid-Atlantic,US Citizen,169,595173,Charter,0.428,N,None,Male,Two or More Races,Y,$100K - $149K,25700,58900,44200,20600,Dean's Scholar,19800,0,N,Counselor Referral,143,3,21,97,5,,None,,N,2,Peer Private,N,0.329,3
A26-104455,Fall 2026,Early Action,N,2025-11-01,Admit,College of Arts & Sciences,Communication,3.68,76,Test Optional,,,4,3,4,3,3,N,,N,PA,Mid-Atlantic,US Citizen,227,879707,Public,0.315,N,None,Female,Hispanic or Latino,Y,$100K - $149K,32500,52100,42800,16200,Dean's Scholar,25600,0,N,Self-Initiated Inquiry,101,4,30,72,5,,None,,N,4,More Selective Private,N,0.153,5
A26-106624,Fall 2026,ED II,Y,2025-12-14,Admit,School of Business,Finance,3.56,83,Test Optional,,,6,3,3,3,2,N,,N,DE,Mid-Atlantic,US Citizen,82,447427,Public,0.262,N,None,Female,Hispanic or Latino,Y,$60K - $99K,17900,66700,56100,20300,Dean's Scholar,8200,0,N,College Fair,448,2,20,79,5,,None,,N,5,Peer Private,Y,0.985,1
A26-101699,Fall 2026,Early Action,N,2025-11-11,Admit,College of Arts & Sciences,Economics,3.83,96,Test Optional,,,9,4,2,1,3,N,,Y,WA,West,US Citizen,2506,161429,Public,0.317,Y,None,Female,Asian,Y,$60K - $99K,7700,76900,75200,5900,Trustee Scholar,3500,0,N,High School Visit,165,2,15,54,4,,None,,N,4,In-State Flagship Public,N,0.035,8
A26-104018,Fall 2026,Early Action,N,2025-11-10,Admit,College of Arts & Sciences,Political Science,3.91,91,Submitted,1430,29,6,4,4,4,3,N,,N,NY,Mid-Atlantic,US Citizen,212,168328,Private - Independent,0.226,N,None,Female,Native Hawaiian or Other Pacific Islander,Y,Under $30K,1100,83500,76600,4500,Trustee Scholar,3500,2400,N,Purchased Search Name,207,3,22,40,5,,None,,N,5,Out-of-State Public,N,0.113,6
A26-102612,Fall 2026,Regular Decision,N,2025-12-27,Admit,School of Business,Accounting,3.82,83,Test Optional,,,6,4,3,4,2,Y,4,Y,MI,Midwest,US Citizen,516,223060,Parochial,0.4,N,None,Male,Black or African American,Y,$30K - $59K,1800,82800,75900,5200,Trustee Scholar,3500,1700,N,Self-Initiated Inquiry,324,2,17,76,5,,None,,N,7,Less Selective Private,Y,0.423,3
A26-100835,Fall 2026,ED I,Y,2025-11-01,Admit,College of Arts & Sciences,Psychology,3.47,67,Test Optional,,,4,2,4,2,2,N,,N,OH,Midwest,US Citizen,385,489682,Parochial,0.369,N,None,Male,White,Y,$250K and above,163900,0,0,11700,Founders Award,72900,0,Y,Self-Initiated Inquiry,257,4,33,44,5,,None,,Y,4,Peer Private,N,0.951,1
A26-104777,Fall 2026,Regular Decision,N,2025-12-12,Waitlist Alternate,School of Business,Finance,3.83,93,Submitted,1400,32,10,4,2,3,4,N,,Y,VA,South,US Citizen,323,846587,Public,0.212,N,None,Female,Not Reported,Y,$100K - $149K,31500,53100,53100,24500,Trustee Scholar,7000,0,N,Paid Digital Campaign,367,1,5,56,3,,None,,N,4,Peer Private,N,0.041,8
A26-101639,Fall 2026,ED I,Y,2025-10-13,Admit,School of Business,Accounting,3.29,67,Submitted,1240,,2,2,2,3,4,N,,N,CT,New England,US Citizen,237,538053,Private - Independent,0.149,N,None,Male,White,Y,$60K - $99K,15200,69400,52600,13900,Founders Award,18100,2900,N,Counselor Referral,163,1,9,47,3,,None,,N,3,In-State Flagship Public,Y,0.968,1
A26-103419,Fall 2026,Regular Decision,N,2025-12-13,Admit - Committee Hold,College of Arts & Sciences,Environmental Science,3.60,70,Submitted,,27,1,3,3,4,4,N,,N,PA,Mid-Atlantic,US Citizen,237,412105,Public,0.206,N,None,Male,Hispanic or Latino,N,Not Reported,,0,0,21100,Dean's Scholar,63500,0,Y,Self-Initiated Inquiry,265,2,21,52,5,,None,,N,6,Peer Private,N,0.017,9
A26-107544,Fall 2026,Early Action,N,2025-11-09,Waitlist Alternate,School of Engineering,Biomedical Engineering,3.05,56,Submitted,1020,,0,1,3,2,1,N,,N,MA,New England,US Citizen,369,185630,Public,0.226,N,Grandparent,Male,Two or More Races,Y,$150K - $249K,70700,13900,9000,0,No Merit Award,75600,4900,N,Paid Digital Campaign,3,1,20,29,4,,None,,N,4,Out-of-State Public,N,0.057,8
A26-100676,Fall 2026,Regular Decision,N,2026-01-02,Admit,College of Arts & Sciences,English,3.07,52,Test Optional,,,3,2,3,1,1,N,,N,PA,Mid-Atlantic,US Citizen,227,211557,Public,0.356,N,None,Male,White,Y,Under $30K,100,84500,68400,12700,Founders Award,3500,3400,N,Purchased Search Name,308,2,7,31,3,,None,,Y,1,More Selective Private,Y,0.439,3
A26-102045,Fall 2026,Regular Decision,N,2025-12-16,Admit,College of Fine Arts,Theatre,3.67,82,Submitted,1250,,4,3,1,1,3,N,,N,PA,Mid-Atlantic,US Citizen,142,132128,Parochial,0.348,N,None,Female,Black or African American,Y,$100K - $149K,30600,54000,45100,20100,Dean's Scholar,19400,0,N,Campus Visit Walk-In,87,4,31,89,5,,None,Music - Instrumental,N,5,Out-of-State Public,Y,0.678,2
A26-104243,Fall 2026,Early Action,N,2025-10-25,Admit - Committee Hold,College of Arts & Sciences,Political Science,3.93,82,Test Optional,,,6,4,3,3,3,Y,4,Y,MA,New England,US Citizen,406,566507,Public,0.187,N,None,Female,White,Y,$60K - $99K,11800,72800,57400,23700,Trustee Scholar,3500,0,N,Purchased Search Name,353,1,8,59,4,,None,,N,3,In-State Flagship Public,N,0.062,8
A26-107296,Fall 2026,Early Action,N,2025-11-04,Admit - Committee Hold,School of Business,Management,3.91,92,Test Optional,,,8,4,3,3,4,Y,3,Y,GBR,International,International,3334,000000,International School,0.13,N,None,Male,White,Y,$150K - $249K,46900,37700,37700,25800,Trustee Scholar,21100,0,N,Purchased Search Name,307,0,8,47,3,,None,,N,3,Regional Public,Y,0.065,7
A26-102580,Fall 2026,Regular Decision,N,2025-12-04,Admit,College of Arts & Sciences,Political Science,3.86,92,Submitted,,31,6,4,3,4,3,Y,3,Y,PA,Mid-Atlantic,US Citizen,236,126955,Public,0.375,N,None,Female,Black or African American,Y,$30K - $59K,700,83900,76600,4500,Trustee Scholar,3500,2800,N,Paid Digital Campaign,193,4,33,55,5,,None,,N,3,In-State Flagship Public,N,0.395,3
A26-101609,Fall 2026,Regular Decision,N,2025-12-12,Admit,College of Arts & Sciences,Environmental Science,3.58,79,Submitted,1280,,4,3,3,1,4,N,,N,VA,South,US Citizen,235,199528,Public,0.22,N,None,Male,Black or African American,Y,$30K - $59K,6000,78600,69500,11600,Dean's Scholar,3500,0,N,Purchased Search Name,277,2,28,79,5,,None,,Y,2,More Selective Private,N,0.183,5
A26-105159,Fall 2026,Early Action,N,2025-10-29,Admit - Committee Hold,College of Arts & Sciences,Environmental Science,3.78,99,Test Optional,,,7,4,3,3,4,Y,3,N,PA,Mid-Atlantic,US Citizen,150,872074,Parochial,0.566,N,None,Female,Black or African American,Y,$30K - $59K,7100,77500,67300,13800,Trustee Scholar,3500,0,N,Athletic Recruiting,147,5,36,76,5,Volleyball,Tip,,N,6,In-State Flagship Public,N,0.707,2
A26-101720,Fall 2026,Regular Decision,N,2025-12-01,Admit - Committee Hold,School of Engineering,Chemical Engineering,3.70,67,Submitted,1270,,5,3,4,2,3,N,,N,NJ,Mid-Atlantic,US Citizen,179,697960,Public,0.216,Y,None,Male,White,Y,$150K - $249K,52000,32600,29900,15900,Dean's Scholar,38800,0,N,Purchased Search Name,364,4,31,72,5,,None,,N,4,Peer Private,N,0.112,6
A26-103143,Fall 2026,Regular Decision,N,2025-12-18,Admit,College of Arts & Sciences,Undeclared,3.42,63,Test Optional,,,0,2,2,3,4,Y,3,N,PA,Mid-Atlantic,US Citizen,16,872383,Public,0.284,N,None,Nonbinary,Asian,Y,$30K - $59K,6500,78100,72900,8200,Founders Award,3500,0,N,College Fair,69,4,14,81,5,,None,,N,7,More Selective Private,N,0.132,6
A26-107423,Fall 2026,Regular Decision,N,2025-12-27,Waitlist Alternate,School of Nursing & Health,Health Administration,3.31,55,Test Optional,,,0,2,2,3,3,N,,N,IL,Midwest,US Citizen,654,317688,Private - Independent,0.295,N,None,Nonbinary,Black or African American,N,Not Reported,,0,0,13500,Founders Award,71100,0,Y,Self-Initiated Inquiry,162,1,12,14,3,,None,Robotics / STEM Competition,N,4,Peer Private,N,0.029,9
A26-102550,Fall 2026,Regular Decision,N,2025-12-20,Admit,College of Arts & Sciences,Mathematics,3.73,86,Test Optional,,,6,4,3,3,1,N,,Y,PA,Mid-Atlantic,Permanent Resident,130,993450,Charter,0.31,Y,None,Female,Hispanic or Latino,Y,$60K - $99K,18300,66300,62100,19000,Trustee Scholar,3500,0,N,College Fair,225,1,11,64,4,,None,Published Research,N,6,In-State Flagship Public,N,0.064,7
A26-106389,Fall 2026,Regular Decision,N,2025-12-27,Waitlist Alternate,College of Arts & Sciences,Communication,3.51,67,Submitted,,25,3,2,1,3,4,N,,N,NY,Mid-Atlantic,US Citizen,303,595173,Charter,0.428,Y,None,Female,White,Y,$250K and above,104000,0,0,13500,Founders Award,71100,0,Y,Athletic Recruiting,155,5,35,71,5,Football,Coach Support,,N,4,Out-of-State Public,N,0.287,4
A26-101920,Fall 2026,Regular Decision,N,2025-12-20,Admit,College of Arts & Sciences,Environmental Science,3.71,82,Submitted,1260,28,3,3,3,3,2,Y,3,N,NY,Mid-Atlantic,US Citizen,272,897916,Parochial,0.228,N,None,Female,White,Y,$150K - $249K,61300,23300,18700,27700,Dean's Scholar,38200,0,N,Athletic Recruiting,237,5,23,75,5,Baseball,Slot,,N,7,In-State Flagship Public,N,0.473,2
A26-104720,Fall 2026,Regular Decision,N,2026-01-08,Admit,School of Engineering,Mechanical Engineering,3.85,81,Submitted,1420,,5,4,4,3,2,N,,Y,NJ,Mid-Atlantic,US Citizen,260,467943,Public,0.218,N,None,Female,Not Reported,Y,$150K - $249K,51400,33200,32000,29500,Trustee Scholar,23100,0,N,Common App Only,209,4,29,73,5,,None,Debate / Speech,N,1,More Selective Private,N,0.253,4
A26-105062,Fall 2026,Early Action,N,2025-11-10,Admit,School of Engineering,Chemical Engineering,3.99,90,Test Optional,,,6,4,3,3,2,N,,Y,NY,Mid-Atlantic,US Citizen,259,152042,Private - Independent,0.298,N,None,Female,White,Y,$30K - $59K,500,84100,76600,4500,Trustee Scholar,3500,3000,N,Common App Only,145,4,32,82,5,,None,,N,8,Less Selective Private,N,0.231,4
A26-102735,Fall 2026,Regular Decision,N,2025-12-03,Admit - Committee Hold,School of Business,Marketing,3.64,76,Test Optional,,,5,3,3,3,1,Y,3,N,DC,Mid-Atlantic,US Citizen,199,859983,Private - Independent,0.207,Y,Sibling,Female,Hispanic or Latino,Y,$100K - $149K,21800,62800,43900,21400,Dean's Scholar,19300,0,N,Campus Visit Walk-In,195,3,11,80,5,,None,,N,5,More Selective Private,Y,0.356,3
A26-106212,Fall 2026,Regular Decision,N,2025-12-11,Admit,School of Nursing & Health,Health Administration,3.52,76,Submitted,,26,4,3,3,2,3,N,,N,CA,West,US Citizen,2302,644362,Parochial,0.204,N,None,Female,Not Reported,Y,$30K - $59K,1900,82700,70000,11100,Dean's Scholar,3500,1600,N,Athletic Recruiting,129,0,10,57,2,,None,,N,7,Out-of-State Public,Y,0.051,8
A26-107659,Fall 2026,Regular Decision,N,2025-12-29,Admit,School of Nursing & Health,Exercise Science,4.02,89,Submitted,1480,,8,4,4,4,3,Y,2,Y,GA,South,US Citizen,753,135301,Private - Independent,0.04,N,None,Male,White,Y,$100K - $149K,35000,49600,49600,27000,Trustee Scholar,8000,0,N,Self-Initiated Inquiry,171,1,12,64,4,,None,,N,3,Peer Private,N,0.061,8
A26-100968,Fall 2026,Regular Decision,N,2025-12-17,Admit - Committee Hold,College of Fine Arts,Theatre,3.66,72,Submitted,,30,5,3,4,4,2,Y,3,N,NJ,Mid-Atlantic,US Citizen,163,267755,Private - Independent,0.139,N,None,Male,White,Y,$100K - $149K,31300,53300,41000,18300,Dean's Scholar,25300,0,N,Self-Initiated Inquiry,153,2,20,81,5,,None,Studio Art Portfolio,N,1,None Reported,N,0.301,4
A26-101962,Fall 2026,Regular Decision,N,2025-12-06,Admit,College of Arts & Sciences,Economics,3.51,66,Test Optional,,,3,3,3,1,3,Y,4,N,PA,Mid-Atlantic,US Citizen,157,793627,Public,0.338,N,None,Female,White,Y,$60K - $99K,5000,79600,53100,16700,Dean's Scholar,14800,9800,N,Athletic Recruiting,152,2,17,46,5,,None,,N,4,Regional Public,Y,0.304,3
A26-102169,Fall 2026,Early Action,N,2025-10-23,Admit,College of Arts & Sciences,Undeclared,3.82,85,Submitted,1430,,7,4,3,2,5,Y,4,Y,TUR,International,International,5045,000000,International School,0.195,Y,None,Female,Hispanic or Latino,Y,$150K - $249K,50300,34300,34300,22500,Trustee Scholar,27800,0,N,High School Visit,135,1,19,35,4,,None,,N,4,None Reported,N,0.01,10
A26-101132,Fall 2026,Early Action,N,2025-11-13,Admit,College of Arts & Sciences,Chemistry,3.39,67,Test Optional,,,1,2,3,3,2,N,,N,DC,Mid-Atlantic,US Citizen,183,859983,Private - Independent,0.207,Y,None,Female,Black or African American,Y,$100K - $149K,29700,54900,39600,6500,Founders Award,38500,8800,N,Purchased Search Name,312,2,16,51,4,,None,,N,2,Peer Private,Y,0.14,5
A26-104492,Fall 2026,ED I,Y,2025-10-13,Admit,College of Arts & Sciences,Biology,3.66,79,Submitted,,31,3,3,4,2,3,Y,3,N,DE,Mid-Atlantic,US Citizen,163,668070,Public,0.283,N,None,Male,White,Y,$150K - $249K,66900,17700,15700,21900,Dean's Scholar,47000,0,N,Athletic Recruiting,351,5,29,86,5,,None,,N,4,More Selective Private,N,0.956,1
A26-102445,Fall 2026,Regular Decision,N,2026-01-14,Admit,School of Business,Business Analytics,3.67,82,Test Optional,,,6,3,2,4,4,N,,N,NY,Mid-Atlantic,US Citizen,402,475085,Public,0.048,N,None,Female,White,N,Not Reported,,0,0,19800,Dean's Scholar,64800,0,Y,Purchased Search Name,327,1,3,54,3,,None,,N,5,Less Selective Private,N,0.013,10
A26-102179,Fall 2026,Early Action,N,2025-11-12,Admit,School of Nursing & Health,Health Administration,3.63,75,Test Optional,,,2,3,1,4,3,N,,N,PA,Mid-Atlantic,US Citizen,36,826319,Public,0.29,Y,None,Male,Hispanic or Latino,Y,$150K - $249K,54100,30500,24800,15200,Dean's Scholar,44600,0,N,High School Visit,172,4,36,62,5,,None,,N,7,Regional Public,N,0.201,4
A26-101845,Fall 2026,Regular Decision,N,2025-12-16,Admit,College of Arts & Sciences,Economics,3.65,79,Submitted,,28,5,3,3,4,3,Y,3,N,NY,Mid-Atlantic,US Citizen,355,475085,Public,0.048,N,None,Female,Not Reported,Y,Under $30K,1700,82900,71600,9500,Dean's Scholar,3500,1800,N,Self-Initiated Inquiry,84,3,27,53,5,,None,,N,1,Less Selective Private,Y,0.453,3
A26-100089,Fall 2026,Regular Decision,N,2025-12-10,Waitlist Alternate,College of Arts & Sciences,Sociology,3.76,79,Submitted,1290,,5,3,3,2,3,Y,5,N,PA,Mid-Atlantic,US Citizen,189,879707,Public,0.315,N,None,Female,White,Y,$150K - $249K,64200,20400,15700,22900,Dean's Scholar,46000,0,N,Common App Only,177,3,9,64,5,,None,Published Research,N,6,Peer Private,N,0.118,6
A26-102121,Fall 2026,Early Action,N,2025-10-31,Admit,College of Fine Arts,Music Performance,3.21,67,Submitted,1140,,0,2,3,2,2,Y,3,N,TX,Southwest,US Citizen,1474,927275,Private - Independent,0.111,N,Parent,Female,White,N,Not Reported,,0,0,6900,Founders Award,77700,0,Y,Common App Only,198,1,6,58,4,,None,Music - Vocal,N,2,Less Selective Private,N,0.163,5
A26-105520,Fall 2026,Early Action,N,2025-10-20,Admit,College of Arts & Sciences,Sociology,3.66,71,Submitted,1280,,5,3,3,3,2,N,,N,GA,South,Permanent Resident,802,135301,Private - Independent,0.04,N,Parent,Male,Hispanic or Latino,Y,$150K - $249K,68800,15800,11800,21500,Dean's Scholar,51300,0,N,College Fair,179,2,20,22,4,,None,Published Research,N,4,More Selective Private,Y,0.097,6
A26-105257,Fall 2026,Regular Decision,N,2025-12-25,Waitlist Alternate,School of Engineering,Civil Engineering,3.47,74,Submitted,,27,5,3,2,2,5,N,,N,NY,Mid-Atlantic,US Citizen,370,275729,Public,0.312,N,None,Female,Two or More Races,Y,$60K - $99K,9600,75000,60600,18700,Dean's Scholar,5300,0,N,Purchased Search Name,352,3,14,75,5,,None,,N,3,In-State Flagship Public,N,0.083,7
A26-106969,Fall 2026,Regular Decision,N,2026-01-01,Admit,School of Business,Supply Chain Management,4.18,95,Test Optional,,,7,5,3,4,3,N,,N,MI,Midwest,US Citizen,396,609198,Parochial,0.275,N,None,Female,White,Y,$100K - $149K,24900,59700,57800,23300,Presidential Scholar,3500,0,N,Paid Digital Campaign,197,1,1,32,2,,None,,N,5,Peer Private,Y,0.027,9
A26-108223,Fall 2026,Early Action,N,2025-10-28,Admit,School of Business,Supply Chain Management,3.79,83,Submitted,,30,5,4,5,3,2,N,,Y,OH,Midwest,US Citizen,304,802399,Public,0.257,Y,None,Female,Hispanic or Latino,Y,$100K - $149K,20300,64300,64300,16800,Trustee Scholar,3500,0,N,College Fair,80,0,10,10,1,,None,,N,5,None Reported,Y,0.153,5
A26-105820,Fall 2026,ED I,Y,2025-10-31,Admit,College of Arts & Sciences,Undeclared,3.62,84,Submitted,,30,8,3,2,2,3,Y,3,N,IND,International,International,7568,000000,International School,0.081,Y,None,Male,Hispanic or Latino,Y,$60K - $99K,11300,73300,55600,19200,Dean's Scholar,9800,0,N,Self-Initiated Inquiry,270,0,17,70,4,,None,,N,1,More Selective Private,Y,0.728,2
A26-100910,Fall 2026,Regular Decision,N,2026-01-12,Admit,School of Engineering,Computer Science,3.77,84,Test Optional,,,5,3,3,2,2,Y,5,N,MD,Mid-Atlantic,US Citizen,215,985640,Public,0.267,N,None,Female,White,Y,$60K - $99K,15100,69500,54100,21600,Dean's Scholar,8900,0,N,Athletic Recruiting,288,4,19,81,5,,None,,N,7,In-State Flagship Public,N,0.078,7
A26-103152,Fall 2026,ED I,Y,2025-10-30,Admit,School of Nursing & Health,Health Administration,3.88,85,Submitted,1390,,4,4,3,3,3,Y,5,Y,CAN,International,International,686,000000,International School,0.265,N,None,Male,White,Y,$30K - $59K,1700,82900,76600,4500,Trustee Scholar,3500,1800,N,Athletic Recruiting,178,0,18,63,4,,None,,N,4,Peer Private,Y,0.983,1
A26-106507,Fall 2026,Regular Decision,N,2025-12-10,Admit,College of Arts & Sciences,Psychology,3.14,68,Submitted,1090,,2,2,4,3,3,Y,3,N,MD,Mid-Atlantic,US Citizen,197,284139,Public,0.309,N,None,Male,Hispanic or Latino,Y,$100K - $149K,31300,53300,43300,17000,Founders Award,24300,0,N,Athletic Recruiting,195,5,27,83,5,Track & Field,Slot,,N,4,None Reported,N,0.844,2
A26-105127,Fall 2026,Regular Decision,N,2026-01-07,Admit - Committee Hold,School of Engineering,Electrical Engineering,3.51,77,Test Optional,,,2,3,5,4,4,N,,N,PA,Mid-Atlantic,US Citizen,105,674796,Public,0.293,N,None,Male,Hispanic or Latino,N,Not Reported,,0,0,15900,Dean's Scholar,68700,0,Y,Counselor Referral,268,3,19,51,5,,None,,N,2,In-State Flagship Public,N,0.063,7
A26-106554,Fall 2026,Regular Decision,N,2025-12-25,Admit,School of Engineering,Civil Engineering,3.19,60,Test Optional,,,2,2,4,4,4,N,,N,MN,Midwest,US Citizen,1016,200287,Public,0.288,N,None,Male,White,Y,$150K - $249K,64200,20400,15500,10800,Founders Award,58300,0,N,Paid Digital Campaign,155,0,12,35,2,,None,,N,3,Regional Public,N,0.019,9
A26-107838,Fall 2026,Regular Decision,N,2025-11-28,Admit,School of Engineering,Mechanical Engineering,3.79,85,Test Optional,,,4,4,4,3,3,N,,Y,PA,Mid-Atlantic,US Citizen,233,232110,Public,0.286,N,None,Male,White,Y,$100K - $149K,21300,63300,56000,25100,Trustee Scholar,3500,0,N,Counselor Referral,116,3,25,65,5,,None,,N,7,Peer Private,Y,0.308,3
A26-108326,Fall 2026,Regular Decision,N,2025-12-29,Admit,School of Engineering,Mechanical Engineering,3.49,69,Test Optional,,,6,3,2,4,3,N,,Y,PA,Mid-Atlantic,US Citizen,234,503564,Charter,0.345,N,None,Female,White,Y,$150K - $249K,41100,43500,35200,14100,Dean's Scholar,35300,0,N,Self-Initiated Inquiry,254,1,6,47,3,,None,,N,6,In-State Flagship Public,Y,0.158,5
A26-106775,Fall 2026,Regular Decision,N,2025-12-05,Admit - Committee Hold,College of Arts & Sciences,Psychology,3.36,72,Test Optional,,,0,2,1,3,2,N,,N,CT,New England,US Citizen,228,538053,Private - Independent,0.149,Y,None,Female,White,Y,$60K - $99K,7000,77600,68100,7200,Founders Award,9300,2300,N,College Fair,147,4,33,78,5,,None,,N,3,Peer Private,Y,0.385,3
A26-108135,Fall 2026,Regular Decision,N,2025-11-26,Admit,College of Arts & Sciences,Political Science,3.86,91,Submitted,1390,,8,4,4,3,4,Y,2,N,MA,New England,US Citizen,299,456105,Public,0.334,N,None,Male,Hispanic or Latino,Y,$100K - $149K,29500,55100,49500,30100,Trustee Scholar,5000,0,N,Paid Digital Campaign,133,3,18,94,5,,None,,N,8,Peer Private,N,0.069,7
A26-101226,Fall 2026,Regular Decision,N,2025-12-02,Admit,College of Arts & Sciences,Chemistry,3.91,86,Test Optional,,,5,4,4,3,3,N,,Y,NJ,Mid-Atlantic,US Citizen,91,126834,Public,0.09,Y,None,Male,Asian,Y,$150K - $249K,38300,46300,41400,30300,Trustee Scholar,12900,0,N,Paid Digital Campaign,209,3,28,46,5,,None,,N,4,Less Selective Private,N,0.084,7
A26-103307,Fall 2026,Regular Decision,N,2025-12-07,Admit - Committee Hold,School of Engineering,Mechanical Engineering,3.15,59,Submitted,1170,,2,2,3,1,3,N,,N,NY,Mid-Atlantic,US Citizen,429,913379,Public,0.304,N,None,Female,Black or African American,Y,$150K - $249K,48500,36100,27800,14000,Founders Award,42800,0,N,Self-Initiated Inquiry,239,2,16,42,4,,None,,N,2,Peer Private,N,0.076,7
A26-107801,Fall 2026,Regular Decision,N,2025-12-20,Admit,School of Business,Finance,3.43,69,Submitted,1260,,3,2,2,2,1,Y,3,N,GA,South,US Citizen,818,135301,Private - Independent,0.04,N,None,Male,White,Y,$250K and above,94600,0,0,12300,Founders Award,72300,0,Y,High School Visit,245,2,20,42,5,,None,Studio Art Portfolio,N,4,More Selective Private,Y,0.074,7
A26-106461,Fall 2026,Regular Decision,N,2025-11-27,Waitlist Alternate,School of Nursing & Health,Exercise Science,3.14,56,Test Optional,,,0,2,2,3,3,N,,N,OH,Midwest,US Citizen,507,610404,Public,0.12,N,None,Male,White,Y,$60K - $99K,10200,74400,74400,6500,Founders Award,3700,0,N,Purchased Search Name,318,3,29,56,5,,None,,N,5,Out-of-State Public,N,0.078,7
A26-100154,Fall 2026,Early Action,N,2025-10-18,Admit,School of Nursing & Health,Health Administration,3.54,80,Test Optional,,,3,3,3,3,1,Y,4,N,PA,Mid-Atlantic,US Citizen,28,901818,Public,0.42,Y,None,Female,White,Y,$250K and above,104100,0,0,17300,Dean's Scholar,67300,0,Y,Self-Initiated Inquiry,214,4,23,83,5,,None,,N,1,In-State Flagship Public,Y,0.643,2
A26-101600,Fall 2026,Regular Decision,N,2025-11-26,Admit,School of Nursing & Health,Health Administration,3.36,66,Submitted,1160,,0,2,2,2,3,Y,3,N,NJ,Mid-Atlantic,US Citizen,86,512063,Parochial,0.376,N,None,Male,White,Y,$100K - $149K,30600,54000,47700,7800,Founders Award,29100,0,N,Campus Visit Walk-In,248,5,24,100,5,,None,,N,2,More Selective Private,N,0.422,3
A26-106820,Fall 2026,Regular Decision,N,2025-12-17,Admit,College of Arts & Sciences,Economics,3.67,76,Test Optional,,,3,3,2,4,3,N,,N,WI,Midwest,US Citizen,695,785305,Public,0.343,N,None,Male,Two or More Races,N,Not Reported,,0,0,18200,Dean's Scholar,66400,0,Y,Self-Initiated Inquiry,185,2,16,39,4,,None,,N,7,Less Selective Private,N,0.015,9
A26-102644,Fall 2026,Early Action,N,2025-11-12,Admit,School of Business,Business Analytics,3.84,87,Test Optional,,,5,4,3,2,3,Y,3,Y,VA,South,US Citizen,310,199528,Public,0.22,N,None,Male,Hispanic or Latino,Y,$30K - $59K,7300,77300,73300,7800,Trustee Scholar,3500,0,N,Paid Digital Campaign,155,3,23,74,5,,None,,N,9,More Selective Private,N,0.064,7
A26-102465,Fall 2026,Early Action,N,2025-10-26,Admit,School of Engineering,Chemical Engineering,3.65,70,Test Optional,,,7,3,3,3,3,Y,3,N,NJ,Mid-Atlantic,US Citizen,171,538638,Charter,0.347,N,Parent,Female,Not Reported,Y,$100K - $149K,19300,65300,45300,22400,Dean's Scholar,16900,0,N,Purchased Search Name,278,5,29,95,5,,None,,N,3,Regional Public,Y,0.889,2
A26-105277,Fall 2026,Regular Decision,N,2025-12-23,Admit,School of Business,Finance,3.67,81,Test Optional,,,3,3,2,2,3,N,,N,MA,New England,US Citizen,464,185630,Public,0.226,Y,None,Male,Hispanic or Latino,Y,$250K and above,117400,0,0,15400,Dean's Scholar,69200,0,Y,Campus Visit Walk-In,3,2,22,70,5,,None,,N,3,Peer Private,Y,0.07,7
A26-107946,Fall 2026,Early Action,N,2025-11-14,Admit,College of Arts & Sciences,Economics,3.90,84,Submitted,1380,,6,4,2,3,3,N,,Y,NJ,Mid-Atlantic,US Citizen,148,704699,Private - Independent,0.141,N,None,Female,White,Y,$250K and above,75800,8800,7200,30700,Trustee Scholar,46700,0,N,Counselor Referral,16,5,38,94,5,,None,,N,3,In-State Flagship Public,N,0.227,4
A26-107823,Fall 2026,Regular Decision,N,2026-01-10,Admit,College of Arts & Sciences,Neuroscience,3.62,78,Test Optional,,,1,3,4,2,2,Y,4,N,MI,Midwest,US Citizen,525,223060,Parochial,0.4,N,None,Male,White,Y,$100K - $149K,23000,61600,58300,19600,Dean's Scholar,6700,0,N,Purchased Search Name,305,1,12,57,4,,None,,N,6,None Reported,N,0.064,7
A26-105281,Fall 2026,Early Action,N,2025-10-24,Admit,School of Business,Marketing,3.87,89,Submitted,1400,,8,4,4,4,4,N,,Y,TUR,International,International,5216,000000,International School,0.158,N,None,Female,White,N,Not Reported,,0,0,22900,Trustee Scholar,61700,0,Y,Campus Visit Walk-In,45,0,3,50,2,,None,,N,7,Peer Private,N,0.01,10
A26-106718,Fall 2026,Regular Decision,N,2026-01-09,Admit,College of Arts & Sciences,Mathematics,3.69,85,Submitted,1290,,4,3,2,3,4,N,,N,NY,Mid-Atlantic,US Citizen,199,648923,Public,0.181,N,None,Male,White,Y,Under $30K,1400,83200,59300,14000,Dean's Scholar,11300,9900,N,Self-Initiated Inquiry,195,4,28,44,5,,None,,N,3,In-State Flagship Public,N,0.072,7
A26-104743,Fall 2026,ED I,Y,2025-10-13,Admit,College of Arts & Sciences,History,3.68,75,Submitted,1340,,6,3,2,2,2,N,,N,MN,Midwest,US Citizen,1037,944785,Public,0.317,N,None,Male,White,Y,$150K - $249K,46000,38600,26200,17800,Dean's Scholar,40600,0,N,Counselor Referral,158,1,16,25,3,,None,,N,5,In-State Flagship Public,Y,0.936,1
A26-104147,Fall 2026,Regular Decision,N,2025-12-26,Admit,College of Fine Arts,Graphic Design,3.58,74,Submitted,,28,3,3,1,3,3,N,,N,PA,Mid-Atlantic,US Citizen,38,578034,Public,0.563,N,None,Female,White,Y,$250K and above,85400,0,0,17900,Dean's Scholar,66700,0,Y,College Fair,237,1,7,55,3,,None,Music - Vocal,N,3,Less Selective Private,N,0.146,5
A26-104501,Fall 2026,ED I,Y,2025-10-25,Admit,School of Business,Finance,3.62,82,Submitted,1300,,6,3,3,3,3,N,,N,MA,New England,US Citizen,309,185630,Public,0.226,Y,Parent,Male,White,Y,$30K - $59K,3000,81600,64300,16800,Dean's Scholar,3500,500,N,Athletic Recruiting,176,4,34,73,5,Men's Soccer,Tip,,N,4,Peer Private,Y,0.985,1
A26-100380,Fall 2026,Regular Decision,N,2026-01-11,Admit,School of Nursing & Health,Nursing (BSN),3.68,81,Test Optional,,,4,3,3,2,3,Y,3,N,NY,Mid-Atlantic,US Citizen,207,926406,Public,0.19,N,None,Male,White,Y,$250K and above,123300,0,0,14800,Dean's Scholar,69800,0,Y,Counselor Referral,152,3,22,98,5,,None,,N,5,Peer Private,N,0.042,8
A26-101572,Fall 2026,Early Action,N,2025-10-29,Admit,College of Arts & Sciences,Biology,3.34,70,Submitted,1220,,2,2,2,4,3,Y,4,N,CT,New England,US Citizen,304,389513,Public,0.118,N,None,Female,Asian,Y,Under $30K,0,84600,57600,13100,Founders Award,13900,13900,N,Common App Only,3,2,16,66,5,,None,,N,2,Peer Private,Y,0.251,4
A26-106500,Fall 2026,Regular Decision,N,2026-01-01,Admit,School of Business,Supply Chain Management,3.38,66,Submitted,,28,1,2,2,3,3,N,,N,PA,Mid-Atlantic,US Citizen,193,872074,Parochial,0.566,N,None,Female,White,Y,$30K - $59K,800,83800,66600,12700,Founders Award,5300,4500,N,Athletic Recruiting,328,5,35,64,5,Men's Basketball,Coach Support,,N,2,More Selective Private,N,0.595,2
A26-101835,Fall 2026,Early Action,N,2025-11-14,Admit,College of Arts & Sciences,Sociology,3.88,80,Submitted,1340,,6,4,3,4,2,Y,3,Y,PA,Mid-Atlantic,US Citizen,30,912312,Private - Independent,0.255,N,None,Female,Asian,Y,$150K - $249K,59200,25400,25400,28200,Trustee Scholar,31000,0,N,Common App Only,3,5,32,84,5,,None,,N,4,Out-of-State Public,N,0.443,3
A26-104305,Fall 2026,Early Action,N,2025-11-09,Admit,College of Arts & Sciences,Neuroscience,3.40,77,Test Optional,,,4,3,3,4,2,N,,N,PA,Mid-Atlantic,US Citizen,139,574647,Private - Independent,0.268,Y,None,Male,White,Y,$250K and above,120400,0,0,19900,Dean's Scholar,64700,0,Y,Purchased Search Name,268,2,27,6,5,,None,,N,5,Less Selective Private,Y,0.153,5
A26-103960,Fall 2026,Early Action,N,2025-11-11,Admit,College of Arts & Sciences,Economics,3.34,62,Test Optional,,,4,2,2,4,2,Y,2,N,OH,Midwest,US Citizen,451,325249,International School,0.081,N,None,Female,Hispanic or Latino,Y,$250K and above,144300,0,0,9700,Founders Award,74900,0,Y,High School Visit,117,0,3,52,2,,None,,N,4,Regional Public,N,0.02,9
A26-103705,Fall 2026,ED I,Y,2025-10-17,Admit,College of Arts & Sciences,Biology,3.40,70,Submitted,1240,27,4,2,3,4,2,N,,N,MD,Mid-Atlantic,US Citizen,253,526342,Public,0.297,Y,None,Female,White,Y,$100K - $149K,38400,46200,23800,11000,Founders Award,49800,11400,N,High School Visit,150,2,21,41,5,,None,,N,5,Less Selective Private,Y,0.977,1
A26-103346,Fall 2026,Regular Decision,N,2025-11-20,Admit,College of Arts & Sciences,Political Science,3.74,86,Submitted,1250,27,6,3,3,3,2,Y,3,N,CT,New England,US Citizen,235,676686,Home School,0.252,N,None,Male,White,Y,Under $30K,0,84600,59700,13400,Dean's Scholar,11500,11500,N,Purchased Search Name,280,3,28,93,5,,None,,N,3,In-State Flagship Public,Y,0.328,3
A26-108292,Fall 2026,Early Action,N,2025-11-01,Admit,College of Arts & Sciences,Political Science,3.52,76,Submitted,1280,,6,3,2,3,2,N,,N,MD,Mid-Atlantic,US Citizen,94,329361,Public,0.158,N,None,Male,Hispanic or Latino,N,Not Reported,,0,0,19400,Dean's Scholar,65200,0,Y,Athletic Recruiting,234,5,25,71,5,Swimming & Diving,Coach Support,,N,4,More Selective Private,N,0.064,7
A26-103867,Fall 2026,Regular Decision,N,2025-12-04,Admit,College of Arts & Sciences,Communication,3.55,77,Submitted,1270,,0,3,3,3,3,Y,2,N,VA,South,US Citizen,439,199528,Public,0.22,Y,None,Female,Asian,Y,$100K - $149K,39500,45100,41400,18200,Dean's Scholar,25000,0,N,Paid Digital Campaign,3,2,15,71,5,,None,,N,3,None Reported,Y,0.416,3
A26-101788,Fall 2026,Early Action,N,2025-11-08,Admit - Committee Hold,College of Arts & Sciences,English,3.84,81,Submitted,1360,,6,3,4,4,2,Y,3,N,FL,South,US Citizen,1014,444536,Public,0.094,N,None,Female,Hispanic or Latino,Y,$100K - $149K,24900,59700,50500,13700,Dean's Scholar,20400,0,N,Self-Initiated Inquiry,332,0,10,73,4,,None,,N,6,Peer Private,Y,0.062,8
A26-102203,Fall 2026,ED I,Y,2025-10-12,Admit,School of Business,Accounting,3.39,72,Test Optional,,,1,2,3,5,2,Y,3,N,MD,Mid-Atlantic,US Citizen,189,985640,Public,0.267,N,None,Female,White,Y,$60K - $99K,15700,68900,52300,13600,Founders Award,18700,3000,N,Athletic Recruiting,221,5,37,68,5,,None,,N,7,More Selective Private,Y,0.985,1
A26-101703,Fall 2026,Regular Decision,N,2025-12-06,Admit - Committee Hold,College of Arts & Sciences,English,4.13,99,Submitted,1420,35,10,5,4,3,3,Y,4,Y,NJ,Mid-Atlantic,US Citizen,146,122832,Public,0.109,N,None,Male,White,Y,$150K - $249K,42100,42500,35000,35900,Presidential Scholar,13700,0,N,Campus Visit Walk-In,224,3,21,86,5,,None,,N,3,Regional Public,Y,0.391,3
A26-103609,Fall 2026,Regular Decision,N,2026-01-07,Admit,College of Arts & Sciences,English,3.75,81,Submitted,,30,7,3,3,3,4,N,,Y,PA,Mid-Atlantic,US Citizen,127,278119,Public,0.339,N,None,Female,White,Y,$150K - $249K,40600,44000,36300,18900,Dean's Scholar,29400,0,N,High School Visit,212,1,21,36,4,,None,,N,4,Less Selective Private,N,0.156,5
A26-107622,Fall 2026,ED I,Y,2025-10-18,Admit,College of Arts & Sciences,Environmental Science,3.48,81,Test Optional,,,4,3,3,2,3,N,,Y,MD,Mid-Atlantic,US Citizen,173,329361,Public,0.158,N,None,Male,Hispanic or Latino,Y,$30K - $59K,1100,83500,70200,10900,Dean's Scholar,3500,2400,N,Athletic Recruiting,97,4,18,69,5,,None,,N,5,Peer Private,Y,0.985,1
A26-103321,Fall 2026,Regular Decision,N,2025-12-01,Admit,School of Engineering,Biomedical Engineering,3.82,99,Submitted,1410,32,7,4,3,3,4,N,,Y,NY,Mid-Atlantic,US Citizen,365,600685,Parochial,0.285,Y,None,Male,Asian,Y,$60K - $99K,9400,75200,75200,5900,Trustee Scholar,3500,0,N,Campus Visit Walk-In,98,2,19,43,5,,None,,N,7,Less Selective Private,N,0.071,7
A26-107631,Fall 2026,Early Action,N,2025-10-30,Admit,School of Nursing & Health,Public Health,3.40,68,Submitted,,28,3,2,3,4,2,N,,N,NY,Mid-Atlantic,US Citizen,234,192198,Public,0.274,N,None,Male,Asian,Y,$100K - $149K,39400,45200,35400,7700,Founders Award,41500,2100,N,College Fair,304,0,15,50,3,,None,,N,5,More Selective Private,N,0.027,9
A26-100840,Fall 2026,Regular Decision,N,2026-01-07,Admit,College of Arts & Sciences,Mathematics,3.66,89,Submitted,1300,,2,3,4,3,3,Y,4,Y,FL,South,US Citizen,957,544384,Public,0.15,N,None,Male,Asian,Y,$150K - $249K,73500,11100,9100,14700,Dean's Scholar,60800,0,N,Purchased Search Name,266,1,22,92,5,,None,,N,9,Less Selective Private,N,0.016,9
A26-103751,Fall 2026,Regular Decision,N,2025-12-21,Admit,School of Engineering,Mechanical Engineering,3.30,71,Test Optional,,,6,2,4,3,2,N,,N,NJ,Mid-Atlantic,US Citizen,202,467943,Public,0.218,N,None,Male,Hispanic or Latino,N,Not Reported,,0,0,9500,Founders Award,75100,0,Y,Purchased Search Name,434,2,25,100,5,,None,,N,3,None Reported,N,0.09,7
A26-103857,Fall 2026,Regular Decision,N,2026-01-01,Admit,College of Arts & Sciences,Environmental Science,3.35,70,Submitted,1230,,3,2,2,2,3,N,,N,PA,Mid-Atlantic,US Citizen,145,278119,Public,0.339,Y,None,Male,White,Y,$100K - $149K,34300,50300,30300,11900,Founders Award,42400,8100,N,Self-Initiated Inquiry,9,4,19,56,5,,None,,N,3,Out-of-State Public,N,0.202,4
A26-103661,Fall 2026,Regular Decision,N,2025-12-04,Admit,School of Nursing & Health,Exercise Science,3.79,94,Submitted,1410,,6,4,5,2,2,Y,3,Y,DE,Mid-Atlantic,US Citizen,126,668070,Public,0.283,N,None,Female,White,Y,$150K - $249K,56000,28600,22500,28700,Trustee Scholar,33400,0,N,Common App Only,3,5,35,61,5,,None,,N,6,More Selective Private,N,0.116,6
A26-108067,Fall 2026,Early Action,N,2025-10-27,Admit,School of Business,Supply Chain Management,3.42,69,Submitted,1250,28,4,2,3,3,4,Y,2,N,RI,New England,US Citizen,351,350554,Public,0.334,N,None,Male,White,Y,$100K - $149K,32500,52100,44400,7700,Founders Award,32500,0,N,Self-Initiated Inquiry,66,1,13,91,5,,None,,N,4,Less Selective Private,N,0.206,4
A26-100218,Fall 2026,Early Action,N,2025-11-03,Admit,College of Arts & Sciences,Political Science,3.24,66,Submitted,1170,,2,2,2,2,4,Y,3,N,PA,Mid-Atlantic,US Citizen,82,211557,Public,0.356,N,None,Female,Asian,Y,$30K - $59K,6100,78500,70000,8200,Founders Award,6400,300,N,College Fair,238,1,12,50,4,,None,,N,2,More Selective Private,Y,0.392,3
A26-102724,Fall 2026,ED I,Y,2025-10-23,Admit,College of Arts & Sciences,Environmental Science,3.58,68,Submitted,1210,27,5,3,3,4,3,N,,N,TX,Southwest,US Citizen,1537,927275,Private - Independent,0.111,N,None,Male,Hispanic or Latino,Y,$30K - $59K,3500,81100,60400,20700,Dean's Scholar,3500,0,N,Athletic Recruiting,315,0,2,28,1,,None,,N,4,Peer Private,N,0.793,2
A26-106016,Fall 2026,Early Action,N,2025-10-22,Admit,School of Engineering,Computer Science,3.64,79,Submitted,1310,,3,3,4,3,3,Y,3,N,CAN,International,International,548,000000,International School,0.039,Y,None,Female,White,Y,$30K - $59K,5900,78700,61100,14500,Dean's Scholar,9000,3100,N,Campus Visit Walk-In,360,1,3,54,3,,None,,N,4,More Selective Private,Y,0.083,7
A26-106575,Fall 2026,Early Action,N,2025-11-05,Admit,College of Arts & Sciences,History,4.19,96,Test Optional,,,10,5,4,3,3,N,,Y,NY,Mid-Atlantic,US Citizen,166,670311,Charter,0.187,N,None,Female,White,Y,$60K - $99K,18800,65800,51500,29600,Presidential Scholar,3500,0,N,College Fair,28,4,31,76,5,,None,Robotics / STEM Competition,N,6,Out-of-State Public,N,0.172,5
A26-108268,Fall 2026,Regular Decision,N,2025-12-04,Admit,School of Business,Accounting,3.82,88,Submitted,1370,,5,4,3,4,4,N,,Y,VNM,International,International,8722,000000,International School,0.214,N,None,Male,White,Y,$150K - $249K,68500,16100,12900,23600,Trustee Scholar,48100,0,N,Self-Initiated Inquiry,303,0,10,44,2,,None,,N,4,Regional Public,N,0.01,10
A26-100099,Fall 2026,Regular Decision,N,2025-12-11,Admit,School of Engineering,Electrical Engineering,3.58,74,Test Optional,,,2,3,3,4,3,Y,3,N,NY,Mid-Atlantic,US Citizen,128,362387,Public,0.238,N,None,Male,White,Y,$150K - $249K,69400,15200,13000,17400,Dean's Scholar,54200,0,N,Purchased Search Name,275,3,27,73,5,,None,,N,2,Out-of-State Public,N,0.17,5
A26-108236,Fall 2026,Regular Decision,N,2025-12-22,Admit - Committee Hold,School of Engineering,Computer Science,3.49,75,Submitted,1250,,3,3,3,3,3,Y,3,N,MN,Midwest,US Citizen,941,944785,Public,0.317,N,None,Male,Hispanic or Latino,Y,$30K - $59K,6900,77700,57400,17700,Dean's Scholar,9500,2600,N,College Fair,63,1,19,67,5,,None,,N,5,None Reported,N,0.063,8
A26-107511,Fall 2026,Regular Decision,N,2025-12-02,Admit,College of Arts & Sciences,Neuroscience,3.52,80,Submitted,1150,,3,3,3,2,3,N,,N,AZ,West,US Citizen,2113,546148,Charter,0.161,Y,None,Male,Not Reported,N,Not Reported,,0,0,14200,Dean's Scholar,70400,0,Y,Purchased Search Name,230,0,6,52,2,,None,,N,5,In-State Flagship Public,N,0.01,10
A26-103479,Fall 2026,Early Action,N,2025-10-23,Waitlist Alternate,School of Nursing & Health,Health Administration,3.86,90,Test Optional,,,7,4,3,2,4,N,,N,DE,Mid-Atlantic,US Citizen,119,447427,Public,0.262,N,None,Male,Asian,N,Not Reported,,0,0,30700,Trustee Scholar,53900,0,Y,College Fair,189,2,11,30,4,,None,,N,5,Peer Private,N,0.031,9
A26-107610,Fall 2026,Regular Decision,N,2025-11-26,Admit,School of Business,Marketing,3.58,74,Test Optional,,,4,3,2,2,2,Y,2,N,GA,South,US Citizen,613,135301,Private - Independent,0.04,N,None,Female,White,Y,$30K - $59K,7200,77400,60300,17400,Dean's Scholar,6900,0,N,Counselor Referral,240,3,13,100,5,,None,,N,6,Out-of-State Public,N,0.086,7
A26-104806,Fall 2026,Regular Decision,N,2025-12-03,Admit,School of Engineering,Biomedical Engineering,3.81,80,Submitted,1370,31,4,3,4,4,2,Y,3,N,BRA,International,International,4579,000000,International School,0.22,N,None,Female,Hispanic or Latino,Y,$250K and above,93100,0,0,18600,Dean's Scholar,66000,0,Y,Athletic Recruiting,89,5,33,82,5,Golf,Coach Support,,N,4,Peer Private,N,0.025,9
A26-104033,Fall 2026,ED I,Y,2025-10-26,Admit,College of Arts & Sciences,Undeclared,3.74,83,Submitted,,30,5,3,3,4,2,N,,N,CT,New England,US Citizen,270,404488,Private - Independent,0.238,N,None,Male,White,Y,$60K - $99K,20300,64300,64300,16800,Dean's Scholar,3500,0,N,College Fair,325,4,28,74,5,,None,,N,5,Regional Public,Y,0.985,1
A26-106260,Fall 2026,Regular Decision,N,2025-12-06,Admit,School of Business,Marketing,3.89,80,Test Optional,,,5,4,5,4,5,Y,4,Y,NY,Mid-Atlantic,US Citizen,275,323666,Public,0.273,N,None,Male,White,Y,$60K - $99K,13800,70800,48500,29900,Trustee Scholar,6200,0,N,Common App Only,3,1,16,64,5,,None,,N,5,Peer Private,N,0.045,8
A26-102666,Fall 2026,Regular Decision,N,2025-12-01,Admit - Committee Hold,School of Business,Accounting,3.48,73,Submitted,1240,25,6,3,4,4,3,Y,3,N,NJ,Mid-Atlantic,US Citizen,156,783357,Public,0.256,N,None,Male,White,Y,$150K - $249K,49800,34800,28100,18900,Dean's Scholar,37600,0,N,Self-Initiated Inquiry,230,4,29,64,5,,None,,N,3,Less Selective Private,N,0.215,4
A26-101240,Fall 2026,Early Action,N,2025-11-03,Admit - Committee Hold,School of Engineering,Computer Science,3.63,75,Submitted,1230,,5,3,2,3,3,N,,N,NJ,Mid-Atlantic,US Citizen,197,267755,Private - Independent,0.139,Y,None,Female,White,Y,$100K - $149K,24700,59900,42300,19600,Dean's Scholar,22700,0,N,Campus Visit Walk-In,175,4,30,65,5,,None,,N,3,Peer Private,N,0.183,5
A26-100739,Fall 2026,Regular Decision,N,2025-12-01,Waitlist Alternate,School of Business,Finance,3.78,90,Test Optional,,,6,4,3,4,4,N,,Y,NJ,Mid-Atlantic,US Citizen,214,750655,Public,0.251,N,None,Female,Two or More Races,Y,$250K and above,150200,0,0,23800,Trustee Scholar,60800,0,Y,Self-Initiated Inquiry,402,4,27,92,5,,None,,N,1,In-State Flagship Public,Y,0.295,4
A26-103062,Fall 2026,Early Action,N,2025-10-23,Admit,School of Engineering,Computer Science,3.63,79,Test Optional,,,3,3,4,1,3,Y,4,Y,PA,Mid-Atlantic,US Citizen,127,738524,Public,0.32,N,None,Female,Asian,Y,$60K - $99K,18600,66000,48900,18900,Dean's Scholar,16800,0,N,Athletic Recruiting,66,5,27,83,5,Softball,Coach Support,,N,6,Peer Private,N,0.472,2
A26-101665,Fall 2026,Early Action,N,2025-11-01,Admit - Committee Hold,College of Arts & Sciences,English,3.59,69,Submitted,1340,,4,3,4,3,4,N,,N,CA,West,US Citizen,2706,569221,Private - Independent,0.04,N,None,Male,Hispanic or Latino,Y,Under $30K,0,84600,64500,16000,Dean's Scholar,4100,4100,N,Purchased Search Name,321,1,17,46,4,,None,,N,2,More Selective Private,N,0.016,9
A26-105310,Fall 2026,Regular Decision,N,2026-01-10,Admit,College of Arts & Sciences,Political Science,3.57,73,Test Optional,,,3,3,3,2,3,N,,N,VA,South,US Citizen,292,199528,Public,0.22,N,None,Male,Asian,Y,$150K - $249K,40700,43900,40300,14600,Dean's Scholar,29700,0,N,Self-Initiated Inquiry,184,3,21,76,5,,None,,N,4,Out-of-State Public,Y,0.265,4
A26-106795,Fall 2026,Early Action,N,2025-11-07,Admit,College of Arts & Sciences,Communication,3.27,69,Test Optional,,,2,2,2,2,2,N,,N,WI,Midwest,US Citizen,771,785305,Public,0.343,N,Parent,Female,Hispanic or Latino,Y,$150K - $249K,71300,13300,10700,7300,Founders Award,66600,0,N,Purchased Search Name,258,3,26,57,5,,None,,Y,2,Regional Public,Y,0.755,2
A26-101039,Fall 2026,ED II,Y,2025-12-22,Admit,College of Arts & Sciences,Mathematics,3.62,72,Test Optional,,,3,3,4,3,3,Y,2,Y,PA,Mid-Atlantic,US Citizen,149,232110,Public,0.286,N,None,Male,Two or More Races,Y,$250K and above,155700,0,0,14900,Dean's Scholar,69700,0,Y,Paid Digital Campaign,247,3,32,65,5,,None,,N,4,More Selective Private,Y,0.985,1
A26-101410,Fall 2026,Regular Decision,N,2025-11-25,Admit,College of Arts & Sciences,Sociology,3.69,80,Test Optional,,,5,3,3,4,5,N,,N,ME,New England,US Citizen,650,454355,Public,0.192,N,None,Male,Hispanic or Latino,Y,$30K - $59K,4600,80000,75300,5800,Dean's Scholar,3500,0,N,Self-Initiated Inquiry,57,4,26,52,5,,None,,N,5,Peer Private,N,0.114,6
A26-103368,Fall 2026,Early Action,N,2025-10-31,Admit,School of Business,Business Analytics,3.86,81,Submitted,,31,6,4,4,3,4,N,,N,NY,Mid-Atlantic,US Citizen,141,690704,Public,0.206,N,None,Male,Asian,Y,$150K - $249K,45800,38800,38800,30900,Trustee Scholar,14900,0,N,Purchased Search Name,223,3,25,58,5,,None,Music - Instrumental,N,8,Peer Private,Y,0.161,5
A26-106898,Fall 2026,ED II,Y,2026-01-03,Admit,School of Engineering,Biomedical Engineering,3.58,80,Submitted,,30,4,3,4,3,3,N,,Y,NJ,Mid-Atlantic,US Citizen,117,114752,Private - Independent,0.271,Y,None,Female,Hispanic or Latino,Y,$100K - $149K,17500,67100,53200,15300,Dean's Scholar,16100,0,N,Athletic Recruiting,52,2,15,53,4,,None,,N,6,Peer Private,Y,0.985,1
A26-107925,Fall 2026,Regular Decision,N,2025-12-18,Admit,School of Business,Accounting,3.28,69,Test Optional,,,2,2,3,3,3,N,,N,CHN,International,International,7026,000000,International School,0.156,N,None,Female,White,Y,$150K - $249K,50200,34400,24900,12200,Founders Award,47500,0,N,Self-Initiated Inquiry,63,0,10,31,2,,None,,N,4,Regional Public,N,0.01,10
A26-101894,Fall 2026,Regular Decision,N,2025-12-20,Admit,School of Business,Marketing,3.43,75,Submitted,1280,,1,3,3,3,5,Y,4,N,PA,Mid-Atlantic,US Citizen,59,675305,Private - Independent,0.454,Y,None,Male,White,Y,$100K - $149K,27100,57500,35700,19300,Dean's Scholar,29600,2500,N,High School Visit,61,3,26,90,5,,None,,N,3,In-State Flagship Public,N,0.231,4
A26-101135,Fall 2026,Regular Decision,N,2025-12-17,Admit,School of Nursing & Health,Exercise Science,3.60,74,Test Optional,,,5,3,3,5,4,Y,4,N,OH,Midwest,US Citizen,477,744135,Public,0.158,N,None,Male,Asian,Y,$30K - $59K,3500,81100,76600,4500,Dean's Scholar,3500,0,N,Paid Digital Campaign,23,3,23,75,5,,None,Music - Instrumental,N,2,Peer Private,N,0.264,4
A26-102529,Fall 2026,Early Action,N,2025-11-09,Waitlist Alternate,College of Arts & Sciences,History,3.72,85,Test Optional,,,6,4,3,3,3,Y,2,N,NY,Mid-Atlantic,US Citizen,420,897916,Parochial,0.228,N,None,Male,Hispanic or Latino,Y,$60K - $99K,18500,66100,52300,28800,Trustee Scholar,3500,0,N,Common App Only,31,2,7,76,5,,None,,N,7,Peer Private,Y,0.093,7
A26-107399,Fall 2026,ED I,Y,2025-10-16,Admit,School of Business,Finance,3.21,63,Submitted,1210,,1,2,3,2,2,N,,N,TUR,International,International,5219,000000,International School,0.155,N,None,Female,White,Y,$250K and above,123200,0,0,13300,Founders Award,71300,0,Y,Purchased Search Name,345,0,12,66,3,,None,,N,6,None Reported,N,0.308,3
A26-105292,Fall 2026,Early Action,N,2025-11-13,Waitlist Alternate,School of Nursing & Health,Public Health,3.71,78,Submitted,1330,,7,3,3,2,3,N,,N,TX,Southwest,US Citizen,1443,177101,Public,0.253,N,None,Male,Hispanic or Latino,Y,$30K - $59K,1500,83100,66400,14700,Dean's Scholar,3500,2000,N,Paid Digital Campaign,269,0,8,47,2,,None,,N,0,None Reported,N,0.21,4
A26-103278,Fall 2026,Regular Decision,N,2025-12-19,Admit - Committee Hold,School of Engineering,Mechanical Engineering,3.70,74,Submitted,1240,,4,3,3,5,3,Y,4,N,PA,Mid-Atlantic,US Citizen,188,578034,Public,0.563,N,None,Female,Black or African American,Y,$150K - $249K,62100,22500,18900,16600,Dean's Scholar,49100,0,N,Self-Initiated Inquiry,279,5,29,94,5,,None,,N,2,In-State Flagship Public,N,0.503,2
A26-106490,Fall 2026,Regular Decision,N,2026-01-05,Admit,School of Engineering,Electrical Engineering,3.48,70,Submitted,1240,,1,2,3,3,5,Y,3,N,RI,New England,Permanent Resident,335,732369,Private - Independent,0.362,N,None,Female,White,Y,$250K and above,74900,9700,6400,9100,Founders Award,69100,0,N,Athletic Recruiting,146,5,26,68,5,Women's Lacrosse,Tip,,N,4,Peer Private,N,0.398,3
A26-103267,Fall 2026,Early Action,N,2025-10-28,Waitlist Alternate,College of Arts & Sciences,Neuroscience,3.53,80,Submitted,,29,5,3,3,1,4,N,,N,TUR,International,International,5262,000000,International School,0.129,Y,None,Male,Hispanic or Latino,Y,$60K - $99K,14100,70500,64400,14200,Dean's Scholar,6000,0,N,Paid Digital Campaign,178,0,6,39,2,,None,,N,3,In-State Flagship Public,N,0.01,10
A26-105428,Fall 2026,Regular Decision,N,2025-12-21,Admit,School of Business,Accounting,3.56,74,Submitted,1250,,2,3,5,3,2,N,,N,CA,West,US Citizen,2382,644362,Parochial,0.204,N,None,Female,White,Y,$100K - $149K,34300,50300,39300,21800,Dean's Scholar,23500,0,N,Paid Digital Campaign,277,0,12,38,2,,None,,N,4,More Selective Private,N,0.01,10
A26-104342,Fall 2026,Regular Decision,N,2025-11-29,Admit,College of Arts & Sciences,Undeclared,3.33,66,Submitted,1130,26,1,2,2,4,2,N,,N,PA,Mid-Atlantic,US Citizen,41,872074,Parochial,0.566,Y,None,Female,Hispanic or Latino,Y,$100K - $149K,21000,63600,48300,6500,Founders Award,29800,8800,N,Self-Initiated Inquiry,105,2,20,50,5,,None,Published Research,N,2,Less Selective Private,N,0.405,3
A26-105059,Fall 2026,Regular Decision,N,2026-01-08,Admit - Committee Hold,School of Engineering,Electrical Engineering,3.93,99,Submitted,,32,6,4,5,3,3,Y,3,Y,NJ,Mid-Atlantic,US Citizen,132,750655,Public,0.251,N,None,Female,Hispanic or Latino,Y,$150K - $249K,67600,17000,14500,22900,Trustee Scholar,47200,0,N,College Fair,224,2,26,60,5,,None,Dance Audition,N,3,Peer Private,N,0.098,6
A26-103395,Fall 2026,ED I,Y,2025-10-17,Admit,School of Business,Supply Chain Management,3.87,85,Submitted,1270,,4,4,3,3,3,N,,Y,DC,Mid-Atlantic,US Citizen,191,859983,Private - Independent,0.207,N,None,Female,White,Y,$30K - $59K,700,83900,76600,4500,Trustee Scholar,3500,2800,N,Paid Digital Campaign,186,2,16,71,5,,None,,N,5,More Selective Private,Y,0.978,1
A26-102564,Fall 2026,Regular Decision,N,2025-12-21,Admit,School of Business,Finance,3.77,86,Submitted,1300,,5,3,3,3,5,Y,2,N,MA,New England,US Citizen,325,639814,Parochial,0.304,N,None,Male,Hispanic or Latino,Y,$100K - $149K,17700,66900,55100,15200,Dean's Scholar,14300,0,N,High School Visit,404,3,19,97,5,,None,,N,5,Out-of-State Public,N,0.103,6
A26-101743,Fall 2026,Early Action,N,2025-11-15,Admit,College of Arts & Sciences,Neuroscience,3.47,66,Test Optional,,,3,2,2,2,3,Y,4,N,NJ,Mid-Atlantic,US Citizen,127,154518,Public,0.158,N,None,Female,Black or African American,Y,$150K - $249K,40700,43900,35500,8800,Founders Award,40300,0,N,Paid Digital Campaign,223,2,18,93,5,,None,,N,4,Regional Public,N,0.182,5
A26-102387,Fall 2026,Regular Decision,N,2025-11-21,Admit,School of Engineering,Computer Science,3.43,69,Submitted,,25,3,2,2,2,3,N,,N,OH,Midwest,US Citizen,442,610404,Public,0.12,N,None,Female,White,Y,$60K - $99K,17100,67500,62600,9700,Founders Award,12300,0,N,Self-Initiated Inquiry,330,1,2,46,2,,None,,N,4,None Reported,N,0.07,7
A26-108355,Fall 2026,Regular Decision,N,2025-12-21,Admit - Committee Hold,College of Arts & Sciences,Psychology,3.86,90,Test Optional,,,8,4,4,2,4,Y,4,N,NY,Mid-Atlantic,US Citizen,205,704993,Public,0.275,N,None,Male,Two or More Races,Y,$60K - $99K,16900,67700,57700,23400,Trustee Scholar,3500,0,N,Common App Only,65,3,18,100,5,,None,,N,9,Peer Private,N,0.049,8
A26-105422,Fall 2026,Early Action,N,2025-11-06,Waitlist Alternate,School of Engineering,Chemical Engineering,4.15,93,Submitted,1550,,8,5,3,4,4,Y,4,N,PA,Mid-Atlantic,US Citizen,219,258601,Public,0.281,N,None,Female,Two or More Races,Y,$60K - $99K,18900,65700,57400,23700,Presidential Scholar,3500,0,N,Paid Digital Campaign,190,3,26,52,5,,None,,N,4,Less Selective Private,Y,0.446,3
A26-107036,Fall 2026,Early Action,N,2025-11-08,Admit,College of Arts & Sciences,Sociology,3.70,78,Submitted,1250,29,5,3,3,3,2,N,,N,NJ,Mid-Atlantic,US Citizen,100,267755,Private - Independent,0.139,N,None,Male,Black or African American,Y,$60K - $99K,9900,74700,54700,21800,Dean's Scholar,8100,0,N,Athletic Recruiting,174,5,29,81,5,Rowing,Slot,,N,2,More Selective Private,N,0.665,2
A26-103720,Fall 2026,Regular Decision,N,2025-12-20,Waitlist Alternate,School of Business,Management,3.78,81,Test Optional,,,8,3,3,3,2,N,,N,PA,Mid-Atlantic,US Citizen,77,665127,Public,0.305,N,None,Female,Two or More Races,Y,$60K - $99K,8700,75900,64900,16200,Dean's Scholar,3500,0,N,Paid Digital Campaign,112,4,24,72,5,,None,,N,4,In-State Flagship Public,N,0.165,5
A26-105444,Fall 2026,Early Action,N,2025-11-02,Admit,College of Arts & Sciences,Chemistry,3.54,72,Test Optional,,,4,3,3,3,2,Y,3,N,NJ,Mid-Atlantic,US Citizen,171,174999,Public,0.156,Y,None,Male,Two or More Races,Y,$150K - $249K,44300,40300,32900,22300,Dean's Scholar,29400,0,N,Self-Initiated Inquiry,219,1,7,49,4,,None,,N,6,Peer Private,N,0.031,9
A26-104627,Fall 2026,Regular Decision,N,2025-12-16,Waitlist Alternate,School of Engineering,Chemical Engineering,3.19,62,Test Optional,,,2,2,2,2,3,Y,5,N,DE,Mid-Atlantic,US Citizen,131,674884,Public,0.084,N,Parent,Male,White,Y,$250K and above,91700,0,0,12700,Founders Award,71900,0,Y,College Fair,161,3,16,96,5,,None,,N,3,In-State Flagship Public,N,0.118,6
A26-100301,Fall 2026,Regular Decision,N,2025-12-29,Admit,College of Arts & Sciences,Biology,3.82,89,Submitted,1370,,5,4,3,3,4,N,,N,OH,Midwest,US Citizen,498,362708,Public,0.281,N,None,Female,Black or African American,N,Not Reported,,0,0,22600,Trustee Scholar,62000,0,Y,High School Visit,169,3,21,38,5,,None,Theatre Audition,N,6,Peer Private,N,0.017,9
A26-106591,Fall 2026,Regular Decision,N,2025-11-22,Admit,School of Nursing & Health,Public Health,3.60,70,Test Optional,,,3,3,3,4,2,N,,N,TX,Southwest,US Citizen,1308,927275,Private - Independent,0.111,Y,None,Male,White,Y,Under $30K,0,84600,73400,7700,Dean's Scholar,3500,3500,N,High School Visit,91,0,11,62,3,,None,,N,7,More Selective Private,N,0.01,10
A26-106427,Fall 2026,Regular Decision,N,2026-01-03,Admit,College of Arts & Sciences,Political Science,3.35,71,Submitted,1150,,1,2,4,4,3,N,,N,GBR,International,International,3229,000000,International School,0.173,N,None,Female,Asian,Y,$250K and above,108000,0,0,9000,Founders Award,75600,0,Y,Self-Initiated Inquiry,219,0,3,38,1,,None,,N,1,In-State Flagship Public,N,0.01,10
A26-103856,Fall 2026,Regular Decision,N,2025-12-08,Waitlist Alternate,School of Nursing & Health,Exercise Science,3.50,66,Submitted,1130,27,1,3,4,2,3,Y,2,N,NJ,Mid-Atlantic,US Citizen,156,493927,Public,0.295,N,None,Male,Black or African American,Y,$30K - $59K,1300,83300,71500,9600,Dean's Scholar,3500,2200,N,Counselor Referral,143,1,7,87,4,,None,,N,1,Peer Private,N,0.203,4
A26-108122,Fall 2026,ED II,Y,2025-12-28,Admit,School of Business,Management,3.44,71,Test Optional,,,3,2,1,1,5,N,,N,NY,Mid-Atlantic,US Citizen,278,926406,Public,0.19,N,None,Male,Asian,Y,$30K - $59K,6200,78400,52000,6300,Founders Award,26300,20100,N,Common App Only,3,4,26,73,5,,None,,N,4,In-State Flagship Public,Y,0.981,1
A26-101347,Fall 2026,Regular Decision,N,2025-12-24,Admit,College of Arts & Sciences,History,3.32,71,Test Optional,,,1,2,3,2,3,Y,3,N,PA,Mid-Atlantic,US Citizen,233,488338,Private - Independent,0.378,Y,None,Female,Hispanic or Latino,Y,$60K - $99K,17500,67100,50100,9600,Founders Award,24900,7400,N,Paid Digital Campaign,297,3,20,69,5,,None,,N,5,Peer Private,N,0.177,5
A26-101328,Fall 2026,Regular Decision,N,2025-11-20,Admit,School of Business,Management,3.88,87,Test Optional,,,5,4,4,4,4,N,,Y,NJ,Mid-Atlantic,US Citizen,243,493927,Public,0.295,N,None,Female,White,Y,$100K - $149K,26400,58200,53300,25600,Trustee Scholar,5700,0,N,College Fair,408,3,24,91,5,,None,,N,4,In-State Flagship Public,N,0.097,6
A26-100903,Fall 2026,Early Action,N,2025-11-05,Admit,College of Arts & Sciences,Sociology,3.67,81,Submitted,1240,,4,3,3,4,3,N,,N,MA,New England,US Citizen,400,566507,Public,0.187,N,None,Female,Two or More Races,Y,$150K - $249K,67600,17000,14600,20900,Dean's Scholar,49100,0,N,Self-Initiated Inquiry,255,2,20,33,4,,None,,N,2,None Reported,N,0.095,6
A26-107451,Fall 2026,Regular Decision,N,2025-11-22,Admit - Committee Hold,School of Business,Accounting,3.88,79,Submitted,1360,,5,4,3,2,4,N,,N,CA,West,US Citizen,2615,644362,Parochial,0.204,N,None,Male,Asian,Y,$100K - $149K,37200,47400,39400,24000,Trustee Scholar,21200,0,N,High School Visit,218,0,8,65,2,,None,,N,6,Peer Private,N,0.01,10
A26-108311,Fall 2026,Regular Decision,N,2025-12-03,Admit,School of Business,Marketing,3.49,72,Submitted,1200,,3,3,3,2,2,N,,Y,MA,New England,US Citizen,355,185630,Public,0.226,N,None,Female,Black or African American,Y,$150K - $249K,49600,35000,30800,13700,Dean's Scholar,40100,0,N,Purchased Search Name,473,2,17,72,5,,None,Published Research,N,3,Peer Private,Y,0.321,3
A26-100393,Fall 2026,Regular Decision,N,2026-01-05,Admit,School of Business,Finance,3.60,81,Test Optional,,,4,3,3,2,3,N,,N,GA,South,US Citizen,611,135301,Private - Independent,0.04,N,None,Male,White,Y,$30K - $59K,3600,81000,59600,14200,Dean's Scholar,10800,7200,N,Paid Digital Campaign,237,4,29,30,5,,None,,N,4,None Reported,N,0.056,8
A26-102277,Fall 2026,Regular Decision,N,2025-12-16,Admit,School of Nursing & Health,Exercise Science,3.24,64,Submitted,1100,,3,2,2,2,2,N,,N,AZ,West,US Citizen,2042,733355,Public,0.255,N,None,Female,White,Y,$250K and above,119500,0,0,6700,Founders Award,77900,0,Y,College Fair,181,0,7,35,2,,None,,N,4,Peer Private,N,0.011,10
A26-103537,Fall 2026,ED I,Y,2025-10-26,Admit,School of Nursing & Health,Exercise Science,3.80,93,Test Optional,,,10,4,4,2,4,Y,2,Y,MA,New England,US Citizen,453,539875,Public,0.366,N,None,Female,White,Y,Under $30K,0,84600,76600,4500,Trustee Scholar,3500,3500,N,College Fair,120,3,19,69,5,,None,,N,6,Out-of-State Public,Y,0.985,1
A26-102962,Fall 2026,Early Action,N,2025-10-31,Admit,School of Business,Supply Chain Management,3.64,78,Test Optional,,,3,3,2,2,4,Y,3,N,VA,South,US Citizen,402,104750,Private - Independent,0.04,N,Parent,Female,White,Y,$150K - $249K,42200,42400,36400,22100,Dean's Scholar,26100,0,N,Purchased Search Name,251,4,33,84,5,,None,,N,4,More Selective Private,N,0.113,6
A26-102369,Fall 2026,Regular Decision,N,2026-01-10,Admit,College of Arts & Sciences,English,3.65,68,Submitted,1230,29,2,3,1,1,4,N,,N,TX,Southwest,US Citizen,1627,957274,Private - Independent,0.06,N,None,Female,White,N,Not Reported,,0,0,22500,Dean's Scholar,62100,0,Y,Self-Initiated Inquiry,184,2,10,46,4,,None,,N,4,None Reported,N,0.018,9
A26-104683,Fall 2026,Early Action,N,2025-10-23,Admit,College of Arts & Sciences,Neuroscience,3.43,79,Submitted,1230,,4,3,3,2,3,Y,3,Y,FL,South,US Citizen,1151,411148,Parochial,0.203,N,None,Female,Not Reported,Y,$150K - $249K,62600,22000,18200,14000,Dean's Scholar,52400,0,N,High School Visit,256,2,14,52,5,,None,,N,5,Peer Private,N,0.054,8
A26-100124,Fall 2026,Early Action,N,2025-11-03,Waitlist Alternate,College of Arts & Sciences,Undeclared,3.31,70,Test Optional,,,4,2,5,3,3,Y,5,N,NY,Mid-Atlantic,US Citizen,124,559008,Public,0.426,N,None,Male,Native Hawaiian or Other Pacific Islander,Y,$100K - $149K,20600,64000,48200,8400,Founders Award,28000,7400,N,Self-Initiated Inquiry,301,3,13,100,5,,None,,N,3,Peer Private,N,0.269,4
A26-102713,Fall 2026,Regular Decision,N,2025-11-26,Admit - Committee Hold,College of Arts & Sciences,Mathematics,3.36,66,Test Optional,,,3,2,2,2,3,N,,N,DC,Mid-Atlantic,US Citizen,175,859983,Private - Independent,0.207,N,None,Male,Two or More Races,Y,Under $30K,0,84600,60200,10400,Founders Award,14000,14000,N,Paid Digital Campaign,107,2,22,35,5,,None,,N,3,More Selective Private,Y,0.095,6
A26-103737,Fall 2026,ED I,Y,2025-10-16,Admit,College of Arts & Sciences,Economics,3.71,83,Submitted,1380,,7,3,4,5,5,N,,N,NY,Mid-Atlantic,US Citizen,364,690704,Public,0.206,N,None,Male,Hispanic or Latino,Y,$100K - $149K,21300,63300,55300,22700,Dean's Scholar,6600,0,N,College Fair,209,2,15,58,4,,None,,N,6,Less Selective Private,N,0.936,1
A26-102187,Fall 2026,Regular Decision,N,2026-01-13,Admit,School of Nursing & Health,Nursing (BSN),3.82,87,Submitted,1360,,7,4,4,3,4,N,,Y,PA,Mid-Atlantic,US Citizen,247,211557,Public,0.356,N,None,Female,Two or More Races,N,Not Reported,,0,0,27900,Trustee Scholar,56700,0,Y,Purchased Search Name,227,2,20,80,5,,None,,N,2,None Reported,N,0.163,5
A26-101201,Fall 2026,Regular Decision,N,2026-01-02,Admit - Committee Hold,College of Arts & Sciences,Environmental Science,3.32,66,Test Optional,,,0,2,5,2,3,N,,N,OH,Midwest,US Citizen,485,610404,Public,0.12,N,None,Male,White,Y,$100K - $149K,32000,52600,39300,14000,Founders Award,31300,0,N,Athletic Recruiting,88,5,38,75,5,Volleyball,Slot,,N,4,Regional Public,N,0.728,2
A26-101195,Fall 2026,Regular Decision,N,2026-01-04,Admit - Committee Hold,College of Fine Arts,Theatre,3.84,88,Submitted,1380,31,4,4,3,3,3,Y,3,Y,PA,Mid-Atlantic,US Citizen,62,799098,Public,0.35,Y,Parent,Female,Asian,N,Not Reported,,0,0,30500,Trustee Scholar,54100,0,Y,College Fair,109,1,23,60,5,,None,Theatre Audition,Y,7,Regional Public,N,0.302,4
A26-103139,Fall 2026,Regular Decision,N,2025-12-05,Admit,School of Engineering,Electrical Engineering,3.88,89,Submitted,1340,,6,4,3,3,3,N,,N,IL,Midwest,US Citizen,638,444516,Home School,0.306,N,Grandparent,Male,White,Y,$150K - $249K,62300,22300,22000,29000,Trustee Scholar,33600,0,N,Athletic Recruiting,146,5,26,97,5,Golf,Coach Support,,Y,3,More Selective Private,N,0.282,4
A26-102001,Fall 2026,Regular Decision,N,2025-12-02,Admit,School of Engineering,Computer Science,3.61,78,Submitted,1330,29,4,3,3,3,3,Y,4,N,MA,New England,US Citizen,423,185630,Public,0.226,N,None,Male,White,Y,$60K - $99K,14900,69700,65100,16000,Dean's Scholar,3500,0,N,Purchased Search Name,236,0,6,41,3,,None,Theatre Audition,N,9,Peer Private,Y,0.082,7
A26-104976,Fall 2026,Regular Decision,N,2026-01-08,Admit - Committee Hold,School of Engineering,Mechanical Engineering,3.67,84,Test Optional,,,6,3,3,2,4,N,,Y,WA,West,US Citizen,2330,161429,Public,0.317,N,None,Female,American Indian or Alaska Native,N,Not Reported,,0,0,16500,Dean's Scholar,68100,0,Y,Counselor Referral,105,1,8,38,3,,None,,N,4,None Reported,N,0.015,9
A26-106842,Fall 2026,Early Action,N,2025-11-11,Admit,College of Arts & Sciences,Neuroscience,3.72,85,Test Optional,,,5,3,3,3,4,Y,3,Y,MA,New England,US Citizen,425,566507,Public,0.187,N,None,Male,Not Reported,Y,$150K - $249K,39400,45200,38400,16500,Dean's Scholar,29700,0,N,College Fair,229,1,19,80,5,,None,,N,4,In-State Flagship Public,Y,0.199,4
A26-100992,Fall 2026,Early Action,N,2025-11-08,Admit,College of Arts & Sciences,History,3.47,66,Submitted,1240,,7,3,2,1,4,N,,N,PA,Mid-Atlantic,US Citizen,211,574647,Private - Independent,0.268,N,Grandparent,Male,Hispanic or Latino,Y,$150K - $249K,48200,36400,29800,22400,Dean's Scholar,32400,0,N,College Fair,151,5,34,85,5,,None,,N,2,Regional Public,N,0.566,2
A26-103073,Fall 2026,Regular Decision,N,2025-12-04,Admit,College of Arts & Sciences,Psychology,3.32,76,Submitted,1220,,4,2,1,3,2,N,,N,NY,Mid-Atlantic,US Citizen,354,913379,Public,0.304,N,None,Male,White,N,Not Reported,,0,0,8800,Founders Award,75800,0,Y,Self-Initiated Inquiry,65,0,0,77,2,,None,,N,2,Regional Public,N,0.041,8
A26-105892,Fall 2026,Early Action,N,2025-10-19,Admit,School of Engineering,Biomedical Engineering,3.51,66,Submitted,1220,,4,3,4,4,2,N,,N,NJ,Mid-Atlantic,US Citizen,194,126834,Public,0.09,Y,None,Female,Hispanic or Latino,Y,$60K - $99K,19900,64700,48100,19200,Dean's Scholar,17300,0,N,College Fair,175,3,16,36,5,,None,,N,4,Less Selective Private,Y,0.355,3
A26-107599,Fall 2026,Early Action,N,2025-11-06,Admit,School of Business,Marketing,3.76,88,Submitted,,29,3,3,4,4,4,N,,N,IDN,International,International,9865,000000,International School,0.127,N,None,Female,White,Y,$60K - $99K,10400,74200,74200,6900,Dean's Scholar,3500,0,N,Athletic Recruiting,148,2,15,42,4,,None,,N,3,Regional Public,Y,0.015,9
A26-107790,Fall 2026,ED II,Y,2025-12-25,Admit,School of Nursing & Health,Public Health,3.56,82,Submitted,,29,6,3,1,1,4,Y,5,N,VA,South,US Citizen,294,104750,Private - Independent,0.04,Y,None,Female,Asian,Y,$30K - $59K,2400,82200,64400,16700,Dean's Scholar,3500,1100,N,Common App Only,28,3,24,82,5,,None,,N,6,Out-of-State Public,Y,0.985,1
A26-102886,Fall 2026,Regular Decision,N,2026-01-07,Admit,School of Nursing & Health,Public Health,3.94,91,Submitted,1440,,8,4,4,3,4,Y,4,Y,PA,Mid-Atlantic,US Citizen,110,278119,Public,0.339,N,None,Male,White,Y,$150K - $249K,38300,46300,33800,23800,Trustee Scholar,27000,0,N,College Fair,212,0,8,34,3,,None,,N,8,Regional Public,N,0.035,8
A26-104737,Fall 2026,Regular Decision,N,2025-12-02,Admit,School of Engineering,Chemical Engineering,3.52,80,Test Optional,,,2,3,4,4,2,Y,4,N,NJ,Mid-Atlantic,US Citizen,106,512063,Parochial,0.376,N,None,Female,White,N,Not Reported,,0,0,17700,Dean's Scholar,66900,0,Y,Athletic Recruiting,77,5,30,79,5,Softball,Coach Support,,N,1,Peer Private,N,0.205,4
A26-102359,Fall 2026,Regular Decision,N,2025-11-29,Admit - Committee Hold,College of Arts & Sciences,Sociology,3.52,77,Submitted,1260,,3,3,4,3,4,N,,N,TUR,International,International,4906,000000,International School,0.045,N,None,Female,Hispanic or Latino,Y,$60K - $99K,19200,65400,49700,18400,Dean's Scholar,16500,0,N,Paid Digital Campaign,179,1,0,64,2,,None,,N,7,None Reported,N,0.01,10
A26-101333,Fall 2026,ED I,Y,2025-10-30,Admit,College of Arts & Sciences,History,3.47,65,Test Optional,,,0,3,2,3,3,N,,N,PA,Mid-Atlantic,US Citizen,55,993450,Charter,0.31,N,None,Male,Asian,Y,$150K - $249K,71600,13000,12200,18700,Dean's Scholar,53700,0,N,Counselor Referral,218,5,32,71,5,,None,,N,4,Less Selective Private,Y,0.985,1
A26-106225,Fall 2026,Regular Decision,N,2025-11-27,Admit,College of Arts & Sciences,Political Science,3.28,59,Submitted,1240,,2,2,4,3,3,Y,4,N,BRA,International,International,4410,000000,International School,0.169,N,None,Female,White,Y,$60K - $99K,12100,72500,46800,6200,Founders Award,31600,19500,N,Paid Digital Campaign,148,0,11,45,3,,None,,N,5,In-State Flagship Public,Y,0.01,10
A26-104645,Fall 2026,Early Action,N,2025-11-05,Admit,School of Business,Marketing,3.47,80,Test Optional,,,4,3,3,2,3,N,,Y,FL,South,US Citizen,920,231926,Public,0.381,N,None,Female,White,Y,$60K - $99K,16600,68000,61600,19500,Dean's Scholar,3500,0,N,Paid Digital Campaign,310,0,12,18,2,,None,,N,4,Peer Private,Y,0.156,5
A26-100604,Fall 2026,Early Action,N,2025-10-31,Waitlist Alternate,College of Arts & Sciences,Neuroscience,3.77,87,Test Optional,,,3,4,4,2,3,N,,Y,VA,South,US Citizen,341,104750,Private - Independent,0.04,Y,Sibling,Female,Hispanic or Latino,Y,$150K - $249K,61100,23500,20100,24400,Trustee Scholar,40100,0,N,Self-Initiated Inquiry,248,0,19,41,3,,None,,N,5,Regional Public,Y,0.193,5
A26-100184,Fall 2026,Regular Decision,N,2026-01-14,Admit,College of Arts & Sciences,Political Science,3.80,86,Test Optional,,,6,4,3,4,3,N,,N,MD,Mid-Atlantic,US Citizen,202,526342,Public,0.297,N,None,Female,White,Y,$150K - $249K,46600,38000,32700,22100,Trustee Scholar,29800,0,N,Purchased Search Name,199,3,14,41,5,,None,,N,2,More Selective Private,N,0.03,9
A26-100642,Fall 2026,Regular Decision,N,2025-11-22,Waitlist Alternate,School of Engineering,Mechanical Engineering,3.85,86,Submitted,,31,5,4,3,3,4,N,,Y,PA,Mid-Atlantic,US Citizen,15,490704,Public,0.349,N,None,Male,Not Reported,Y,Under $30K,0,84600,59600,21500,Trustee Scholar,3500,3500,N,Athletic Recruiting,279,5,34,38,5,Swimming & Diving,Coach Support,,N,4,Peer Private,Y,0.746,2
A26-103132,Fall 2026,ED I,Y,2025-10-13,Admit,College of Arts & Sciences,Political Science,4.04,97,Submitted,1390,,10,4,2,4,4,Y,4,Y,NJ,Mid-Atlantic,US Citizen,172,750655,Public,0.251,N,None,Male,White,Y,$150K - $249K,37700,46900,46900,24400,Trustee Scholar,13300,0,N,Purchased Search Name,326,4,16,70,5,,None,,N,3,In-State Flagship Public,Y,0.985,1
A26-100461,Fall 2026,ED I,Y,2025-10-24,Admit,College of Fine Arts,Studio Art,3.63,75,Submitted,1270,29,4,3,3,3,5,N,,N,PA,Mid-Atlantic,US Citizen,159,799098,Public,0.35,N,None,Male,White,Y,$30K - $59K,6700,77900,56400,20100,Dean's Scholar,8100,1400,N,Purchased Search Name,288,5,22,78,5,,None,Music - Vocal,N,4,Peer Private,Y,0.985,1
A26-103520,Fall 2026,Regular Decision,N,2026-01-03,Admit,College of Arts & Sciences,Mathematics,3.28,71,Submitted,1180,,4,3,3,1,3,N,,N,NY,Mid-Atlantic,US Citizen,296,767090,Public,0.202,N,None,Female,Not Reported,N,Not Reported,,0,0,16100,Dean's Scholar,68500,0,Y,Purchased Search Name,422,3,15,51,5,,None,,N,3,Peer Private,Y,0.121,6
A26-104857,Fall 2026,Regular Decision,N,2025-11-25,Admit,College of Arts & Sciences,History,3.33,73,Submitted,1220,,1,2,2,2,2,N,,N,TUR,International,International,5073,000000,International School,0.139,N,None,Female,Hispanic or Latino,Y,$30K - $59K,3000,81600,68200,12100,Founders Award,4300,1300,N,Purchased Search Name,262,0,2,29,1,,None,,N,4,None Reported,N,0.01,10
A26-103975,Fall 2026,Regular Decision,N,2025-11-20,Admit,College of Fine Arts,Theatre,4.01,94,Submitted,1440,,8,4,4,3,2,N,,Y,NJ,Mid-Atlantic,Permanent Resident,247,126834,Public,0.09,Y,None,Male,Hispanic or Latino,Y,$150K - $249K,38400,46200,43000,29200,Trustee Scholar,12400,0,N,High School Visit,189,2,28,86,5,,None,Dance Audition,N,4,None Reported,N,0.159,5
A26-104140,Fall 2026,ED I,Y,2025-10-21,Admit,College of Arts & Sciences,Chemistry,3.77,91,Submitted,,30,6,4,2,3,4,Y,3,N,IL,Midwest,US Citizen,755,508240,Public,0.234,Y,None,Male,White,Y,$250K and above,112400,0,0,29000,Trustee Scholar,55600,0,Y,Self-Initiated Inquiry,365,2,13,39,5,,None,,N,4,More Selective Private,Y,0.922,1
A26-107372,Fall 2026,Regular Decision,N,2025-11-21,Admit,College of Fine Arts,Studio Art,3.60,82,Test Optional,,,5,3,3,4,1,N,,N,PA,Mid-Atlantic,US Citizen,44,767318,Charter,0.398,Y,None,Female,Not Reported,Y,$250K and above,149600,0,0,18600,Dean's Scholar,66000,0,Y,Purchased Search Name,422,4,25,100,5,,None,Music - Instrumental,N,4,In-State Flagship Public,N,0.29,4
A26-106852,Fall 2026,Regular Decision,N,2025-12-09,Admit,College of Arts & Sciences,Psychology,4.07,99,Submitted,1450,,11,5,3,4,4,N,,Y,NY,Mid-Atlantic,US Citizen,363,475085,Public,0.048,N,None,Female,Asian,Y,$150K - $249K,46400,38200,37500,30300,Presidential Scholar,16800,0,N,Paid Digital Campaign,3,1,4,50,3,,None,,N,7,Regional Public,N,0.014,9
A26-105903,Fall 2026,Early Action,N,2025-11-09,Admit - Committee Hold,School of Business,Accounting,3.38,70,Test Optional,,,3,2,4,4,2,N,,N,PA,Mid-Atlantic,US Citizen,231,458169,Private - Independent,0.207,N,None,Male,White,Y,$60K - $99K,15600,69000,66200,13600,Founders Award,4800,0,N,Purchased Search Name,363,4,22,76,5,,None,,N,2,None Reported,Y,0.768,2
A26-103496,Fall 2026,Early Action,N,2025-11-07,Waitlist Alternate,School of Nursing & Health,Health Administration,3.60,77,Submitted,,29,8,3,2,3,2,N,,N,VA,South,US Citizen,294,199528,Public,0.22,Y,Sibling,Female,American Indian or Alaska Native,Y,$60K - $99K,7600,77000,55800,18400,Dean's Scholar,10400,2800,N,Counselor Referral,80,3,31,80,5,,None,,N,5,Peer Private,N,0.316,3
A26-101809,Fall 2026,Early Action,N,2025-11-09,Admit,College of Arts & Sciences,Psychology,3.56,79,Test Optional,,,3,3,2,4,5,Y,3,N,NJ,Mid-Atlantic,US Citizen,264,467943,Public,0.218,N,None,Male,White,Y,$150K - $249K,70500,14100,13700,13200,Dean's Scholar,57700,0,N,Counselor Referral,61,4,33,86,5,,None,,N,2,Out-of-State Public,N,0.193,5
A26-106072,Fall 2026,Early Action,N,2025-11-15,Admit,School of Engineering,Electrical Engineering,3.76,87,Submitted,1300,,6,4,3,4,3,Y,3,Y,MI,Midwest,US Citizen,457,260093,Public,0.193,N,None,Female,White,Y,$150K - $249K,52600,32000,31200,31000,Trustee Scholar,22400,0,N,Purchased Search Name,230,3,18,80,5,,None,,N,4,None Reported,Y,0.357,3
A26-100412,Fall 2026,ED I,Y,2025-10-21,Admit,School of Nursing & Health,Exercise Science,3.81,83,Submitted,1420,,9,4,4,3,4,Y,2,Y,TX,Southwest,US Citizen,1329,177101,Public,0.253,N,None,Female,Hispanic or Latino,Y,$100K - $149K,36300,48300,37000,24400,Trustee Scholar,23200,0,N,Self-Initiated Inquiry,3,0,10,52,3,,None,,N,4,Out-of-State Public,Y,0.969,1
A26-107729,Fall 2026,Regular Decision,N,2026-01-12,Admit - Committee Hold,School of Business,Supply Chain Management,3.92,89,Test Optional,,,8,4,3,3,3,N,,Y,NC,South,US Citizen,617,394145,Private - Independent,0.248,N,None,Male,Black or African American,N,Not Reported,,0,0,22300,Trustee Scholar,62300,0,Y,Purchased Search Name,323,1,15,69,4,,None,,N,5,Regional Public,N,0.024,9
A26-107344,Fall 2026,Early Action,N,2025-10-18,Admit,School of Engineering,Civil Engineering,3.41,66,Test Optional,,,0,2,3,2,3,N,,N,WA,West,US Citizen,2469,164941,Public,0.178,N,None,Male,Black or African American,Y,$60K - $99K,5500,79100,48400,7100,Founders Award,29100,23600,N,Athletic Recruiting,71,0,0,69,2,,None,,N,5,Regional Public,Y,0.029,9
A26-105000,Fall 2026,Early Action,N,2025-11-04,Admit,College of Fine Arts,Music Performance,3.54,74,Submitted,1220,,3,3,2,5,4,N,,N,MD,Mid-Atlantic,US Citizen,195,985640,Public,0.267,N,None,Female,Not Reported,Y,$100K - $149K,20500,64100,56500,20300,Dean's Scholar,7800,0,N,Counselor Referral,181,1,10,32,3,,None,Music - Vocal,N,3,Less Selective Private,N,0.169,5
A26-104252,Fall 2026,Regular Decision,N,2026-01-10,Admit,School of Nursing & Health,Nursing (BSN),3.79,87,Test Optional,,,5,4,3,1,4,Y,4,Y,MD,Mid-Atlantic,US Citizen,191,329361,Public,0.158,N,None,Male,Hispanic or Latino,Y,$250K and above,74000,10600,9600,25500,Trustee Scholar,49500,0,N,Counselor Referral,340,2,20,47,5,,None,Music - Instrumental,N,2,More Selective Private,N,0.067,7
A26-105832,Fall 2026,Regular Decision,N,2025-12-07,Admit,School of Business,Finance,3.26,69,Submitted,1180,,2,2,2,1,2,Y,1,N,PA,Mid-Atlantic,US Citizen,57,912312,Private - Independent,0.255,N,None,Female,Hispanic or Latino,Y,$60K - $99K,16200,68400,47300,9300,Founders Award,28000,11800,N,Common App Only,109,3,22,63,5,,None,,N,6,More Selective Private,N,0.049,8
A26-108079,Fall 2026,Regular Decision,N,2025-11-23,Waitlist Alternate,School of Business,Management,3.47,75,Test Optional,,,5,2,3,3,1,Y,4,N,PA,Mid-Atlantic,US Citizen,23,243289,Private - Independent,0.31,N,None,Female,American Indian or Alaska Native,Y,$150K - $249K,49200,35400,27200,13100,Founders Award,44300,0,N,Paid Digital Campaign,295,2,13,55,5,,None,,N,4,Peer Private,Y,0.259,4
A26-102415,Fall 2026,Regular Decision,N,2026-01-13,Waitlist Alternate,School of Nursing & Health,Exercise Science,3.78,83,Submitted,1350,30,5,3,3,5,3,N,,N,NJ,Mid-Atlantic,Permanent Resident,116,493927,Public,0.295,Y,None,Male,White,Y,$250K and above,131700,0,0,21400,Dean's Scholar,63200,0,Y,Athletic Recruiting,114,5,23,49,5,Swimming & Diving,Tip,,N,9,Peer Private,N,0.198,4
A26-105613,Fall 2026,ED I,Y,2025-10-31,Admit,School of Engineering,Electrical Engineering,3.57,83,Test Optional,,,4,3,4,1,3,N,,N,IN,Midwest,US Citizen,459,396917,Private - Independent,0.368,N,None,Female,White,Y,$150K - $249K,72800,11800,9400,16300,Dean's Scholar,58900,0,N,College Fair,290,2,20,41,5,,None,,N,4,None Reported,Y,0.982,1
A26-100694,Fall 2026,Regular Decision,N,2025-11-21,Admit,College of Arts & Sciences,Political Science,3.94,92,Submitted,1460,,7,4,4,3,3,Y,4,Y,VA,South,US Citizen,223,199528,Public,0.22,N,None,Male,Not Reported,Y,$30K - $59K,6400,78200,76600,4500,Trustee Scholar,3500,0,N,College Fair,153,3,23,83,5,,None,,N,6,More Selective Private,N,0.077,7
A26-100704,Fall 2026,Regular Decision,N,2025-12-22,Admit,College of Arts & Sciences,Biology,3.76,88,Submitted,,30,4,3,4,5,4,Y,4,N,NJ,Mid-Atlantic,US Citizen,243,126834,Public,0.09,N,None,Male,Not Reported,N,Not Reported,,0,0,22300,Dean's Scholar,62300,0,Y,College Fair,226,2,17,73,5,,None,,N,2,Peer Private,N,0.072,7
A26-103405,Fall 2026,Regular Decision,N,2026-01-12,Admit,School of Engineering,Mechanical Engineering,3.69,81,Submitted,1340,,2,3,3,3,5,Y,4,N,NY,Mid-Atlantic,US Citizen,304,168328,Private - Independent,0.226,N,None,Female,Not Reported,Y,$250K and above,121500,0,0,18700,Dean's Scholar,65900,0,Y,Purchased Search Name,190,0,13,62,4,,None,,N,5,None Reported,N,0.018,9
A26-106998,Fall 2026,Regular Decision,N,2025-12-07,Admit,College of Arts & Sciences,Biology,3.45,76,Test Optional,,,4,3,3,4,3,Y,5,N,MA,New England,US Citizen,387,785117,Parochial,0.217,N,None,Male,Black or African American,Y,$250K and above,82700,1900,1300,14600,Dean's Scholar,68700,0,N,Athletic Recruiting,259,3,14,77,5,Women's Basketball,Tip,,N,4,Regional Public,Y,0.493,2
A26-103057,Fall 2026,ED I,Y,2025-10-24,Admit,School of Nursing & Health,Nursing (BSN),3.60,75,Submitted,1290,,5,3,3,2,2,Y,2,N,WI,Midwest,US Citizen,841,785305,Public,0.343,N,None,Female,Hispanic or Latino,Y,$150K - $249K,46100,38500,28700,17100,Dean's Scholar,38800,0,N,Purchased Search Name,112,1,11,62,4,,None,,N,3,More Selective Private,Y,0.971,1
A26-104178,Fall 2026,Early Action,N,2025-10-23,Admit,School of Nursing & Health,Public Health,3.60,75,Submitted,1310,,8,3,4,3,3,Y,4,N,CA,West,Permanent Resident,2785,569221,Private - Independent,0.04,N,None,Female,Not Reported,Y,$100K - $149K,34800,49800,45600,21200,Dean's Scholar,17800,0,N,Purchased Search Name,201,2,19,91,5,,None,,N,3,More Selective Private,N,0.033,9
A26-105841,Fall 2026,Regular Decision,N,2025-12-31,Admit - Committee Hold,School of Business,Business Analytics,4.01,83,Submitted,1360,,7,4,4,4,2,N,,Y,NC,South,US Citizen,602,648546,Public,0.316,N,None,Female,Hispanic or Latino,Y,Under $30K,0,84600,68100,13000,Trustee Scholar,3500,3500,N,College Fair,221,2,13,45,4,,None,,N,7,More Selective Private,Y,0.078,7
A26-101904,Fall 2026,Regular Decision,N,2026-01-03,Admit - Committee Hold,School of Nursing & Health,Exercise Science,3.42,78,Test Optional,,,4,3,3,1,4,N,,Y,MD,Mid-Atlantic,US Citizen,108,526342,Public,0.297,N,None,Female,Hispanic or Latino,Y,$150K - $249K,62400,22200,19300,22100,Dean's Scholar,43200,0,N,Athletic Recruiting,72,2,23,56,5,,None,,N,3,Peer Private,N,0.095,6
A26-105098,Fall 2026,ED I,Y,2025-10-21,Admit,School of Engineering,Mechanical Engineering,3.59,81,Submitted,1290,,6,3,1,2,3,N,,N,CA,West,US Citizen,2634,263455,Public,0.188,N,None,Male,Asian,Y,$100K - $149K,25700,58900,48600,17300,Dean's Scholar,18700,0,N,Self-Initiated Inquiry,111,0,13,37,2,,None,,N,5,In-State Flagship Public,Y,0.894,2
A26-102174,Fall 2026,Early Action,N,2025-11-13,Admit,College of Arts & Sciences,Sociology,3.73,83,Test Optional,,,6,3,4,4,2,Y,5,N,NC,South,US Citizen,452,648546,Public,0.316,N,None,Male,Hispanic or Latino,Y,$150K - $249K,53300,31300,21800,21800,Dean's Scholar,41000,0,N,Paid Digital Campaign,135,1,19,73,5,,None,,N,4,In-State Flagship Public,N,0.047,8
A26-103228,Fall 2026,Regular Decision,N,2025-12-07,Admit - Committee Hold,College of Arts & Sciences,Neuroscience,3.77,87,Submitted,1370,,7,4,4,4,3,N,,N,PA,Mid-Atlantic,US Citizen,57,675305,Private - Independent,0.454,N,Grandparent,Female,White,Y,$150K - $249K,48100,36500,29800,22800,Trustee Scholar,32000,0,N,Campus Visit Walk-In,3,3,28,100,5,,None,,N,7,None Reported,N,0.125,6
A26-103469,Fall 2026,ED I,Y,2025-10-15,Admit,School of Business,Management,3.56,82,Submitted,1290,,7,3,3,4,2,Y,2,N,OH,Midwest,US Citizen,403,325249,International School,0.081,N,None,Not Reported,Hispanic or Latino,Y,$60K - $99K,12800,71800,55700,16300,Dean's Scholar,12600,0,N,Counselor Referral,209,2,23,65,5,,None,,N,1,In-State Flagship Public,Y,0.985,1
A26-105315,Fall 2026,ED I,Y,2025-10-14,Admit,School of Business,Business Analytics,3.36,64,Submitted,1180,,3,2,4,3,4,N,,N,PA,Mid-Atlantic,US Citizen,78,879707,Public,0.315,N,None,Male,Asian,Y,Under $30K,0,84600,70300,8100,Founders Award,6200,6200,N,Self-Initiated Inquiry,56,4,17,77,5,,None,,N,2,Less Selective Private,Y,0.985,1
A26-100803,Fall 2026,Early Action,N,2025-11-10,Admit,School of Nursing & Health,Exercise Science,3.83,87,Submitted,1350,28,9,4,5,4,2,N,,Y,NY,Mid-Atlantic,US Citizen,129,275729,Public,0.312,N,None,Female,Asian,Y,$30K - $59K,5600,79000,76600,4500,Trustee Scholar,3500,0,N,Counselor Referral,273,3,7,41,4,,None,,N,7,Less Selective Private,N,0.212,4
A26-105917,Fall 2026,Regular Decision,N,2025-12-21,Admit,College of Arts & Sciences,Political Science,3.94,91,Test Optional,,,8,4,3,2,4,N,,Y,NY,Mid-Atlantic,US Citizen,221,168328,Private - Independent,0.226,N,None,Female,White,Y,$30K - $59K,3700,80900,63100,18000,Trustee Scholar,3500,0,N,Common App Only,161,3,27,79,5,,None,,Y,5,More Selective Private,N,0.124,6
A26-107128,Fall 2026,Regular Decision,N,2025-11-26,Admit,School of Engineering,Electrical Engineering,3.50,71,Submitted,1220,,3,3,2,3,3,N,,N,TN,South,US Citizen,777,558283,Public,0.327,N,None,Female,White,Y,$60K - $99K,10800,73800,72700,8400,Dean's Scholar,3500,0,N,College Fair,244,1,22,46,4,,None,,N,5,Regional Public,N,0.056,8
A26-100038,Fall 2026,Regular Decision,N,2026-01-11,Waitlist Alternate,School of Nursing & Health,Exercise Science,3.49,70,Submitted,1320,,4,3,4,5,4,N,,N,RI,New England,US Citizen,319,732369,Private - Independent,0.362,N,None,Female,Asian,Y,$60K - $99K,8200,76400,69500,11600,Dean's Scholar,3500,0,N,Purchased Search Name,316,1,16,24,3,,None,,N,2,Regional Public,Y,0.238,4
A26-100170,Fall 2026,Regular Decision,N,2025-12-26,Admit,School of Nursing & Health,Nursing (BSN),3.51,68,Submitted,1230,,4,3,4,4,2,Y,4,N,NGA,International,International,5306,000000,International School,0.265,N,None,Female,Hispanic or Latino,Y,$250K and above,157900,0,0,21300,Dean's Scholar,63300,0,Y,Counselor Referral,142,0,3,58,3,,None,,N,3,Regional Public,N,0.01,10
A26-103947,Fall 2026,Regular Decision,N,2025-12-04,Admit,School of Nursing & Health,Health Administration,3.46,72,Test Optional,,,4,3,3,3,2,N,,N,GA,South,US Citizen,845,135301,Private - Independent,0.04,N,None,Female,Asian,Y,$30K - $59K,6100,78500,62500,15000,Dean's Scholar,7100,1000,N,Purchased Search Name,402,0,10,54,2,,None,,N,6,Peer Private,N,0.022,9
A26-106668,Fall 2026,ED I,Y,2025-10-17,Admit,School of Nursing & Health,Exercise Science,3.70,83,Submitted,1280,,7,3,3,3,4,N,,N,NC,South,Permanent Resident,378,206144,Public,0.219,N,None,Male,White,Y,Under $30K,500,84100,70700,10400,Dean's Scholar,3500,3000,N,High School Visit,9,0,10,42,2,,None,,N,0,None Reported,Y,0.985,1
A26-107143,Fall 2026,Regular Decision,N,2025-12-22,Admit,College of Arts & Sciences,History,3.42,74,Submitted,1240,28,4,3,4,3,4,Y,3,Y,PA,Mid-Atlantic,US Citizen,73,324037,Public,0.337,Y,None,Male,Hispanic or Latino,Y,$150K - $249K,55500,29100,22500,17700,Dean's Scholar,44400,0,N,Self-Initiated Inquiry,191,4,33,89,5,,None,Debate / Speech,N,4,Regional Public,Y,0.762,2
A26-106721,Fall 2026,Early Action,N,2025-10-31,Admit,School of Engineering,Electrical Engineering,3.33,61,Test Optional,,,0,2,3,1,3,N,,N,IDN,International,International,9614,000000,International School,0.068,N,None,Male,White,Y,$250K and above,124600,0,0,13400,Founders Award,71200,0,Y,Purchased Search Name,318,0,2,71,2,,None,,N,4,Less Selective Private,N,0.01,10
A26-104093,Fall 2026,Regular Decision,N,2026-01-04,Admit,College of Arts & Sciences,History,3.75,75,Test Optional,,,5,3,3,2,4,N,,N,RI,New England,US Citizen,342,732369,Private - Independent,0.362,N,None,Male,Hispanic or Latino,Y,$150K - $249K,72500,12100,9900,15900,Dean's Scholar,58800,0,N,Athletic Recruiting,117,5,34,100,5,Baseball,Tip,,N,7,More Selective Private,Y,0.334,3
A26-106271,Fall 2026,Regular Decision,N,2025-12-08,Admit,College of Arts & Sciences,English,3.92,91,Test Optional,,,8,4,3,4,4,N,,N,NC,South,US Citizen,537,394145,Private - Independent,0.248,N,None,Female,Hispanic or Latino,Y,$150K - $249K,72900,11700,10200,27400,Trustee Scholar,47000,0,N,Athletic Recruiting,67,3,29,44,5,,None,,N,4,In-State Flagship Public,N,0.031,9
A26-106745,Fall 2026,Regular Decision,N,2026-01-09,Admit,School of Nursing & Health,Nursing (BSN),3.68,89,Submitted,1310,29,5,4,2,3,3,Y,3,Y,MD,Mid-Atlantic,US Citizen,248,329361,Public,0.158,N,None,Female,Hispanic or Latino,Y,$250K and above,90800,0,0,30800,Trustee Scholar,53800,0,Y,Purchased Search Name,223,3,24,53,5,,None,,N,5,Less Selective Private,N,0.128,6
A26-100062,Fall 2026,ED II,Y,2025-12-28,Admit,College of Arts & Sciences,Communication,3.69,86,Submitted,1400,,6,4,5,4,3,N,,N,IL,Midwest,US Citizen,628,398195,Private - Independent,0.187,Y,Parent,Male,Asian,Y,$60K - $99K,17300,67300,65400,15700,Trustee Scholar,3500,0,N,Self-Initiated Inquiry,165,0,7,50,2,,None,,N,4,None Reported,Y,0.98,1
A26-101593,Fall 2026,Regular Decision,N,2026-01-10,Admit,School of Business,Accounting,3.72,80,Submitted,1360,,5,3,2,4,2,N,,N,NC,South,Permanent Resident,465,624049,Public,0.423,Y,None,Female,Hispanic or Latino,Y,$150K - $249K,46600,38000,32300,18400,Dean's Scholar,33900,0,N,Self-Initiated Inquiry,165,2,23,55,5,,None,,N,5,In-State Flagship Public,N,0.052,8
A26-101296,Fall 2026,Regular Decision,N,2025-12-31,Admit,College of Arts & Sciences,Undeclared,3.52,75,Submitted,1270,,1,3,4,2,2,N,,N,MD,Mid-Atlantic,US Citizen,90,985640,Public,0.267,Y,None,Female,White,Y,$250K and above,70800,13800,12800,13600,Dean's Scholar,58200,0,N,High School Visit,131,3,22,64,5,,None,,N,5,In-State Flagship Public,N,0.036,8
A26-101981,Fall 2026,ED II,Y,2025-12-25,Admit,College of Arts & Sciences,Chemistry,3.97,89,Test Optional,,,5,4,3,4,2,Y,2,Y,CT,New England,US Citizen,195,237473,Parochial,0.229,Y,None,Female,Hispanic or Latino,Y,$60K - $99K,20000,64600,45500,29000,Trustee Scholar,10100,0,N,Self-Initiated Inquiry,94,2,18,96,5,,None,,N,2,Less Selective Private,Y,0.985,1
A26-108240,Fall 2026,Regular Decision,N,2026-01-05,Admit,College of Arts & Sciences,History,3.47,78,Submitted,1290,,4,3,4,1,2,N,,N,NJ,Mid-Atlantic,US Citizen,216,861767,Public,0.245,N,None,Female,Black or African American,Y,Under $30K,0,84600,67300,13100,Dean's Scholar,4200,4200,N,Paid Digital Campaign,394,3,32,76,5,,None,,N,2,More Selective Private,N,0.151,5
A26-105667,Fall 2026,Regular Decision,N,2025-12-27,Admit,College of Arts & Sciences,Neuroscience,3.61,79,Submitted,1230,,6,3,2,4,3,N,,N,PA,Mid-Atlantic,US Citizen,201,838353,Public,0.394,N,None,Female,White,Y,$100K - $149K,37300,47300,36100,14400,Dean's Scholar,34100,0,N,Self-Initiated Inquiry,164,1,14,42,3,,None,,N,5,Peer Private,N,0.048,8
A26-103789,Fall 2026,Regular Decision,N,2026-01-01,Admit,College of Arts & Sciences,Biology,3.58,79,Submitted,1250,,3,3,4,4,3,N,,N,GA,South,US Citizen,726,135301,Private - Independent,0.04,N,None,Male,White,Y,Under $30K,500,84100,66700,13000,Dean's Scholar,4900,4400,N,Paid Digital Campaign,302,1,6,50,3,,None,,N,6,Less Selective Private,N,0.026,9
A26-107489,Fall 2026,Early Action,N,2025-11-01,Admit - Committee Hold,School of Engineering,Chemical Engineering,3.88,88,Submitted,,30,5,4,1,4,4,N,,N,CT,New England,US Citizen,328,492670,Parochial,0.44,N,None,Not Reported,White,Y,$150K - $249K,46500,38100,38100,29200,Trustee Scholar,17300,0,N,Self-Initiated Inquiry,227,2,23,49,5,,None,,N,7,None Reported,N,0.084,7
A26-105011,Fall 2026,Regular Decision,N,2026-01-04,Admit,College of Arts & Sciences,Environmental Science,4.10,96,Submitted,1490,,6,5,3,3,4,Y,3,Y,KOR,International,International,6609,000000,International School,0.136,Y,Parent,Male,Black or African American,Y,$150K - $249K,55600,29000,24100,31300,Presidential Scholar,29200,0,N,Athletic Recruiting,275,2,23,72,5,Wrestling,Coach Support,,N,4,Regional Public,N,0.021,9
A26-106767,Fall 2026,Regular Decision,N,2025-12-07,Admit,School of Business,Finance,3.39,77,Test Optional,,,4,3,2,2,3,N,,N,ME,New England,US Citizen,607,454355,Public,0.192,N,None,Female,Two or More Races,Y,$100K - $149K,28500,56100,46000,14200,Dean's Scholar,24400,0,N,High School Visit,165,2,22,66,5,,None,,N,2,In-State Flagship Public,Y,0.161,5
A26-106053,Fall 2026,ED II,Y,2025-12-18,Admit,School of Business,Management,3.53,81,Submitted,,30,4,3,2,3,5,N,,Y,NY,Mid-Atlantic,US Citizen,146,595173,Charter,0.428,N,None,Female,White,Y,$250K and above,125100,0,0,18300,Dean's Scholar,66300,0,Y,Purchased Search Name,216,3,25,56,5,,None,,N,5,Peer Private,N,0.948,1
A26-101206,Fall 2026,Regular Decision,N,2026-01-15,Admit - Committee Hold,School of Nursing & Health,Health Administration,3.74,89,Submitted,1370,,5,4,3,3,5,N,,N,NY,Mid-Atlantic,US Citizen,404,670311,Charter,0.187,N,Sibling,Female,White,Y,$60K - $99K,20400,64200,52500,28600,Trustee Scholar,3500,0,N,Athletic Recruiting,3,2,7,61,4,,None,Debate / Speech,N,4,More Selective Private,Y,0.323,3
A26-107242,Fall 2026,Regular Decision,N,2025-12-30,Admit,College of Arts & Sciences,English,3.70,80,Submitted,1290,,5,3,4,4,4,Y,3,N,OH,Midwest,US Citizen,457,802399,Public,0.257,N,None,Male,Not Reported,Y,$100K - $149K,39700,44900,38000,20600,Dean's Scholar,26000,0,N,Self-Initiated Inquiry,127,5,26,75,5,,None,,N,4,None Reported,N,0.179,5
A26-101628,Fall 2026,Regular Decision,N,2026-01-03,Waitlist Alternate,School of Engineering,Mechanical Engineering,3.81,86,Test Optional,,,5,3,2,3,3,Y,3,N,NJ,Mid-Atlantic,US Citizen,105,467943,Public,0.218,Y,None,Female,White,Y,$100K - $149K,20000,64600,55700,19000,Dean's Scholar,9900,0,N,College Fair,277,3,22,97,5,,None,,N,2,Less Selective Private,N,0.308,3
A26-106888,Fall 2026,Early Action,N,2025-10-22,Admit,School of Business,Supply Chain Management,3.92,93,Submitted,1430,,8,4,3,4,5,N,,Y,PA,Mid-Atlantic,US Citizen,51,752830,Public,0.256,N,None,Female,Black or African American,Y,$100K - $149K,24100,60500,48400,30600,Trustee Scholar,5600,0,N,Self-Initiated Inquiry,427,5,35,59,5,,None,,N,4,Peer Private,N,0.386,3
A26-104796,Fall 2026,Regular Decision,N,2025-11-21,Waitlist Alternate,College of Arts & Sciences,Biology,3.91,94,Submitted,,29,6,4,4,2,2,Y,4,Y,NY,Mid-Atlantic,US Citizen,374,670311,Charter,0.187,N,None,Female,White,Y,$250K and above,100700,0,0,28000,Trustee Scholar,56600,0,Y,Paid Digital Campaign,387,1,11,57,4,,None,,N,2,Less Selective Private,N,0.052,8
A26-101519,Fall 2026,ED II,Y,2026-01-04,Admit,School of Engineering,Civil Engineering,3.51,75,Submitted,1280,,2,3,5,2,3,N,,N,DC,Mid-Atlantic,US Citizen,186,859983,Private - Independent,0.207,N,None,Male,White,Y,$150K - $249K,57600,27000,26300,15600,Dean's Scholar,42700,0,N,Purchased Search Name,347,2,22,50,5,,None,,Y,2,Less Selective Private,Y,0.985,1
A26-106864,Fall 2026,Regular Decision,N,2025-12-16,Admit,College of Fine Arts,Theatre,3.46,80,Test Optional,,,3,3,3,3,2,N,,N,PA,Mid-Atlantic,US Citizen,142,574647,Private - Independent,0.268,N,Sibling,Male,Hispanic or Latino,Y,$30K - $59K,2800,81800,76000,5100,Dean's Scholar,3500,700,N,Purchased Search Name,376,3,30,75,5,,None,Studio Art Portfolio,N,6,Less Selective Private,Y,0.847,2
A26-102696,Fall 2026,Regular Decision,N,2025-11-27,Admit,College of Arts & Sciences,History,3.65,81,Submitted,,28,5,3,2,3,2,N,,N,NJ,Mid-Atlantic,US Citizen,87,697960,Public,0.216,N,None,Female,White,Y,$150K - $249K,55700,28900,25400,19600,Dean's Scholar,39600,0,N,Purchased Search Name,214,2,22,70,5,,None,,N,5,More Selective Private,Y,0.081,7
A26-100747,Fall 2026,Regular Decision,N,2026-01-15,Admit,School of Business,Supply Chain Management,3.96,90,Test Optional,,,7,4,4,5,5,N,,Y,VA,South,US Citizen,194,846587,Public,0.212,N,None,Female,Hispanic or Latino,Y,$150K - $249K,65300,19300,17800,22600,Trustee Scholar,44200,0,N,College Fair,87,4,35,65,5,,None,,N,6,In-State Flagship Public,Y,0.154,5
A26-106126,Fall 2026,Regular Decision,N,2025-11-30,Admit,School of Engineering,Civil Engineering,3.66,81,Submitted,1340,,3,3,3,1,2,N,,N,VT,New England,US Citizen,370,576708,Parochial,0.355,Y,None,Female,White,Y,$100K - $149K,19200,65400,54800,21100,Dean's Scholar,8700,0,N,Purchased Search Name,312,1,8,100,4,,None,,N,4,Peer Private,N,0.064,7
A26-103930,Fall 2026,ED II,Y,2025-12-20,Admit,School of Engineering,Computer Science,3.47,72,Test Optional,,,2,3,1,4,1,N,,N,NY,Mid-Atlantic,US Citizen,226,767090,Public,0.202,N,None,Female,Hispanic or Latino,Y,$100K - $149K,21900,62700,44100,22300,Dean's Scholar,18200,0,N,High School Visit,267,2,18,56,5,,None,,N,0,None Reported,Y,0.985,1
A26-100296,Fall 2026,Regular Decision,N,2026-01-04,Admit,School of Business,Finance,3.55,70,Submitted,1200,27,3,3,3,2,2,Y,3,N,IL,Midwest,US Citizen,784,350836,Public,0.313,N,None,Male,White,Y,$60K - $99K,17400,67200,60100,21000,Dean's Scholar,3500,0,N,High School Visit,390,2,13,39,5,,None,,N,8,Out-of-State Public,N,0.041,8
A26-100917,Fall 2026,Early Action,N,2025-11-01,Admit,College of Arts & Sciences,Communication,3.71,83,Test Optional,,,2,3,2,4,4,N,,N,NH,New England,US Citizen,492,129537,Public,0.306,N,Grandparent,Female,Asian,Y,$100K - $149K,30400,54200,42500,21300,Dean's Scholar,20800,0,N,Common App Only,3,2,17,72,5,,None,,N,3,Less Selective Private,Y,0.448,3
A26-100774,Fall 2026,Regular Decision,N,2026-01-12,Admit,School of Engineering,Chemical Engineering,3.67,84,Test Optional,,,7,3,3,3,2,N,,N,CT,New England,US Citizen,253,492670,Parochial,0.44,N,None,Female,Hispanic or Latino,Y,$30K - $59K,100,84500,70600,10500,Dean's Scholar,3500,3400,N,Counselor Referral,270,2,15,50,4,,None,,N,5,Peer Private,N,0.094,6
A26-100147,Fall 2026,Regular Decision,N,2025-12-25,Admit,School of Nursing & Health,Health Administration,3.47,77,Submitted,1220,,3,3,3,3,2,N,,N,TX,Southwest,US Citizen,1375,927275,Private - Independent,0.111,Y,None,Female,Not Reported,Y,$60K - $99K,10900,73700,57800,15200,Dean's Scholar,11600,700,N,Athletic Recruiting,104,1,10,35,3,,None,,N,7,None Reported,N,0.026,9
A26-108299,Fall 2026,Regular Decision,N,2026-01-08,Admit,School of Engineering,Civil Engineering,3.78,85,Test Optional,,,8,4,4,5,5,Y,4,N,PA,Mid-Atlantic,US Citizen,172,992847,Private - Independent,0.436,N,Grandparent,Female,White,N,Not Reported,,0,0,30000,Trustee Scholar,54600,0,Y,Purchased Search Name,212,4,21,51,5,,None,,N,5,Peer Private,N,0.126,6
A26-100884,Fall 2026,Regular Decision,N,2026-01-07,Waitlist Alternate,College of Arts & Sciences,Biology,3.43,69,Test Optional,,,1,2,2,3,2,N,,N,IND,International,International,7866,000000,International School,0.175,Y,None,Male,White,Y,$150K - $249K,42700,41900,27200,9200,Founders Award,48200,5500,N,Purchased Search Name,314,0,6,49,2,,None,,N,2,None Reported,N,0.01,10
A26-106601,Fall 2026,Early Action,N,2025-11-06,Admit,School of Business,Management,3.63,73,Test Optional,,,5,3,2,3,3,N,,N,RI,New England,US Citizen,337,350554,Public,0.334,N,None,Male,White,Y,$100K - $149K,20200,64400,56400,17200,Dean's Scholar,11000,0,N,Athletic Recruiting,317,3,26,60,5,Men's Soccer,Coach Support,,N,8,Peer Private,N,0.098,6
A26-105481,Fall 2026,Regular Decision,N,2025-12-28,Admit,School of Nursing & Health,Exercise Science,3.61,80,Submitted,,26,6,3,3,4,4,Y,4,Y,NY,Mid-Atlantic,US Citizen,156,275729,Public,0.312,Y,None,Female,Not Reported,Y,$60K - $99K,15500,69100,65700,15400,Dean's Scholar,3500,0,N,Self-Initiated Inquiry,306,1,16,43,4,,None,,N,3,Peer Private,N,0.148,5
A26-101383,Fall 2026,Regular Decision,N,2025-12-18,Admit,College of Arts & Sciences,English,3.48,73,Test Optional,,,4,3,2,3,5,N,,N,CA,West,US Citizen,2797,644362,Parochial,0.204,N,None,Female,Hispanic or Latino,Y,$100K - $149K,26400,58200,46000,13600,Dean's Scholar,25000,0,N,Campus Visit Walk-In,164,2,17,77,5,,None,,N,5,Peer Private,N,0.011,10
A26-106802,Fall 2026,Regular Decision,N,2025-12-28,Admit,College of Arts & Sciences,Neuroscience,3.59,77,Test Optional,,,5,3,1,3,2,Y,2,N,MA,New England,US Citizen,341,964188,Public,0.109,N,None,Female,White,Y,$150K - $249K,60500,24100,20900,18200,Dean's Scholar,45500,0,N,Athletic Recruiting,211,1,14,62,4,,None,,N,4,In-State Flagship Public,Y,0.035,8
A26-103654,Fall 2026,Regular Decision,N,2025-12-19,Admit - Committee Hold,College of Arts & Sciences,Chemistry,3.45,68,Test Optional,,,1,2,2,4,4,Y,3,N,PA,Mid-Atlantic,US Citizen,204,826319,Public,0.29,N,Parent,Female,Asian,Y,$60K - $99K,9900,74700,54100,10100,Founders Award,20400,10500,N,Athletic Recruiting,317,2,34,74,5,,None,,N,6,More Selective Private,N,0.098,6
A26-102223,Fall 2026,Regular Decision,N,2025-12-19,Admit,School of Nursing & Health,Exercise Science,3.52,73,Submitted,1250,,5,3,2,2,5,N,,N,IL,Midwest,US Citizen,670,508240,Public,0.234,Y,None,Female,Hispanic or Latino,Y,$150K - $249K,56500,28100,21400,14600,Dean's Scholar,48600,0,N,Athletic Recruiting,116,0,4,35,1,,None,,N,3,Out-of-State Public,Y,0.074,7
A26-103246,Fall 2026,Regular Decision,N,2025-12-24,Admit,College of Arts & Sciences,English,4.10,97,Test Optional,,,8,4,5,5,2,N,,Y,NC,South,US Citizen,501,343712,Private - Independent,0.261,N,None,Male,Hispanic or Latino,Y,$250K and above,152600,0,0,23800,Trustee Scholar,60800,0,Y,College Fair,87,1,20,49,4,,None,,N,6,In-State Flagship Public,Y,0.032,9
A26-101110,Fall 2026,Regular Decision,N,2025-12-29,Admit,College of Arts & Sciences,Communication,3.73,85,Submitted,1310,29,7,3,3,3,3,Y,4,N,NY,Mid-Atlantic,US Citizen,231,595173,Charter,0.428,Y,Sibling,Male,White,Y,$250K and above,141700,0,0,14800,Dean's Scholar,69800,0,Y,High School Visit,205,1,7,23,3,,None,,N,6,More Selective Private,Y,0.075,7
A26-104462,Fall 2026,Regular Decision,N,2025-11-30,Admit - Committee Hold,College of Arts & Sciences,Sociology,3.51,69,Test Optional,,,3,2,3,4,3,N,,N,ME,New England,US Citizen,627,548667,Private - Independent,0.28,N,None,Female,White,Y,$150K - $249K,54900,29700,26100,6900,Founders Award,51600,0,N,Purchased Search Name,352,2,25,50,5,,None,Robotics / STEM Competition,N,3,More Selective Private,N,0.041,8
A26-107654,Fall 2026,Regular Decision,N,2025-11-22,Admit,College of Arts & Sciences,Psychology,3.80,82,Submitted,1310,,6,3,2,3,4,N,,N,FL,South,US Citizen,1121,411148,Parochial,0.203,N,None,Female,White,Y,$250K and above,146600,0,0,18700,Dean's Scholar,65900,0,Y,Self-Initiated Inquiry,252,0,9,61,2,,None,,N,2,More Selective Private,Y,0.033,9
A26-106859,Fall 2026,Regular Decision,N,2025-11-30,Waitlist Alternate,School of Business,Business Analytics,3.63,79,Submitted,1390,,6,3,4,3,3,Y,4,N,NJ,Mid-Atlantic,US Citizen,165,122832,Public,0.109,N,None,Female,Hispanic or Latino,Y,$150K - $249K,73600,11000,10300,19700,Dean's Scholar,54600,0,N,Campus Visit Walk-In,194,5,40,70,5,,None,,N,8,Peer Private,N,0.059,8
A26-107562,Fall 2026,Regular Decision,N,2025-11-24,Admit,College of Arts & Sciences,Political Science,3.83,78,Test Optional,,,8,4,3,4,4,Y,4,Y,CA,West,US Citizen,2771,644362,Parochial,0.204,N,None,Male,White,Y,$30K - $59K,2900,81700,57600,23500,Trustee Scholar,3500,600,N,Athletic Recruiting,160,1,13,70,4,,None,,N,2,Peer Private,N,0.053,8
A26-105809,Fall 2026,Regular Decision,N,2025-12-20,Waitlist Alternate,School of Engineering,Chemical Engineering,3.36,73,Submitted,,26,1,2,3,1,2,N,,N,CHN,International,International,7141,000000,International School,0.03,N,None,Male,Hispanic or Latino,Y,Under $30K,1000,83600,69900,11200,Founders Award,3500,2500,N,High School Visit,324,2,11,55,4,,None,,N,1,Regional Public,N,0.011,10
A26-103939,Fall 2026,Regular Decision,N,2025-12-11,Admit - Committee Hold,School of Business,Marketing,3.78,79,Submitted,1320,,4,3,3,3,2,N,,N,CT,New England,US Citizen,238,404488,Private - Independent,0.238,N,None,Female,Asian,Y,$100K - $149K,37300,47300,46500,15900,Dean's Scholar,22200,0,N,Self-Initiated Inquiry,158,3,31,52,5,,None,,N,5,More Selective Private,N,0.036,8
A26-107255,Fall 2026,ED I,Y,2025-10-31,Admit,College of Arts & Sciences,Undeclared,3.21,63,Test Optional,,,2,2,3,2,2,N,,N,DE,Mid-Atlantic,US Citizen,161,674884,Public,0.084,N,None,Female,Asian,Y,$30K - $59K,5700,78900,41400,13800,Founders Award,29400,23700,N,High School Visit,274,4,32,67,5,,None,,N,5,Peer Private,Y,0.969,1
A26-108088,Fall 2026,Regular Decision,N,2026-01-05,Admit - Committee Hold,College of Arts & Sciences,Undeclared,4.14,96,Test Optional,,,8,4,4,4,3,N,,N,NY,Mid-Atlantic,US Citizen,141,192198,Public,0.274,N,None,Male,Hispanic or Latino,Y,$150K - $249K,65500,19100,17200,27500,Trustee Scholar,39900,0,N,Purchased Search Name,535,3,17,83,5,,None,,N,4,Peer Private,N,0.043,8
A26-100240,Fall 2026,Regular Decision,N,2025-11-25,Admit,College of Arts & Sciences,Communication,3.35,56,Submitted,1120,,0,2,2,4,5,Y,4,N,CA,West,US Citizen,2679,263455,Public,0.188,N,None,Female,White,Y,$150K - $249K,66100,18500,11400,9100,Founders Award,64100,0,N,College Fair,125,0,13,44,3,,None,,N,1,Out-of-State Public,N,0.018,9
A26-106609,Fall 2026,ED I,Y,2025-10-28,Admit,College of Arts & Sciences,Political Science,3.61,79,Test Optional,,,5,3,3,2,4,Y,3,N,PA,Mid-Atlantic,US Citizen,256,458169,Private - Independent,0.207,N,Parent,Female,Asian,Y,$150K - $249K,61600,23000,20600,16200,Dean's Scholar,47800,0,N,Paid Digital Campaign,185,1,14,76,5,,None,,N,3,Out-of-State Public,N,0.965,1
A26-102068,Fall 2026,Regular Decision,N,2025-12-09,Admit,College of Arts & Sciences,Political Science,3.57,68,Test Optional,,,3,3,4,4,3,N,,N,PA,Mid-Atlantic,US Citizen,45,412105,Public,0.206,N,None,Female,White,Y,$250K and above,149100,0,0,21500,Dean's Scholar,63100,0,Y,Self-Initiated Inquiry,363,2,14,40,4,,None,,N,4,Regional Public,N,0.05,8
A26-102948,Fall 2026,Regular Decision,N,2026-01-08,Admit,College of Arts & Sciences,Chemistry,3.77,88,Submitted,1370,,7,4,3,2,2,N,,N,PA,Mid-Atlantic,US Citizen,69,126955,Public,0.375,N,None,Female,Asian,Y,$100K - $149K,32100,52500,44900,23800,Trustee Scholar,15900,0,N,Counselor Referral,181,3,16,46,5,,None,,N,7,More Selective Private,N,0.021,9
A26-105479,Fall 2026,Regular Decision,N,2025-12-23,Admit,College of Arts & Sciences,History,3.11,57,Test Optional,,,2,1,3,2,3,N,,N,NY,Mid-Atlantic,US Citizen,160,648923,Public,0.181,N,None,Male,White,Y,$30K - $59K,2600,82000,53100,0,No Merit Award,31500,28900,N,Campus Visit Walk-In,106,3,26,78,5,,None,,N,5,Regional Public,N,0.062,8
A26-107106,Fall 2026,ED I,Y,2025-10-31,Admit,School of Engineering,Civil Engineering,3.72,86,Submitted,1270,,6,3,4,2,2,Y,3,N,MA,New England,US Citizen,373,964188,Public,0.109,Y,None,Female,White,Y,$100K - $149K,20300,64300,55600,22300,Dean's Scholar,6700,0,N,College Fair,30,1,17,63,5,,None,,Y,6,Peer Private,Y,0.985,1
A26-101499,Fall 2026,Regular Decision,N,2026-01-11,Admit - Committee Hold,College of Arts & Sciences,Economics,3.84,89,Test Optional,,,8,4,5,2,2,N,,Y,NJ,Mid-Atlantic,US Citizen,185,255789,Public,0.299,N,None,Female,White,Y,$60K - $99K,9300,75300,56400,24300,Trustee Scholar,3900,0,N,College Fair,185,3,20,59,5,,None,Theatre Audition,N,5,Regional Public,Y,0.484,2
A26-107522,Fall 2026,Regular Decision,N,2025-11-25,Admit,College of Arts & Sciences,Sociology,3.38,68,Submitted,1210,,3,2,2,2,2,Y,3,N,CO,West,US Citizen,1590,398195,Private - Independent,0.187,Y,None,Female,White,Y,$250K and above,134300,0,0,7600,Founders Award,77000,0,Y,Campus Visit Walk-In,245,0,2,49,2,,None,,N,3,Regional Public,N,0.016,9
A26-104515,Fall 2026,Regular Decision,N,2025-11-24,Admit,College of Arts & Sciences,Psychology,3.55,93,Test Optional,,,4,4,3,4,3,N,,Y,PA,Mid-Atlantic,US Citizen,246,503564,Charter,0.345,N,None,Male,Asian,N,Not Reported,,0,0,23800,Trustee Scholar,60800,0,Y,Self-Initiated Inquiry,178,2,8,59,4,,None,,N,5,Peer Private,N,0.031,9
A26-102337,Fall 2026,Regular Decision,N,2025-11-28,Admit,School of Business,Accounting,3.96,92,Submitted,,33,5,4,3,4,4,Y,4,N,NY,Mid-Atlantic,US Citizen,173,192198,Public,0.274,Y,None,Female,White,Y,$60K - $99K,12600,72000,64300,16800,Trustee Scholar,3500,0,N,Paid Digital Campaign,106,1,10,82,4,,None,,N,7,More Selective Private,Y,0.068,7
A26-104565,Fall 2026,Regular Decision,N,2025-12-24,Admit,School of Engineering,Biomedical Engineering,3.32,71,Submitted,,25,2,2,2,3,4,Y,3,N,MI,Midwest,US Citizen,418,223060,Parochial,0.4,N,None,Male,White,Y,Under $30K,1700,82900,76400,4700,Founders Award,3500,1800,N,Purchased Search Name,388,1,15,51,4,,None,,N,2,None Reported,Y,0.546,2
A26-101393,Fall 2026,Early Action,N,2025-10-31,Waitlist Alternate,College of Arts & Sciences,Mathematics,3.73,86,Test Optional,,,7,3,4,3,2,Y,4,N,NY,Mid-Atlantic,US Citizen,120,767090,Public,0.202,N,None,Male,White,Y,$60K - $99K,16400,68200,55400,15300,Dean's Scholar,13900,0,N,Counselor Referral,464,1,15,68,5,,None,,N,4,More Selective Private,N,0.063,7
A26-103583,Fall 2026,Regular Decision,N,2025-11-30,Admit,School of Business,Finance,3.44,63,Test Optional,,,2,2,2,2,2,Y,2,N,MA,New England,US Citizen,339,494227,Public,0.437,N,None,Female,Asian,Y,$30K - $59K,3000,81600,69300,11800,Founders Award,3500,500,N,Paid Digital Campaign,371,3,19,82,5,,None,,N,1,In-State Flagship Public,N,0.324,3
A26-108330,Fall 2026,Regular Decision,N,2026-01-10,Admit,College of Arts & Sciences,Biology,3.37,66,Submitted,1260,,2,2,3,2,4,Y,4,N,DC,Mid-Atlantic,US Citizen,194,859983,Private - Independent,0.207,N,None,Male,Asian,Y,$250K and above,70600,14000,10400,9400,Founders Award,64800,0,N,Purchased Search Name,365,3,31,100,5,,None,,N,5,Regional Public,Y,0.425,3
A26-102424,Fall 2026,Early Action,N,2025-11-14,Admit,College of Arts & Sciences,Neuroscience,4.12,99,Test Optional,,,9,5,5,4,3,N,,N,PA,Mid-Atlantic,US Citizen,23,675305,Private - Independent,0.454,N,Parent,Female,Black or African American,Y,$150K - $249K,63900,20700,19900,39200,Presidential Scholar,25500,0,N,Athletic Recruiting,152,4,25,77,5,,None,,N,9,Less Selective Private,N,0.268,4
A26-106066,Fall 2026,ED I,Y,2025-10-17,Admit,College of Arts & Sciences,Undeclared,3.23,52,Test Optional,,,0,2,1,2,1,N,,N,OH,Midwest,US Citizen,405,362708,Public,0.281,N,None,Male,White,Y,$30K - $59K,4800,79800,66200,7900,Founders Award,10500,5700,N,High School Visit,267,5,24,80,5,,None,,N,3,In-State Flagship Public,Y,0.985,1
A26-106308,Fall 2026,Early Action,N,2025-11-06,Admit,College of Arts & Sciences,Mathematics,3.97,85,Submitted,1390,,11,4,4,5,5,Y,5,Y,OH,Midwest,US Citizen,480,489682,Parochial,0.369,N,None,Male,Hispanic or Latino,Y,$100K - $149K,38900,45700,41300,30000,Trustee Scholar,13300,0,N,Athletic Recruiting,351,3,22,86,5,Softball,Coach Support,,N,6,Peer Private,N,0.175,5
A26-103298,Fall 2026,ED I,Y,2025-10-24,Admit,College of Arts & Sciences,Economics,3.93,88,Submitted,1380,,9,4,3,4,4,Y,4,N,NJ,Mid-Atlantic,US Citizen,119,467943,Public,0.218,Y,None,Male,White,N,Not Reported,,0,0,29700,Trustee Scholar,54900,0,Y,Counselor Referral,344,3,18,46,5,,None,,N,5,In-State Flagship Public,Y,0.944,1
A26-102688,Fall 2026,Regular Decision,N,2026-01-03,Admit,College of Arts & Sciences,English,3.19,69,Submitted,1160,24,0,2,3,3,3,N,,N,WI,Midwest,US Citizen,799,785305,Public,0.343,N,None,Female,Two or More Races,Y,$150K - $249K,72000,12600,10300,10300,Founders Award,64000,0,N,Self-Initiated Inquiry,118,3,18,69,5,,None,,N,1,Less Selective Private,N,0.146,5
A26-105760,Fall 2026,Regular Decision,N,2025-12-10,Admit,College of Arts & Sciences,Communication,3.46,69,Submitted,1280,,6,3,2,2,3,N,,N,MN,Midwest,US Citizen,992,200287,Public,0.288,N,None,Male,White,Y,$100K - $149K,33500,51100,40200,21700,Dean's Scholar,22700,0,N,Campus Visit Walk-In,229,0,6,30,1,,None,,N,6,Regional Public,Y,0.088,7
A26-100891,Fall 2026,ED II,Y,2025-12-14,Admit,School of Business,Management,3.85,87,Submitted,1370,,7,4,2,5,4,Y,2,Y,MD,Mid-Atlantic,US Citizen,92,985640,Public,0.267,Y,None,Male,White,N,Not Reported,,0,0,23700,Trustee Scholar,60900,0,Y,Self-Initiated Inquiry,410,3,21,64,5,,None,,N,7,More Selective Private,Y,0.95,1
A26-106404,Fall 2026,Regular Decision,N,2026-01-11,Admit,School of Business,Marketing,3.71,84,Test Optional,,,6,3,4,4,3,N,,N,BRA,International,International,4452,000000,International School,0.158,Y,None,Male,Hispanic or Latino,Y,$250K and above,120900,0,0,22000,Dean's Scholar,62600,0,Y,Purchased Search Name,348,0,14,32,2,,None,,N,7,In-State Flagship Public,N,0.01,10
A26-108110,Fall 2026,Regular Decision,N,2025-11-30,Admit,College of Fine Arts,Music Performance,3.59,75,Test Optional,,,4,3,2,3,3,N,,Y,NY,Mid-Atlantic,US Citizen,235,670311,Charter,0.187,N,None,Male,White,N,Not Reported,,0,0,18600,Dean's Scholar,66000,0,Y,Self-Initiated Inquiry,203,3,15,70,5,,None,Dance Audition,N,4,Less Selective Private,N,0.149,5
A26-108077,Fall 2026,Early Action,N,2025-10-24,Waitlist Alternate,School of Engineering,Computer Science,3.57,73,Submitted,,27,3,3,1,3,2,Y,3,Y,WI,Midwest,US Citizen,721,694159,Parochial,0.366,N,Parent,Female,Two or More Races,Y,$150K - $249K,55300,29300,24900,19800,Dean's Scholar,39900,0,N,Campus Visit Walk-In,186,1,8,55,4,,None,,N,2,In-State Flagship Public,Y,0.426,3
A26-106140,Fall 2026,Early Action,N,2025-10-28,Admit,School of Engineering,Computer Science,3.51,76,Test Optional,,,4,3,3,2,3,Y,3,N,PA,Mid-Atlantic,US Citizen,241,799098,Public,0.35,N,None,Male,Asian,Y,$150K - $249K,67900,16700,15700,21500,Dean's Scholar,47400,0,N,Self-Initiated Inquiry,211,3,18,65,5,,None,,N,3,In-State Flagship Public,N,0.165,5
A26-104435,Fall 2026,Regular Decision,N,2025-12-28,Admit,College of Arts & Sciences,Chemistry,3.61,82,Submitted,1340,,5,3,3,4,4,Y,5,N,OH,Midwest,US Citizen,323,610404,Public,0.12,Y,None,Male,Black or African American,Y,Under $30K,0,84600,62000,19100,Dean's Scholar,3500,3500,N,Paid Digital Campaign,156,2,11,33,4,,None,,N,9,Peer Private,N,0.026,9
A26-108165,Fall 2026,Regular Decision,N,2026-01-11,Admit,School of Engineering,Electrical Engineering,3.45,67,Test Optional,,,4,3,3,3,1,N,,N,BRA,International,International,4432,000000,International School,0.215,N,None,Female,Black or African American,N,Not Reported,,0,0,22000,Dean's Scholar,62600,0,Y,Counselor Referral,217,0,16,46,3,,None,,N,7,None Reported,N,0.01,10
A26-101122,Fall 2026,ED I,Y,2025-10-21,Admit,College of Arts & Sciences,Mathematics,3.77,80,Submitted,1350,,5,3,2,5,2,Y,4,N,PA,Mid-Atlantic,US Citizen,188,601952,Private - Independent,0.468,N,None,Female,Black or African American,Y,$100K - $149K,35200,49400,39100,14000,Dean's Scholar,31500,0,N,Paid Digital Campaign,125,1,3,76,4,,None,,N,4,None Reported,N,0.967,1
A26-103573,Fall 2026,Regular Decision,N,2025-11-27,Admit - Committee Hold,College of Arts & Sciences,Communication,3.37,67,Submitted,1250,,0,2,2,2,3,Y,2,N,MD,Mid-Atlantic,US Citizen,106,549515,Public,0.361,N,Parent,Female,Two or More Races,Y,$150K - $249K,73900,10700,8800,6400,Founders Award,69400,0,N,College Fair,126,4,35,88,5,,None,,N,4,None Reported,N,0.341,3
A26-100717,Fall 2026,Early Action,N,2025-11-03,Admit,School of Business,Management,3.67,80,Submitted,,26,5,3,4,2,2,N,,N,SC,South,US Citizen,673,725945,Parochial,0.519,N,None,Female,Native Hawaiian or Other Pacific Islander,Y,$100K - $149K,37500,47100,33400,18000,Dean's Scholar,33200,0,N,Purchased Search Name,254,3,19,47,5,,None,,N,5,In-State Flagship Public,Y,0.207,4
A26-106749,Fall 2026,Regular Decision,N,2025-12-17,Admit,School of Nursing & Health,Public Health,3.71,76,Test Optional,,,7,3,3,1,3,Y,3,N,NJ,Mid-Atlantic,US Citizen,180,665092,Charter,0.241,Y,None,Female,Hispanic or Latino,Y,$150K - $249K,46100,38500,35600,16600,Dean's Scholar,32400,0,N,Purchased Search Name,329,4,23,85,5,,None,,N,4,Peer Private,N,0.164,5
A26-100025,Fall 2026,Regular Decision,N,2026-01-14,Admit,School of Business,Supply Chain Management,3.37,63,Submitted,1190,,3,2,3,3,2,N,,N,VNM,International,International,8791,000000,International School,0.053,Y,None,Male,Asian,Y,$100K - $149K,22200,62400,48400,6900,Founders Award,29300,7100,N,Athletic Recruiting,199,0,5,43,2,,None,,N,6,Peer Private,N,0.01,10
A26-105323,Fall 2026,ED I,Y,2025-10-31,Admit,School of Engineering,Mechanical Engineering,3.80,83,Test Optional,,,5,3,4,3,5,Y,2,N,NY,Mid-Atlantic,US Citizen,376,648923,Public,0.181,Y,None,Male,Asian,Y,$100K - $149K,31500,53100,38400,17800,Dean's Scholar,28400,0,N,College Fair,256,1,3,76,4,,None,,N,4,More Selective Private,Y,0.954,1
A26-106475,Fall 2026,Regular Decision,N,2025-12-21,Admit,School of Engineering,Chemical Engineering,3.82,92,Submitted,1360,30,6,4,4,3,2,Y,4,Y,NY,Mid-Atlantic,US Citizen,385,275729,Public,0.312,N,None,Female,Two or More Races,Y,$60K - $99K,12500,72100,62900,18200,Trustee Scholar,3500,0,N,Athletic Recruiting,225,3,14,70,5,Volleyball,Tip,,N,4,Peer Private,N,0.304,3
A26-105727,Fall 2026,Regular Decision,N,2025-12-08,Admit,School of Business,Marketing,3.59,70,Submitted,1240,,5,3,2,3,3,Y,3,N,VA,South,US Citizen,256,997468,Public,0.382,N,None,Female,Asian,Y,$150K - $249K,50700,33900,25200,19600,Dean's Scholar,39800,0,N,Self-Initiated Inquiry,228,1,15,65,5,,None,,N,6,In-State Flagship Public,N,0.027,9
A26-107390,Fall 2026,Early Action,N,2025-11-14,Admit,School of Nursing & Health,Nursing (BSN),3.45,72,Submitted,1220,,4,3,4,5,4,N,,N,MN,Midwest,Permanent Resident,1100,944785,Public,0.317,N,None,Female,Not Reported,Y,$60K - $99K,19600,65000,57100,19300,Dean's Scholar,8200,0,N,Purchased Search Name,306,0,3,41,1,,None,,N,4,In-State Flagship Public,N,0.034,9
A26-101538,Fall 2026,Regular Decision,N,2025-12-19,Admit,College of Arts & Sciences,English,3.58,73,Test Optional,,,2,3,2,3,2,N,,N,MA,New England,US Citizen,464,539875,Public,0.366,N,None,Female,White,Y,$30K - $59K,5900,78700,70000,11100,Dean's Scholar,3500,0,N,Self-Initiated Inquiry,260,0,13,58,3,,None,,N,0,None Reported,Y,0.31,3
A26-104397,Fall 2026,Regular Decision,N,2025-12-03,Admit,College of Arts & Sciences,Political Science,3.82,75,Test Optional,,,8,4,2,2,3,N,,N,NJ,Mid-Atlantic,US Citizen,194,697960,Public,0.216,N,None,Female,Asian,Y,$100K - $149K,28400,56200,46000,30000,Trustee Scholar,8600,0,N,Athletic Recruiting,180,5,33,80,5,Football,Coach Support,,N,4,Peer Private,N,0.182,5
A26-101934,Fall 2026,Regular Decision,N,2025-12-21,Admit,School of Business,Supply Chain Management,3.51,72,Submitted,1250,,5,3,4,1,2,N,,N,VA,South,US Citizen,254,254970,Public,0.327,N,None,Not Reported,Hispanic or Latino,Y,$60K - $99K,11600,73000,52500,14500,Dean's Scholar,17600,6000,N,College Fair,86,1,16,69,4,,None,,N,7,Out-of-State Public,Y,0.073,7
A26-103174,Fall 2026,Regular Decision,N,2025-12-19,Admit,School of Business,Marketing,3.66,76,Submitted,1290,,2,3,2,4,4,Y,3,N,OH,Midwest,US Citizen,425,744135,Public,0.158,N,None,Female,White,Y,$250K and above,87700,0,0,21700,Dean's Scholar,62900,0,Y,Athletic Recruiting,64,4,26,84,5,Track & Field,Coach Support,,N,5,In-State Flagship Public,Y,0.205,4
A26-107878,Fall 2026,Early Action,N,2025-10-20,Admit,School of Business,Business Analytics,3.34,67,Test Optional,,,4,2,3,3,2,Y,3,N,NC,South,US Citizen,607,343712,Private - Independent,0.261,N,None,Female,Hispanic or Latino,Y,$100K - $149K,27200,57400,46700,9800,Founders Award,28100,900,N,Campus Visit Walk-In,206,1,17,57,5,,None,,N,5,Peer Private,N,0.047,8
A26-107998,Fall 2026,ED I,Y,2025-10-24,Admit,School of Engineering,Electrical Engineering,3.63,67,Submitted,1270,28,4,3,3,3,3,Y,4,N,NY,Mid-Atlantic,US Citizen,292,728445,Public,0.242,N,None,Male,Asian,Y,$150K - $249K,72200,12400,9400,14800,Dean's Scholar,60400,0,N,Paid Digital Campaign,3,3,16,58,5,,None,,N,5,More Selective Private,N,0.874,2
A26-100853,Fall 2026,Early Action,N,2025-10-26,Admit,College of Arts & Sciences,History,4.17,96,Submitted,1460,,10,5,5,4,4,N,,Y,SC,South,US Citizen,637,872992,Public,0.33,N,None,Female,White,Y,$150K - $249K,52300,32300,29900,36100,Presidential Scholar,18600,0,N,Self-Initiated Inquiry,139,1,0,55,2,,None,,N,7,More Selective Private,N,0.01,10
A26-106632,Fall 2026,Regular Decision,N,2025-12-06,Admit - Committee Hold,School of Nursing & Health,Nursing (BSN),3.70,86,Test Optional,,,7,3,3,3,3,Y,1,N,NY,Mid-Atlantic,US Citizen,121,600685,Parochial,0.285,N,None,Male,Hispanic or Latino,Y,$30K - $59K,700,83900,71300,9800,Dean's Scholar,3500,2800,N,Athletic Recruiting,100,5,29,96,5,Women's Lacrosse,Slot,,N,4,In-State Flagship Public,Y,0.952,1
A26-104546,Fall 2026,Early Action,N,2025-10-28,Admit,School of Business,Supply Chain Management,3.24,67,Submitted,,24,3,2,4,2,2,N,,N,NY,Mid-Atlantic,US Citizen,219,192198,Public,0.274,N,None,Female,Asian,Y,$100K - $149K,23500,61100,39300,9300,Founders Award,36000,12500,N,College Fair,160,4,12,100,5,,None,,N,3,More Selective Private,N,0.114,6
A26-107331,Fall 2026,Regular Decision,N,2025-12-01,Admit - Committee Hold,College of Arts & Sciences,Chemistry,3.32,70,Submitted,,25,3,2,2,2,5,N,,N,CHN,International,International,7281,000000,International School,0.19,N,None,Male,Not Reported,Y,$150K - $249K,72200,12400,10200,9800,Founders Award,64600,0,N,Purchased Search Name,256,1,20,51,4,,None,,N,0,None Reported,N,0.01,10
A26-106339,Fall 2026,Regular Decision,N,2026-01-14,Admit,College of Arts & Sciences,Chemistry,3.62,76,Submitted,1270,,6,3,3,3,4,Y,5,N,NJ,Mid-Atlantic,US Citizen,251,126834,Public,0.09,Y,None,Female,White,Y,$250K and above,122900,0,0,21300,Dean's Scholar,63300,0,Y,High School Visit,239,4,24,100,5,,None,,N,5,None Reported,Y,0.231,4
A26-107179,Fall 2026,Regular Decision,N,2025-12-06,Waitlist Alternate,School of Business,Finance,3.67,76,Test Optional,,,3,3,5,2,3,N,,N,GBR,International,International,3607,000000,International School,0.093,Y,None,Male,White,Y,$60K - $99K,10200,74400,63600,17500,Dean's Scholar,3500,0,N,High School Visit,238,0,15,11,2,,None,,N,5,More Selective Private,N,0.01,10
A26-104933,Fall 2026,Regular Decision,N,2025-12-29,Admit,School of Business,Accounting,3.61,76,Submitted,1310,,3,3,2,5,2,N,,N,MD,Mid-Atlantic,US Citizen,202,985640,Public,0.267,N,None,Female,White,N,Not Reported,,0,0,18600,Dean's Scholar,66000,0,Y,Purchased Search Name,263,4,27,59,5,,None,,N,1,Less Selective Private,N,0.213,4
A26-104867,Fall 2026,Regular Decision,N,2025-11-27,Admit,School of Engineering,Civil Engineering,3.65,86,Submitted,1290,,5,4,2,3,3,N,,Y,PA,Mid-Atlantic,US Citizen,117,799098,Public,0.35,Y,None,Female,Asian,Y,$100K - $149K,19600,65000,57200,23600,Trustee Scholar,3800,0,N,Purchased Search Name,160,2,18,79,5,,None,,N,4,Less Selective Private,N,0.217,4
A26-107417,Fall 2026,Regular Decision,N,2026-01-01,Admit,School of Business,Business Analytics,3.61,87,Test Optional,,,4,4,4,2,3,N,,Y,AZ,West,US Citizen,2143,546148,Charter,0.161,N,None,Female,White,N,Not Reported,,0,0,22600,Trustee Scholar,62000,0,Y,Self-Initiated Inquiry,84,1,8,22,2,,None,,N,4,In-State Flagship Public,N,0.01,10
A26-101273,Fall 2026,Early Action,N,2025-10-24,Admit,College of Fine Arts,Graphic Design,3.40,67,Test Optional,,,1,3,3,1,3,N,,Y,PA,Mid-Atlantic,US Citizen,51,232110,Public,0.286,N,Parent,Female,White,Y,$60K - $99K,9300,75300,57100,22000,Dean's Scholar,5500,0,N,Paid Digital Campaign,211,5,25,99,5,,None,Studio Art Portfolio,N,4,In-State Flagship Public,N,0.735,2
A26-107309,Fall 2026,Early Action,N,2025-10-23,Waitlist Alternate,School of Business,Marketing,3.64,78,Submitted,1320,,5,3,4,3,3,Y,5,N,PA,Mid-Atlantic,US Citizen,45,674796,Public,0.293,N,None,Male,Not Reported,Y,$60K - $99K,14800,69800,50800,15900,Dean's Scholar,17900,3100,N,Self-Initiated Inquiry,258,3,25,81,5,,None,,N,4,In-State Flagship Public,N,0.198,5
A26-105881,Fall 2026,Early Action,N,2025-10-31,Admit,School of Nursing & Health,Health Administration,3.66,77,Test Optional,,,4,3,4,3,3,Y,4,N,MA,New England,US Citizen,383,539875,Public,0.366,N,None,Male,Hispanic or Latino,Y,$150K - $249K,48800,35800,28800,22100,Dean's Scholar,33700,0,N,Paid Digital Campaign,250,3,25,76,5,,None,,N,5,None Reported,N,0.207,4
A26-102851,Fall 2026,Regular Decision,N,2026-01-15,Admit,School of Engineering,Chemical Engineering,3.38,66,Test Optional,,,4,2,3,5,3,N,,N,TX,Southwest,US Citizen,1463,957274,Private - Independent,0.06,N,None,Female,Hispanic or Latino,Y,$100K - $149K,26100,58500,42200,13500,Founders Award,28900,2800,N,Paid Digital Campaign,205,0,6,10,1,,None,,N,3,Peer Private,N,0.012,10
A26-100014,Fall 2026,Regular Decision,N,2025-12-14,Admit,School of Nursing & Health,Health Administration,3.48,76,Test Optional,,,1,3,3,4,2,N,,N,PA,Mid-Atlantic,US Citizen,30,211557,Public,0.356,N,None,Male,White,Y,$100K - $149K,20500,64100,54400,22500,Dean's Scholar,7700,0,N,Purchased Search Name,214,5,27,90,5,,None,,N,2,None Reported,Y,0.789,2
A26-100734,Fall 2026,Early Action,N,2025-10-30,Admit,School of Business,Supply Chain Management,3.64,83,Test Optional,,,4,3,1,3,5,Y,2,Y,SC,South,US Citizen,700,725945,Parochial,0.519,Y,None,Female,Not Reported,Y,Under $30K,100,84500,63700,17400,Dean's Scholar,3500,3400,N,Paid Digital Campaign,241,1,18,52,5,,None,,N,3,Less Selective Private,N,0.326,3
A26-101734,Fall 2026,Early Action,N,2025-10-18,Admit - Committee Hold,College of Arts & Sciences,Undeclared,3.65,80,Test Optional,,,4,3,3,3,2,N,,Y,NY,Mid-Atlantic,US Citizen,176,168328,Private - Independent,0.226,N,None,Female,White,Y,$60K - $99K,5800,78800,53800,20500,Dean's Scholar,10300,4500,N,Paid Digital Campaign,258,2,21,85,5,,None,Dance Audition,N,7,Peer Private,N,0.123,6
A26-107338,Fall 2026,Early Action,N,2025-10-27,Admit,College of Arts & Sciences,Political Science,3.69,78,Submitted,1320,29,4,3,5,3,2,N,,N,CAN,International,International,669,000000,International School,0.166,Y,None,Female,Asian,Y,$250K and above,107000,0,0,22900,Dean's Scholar,61700,0,Y,High School Visit,199,0,3,52,2,,None,,Y,7,None Reported,N,0.014,9
A26-102052,Fall 2026,Regular Decision,N,2025-11-26,Admit - Committee Hold,College of Arts & Sciences,Chemistry,3.78,83,Submitted,,30,5,3,3,3,4,N,,N,MA,New England,US Citizen,328,494227,Public,0.437,N,None,Female,Not Reported,Y,$60K - $99K,13000,71600,57500,13200,Dean's Scholar,13900,900,N,Athletic Recruiting,298,3,10,81,5,Track & Field,Coach Support,,N,4,Peer Private,N,0.213,4
A26-106915,Fall 2026,Regular Decision,N,2025-12-24,Admit,School of Engineering,Biomedical Engineering,3.45,74,Test Optional,,,4,3,4,2,3,Y,2,N,WA,West,US Citizen,2338,164941,Public,0.178,N,None,Female,Two or More Races,Y,$150K - $249K,49800,34800,28300,20700,Dean's Scholar,35600,0,N,Counselor Referral,225,0,4,59,3,,None,,N,5,Peer Private,N,0.011,10
A26-105496,Fall 2026,Regular Decision,N,2025-11-20,Admit,School of Engineering,Electrical Engineering,3.39,76,Submitted,1270,,1,2,3,2,3,Y,3,N,PA,Mid-Atlantic,US Citizen,127,126955,Public,0.375,N,Parent,Female,White,Y,$100K - $149K,25200,59400,44800,6700,Founders Award,33100,7900,N,Purchased Search Name,302,3,19,31,5,,None,,N,3,None Reported,N,0.447,3
A26-101017,Fall 2026,Early Action,N,2025-10-27,Admit,College of Arts & Sciences,Chemistry,3.53,78,Test Optional,,,3,3,4,4,2,N,,N,CT,New England,US Citizen,234,538053,Private - Independent,0.149,N,None,Female,Not Reported,Y,$150K - $249K,38100,46500,30000,19200,Dean's Scholar,35400,0,N,Paid Digital Campaign,174,4,23,71,5,,None,,N,0,None Reported,N,0.3,4
A26-104624,Fall 2026,Early Action,N,2025-10-27,Admit,School of Engineering,Mechanical Engineering,3.45,75,Test Optional,,,5,2,3,3,2,Y,3,N,DE,Mid-Atlantic,US Citizen,127,697698,Public,0.173,N,None,Female,Two or More Races,Y,$150K - $249K,62900,21700,18800,12600,Founders Award,53200,0,N,College Fair,134,4,25,76,5,,None,,N,4,In-State Flagship Public,N,0.14,5
A26-108049,Fall 2026,Regular Decision,N,2025-12-12,Admit,School of Business,Supply Chain Management,4.08,88,Test Optional,,,5,4,4,4,4,Y,5,N,IL,Midwest,US Citizen,669,481808,Parochial,0.429,N,None,Female,Hispanic or Latino,Y,$150K - $249K,58200,26400,23700,30700,Trustee Scholar,30200,0,N,Purchased Search Name,371,1,0,95,4,,None,,N,4,Out-of-State Public,N,0.026,9
A26-104409,Fall 2026,Regular Decision,N,2025-12-25,Admit,College of Arts & Sciences,Communication,3.51,71,Test Optional,,,4,3,3,3,3,Y,3,N,NH,New England,US Citizen,495,522785,Private - Independent,0.315,N,None,Male,Asian,Y,$100K - $149K,18500,66100,53200,16500,Dean's Scholar,14900,0,N,Self-Initiated Inquiry,139,0,5,86,3,,None,,N,5,None Reported,N,0.041,8
A26-102606,Fall 2026,Regular Decision,N,2025-12-28,Admit,School of Nursing & Health,Public Health,3.38,67,Test Optional,,,2,2,2,1,3,N,,N,NY,Mid-Atlantic,US Citizen,430,690704,Public,0.206,N,Parent,Male,White,Y,$150K - $249K,58900,25700,18300,7300,Founders Award,59000,100,N,Purchased Search Name,260,1,21,48,4,,None,,N,0,None Reported,N,0.264,4
A26-101796,Fall 2026,Regular Decision,N,2025-12-04,Admit,College of Fine Arts,Studio Art,3.74,84,Submitted,1310,30,7,4,3,2,5,Y,4,N,SC,South,US Citizen,685,872992,Public,0.33,N,None,Female,White,Y,$30K - $59K,6900,77700,71100,10000,Trustee Scholar,3500,0,N,Paid Digital Campaign,207,2,19,44,5,,None,Music - Vocal,N,3,Regional Public,N,0.216,4
A26-100489,Fall 2026,Regular Decision,N,2025-12-16,Admit,School of Engineering,Computer Science,4.04,95,Test Optional,,,9,4,3,3,4,Y,5,Y,PA,Mid-Atlantic,US Citizen,212,600020,Parochial,0.405,N,None,Female,American Indian or Alaska Native,Y,$100K - $149K,38000,46600,37700,29900,Trustee Scholar,17000,0,N,Paid Digital Campaign,215,2,21,46,5,,None,,N,5,Peer Private,N,0.093,7
A26-106155,Fall 2026,Early Action,N,2025-10-26,Admit,College of Arts & Sciences,Biology,4.09,97,Submitted,1430,,7,4,2,5,3,N,,N,VA,South,US Citizen,317,846587,Public,0.212,N,None,Male,White,Y,$100K - $149K,21300,63300,51700,25700,Trustee Scholar,7200,0,N,Purchased Search Name,159,3,22,78,5,,None,,N,3,More Selective Private,N,0.04,8
A26-105231,Fall 2026,Regular Decision,N,2025-12-13,Waitlist Alternate,College of Arts & Sciences,Psychology,3.52,77,Submitted,1280,,4,3,4,1,3,N,,N,PA,Mid-Atlantic,US Citizen,82,490704,Public,0.349,N,None,Female,Hispanic or Latino,Y,Under $30K,0,84600,71500,9600,Dean's Scholar,3500,3500,N,Common App Only,3,1,1,88,3,,None,,N,4,Peer Private,Y,0.248,4
A26-108063,Fall 2026,Regular Decision,N,2025-12-14,Admit - Committee Hold,College of Arts & Sciences,Biology,3.66,80,Submitted,1240,30,7,3,3,3,2,Y,3,N,PA,Mid-Atlantic,US Citizen,117,838353,Public,0.394,N,None,Female,Two or More Races,Y,$60K - $99K,6600,78000,59000,22100,Dean's Scholar,3500,0,N,Self-Initiated Inquiry,168,2,14,86,5,,None,Debate / Speech,N,5,More Selective Private,N,0.118,6
A26-100347,Fall 2026,ED I,Y,2025-10-28,Admit,School of Engineering,Electrical Engineering,4.21,99,Test Optional,,,7,4,2,3,4,N,,N,PA,Mid-Atlantic,US Citizen,185,211557,Public,0.356,N,None,Female,White,Y,$60K - $99K,20400,64200,64200,16900,Trustee Scholar,3500,0,N,Athletic Recruiting,124,5,25,67,5,Football,Coach Support,,N,5,Less Selective Private,Y,0.985,1
A26-102104,Fall 2026,Early Action,N,2025-11-03,Admit,School of Business,Supply Chain Management,3.40,66,Submitted,,28,2,2,2,2,3,Y,4,N,PA,Mid-Atlantic,US Citizen,31,258601,Public,0.281,N,None,Male,Hispanic or Latino,Y,$30K - $59K,6700,77900,60600,10000,Founders Award,14000,7300,N,Athletic Recruiting,312,4,30,86,5,,None,,N,6,More Selective Private,N,0.139,5
A26-103209,Fall 2026,Early Action,N,2025-10-30,Waitlist Alternate,School of Business,Supply Chain Management,3.66,88,Submitted,1300,,3,3,2,4,2,N,,N,NY,Mid-Atlantic,US Citizen,393,192198,Public,0.274,N,None,Male,White,Y,$100K - $149K,30600,54000,46900,15800,Dean's Scholar,21900,0,N,Athletic Recruiting,132,5,34,46,5,Swimming & Diving,Coach Support,,N,2,In-State Flagship Public,N,0.288,4
A26-104654,Fall 2026,Regular Decision,N,2025-12-17,Admit - Committee Hold,School of Engineering,Biomedical Engineering,3.84,93,Submitted,1370,,7,4,4,3,3,N,,Y,SC,South,US Citizen,661,872992,Public,0.33,N,None,Male,White,Y,$60K - $99K,18800,65800,54600,24900,Trustee Scholar,5100,0,N,High School Visit,295,2,7,63,4,,None,,N,2,In-State Flagship Public,Y,0.327,3
A26-104204,Fall 2026,ED I,Y,2025-10-27,Admit,College of Arts & Sciences,English,4.08,92,Test Optional,,,8,4,4,4,3,N,,Y,MD,Mid-Atlantic,US Citizen,205,526342,Public,0.297,N,None,Female,White,Y,$150K - $249K,38200,46400,45300,30800,Trustee Scholar,8500,0,N,Purchased Search Name,372,2,16,53,4,,None,,N,5,None Reported,N,0.957,1
A26-106249,Fall 2026,Regular Decision,N,2026-01-13,Waitlist Alternate,School of Nursing & Health,Health Administration,3.48,72,Submitted,,26,6,3,2,1,5,N,,Y,MD,Mid-Atlantic,US Citizen,108,549515,Public,0.361,N,None,Female,White,Y,$60K - $99K,8000,76600,56700,19100,Dean's Scholar,8800,800,N,High School Visit,204,3,26,77,5,,None,,N,2,Peer Private,N,0.295,4
A26-100868,Fall 2026,Regular Decision,N,2025-11-28,Admit,School of Business,Business Analytics,3.42,74,Submitted,1230,,3,2,2,3,3,Y,4,N,PA,Mid-Atlantic,US Citizen,197,503564,Charter,0.345,N,None,Male,Asian,Y,$250K and above,158600,0,0,9100,Founders Award,75500,0,Y,College Fair,120,5,40,65,5,,None,,N,2,More Selective Private,N,0.159,5
A26-102583,Fall 2026,Regular Decision,N,2025-12-17,Waitlist Alternate,School of Engineering,Mechanical Engineering,3.50,73,Test Optional,,,4,2,2,1,3,N,,N,MD,Mid-Atlantic,US Citizen,195,526342,Public,0.297,N,None,Male,Asian,N,Not Reported,,0,0,13800,Founders Award,70800,0,Y,Self-Initiated Inquiry,145,4,35,49,5,,None,,N,5,Peer Private,N,0.051,8
A26-103810,Fall 2026,Regular Decision,N,2025-12-29,Admit - Committee Hold,College of Arts & Sciences,Biology,4.01,86,Test Optional,,,6,4,3,2,3,N,,Y,MI,Midwest,US Citizen,402,373975,Parochial,0.236,N,None,Female,Black or African American,Y,$250K and above,104300,0,0,30700,Trustee Scholar,53900,0,Y,Athletic Recruiting,194,5,32,52,5,Women's Basketball,Coach Support,,N,3,In-State Flagship Public,Y,0.249,4
A26-105356,Fall 2026,Early Action,N,2025-10-31,Admit,College of Arts & Sciences,English,3.45,72,Submitted,,28,4,3,4,3,3,Y,5,N,PA,Mid-Atlantic,US Citizen,204,767318,Charter,0.398,N,None,Male,White,Y,$60K - $99K,20300,64300,55800,20400,Dean's Scholar,8400,0,N,Athletic Recruiting,302,3,22,58,5,,None,,N,5,Peer Private,Y,0.452,3
A26-105642,Fall 2026,Regular Decision,N,2025-12-05,Admit,College of Arts & Sciences,History,3.57,73,Test Optional,,,4,3,2,3,2,N,,N,WA,West,US Citizen,2597,161429,Public,0.317,N,None,Male,Hispanic or Latino,Y,$150K - $249K,72900,11700,9600,13300,Dean's Scholar,61700,0,N,Athletic Recruiting,217,2,0,74,4,Women's Basketball,Coach Support,,N,5,Regional Public,Y,0.105,6
A26-104003,Fall 2026,Regular Decision,N,2025-12-02,Admit,School of Nursing & Health,Nursing (BSN),3.30,65,Submitted,1200,25,4,2,4,2,3,Y,4,N,OH,Midwest,US Citizen,417,610404,Public,0.12,N,None,Female,Black or African American,Y,$150K - $249K,62600,22000,16000,9000,Founders Award,59600,0,N,High School Visit,3,2,16,93,5,,None,,N,5,In-State Flagship Public,Y,0.239,4
A26-108228,Fall 2026,Regular Decision,N,2025-12-13,Admit,College of Arts & Sciences,Psychology,3.80,81,Submitted,1400,,9,4,3,4,3,Y,4,N,MA,New England,US Citizen,454,639814,Parochial,0.304,N,None,Male,White,Y,$100K - $149K,20800,63800,56200,24900,Trustee Scholar,3500,0,N,Athletic Recruiting,172,2,9,76,5,,None,,N,6,Regional Public,Y,0.194,5
A26-102539,Fall 2026,Early Action,N,2025-11-04,Waitlist Alternate,College of Arts & Sciences,Biology,3.88,88,Submitted,1390,,7,4,4,4,3,N,,Y,NY,Mid-Atlantic,US Citizen,171,875760,Public,0.175,N,None,Female,Hispanic or Latino,Y,$60K - $99K,5500,79100,74100,7000,Trustee Scholar,3500,0,N,Self-Initiated Inquiry,117,3,28,59,5,,None,,N,6,In-State Flagship Public,Y,0.306,3
A26-106037,Fall 2026,Regular Decision,N,2025-12-25,Admit - Committee Hold,College of Arts & Sciences,Undeclared,3.59,62,Submitted,1210,,2,2,4,2,4,N,,N,PA,Mid-Atlantic,US Citizen,70,503564,Charter,0.345,N,None,Male,Hispanic or Latino,Y,Under $30K,0,84600,52300,12500,Founders Award,19800,19800,N,High School Visit,165,0,6,45,2,,None,,N,2,Out-of-State Public,N,0.055,8
A26-106001,Fall 2026,Early Action,N,2025-11-10,Admit,College of Arts & Sciences,English,3.63,80,Submitted,1350,,4,3,3,3,2,Y,5,N,NY,Mid-Atlantic,US Citizen,339,406521,Parochial,0.431,N,None,Female,Hispanic or Latino,Y,$100K - $149K,36600,48000,42400,16100,Dean's Scholar,26100,0,N,High School Visit,131,0,10,38,3,,None,,N,7,Less Selective Private,N,0.04,8
A26-103549,Fall 2026,Early Action,N,2025-11-14,Admit,School of Engineering,Civil Engineering,3.65,73,Submitted,,28,3,3,2,2,3,Y,4,N,PA,Mid-Atlantic,Permanent Resident,150,993450,Charter,0.31,Y,None,Male,Asian,Y,$100K - $149K,34200,50400,43400,13700,Dean's Scholar,27500,0,N,Counselor Referral,127,3,26,51,5,,None,,N,6,None Reported,N,0.259,4
A26-102823,Fall 2026,Regular Decision,N,2026-01-09,Admit,School of Business,Business Analytics,3.16,59,Test Optional,,,0,1,1,1,3,N,,N,VA,South,US Citizen,387,569725,Parochial,0.375,N,None,Female,White,Y,Under $30K,0,84600,57600,0,No Merit Award,27000,27000,N,Purchased Search Name,157,0,6,46,2,,None,,N,0,None Reported,N,0.065,7
A26-103044,Fall 2026,ED II,Y,2025-12-14,Admit,School of Engineering,Mechanical Engineering,3.76,88,Submitted,1340,,6,3,3,5,2,N,,N,MD,Mid-Atlantic,US Citizen,146,526342,Public,0.297,N,Sibling,Female,White,Y,$100K - $149K,19000,65600,55000,13900,Dean's Scholar,15700,0,N,College Fair,154,3,17,82,5,,None,,N,5,Less Selective Private,N,0.985,1
A26-105986,Fall 2026,Early Action,N,2025-10-19,Admit,School of Engineering,Chemical Engineering,3.64,80,Submitted,1280,,5,3,3,3,2,N,,N,PA,Mid-Atlantic,US Citizen,127,767318,Charter,0.398,Y,None,Female,White,N,Not Reported,,0,0,20100,Dean's Scholar,64500,0,Y,Self-Initiated Inquiry,55,4,25,87,5,,None,Published Research,N,6,Peer Private,N,0.241,4
A26-105045,Fall 2026,Regular Decision,N,2025-12-26,Admit,School of Engineering,Civil Engineering,3.60,67,Submitted,1170,28,0,2,4,2,3,N,,N,PA,Mid-Atlantic,US Citizen,100,574647,Private - Independent,0.268,N,None,Male,Black or African American,Y,$30K - $59K,1700,82900,67600,13100,Founders Award,3900,2200,N,Purchased Search Name,220,4,44,56,5,,None,,N,6,Less Selective Private,Y,0.663,2
A26-105704,Fall 2026,Regular Decision,N,2026-01-08,Admit,School of Business,Business Analytics,3.67,78,Submitted,1210,29,5,3,4,2,3,N,,N,PA,Mid-Atlantic,US Citizen,48,129435,Private - Independent,0.325,N,None,Female,Black or African American,N,Not Reported,,0,0,22300,Dean's Scholar,62300,0,Y,Purchased Search Name,415,3,25,71,5,,None,,N,6,In-State Flagship Public,N,0.037,8
A26-107585,Fall 2026,Regular Decision,N,2025-12-29,Admit,College of Arts & Sciences,Environmental Science,3.61,74,Submitted,1300,,5,3,4,2,3,Y,4,N,NY,Mid-Atlantic,US Citizen,331,913379,Public,0.304,N,Parent,Female,Not Reported,N,Not Reported,,0,0,20400,Dean's Scholar,64200,0,Y,Athletic Recruiting,167,2,19,75,5,,None,,N,7,Out-of-State Public,Y,0.131,6
A26-103836,Fall 2026,Regular Decision,N,2025-12-20,Admit,College of Arts & Sciences,Economics,3.84,86,Submitted,1340,,7,4,3,3,3,Y,5,Y,CT,New England,US Citizen,309,521782,Public,0.228,N,Grandparent,Male,White,Y,$250K and above,69500,15100,14300,28300,Trustee Scholar,42000,0,N,Athletic Recruiting,257,5,25,62,5,Men's Lacrosse,Slot,,N,9,Regional Public,Y,0.875,2
A26-107713,Fall 2026,Regular Decision,N,2025-12-08,Admit - Committee Hold,College of Fine Arts,Graphic Design,3.85,95,Submitted,1440,34,5,4,3,3,3,N,,N,PA,Mid-Atlantic,Permanent Resident,239,674796,Public,0.293,N,None,Male,White,Y,$60K - $99K,19200,65400,60600,20500,Trustee Scholar,3500,0,N,Purchased Search Name,297,1,24,44,4,,None,Dance Audition,N,5,Peer Private,N,0.109,6
A26-103446,Fall 2026,Regular Decision,N,2025-11-25,Admit,School of Business,Marketing,3.43,77,Submitted,1210,,5,2,2,4,4,N,,N,VNM,International,International,8882,000000,International School,0.203,N,None,Male,Black or African American,N,Not Reported,,0,0,9600,Founders Award,75000,0,Y,Common App Only,57,0,9,63,2,,None,,N,3,Less Selective Private,Y,0.01,10
A26-101415,Fall 2026,Early Action,N,2025-11-04,Admit - Committee Hold,School of Nursing & Health,Public Health,3.52,77,Test Optional,,,4,3,3,3,2,Y,3,N,NC,South,US Citizen,554,624049,Public,0.423,N,Sibling,Female,Two or More Races,Y,$30K - $59K,3700,80900,59000,16200,Dean's Scholar,9400,5700,N,Athletic Recruiting,261,2,26,58,5,,None,,N,6,More Selective Private,Y,0.378,3
A26-107093,Fall 2026,Regular Decision,N,2026-01-13,Waitlist Alternate,School of Business,Business Analytics,3.47,79,Submitted,1320,,2,3,4,2,3,N,,N,NY,Mid-Atlantic,US Citizen,169,767090,Public,0.202,Y,None,Female,White,Y,$100K - $149K,38000,46600,41500,13100,Dean's Scholar,30000,0,N,High School Visit,356,3,23,49,5,,None,,N,7,More Selective Private,N,0.027,9
A26-101249,Fall 2026,Regular Decision,N,2026-01-02,Admit,College of Arts & Sciences,Undeclared,4.04,97,Submitted,1380,,6,4,4,2,3,N,,Y,NC,South,US Citizen,436,624049,Public,0.423,N,None,Male,Not Reported,Y,$150K - $249K,56300,28300,28300,22800,Trustee Scholar,33500,0,N,Athletic Recruiting,192,1,3,36,2,,None,,N,5,Out-of-State Public,Y,0.124,6
A26-103178,Fall 2026,Early Action,N,2025-11-04,Admit,College of Arts & Sciences,Political Science,3.71,84,Submitted,1350,,6,3,3,3,3,N,,N,DE,Mid-Atlantic,US Citizen,87,447427,Public,0.262,N,None,Female,Two or More Races,Y,$60K - $99K,16800,67800,61800,19300,Dean's Scholar,3500,0,N,Athletic Recruiting,160,2,11,73,4,,None,,N,8,Peer Private,N,0.044,8
A26-108305,Fall 2026,ED I,Y,2025-10-24,Admit,College of Arts & Sciences,History,3.25,55,Submitted,1210,,0,2,3,2,4,N,,N,NY,Mid-Atlantic,US Citizen,381,945888,Parochial,0.309,N,None,Female,Black or African American,Y,$30K - $59K,5100,79500,46300,12400,Founders Award,25900,20800,N,Self-Initiated Inquiry,80,1,14,51,4,,None,,N,6,More Selective Private,Y,0.914,1
A26-105589,Fall 2026,Regular Decision,N,2025-12-27,Admit,School of Nursing & Health,Exercise Science,3.49,71,Submitted,1230,,2,2,4,3,3,N,,N,NY,Mid-Atlantic,US Citizen,284,945888,Parochial,0.309,N,None,Female,White,Y,$60K - $99K,4900,79700,57700,8500,Founders Award,18400,13500,N,Self-Initiated Inquiry,245,3,28,62,5,,None,,N,4,Peer Private,N,0.089,7
A26-103949,Fall 2026,Regular Decision,N,2025-12-07,Admit - Committee Hold,College of Arts & Sciences,Political Science,3.53,85,Submitted,1240,,4,3,3,3,1,N,,N,NC,South,US Citizen,466,206144,Public,0.219,N,None,Female,White,Y,$250K and above,102500,0,0,13000,Dean's Scholar,71600,0,Y,Paid Digital Campaign,190,0,11,63,3,,None,,N,3,Peer Private,N,0.01,10
A26-104008,Fall 2026,Regular Decision,N,2026-01-15,Waitlist Alternate,College of Arts & Sciences,Environmental Science,3.26,63,Submitted,,25,1,2,3,3,4,N,,N,DC,Mid-Atlantic,US Citizen,197,859983,Private - Independent,0.207,N,None,Male,White,Y,$30K - $59K,4100,80500,62900,10400,Founders Award,11300,7200,N,Paid Digital Campaign,60,1,13,54,3,,None,,N,3,Peer Private,Y,0.152,5
A26-108099,Fall 2026,Regular Decision,N,2026-01-05,Admit - Committee Hold,College of Fine Arts,Theatre,3.73,87,Test Optional,,,4,4,4,4,4,N,,N,PA,Mid-Atlantic,US Citizen,148,879707,Public,0.315,N,None,Female,Asian,Y,$60K - $99K,6100,78500,53900,22100,Trustee Scholar,8600,2500,N,Counselor Referral,140,3,22,83,5,,None,Dance Audition,N,6,Peer Private,Y,0.387,3
A26-104477,Fall 2026,Regular Decision,N,2025-12-23,Waitlist Alternate,College of Arts & Sciences,Political Science,3.61,75,Submitted,1270,,4,3,3,2,1,Y,4,N,NC,South,Permanent Resident,602,648546,Public,0.316,N,Parent,Female,White,N,Not Reported,,0,0,19200,Dean's Scholar,65400,0,Y,High School Visit,260,1,11,66,4,,None,,N,4,More Selective Private,N,0.026,9
A26-105694,Fall 2026,Early Action,N,2025-10-21,Admit,School of Business,Finance,3.83,83,Test Optional,,,6,4,5,3,4,Y,2,Y,OH,Midwest,US Citizen,312,610404,Public,0.12,N,None,Male,White,Y,$100K - $149K,23400,61200,53900,27200,Trustee Scholar,3500,0,N,Purchased Search Name,195,2,25,59,5,,None,,N,8,Peer Private,N,0.036,8
A26-107759,Fall 2026,Regular Decision,N,2025-11-20,Waitlist Alternate,School of Nursing & Health,Exercise Science,4.06,93,Test Optional,,,8,4,3,4,3,N,,Y,TUR,International,International,5021,000000,International School,0.203,Y,None,Male,Two or More Races,Y,$150K - $249K,37900,46700,39700,27300,Trustee Scholar,17600,0,N,Counselor Referral,367,0,10,56,2,,None,,N,2,More Selective Private,N,0.01,10
A26-101856,Fall 2026,Regular Decision,N,2025-12-02,Waitlist Alternate,School of Business,Business Analytics,3.45,69,Submitted,1250,,4,2,2,2,4,N,,N,OR,West,US Citizen,2476,469179,Public,0.31,N,None,Female,Black or African American,Y,$150K - $249K,64400,20200,12900,11000,Founders Award,60700,0,N,Common App Only,101,0,11,41,2,,None,,N,3,Peer Private,N,0.013,10
A26-101515,Fall 2026,Early Action,N,2025-10-28,Admit,School of Engineering,Civil Engineering,3.80,87,Submitted,1350,,5,4,3,3,4,N,,Y,WA,West,Permanent Resident,2463,164941,Public,0.178,N,None,Male,Hispanic or Latino,Y,$100K - $149K,22100,62500,52500,28600,Trustee Scholar,3500,0,N,College Fair,279,0,0,35,1,,None,,N,7,Less Selective Private,N,0.013,10
A26-104593,Fall 2026,Early Action,N,2025-10-20,Waitlist Alternate,School of Business,Business Analytics,3.89,92,Test Optional,,,6,4,4,4,3,Y,3,Y,PA,Mid-Atlantic,US Citizen,105,258601,Public,0.281,N,None,Female,Two or More Races,N,Not Reported,,0,0,30400,Trustee Scholar,54200,0,Y,High School Visit,100,3,21,67,5,,None,,N,5,Regional Public,Y,0.347,3
A26-106438,Fall 2026,Regular Decision,N,2025-12-24,Admit,School of Business,Management,3.95,96,Submitted,1410,,8,4,2,3,3,N,,Y,CA,West,US Citizen,2453,298108,Public,0.222,Y,None,Male,Black or African American,N,Not Reported,,0,0,25200,Trustee Scholar,59400,0,Y,Self-Initiated Inquiry,186,0,0,41,1,,None,,N,4,Peer Private,N,0.01,10
A26-101953,Fall 2026,Early Action,N,2025-11-15,Admit,College of Arts & Sciences,Neuroscience,3.75,73,Submitted,1300,,6,3,5,3,3,Y,3,N,MA,New England,US Citizen,305,415210,Public,0.273,Y,None,Female,White,Y,$30K - $59K,2900,81700,70300,10800,Dean's Scholar,3500,600,N,Athletic Recruiting,202,2,21,69,5,,None,Published Research,N,1,More Selective Private,N,0.303,4
A26-101054,Fall 2026,Regular Decision,N,2025-11-27,Admit,School of Business,Supply Chain Management,3.10,57,Test Optional,,,0,1,1,2,3,Y,5,N,RI,New England,US Citizen,282,732369,Private - Independent,0.362,N,None,Female,Two or More Races,N,Not Reported,,0,0,0,No Merit Award,84600,0,Y,College Fair,295,4,26,66,5,,None,,N,5,Peer Private,N,0.113,6
A26-107064,Fall 2026,ED I,Y,2025-10-31,Admit,School of Engineering,Civil Engineering,3.54,78,Test Optional,,,8,3,4,4,4,N,,N,CA,West,US Citizen,2608,263455,Public,0.188,N,None,Female,White,Y,$30K - $59K,5100,79500,72900,8200,Dean's Scholar,3500,0,N,Self-Initiated Inquiry,301,0,4,38,1,,None,Robotics / STEM Competition,N,0,None Reported,Y,0.983,1
A26-102383,Fall 2026,Early Action,N,2025-11-05,Admit,School of Engineering,Civil Engineering,3.55,66,Submitted,1150,27,2,2,4,3,3,N,,N,WA,West,US Citizen,2324,164941,Public,0.178,N,None,Male,White,Y,$60K - $99K,13200,71400,50800,9800,Founders Award,24000,10800,N,College Fair,410,0,10,40,2,,None,,N,2,Peer Private,N,0.015,9
A26-102995,Fall 2026,Regular Decision,N,2025-12-24,Admit,College of Arts & Sciences,Mathematics,3.28,67,Submitted,1220,,2,2,2,4,2,Y,4,N,CA,West,US Citizen,2477,263455,Public,0.188,Y,Grandparent,Male,White,Y,$30K - $59K,4500,80100,63300,10500,Founders Award,10800,6300,N,Paid Digital Campaign,313,1,15,95,5,,None,,N,6,In-State Flagship Public,Y,0.103,6
A26-102619,Fall 2026,Regular Decision,N,2025-12-08,Admit,College of Arts & Sciences,Mathematics,3.43,74,Submitted,1240,,7,3,2,2,2,N,,N,NJ,Mid-Atlantic,US Citizen,102,493927,Public,0.295,Y,None,Female,White,N,Not Reported,,0,0,22800,Dean's Scholar,61800,0,Y,Purchased Search Name,203,2,13,72,5,,None,,N,4,None Reported,N,0.051,8
A26-108182,Fall 2026,Early Action,N,2025-11-15,Admit,College of Arts & Sciences,Mathematics,3.53,78,Submitted,1280,,4,3,3,2,3,Y,4,N,DE,Mid-Atlantic,US Citizen,81,697698,Public,0.173,N,None,Female,Two or More Races,Y,$250K and above,131400,0,0,21400,Dean's Scholar,63200,0,Y,Purchased Search Name,272,4,21,68,5,,None,,N,3,Out-of-State Public,N,0.076,7
A26-100819,Fall 2026,Early Action,N,2025-10-29,Admit,School of Engineering,Electrical Engineering,3.97,92,Submitted,1310,,5,4,2,5,5,N,,Y,IL,Midwest,Permanent Resident,720,508240,Public,0.234,N,None,Female,White,Y,$150K - $249K,40700,43900,39400,24300,Trustee Scholar,20900,0,N,College Fair,281,0,11,55,2,,None,,N,6,None Reported,N,0.036,8
A26-104764,Fall 2026,Regular Decision,N,2026-01-06,Admit,School of Business,Management,3.86,81,Test Optional,,,8,4,4,3,2,Y,4,Y,NY,Mid-Atlantic,US Citizen,218,152042,Private - Independent,0.298,N,None,Female,Hispanic or Latino,Y,$100K - $149K,17900,66700,63000,18100,Trustee Scholar,3500,0,N,Purchased Search Name,413,2,5,71,5,,None,,N,5,In-State Flagship Public,N,0.065,7
A26-103105,Fall 2026,Regular Decision,N,2025-12-08,Admit - Committee Hold,College of Arts & Sciences,Undeclared,3.65,77,Submitted,1250,,3,3,3,3,4,N,,N,VNM,International,International,8864,000000,International School,0.211,N,None,Male,Black or African American,Y,$60K - $99K,19600,65000,57800,17600,Dean's Scholar,9200,0,N,Common App Only,3,0,11,46,2,,None,,Y,5,None Reported,N,0.01,10
A26-103875,Fall 2026,Early Action,N,2025-11-11,Admit,School of Business,Marketing,3.28,66,Submitted,1210,,2,2,3,3,2,N,,N,PA,Mid-Atlantic,US Citizen,174,367072,Private - Independent,0.309,N,None,Female,White,Y,$60K - $99K,11900,72700,57600,7000,Founders Award,20000,8100,N,Common App Only,93,3,25,86,5,,None,,N,1,Regional Public,Y,0.748,2
A26-103770,Fall 2026,Regular Decision,N,2025-11-26,Admit,School of Business,Supply Chain Management,3.45,71,Test Optional,,,1,3,1,4,3,N,,N,NY,Mid-Atlantic,US Citizen,230,475085,Public,0.048,N,None,Male,Hispanic or Latino,Y,$60K - $99K,16500,68100,54600,19300,Dean's Scholar,10700,0,N,Purchased Search Name,168,3,18,66,5,,None,,N,4,More Selective Private,N,0.032,9
A26-102591,Fall 2026,Regular Decision,N,2025-12-28,Admit - Committee Hold,College of Arts & Sciences,Political Science,3.42,63,Submitted,,25,2,2,2,3,3,N,,N,FL,South,US Citizen,1007,252370,Public,0.261,Y,None,Female,Two or More Races,Y,$150K - $249K,43000,41600,32900,10900,Founders Award,40800,0,N,College Fair,276,1,5,50,3,,None,,N,5,More Selective Private,N,0.015,9
A26-102599,Fall 2026,Regular Decision,N,2025-12-07,Admit,College of Arts & Sciences,Psychology,3.51,72,Test Optional,,,4,3,2,2,2,N,,Y,PA,Mid-Atlantic,US Citizen,64,488338,Private - Independent,0.378,N,None,Female,Hispanic or Latino,Y,Under $30K,300,84300,62700,16500,Dean's Scholar,5400,5100,N,Campus Visit Walk-In,260,4,29,49,5,,None,,N,6,In-State Flagship Public,Y,0.503,2
A26-101174,Fall 2026,ED I,Y,2025-10-19,Admit,School of Nursing & Health,Exercise Science,4.15,97,Test Optional,,,10,5,3,5,5,Y,3,Y,PA,Mid-Atlantic,US Citizen,113,517657,Parochial,0.474,N,None,Male,Black or African American,N,Not Reported,,0,0,35300,Presidential Scholar,49300,0,Y,Paid Digital Campaign,263,5,34,91,5,,None,,N,5,In-State Flagship Public,Y,0.985,1
A26-101687,Fall 2026,Early Action,N,2025-10-29,Admit,College of Arts & Sciences,Undeclared,3.51,70,Submitted,1160,,3,2,2,2,3,N,,N,PA,Mid-Atlantic,US Citizen,31,912852,Public,0.521,N,None,Female,White,Y,$250K and above,71100,13500,11100,8300,Founders Award,65200,0,N,High School Visit,200,5,31,75,5,,None,,N,5,More Selective Private,Y,0.479,2
A26-105689,Fall 2026,Early Action,N,2025-11-14,Admit,School of Engineering,Civil Engineering,3.26,66,Test Optional,,,2,2,3,2,3,Y,2,N,WA,West,US Citizen,2400,161429,Public,0.317,N,None,Male,White,Y,$30K - $59K,7400,77200,53600,11200,Founders Award,19800,12400,N,Self-Initiated Inquiry,179,1,18,58,5,,None,,N,1,Less Selective Private,Y,0.278,4
A26-102543,Fall 2026,Early Action,N,2025-11-05,Admit,School of Business,Business Analytics,3.58,84,Test Optional,,,5,3,2,5,4,Y,3,Y,GBR,International,International,3310,000000,International School,0.03,Y,Parent,Female,White,Y,$250K and above,142600,0,0,14600,Dean's Scholar,70000,0,Y,Athletic Recruiting,261,0,15,53,4,,None,,N,3,Regional Public,N,0.018,9
A26-101648,Fall 2026,ED I,Y,2025-10-18,Admit,College of Arts & Sciences,Environmental Science,3.82,92,Submitted,1320,,7,4,2,4,4,N,,Y,MD,Mid-Atlantic,US Citizen,133,985640,Public,0.267,N,None,Female,White,Y,$100K - $149K,37100,47500,44800,23400,Trustee Scholar,16400,0,N,Purchased Search Name,284,2,13,32,4,,None,,N,5,In-State Flagship Public,N,0.912,1
A26-102015,Fall 2026,ED II,Y,2026-01-03,Admit,College of Arts & Sciences,Economics,3.27,61,Test Optional,,,2,2,2,3,5,N,,N,NH,New England,US Citizen,465,522785,Private - Independent,0.315,N,None,Female,Not Reported,Y,$100K - $149K,38200,46400,37800,8400,Founders Award,38400,200,N,Counselor Referral,269,1,7,52,3,,None,,N,6,Regional Public,Y,0.977,1
A26-103652,Fall 2026,Regular Decision,N,2025-12-02,Admit,School of Engineering,Chemical Engineering,3.41,67,Test Optional,,,0,2,3,4,2,N,,N,PA,Mid-Atlantic,US Citizen,67,912312,Private - Independent,0.255,N,None,Female,Black or African American,Y,$100K - $149K,24300,60300,51300,9700,Founders Award,23600,0,N,Self-Initiated Inquiry,187,4,23,76,5,,None,Studio Art Portfolio,N,2,More Selective Private,Y,0.554,2
A26-106088,Fall 2026,Regular Decision,N,2026-01-07,Admit,School of Business,Supply Chain Management,3.41,72,Submitted,1240,,2,3,2,3,2,N,,N,MA,New England,US Citizen,349,506137,Public,0.468,N,None,Male,Black or African American,Y,$250K and above,120000,0,0,15000,Dean's Scholar,69600,0,Y,College Fair,223,3,18,75,5,,None,,N,5,Less Selective Private,N,0.065,7
A26-107703,Fall 2026,Regular Decision,N,2025-12-24,Admit,College of Arts & Sciences,Biology,3.69,76,Test Optional,,,4,3,3,3,2,Y,2,N,NY,Mid-Atlantic,US Citizen,333,728445,Public,0.242,N,None,Male,White,Y,$150K - $249K,67100,17500,14100,21500,Dean's Scholar,49000,0,N,High School Visit,282,1,12,22,4,,None,,N,3,None Reported,N,0.029,9
A26-107498,Fall 2026,Early Action,N,2025-11-03,Admit,College of Arts & Sciences,Sociology,3.49,74,Submitted,1250,,1,3,3,5,3,N,,Y,NJ,Mid-Atlantic,US Citizen,214,255789,Public,0.299,N,None,Female,White,Y,Under $30K,1000,83600,67900,13200,Dean's Scholar,3500,2500,N,Campus Visit Walk-In,71,2,6,42,3,,None,,N,3,In-State Flagship Public,N,0.096,6
A26-100660,Fall 2026,Regular Decision,N,2025-12-25,Admit,College of Arts & Sciences,Psychology,3.51,77,Submitted,1280,,2,3,1,3,3,Y,4,N,PA,Mid-Atlantic,US Citizen,82,737466,Public,0.171,N,None,Female,Hispanic or Latino,N,Not Reported,,0,0,15900,Dean's Scholar,68700,0,Y,Counselor Referral,63,3,29,52,5,,None,,N,2,In-State Flagship Public,N,0.088,7
A26-100399,Fall 2026,Regular Decision,N,2025-12-20,Admit - Committee Hold,College of Arts & Sciences,Political Science,3.10,64,Submitted,1190,,0,2,2,3,3,Y,4,N,ME,New England,Permanent Resident,502,548667,Private - Independent,0.28,Y,None,Female,White,Y,$100K - $149K,29300,55300,41800,11800,Founders Award,31000,1700,N,Campus Visit Walk-In,202,3,26,67,5,,None,Robotics / STEM Competition,N,5,Less Selective Private,N,0.342,3
A26-107245,Fall 2026,Early Action,N,2025-10-18,Waitlist Alternate,School of Business,Accounting,3.76,77,Submitted,,29,8,3,4,2,3,N,,N,PA,Mid-Atlantic,US Citizen,196,879707,Public,0.315,N,None,Male,Two or More Races,Y,$100K - $149K,19200,65400,52900,20200,Dean's Scholar,11500,0,N,Self-Initiated Inquiry,64,4,26,89,5,,None,,N,2,Peer Private,N,0.344,3
A26-107669,Fall 2026,ED I,Y,2025-10-16,Admit,School of Business,Management,3.72,76,Test Optional,,,5,4,3,4,3,Y,2,Y,MD,Mid-Atlantic,US Citizen,227,284139,Public,0.309,N,None,Female,Not Reported,N,Not Reported,,0,0,25000,Trustee Scholar,59600,0,Y,Paid Digital Campaign,290,3,20,85,5,,None,Published Research,N,3,Less Selective Private,N,0.981,1
A26-108399,Fall 2026,Early Action,N,2025-10-31,Admit,School of Business,Accounting,3.78,82,Submitted,1310,,7,4,3,1,4,Y,3,Y,DC,Mid-Atlantic,US Citizen,167,859983,Private - Independent,0.207,N,None,Not Reported,Asian,Y,$100K - $149K,29600,55000,48600,30900,Trustee Scholar,5100,0,N,Self-Initiated Inquiry,333,2,8,37,4,,None,,N,4,None Reported,N,0.155,5
A26-101610,Fall 2026,Regular Decision,N,2025-12-17,Admit,School of Business,Accounting,3.29,61,Submitted,1180,,1,2,1,2,3,N,,N,OH,Midwest,US Citizen,500,362708,Public,0.281,N,None,Male,White,Y,$150K - $249K,47300,37300,29200,8600,Founders Award,46800,0,N,Purchased Search Name,304,1,11,43,3,,None,,N,3,In-State Flagship Public,N,0.034,9
A26-100657,Fall 2026,Early Action,N,2025-11-02,Admit,School of Engineering,Electrical Engineering,3.55,68,Test Optional,,,3,3,2,3,1,Y,3,N,MD,Mid-Atlantic,US Citizen,206,329361,Public,0.158,Y,Parent,Female,White,Y,$100K - $149K,26700,57900,40200,18100,Dean's Scholar,26300,0,N,Purchased Search Name,63,4,25,54,5,,None,,N,2,Peer Private,N,0.415,3
A26-107773,Fall 2026,Regular Decision,N,2025-12-15,Waitlist Alternate,School of Engineering,Mechanical Engineering,4.24,97,Test Optional,,,10,5,4,4,3,Y,4,Y,CT,New England,US Citizen,318,343307,Public,0.255,N,None,Female,White,Y,$100K - $149K,20500,64100,64100,17000,Presidential Scholar,3500,0,N,Purchased Search Name,302,1,20,46,5,,None,,N,4,In-State Flagship Public,Y,0.122,6
A26-101882,Fall 2026,Regular Decision,N,2025-12-25,Admit,College of Arts & Sciences,Political Science,3.46,75,Test Optional,,,5,3,2,3,2,N,,N,CA,West,US Citizen,2747,298108,Public,0.222,N,None,Female,White,N,Not Reported,,0,0,25200,Dean's Scholar,59400,0,Y,Athletic Recruiting,3,4,28,100,5,Women's Soccer,Slot,,N,8,In-State Flagship Public,N,0.15,5
A26-102925,Fall 2026,Early Action,N,2025-11-11,Admit,College of Arts & Sciences,Undeclared,3.56,75,Test Optional,,,5,3,3,3,2,N,,N,CO,West,US Citizen,1719,444516,Home School,0.306,N,Grandparent,Female,White,Y,$60K - $99K,10300,74300,63500,15800,Dean's Scholar,5300,0,N,College Fair,139,1,16,74,4,,None,,N,3,None Reported,Y,0.278,4
A26-102214,Fall 2026,Regular Decision,N,2025-12-29,Admit,School of Nursing & Health,Health Administration,3.45,64,Submitted,1300,,2,2,3,2,4,Y,4,N,CA,West,US Citizen,2718,569221,Private - Independent,0.04,N,None,Male,Not Reported,Y,$30K - $59K,5000,79600,55000,9400,Founders Award,20200,15200,N,Purchased Search Name,383,1,15,83,5,,None,Debate / Speech,N,2,Out-of-State Public,N,0.069,7
A26-104169,Fall 2026,Early Action,N,2025-11-10,Admit,College of Fine Arts,Studio Art,3.59,86,Test Optional,,,6,3,4,3,2,Y,5,N,PA,Mid-Atlantic,US Citizen,249,243289,Private - Independent,0.31,N,None,Female,White,N,Not Reported,,0,0,20900,Dean's Scholar,63700,0,Y,College Fair,351,4,36,100,5,,None,Studio Art Portfolio,N,8,Out-of-State Public,N,0.151,5
A26-106173,Fall 2026,Regular Decision,N,2025-12-16,Waitlist Alternate,College of Arts & Sciences,Mathematics,3.73,87,Submitted,1440,,7,4,3,3,3,N,,Y,NJ,Mid-Atlantic,US Citizen,96,114752,Private - Independent,0.271,N,None,Male,Not Reported,Y,$250K and above,138900,0,0,26500,Trustee Scholar,58100,0,Y,Counselor Referral,370,3,23,58,5,,None,,N,7,In-State Flagship Public,N,0.022,9
A26-107003,Fall 2026,Regular Decision,N,2026-01-11,Admit,School of Engineering,Electrical Engineering,3.50,73,Test Optional,,,6,3,4,3,2,N,,N,PA,Mid-Atlantic,US Citizen,59,236005,Public,0.412,N,None,Female,White,N,Not Reported,,0,0,22800,Dean's Scholar,61800,0,Y,Self-Initiated Inquiry,206,2,6,60,4,,None,,Y,2,Out-of-State Public,N,0.12,6
A26-100809,Fall 2026,ED I,Y,2025-10-29,Admit,College of Arts & Sciences,Environmental Science,3.93,90,Submitted,1370,,5,4,2,2,4,Y,3,Y,NY,Mid-Atlantic,US Citizen,247,690704,Public,0.206,N,None,Male,White,Y,$150K - $249K,69000,15600,13800,25000,Trustee Scholar,45800,0,N,Campus Visit Walk-In,304,1,14,60,4,,None,,N,5,Regional Public,N,0.947,1
A26-106517,Fall 2026,Regular Decision,N,2026-01-15,Admit,College of Arts & Sciences,Mathematics,3.26,63,Submitted,1220,,2,2,3,1,3,N,,N,NY,Mid-Atlantic,US Citizen,129,648923,Public,0.181,N,None,Male,Asian,Y,$100K - $149K,27400,57200,51000,10400,Founders Award,23200,0,N,Paid Digital Campaign,26,2,11,2,3,,None,,N,6,Regional Public,N,0.043,8
A26-105488,Fall 2026,Early Action,N,2025-10-26,Waitlist Alternate,College of Arts & Sciences,Psychology,3.48,72,Test Optional,,,3,3,2,4,3,Y,4,N,NY,Mid-Atlantic,US Citizen,222,192198,Public,0.274,Y,None,Male,Not Reported,Y,$250K and above,133800,0,0,16700,Dean's Scholar,67900,0,Y,Purchased Search Name,212,3,17,69,5,,None,,N,3,More Selective Private,N,0.041,8
A26-105829,Fall 2026,Regular Decision,N,2025-12-18,Admit,School of Business,Business Analytics,3.94,89,Submitted,,32,6,4,4,1,3,N,,N,RI,New England,US Citizen,332,732369,Private - Independent,0.362,Y,None,Male,White,Y,$250K and above,105100,0,0,29900,Trustee Scholar,54700,0,Y,Purchased Search Name,401,2,5,57,4,,None,Dance Audition,N,6,Peer Private,Y,0.103,6
A26-100632,Fall 2026,ED I,Y,2025-10-31,Admit,College of Fine Arts,Studio Art,4.15,98,Test Optional,,,9,5,4,4,4,N,,Y,NY,Mid-Atlantic,Permanent Resident,173,648923,Public,0.181,Y,Sibling,Male,Hispanic or Latino,N,Not Reported,,0,0,35700,Presidential Scholar,48900,0,Y,Purchased Search Name,239,3,24,42,5,,None,Music - Instrumental,N,6,More Selective Private,Y,0.98,1
A26-104960,Fall 2026,Regular Decision,N,2025-12-16,Admit,School of Engineering,Biomedical Engineering,3.31,75,Submitted,1290,,0,2,3,3,2,Y,4,N,PA,Mid-Atlantic,US Citizen,62,488338,Private - Independent,0.378,Y,None,Female,Black or African American,Y,$100K - $149K,35800,48800,42900,9700,Founders Award,32000,0,N,Purchased Search Name,219,2,11,34,4,,None,,N,5,Peer Private,Y,0.342,3
A26-101950,Fall 2026,Regular Decision,N,2025-11-30,Admit,College of Arts & Sciences,Chemistry,3.94,92,Submitted,1410,,8,4,4,4,4,Y,4,Y,CA,West,US Citizen,2388,298108,Public,0.222,N,None,Female,Two or More Races,Y,$30K - $59K,1200,83400,76100,5000,Trustee Scholar,3500,2300,N,Purchased Search Name,511,0,9,49,3,,None,,N,1,In-State Flagship Public,Y,0.106,6
A26-100502,Fall 2026,Regular Decision,N,2025-12-06,Admit,School of Business,Marketing,3.88,89,Submitted,,31,6,4,4,4,4,Y,4,Y,AZ,West,US Citizen,2007,733355,Public,0.255,N,None,Female,White,Y,$150K - $249K,43800,40800,31300,23100,Trustee Scholar,30200,0,N,College Fair,459,1,12,76,5,,None,,N,0,None Reported,Y,0.283,4
A26-103820,Fall 2026,Regular Decision,N,2026-01-15,Admit,College of Arts & Sciences,Neuroscience,3.23,66,Test Optional,,,2,2,4,3,3,N,,N,CT,New England,US Citizen,321,453619,Private - Independent,0.258,N,None,Female,White,Y,$60K - $99K,17800,66800,45100,10700,Founders Award,28800,11000,N,Counselor Referral,154,3,29,76,5,,None,,N,2,More Selective Private,N,0.078,7
A26-105398,Fall 2026,Regular Decision,N,2025-11-20,Admit,School of Business,Supply Chain Management,3.65,83,Submitted,1270,,6,3,2,2,3,Y,3,N,MI,Midwest,US Citizen,575,373975,Parochial,0.236,Y,None,Male,White,N,Not Reported,,0,0,14100,Dean's Scholar,70500,0,Y,Purchased Search Name,340,0,0,46,2,,None,,N,5,In-State Flagship Public,Y,0.039,8
A26-105288,Fall 2026,Regular Decision,N,2025-11-26,Admit,College of Arts & Sciences,Biology,3.17,67,Test Optional,,,0,2,3,3,3,Y,3,N,MD,Mid-Atlantic,US Citizen,138,284139,Public,0.309,N,None,Male,White,Y,$30K - $59K,900,83700,54900,11700,Founders Award,18000,17100,N,Common App Only,65,2,27,39,5,,None,,N,5,More Selective Private,N,0.027,9
A26-102158,Fall 2026,Regular Decision,N,2025-12-26,Admit,College of Arts & Sciences,English,3.65,84,Test Optional,,,6,3,1,5,3,Y,4,N,NJ,Mid-Atlantic,US Citizen,229,772353,Private - Independent,0.361,N,None,Female,Not Reported,Y,$60K - $99K,14100,70500,56000,15100,Dean's Scholar,13500,0,N,Campus Visit Walk-In,37,3,15,87,5,,None,,N,4,More Selective Private,N,0.111,6
A26-100579,Fall 2026,Regular Decision,N,2026-01-04,Admit,College of Arts & Sciences,Mathematics,3.77,79,Submitted,1300,,5,3,2,4,3,N,,N,NJ,Mid-Atlantic,US Citizen,130,697960,Public,0.216,Y,None,Female,Asian,Y,$60K - $99K,18200,66400,49300,15000,Dean's Scholar,20300,2100,N,Purchased Search Name,426,1,8,66,3,,None,,N,3,In-State Flagship Public,N,0.035,8
A26-106700,Fall 2026,Regular Decision,N,2026-01-14,Admit - Committee Hold,School of Nursing & Health,Nursing (BSN),3.52,74,Submitted,1260,,6,3,3,3,3,Y,3,Y,PA,Mid-Atlantic,US Citizen,238,752830,Public,0.256,Y,None,Male,Not Reported,Y,$150K - $249K,70200,14400,13800,14500,Dean's Scholar,56300,0,N,Athletic Recruiting,170,3,22,80,5,,None,,N,5,In-State Flagship Public,N,0.204,4
A26-104532,Fall 2026,Regular Decision,N,2025-12-08,Admit,School of Nursing & Health,Exercise Science,3.71,75,Submitted,1320,,6,3,1,2,5,Y,2,N,IL,Midwest,US Citizen,668,317688,Private - Independent,0.295,Y,Sibling,Male,White,Y,$100K - $149K,37800,46800,33700,21000,Dean's Scholar,29900,0,N,Athletic Recruiting,102,0,6,52,3,,None,,N,1,Peer Private,N,0.188,5
A26-100565,Fall 2026,Regular Decision,N,2025-12-02,Admit,College of Arts & Sciences,Political Science,3.78,94,Test Optional,,,6,4,5,4,1,Y,3,Y,TX,Southwest,US Citizen,1352,177101,Public,0.253,N,None,Male,White,Y,$250K and above,144000,0,0,27000,Trustee Scholar,57600,0,Y,Purchased Search Name,395,1,25,39,5,,None,,N,7,More Selective Private,N,0.01,10
A26-102072,Fall 2026,Regular Decision,N,2025-12-11,Admit,College of Arts & Sciences,Undeclared,3.72,84,Submitted,1370,,5,4,3,5,2,N,,Y,CA,West,US Citizen,2509,644362,Parochial,0.204,N,None,Male,Black or African American,Y,$150K - $249K,47300,37300,30800,29400,Trustee Scholar,24400,0,N,Athletic Recruiting,378,3,21,86,5,Women's Lacrosse,Coach Support,,N,4,None Reported,N,0.072,7
A26-106161,Fall 2026,Regular Decision,N,2025-11-29,Admit,College of Arts & Sciences,Psychology,3.76,90,Submitted,1390,,9,4,2,2,4,N,,Y,PA,Mid-Atlantic,US Citizen,173,367072,Private - Independent,0.309,N,None,Female,Hispanic or Latino,Y,$150K - $249K,44200,40400,34400,24800,Trustee Scholar,25400,0,N,Common App Only,98,2,20,57,5,,None,,N,4,Peer Private,N,0.045,8
A26-101493,Fall 2026,Early Action,N,2025-10-25,Admit - Committee Hold,School of Business,Business Analytics,3.95,96,Test Optional,,,6,4,3,5,3,N,,N,NY,Mid-Atlantic,US Citizen,150,704993,Public,0.275,N,None,Male,White,Y,$60K - $99K,18100,66500,65000,16100,Trustee Scholar,3500,0,N,Counselor Referral,101,4,19,75,5,,None,,N,5,Peer Private,N,0.141,5
A26-105365,Fall 2026,Regular Decision,N,2026-01-07,Admit,School of Nursing & Health,Nursing (BSN),3.51,73,Test Optional,,,5,3,2,4,4,N,,N,MD,Mid-Atlantic,US Citizen,111,329361,Public,0.158,N,None,Female,White,N,Not Reported,,0,0,17300,Dean's Scholar,67300,0,Y,College Fair,236,2,14,100,5,,None,,N,8,Peer Private,N,0.019,9
A26-100282,Fall 2026,Early Action,N,2025-11-07,Admit,School of Business,Finance,3.13,72,Submitted,1160,,0,2,2,1,3,Y,3,N,NY,Mid-Atlantic,US Citizen,228,648923,Public,0.181,Y,None,Male,White,Y,$150K - $249K,60000,24600,16900,6700,Founders Award,61000,1000,N,College Fair,168,4,33,87,5,,None,,N,6,In-State Flagship Public,N,0.11,6
A26-102343,Fall 2026,Regular Decision,N,2025-12-05,Admit,School of Engineering,Mechanical Engineering,3.57,81,Submitted,1320,,8,4,3,5,3,Y,3,Y,TX,Southwest,US Citizen,1645,177101,Public,0.253,N,None,Male,Asian,Y,$250K and above,139300,0,0,29800,Trustee Scholar,54800,0,Y,Paid Digital Campaign,258,0,13,61,4,,None,Theatre Audition,N,3,None Reported,N,0.039,8
A26-102811,Fall 2026,ED I,Y,2025-10-19,Admit,College of Arts & Sciences,Biology,3.89,95,Submitted,1420,,7,4,4,4,3,N,,N,IDN,International,International,9552,000000,International School,0.084,N,None,Male,Hispanic or Latino,Y,$150K - $249K,48900,35700,32300,30200,Trustee Scholar,22100,0,N,Purchased Search Name,285,1,17,31,3,,None,,N,5,Out-of-State Public,Y,0.291,4
A26-103046,Fall 2026,Regular Decision,N,2025-12-24,Admit,School of Engineering,Chemical Engineering,3.86,90,Test Optional,,,6,4,5,3,4,N,,Y,PA,Mid-Atlantic,US Citizen,34,812817,Public,0.277,N,None,Female,Asian,Y,$250K and above,75500,9100,9100,24300,Trustee Scholar,51200,0,N,College Fair,3,0,17,73,3,,None,,N,6,More Selective Private,N,0.013,10
A26-106238,Fall 2026,ED II,Y,2025-12-13,Admit,School of Business,Management,3.75,86,Submitted,1370,30,4,3,3,3,3,N,,Y,PA,Mid-Atlantic,US Citizen,40,278119,Public,0.339,Y,None,Female,Hispanic or Latino,Y,$100K - $149K,18300,66300,53400,21700,Dean's Scholar,9500,0,N,Common App Only,3,2,22,78,5,,None,,N,1,Peer Private,Y,0.985,1
A26-100166,Fall 2026,ED I,Y,2025-10-30,Admit,School of Business,Marketing,3.88,90,Test Optional,,,5,4,3,4,3,N,,N,PA,Mid-Atlantic,US Citizen,95,129435,Private - Independent,0.325,N,None,Male,White,Y,Under $30K,0,84600,76600,4500,Trustee Scholar,3500,3500,N,Purchased Search Name,278,3,25,76,5,,None,,N,3,Out-of-State Public,Y,0.985,1
A26-105373,Fall 2026,Regular Decision,N,2025-12-23,Admit,School of Engineering,Computer Science,3.63,82,Submitted,1230,,5,3,4,2,3,Y,3,N,PA,Mid-Atlantic,US Citizen,162,489242,Public,0.661,N,None,Male,White,Y,$30K - $59K,5800,78800,71800,9300,Dean's Scholar,3500,0,N,Counselor Referral,130,2,10,75,5,,None,,N,6,Less Selective Private,N,0.306,3
A26-106334,Fall 2026,Early Action,N,2025-11-04,Waitlist Alternate,College of Arts & Sciences,Mathematics,3.58,74,Submitted,1180,,3,3,3,3,3,N,,N,VA,South,US Citizen,394,104750,Private - Independent,0.04,N,None,Female,Asian,Y,$100K - $149K,30600,54000,45400,22000,Dean's Scholar,17200,0,N,High School Visit,106,0,17,63,3,,None,Published Research,N,6,Peer Private,Y,0.082,7
A26-102486,Fall 2026,Regular Decision,N,2026-01-07,Admit,School of Engineering,Chemical Engineering,3.60,73,Submitted,1280,,4,3,3,3,4,N,,N,OR,West,US Citizen,2597,472141,Parochial,0.449,N,None,Female,Black or African American,Y,$30K - $59K,6800,77800,53400,21900,Dean's Scholar,9300,2500,N,College Fair,87,0,4,50,2,,None,,N,5,None Reported,N,0.037,8
A26-104677,Fall 2026,Regular Decision,N,2025-11-21,Admit,College of Arts & Sciences,Chemistry,3.60,82,Test Optional,,,4,3,3,4,2,Y,4,Y,PA,Mid-Atlantic,US Citizen,33,503564,Charter,0.345,N,None,Female,Two or More Races,Y,$30K - $59K,5100,79500,69600,11500,Dean's Scholar,3500,0,N,Self-Initiated Inquiry,266,1,1,58,3,,None,,N,3,More Selective Private,N,0.119,6
A26-102314,Fall 2026,Regular Decision,N,2025-12-11,Admit,School of Nursing & Health,Health Administration,3.55,78,Submitted,,26,2,3,3,3,1,N,,N,DC,Mid-Atlantic,US Citizen,160,859983,Private - Independent,0.207,N,Sibling,Male,Hispanic or Latino,Y,$100K - $149K,19400,65200,47900,17200,Dean's Scholar,19500,100,N,College Fair,197,3,26,79,5,,None,,N,3,Regional Public,N,0.432,3
A26-107858,Fall 2026,Regular Decision,N,2026-01-04,Admit - Committee Hold,College of Arts & Sciences,Chemistry,3.77,98,Submitted,1440,,7,4,5,3,4,N,,Y,CAN,International,International,304,000000,International School,0.115,Y,None,Female,Not Reported,Y,$100K - $149K,31900,52700,49000,29200,Trustee Scholar,6400,0,N,Self-Initiated Inquiry,389,1,6,52,3,,None,,N,6,Peer Private,N,0.01,10
A26-105526,Fall 2026,Early Action,N,2025-10-24,Admit,College of Arts & Sciences,Chemistry,3.74,89,Submitted,1430,31,7,4,4,3,3,Y,2,Y,PA,Mid-Atlantic,US Citizen,213,793627,Public,0.338,N,Parent,Female,White,Y,$60K - $99K,6100,78500,76600,4500,Trustee Scholar,3500,0,N,Campus Visit Walk-In,3,3,19,79,5,,None,,N,5,Out-of-State Public,N,0.483,2
A26-107137,Fall 2026,ED I,Y,2025-10-31,Admit,College of Arts & Sciences,Mathematics,3.62,74,Submitted,,27,2,3,3,2,4,N,,N,VA,South,US Citizen,351,199528,Public,0.22,N,None,Female,White,Y,$150K - $249K,54300,30300,28300,18600,Dean's Scholar,37700,0,N,Paid Digital Campaign,349,2,12,51,4,,None,,N,2,More Selective Private,N,0.811,2
A26-100342,Fall 2026,Regular Decision,N,2025-11-24,Admit,College of Arts & Sciences,Environmental Science,3.50,76,Submitted,1230,26,7,3,3,2,2,N,,N,CT,New England,US Citizen,268,953514,Public,0.206,N,None,Male,Hispanic or Latino,Y,$100K - $149K,18500,66100,57500,21400,Dean's Scholar,5700,0,N,Self-Initiated Inquiry,95,5,35,61,5,,None,,N,5,Peer Private,Y,0.39,3
A26-101156,Fall 2026,Regular Decision,N,2026-01-07,Admit,School of Business,Supply Chain Management,3.10,52,Test Optional,,,1,2,2,3,3,Y,4,N,DC,Mid-Atlantic,US Citizen,184,859983,Private - Independent,0.207,N,None,Male,White,Y,Under $30K,1200,83400,55800,7200,Founders Award,21600,20400,N,Self-Initiated Inquiry,236,1,18,62,5,,None,,N,3,None Reported,N,0.063,7
A26-107043,Fall 2026,Regular Decision,N,2025-12-09,Waitlist Alternate,College of Arts & Sciences,Mathematics,3.49,84,Submitted,1280,28,6,3,4,4,3,Y,5,N,PA,Mid-Atlantic,US Citizen,106,258601,Public,0.281,N,None,Female,White,Y,$150K - $249K,69900,14700,13800,22800,Dean's Scholar,48000,0,N,Self-Initiated Inquiry,223,4,27,67,5,,None,,N,0,None Reported,Y,0.549,2
A26-107078,Fall 2026,Regular Decision,N,2025-11-23,Admit,School of Business,Management,3.31,75,Submitted,,25,3,2,4,2,2,N,,N,PA,Mid-Atlantic,US Citizen,162,898488,Private - Independent,0.24,Y,None,Not Reported,White,Y,$60K - $99K,19900,64700,44000,10200,Founders Award,30400,10500,N,High School Visit,262,3,26,78,5,,None,Studio Art Portfolio,N,2,Regional Public,N,0.262,4
A26-105737,Fall 2026,Early Action,N,2025-11-09,Admit,School of Engineering,Electrical Engineering,3.82,85,Submitted,1330,,4,3,4,3,4,Y,4,N,NJ,Mid-Atlantic,US Citizen,163,154518,Public,0.158,Y,None,Male,Asian,Y,$100K - $149K,33200,51400,35200,21000,Dean's Scholar,28400,0,N,High School Visit,271,3,27,54,5,,None,,N,5,Out-of-State Public,N,0.116,6
A26-102145,Fall 2026,Regular Decision,N,2025-11-23,Admit,College of Arts & Sciences,Communication,3.47,68,Submitted,1220,,2,3,2,3,2,N,,Y,NY,Mid-Atlantic,US Citizen,353,897916,Parochial,0.228,N,None,Female,Not Reported,Y,$60K - $99K,19300,65300,46000,19400,Dean's Scholar,19200,0,N,Athletic Recruiting,227,4,18,52,5,Women's Soccer,Coach Support,,N,4,Peer Private,N,0.228,4
A26-107832,Fall 2026,Early Action,N,2025-10-30,Admit,School of Engineering,Civil Engineering,3.39,70,Test Optional,,,3,2,3,1,3,N,,N,MA,New England,US Citizen,439,494227,Public,0.437,N,None,Female,Black or African American,Y,$100K - $149K,24000,60600,47800,12500,Founders Award,24300,300,N,Purchased Search Name,390,4,22,51,5,,None,,N,6,Peer Private,N,0.138,5
A26-102305,Fall 2026,Regular Decision,N,2025-12-28,Admit - Committee Hold,School of Business,Management,3.88,82,Submitted,1350,,7,4,4,5,5,N,,Y,NJ,Mid-Atlantic,US Citizen,255,665092,Charter,0.241,N,None,Male,Asian,N,Not Reported,,0,0,29200,Trustee Scholar,55400,0,Y,Athletic Recruiting,128,2,18,20,4,,None,,N,7,In-State Flagship Public,N,0.012,10
A26-100189,Fall 2026,Regular Decision,N,2025-12-22,Admit,College of Arts & Sciences,Mathematics,3.58,84,Test Optional,,,6,3,3,2,2,N,,N,GBR,International,International,3268,000000,International School,0.205,N,None,Male,Asian,Y,$250K and above,70800,13800,12200,23000,Dean's Scholar,49400,0,N,Athletic Recruiting,215,0,0,30,1,,None,,N,4,Less Selective Private,N,0.01,10
A26-104885,Fall 2026,Regular Decision,N,2026-01-01,Admit,School of Business,Accounting,3.61,83,Submitted,1290,30,7,3,3,2,2,Y,3,N,MN,Midwest,US Citizen,921,200287,Public,0.288,N,None,Male,White,Y,$60K - $99K,16400,68200,56000,20600,Dean's Scholar,8000,0,N,Athletic Recruiting,296,3,32,82,5,Track & Field,Tip,,N,4,Peer Private,N,0.349,3
A26-100031,Fall 2026,Regular Decision,N,2025-12-13,Admit,College of Arts & Sciences,Biology,3.58,75,Test Optional,,,5,3,4,3,2,Y,2,N,NY,Mid-Atlantic,US Citizen,288,690704,Public,0.206,Y,None,Male,White,Y,$30K - $59K,200,84400,67500,13600,Dean's Scholar,3500,3300,N,Counselor Referral,212,2,19,40,5,,None,,N,5,Out-of-State Public,N,0.077,7
A26-104480,Fall 2026,Early Action,N,2025-11-01,Admit - Committee Hold,College of Arts & Sciences,Undeclared,3.90,86,Test Optional,,,7,4,2,4,4,Y,2,Y,NY,Mid-Atlantic,US Citizen,230,670311,Charter,0.187,Y,None,Female,Native Hawaiian or Other Pacific Islander,N,Not Reported,,0,0,22700,Trustee Scholar,61900,0,Y,Athletic Recruiting,201,5,50,78,5,Rowing,Tip,Theatre Audition,N,8,In-State Flagship Public,N,0.34,3
A26-105554,Fall 2026,Regular Decision,N,2025-12-06,Admit,School of Business,Accounting,3.81,86,Submitted,,31,5,4,5,5,3,N,,N,DE,Mid-Atlantic,US Citizen,111,697698,Public,0.173,N,None,Male,White,Y,$250K and above,111100,0,0,26100,Trustee Scholar,58500,0,Y,Self-Initiated Inquiry,255,5,24,94,5,,None,,N,6,Less Selective Private,N,0.082,7
A26-101217,Fall 2026,Regular Decision,N,2025-12-13,Waitlist Alternate,College of Arts & Sciences,History,3.52,74,Test Optional,,,2,2,3,2,1,N,,N,NC,South,US Citizen,522,648546,Public,0.316,N,None,Female,White,Y,Under $30K,1700,82900,62800,12800,Founders Award,9000,7300,N,College Fair,105,0,5,28,1,,None,,N,4,Peer Private,N,0.026,9
A26-104551,Fall 2026,Regular Decision,N,2025-11-27,Admit,College of Arts & Sciences,Environmental Science,3.51,77,Submitted,1230,27,6,3,3,2,3,N,,N,CO,West,US Citizen,1643,675305,Private - Independent,0.454,N,None,Male,White,Y,$60K - $99K,16600,68000,50400,14600,Dean's Scholar,19600,3000,N,Common App Only,3,0,10,26,2,,None,,N,3,Peer Private,N,0.019,9
A26-105846,Fall 2026,Regular Decision,N,2025-11-20,Admit,College of Arts & Sciences,Environmental Science,3.44,66,Submitted,1150,26,0,2,3,2,3,Y,4,N,TX,Southwest,US Citizen,1450,957274,Private - Independent,0.06,N,None,Female,Asian,Y,$30K - $59K,2800,81800,68100,6600,Founders Award,9900,7100,N,College Fair,206,0,7,62,3,,None,,N,4,Regional Public,N,0.041,8
A26-104925,Fall 2026,Regular Decision,N,2025-12-30,Admit,School of Engineering,Civil Engineering,3.17,59,Submitted,1210,,0,2,4,3,2,N,,N,VNM,International,International,8585,000000,International School,0.157,N,None,Female,White,Y,Under $30K,0,84600,68000,10700,Founders Award,5900,5900,N,Paid Digital Campaign,235,0,0,16,1,,None,,N,3,In-State Flagship Public,N,0.01,10
A26-102841,Fall 2026,Regular Decision,N,2025-11-26,Admit - Committee Hold,College of Arts & Sciences,Biology,3.60,84,Submitted,,29,2,3,4,1,4,N,,N,NJ,Mid-Atlantic,US Citizen,264,174999,Public,0.156,Y,None,Female,Two or More Races,Y,$60K - $99K,14700,69900,66500,14600,Dean's Scholar,3500,0,N,Purchased Search Name,433,2,15,100,5,,None,,N,6,In-State Flagship Public,Y,0.138,5
A26-103011,Fall 2026,Regular Decision,N,2025-12-30,Admit,School of Engineering,Biomedical Engineering,3.80,88,Submitted,1360,,5,4,2,4,4,Y,3,Y,NGA,International,International,5667,000000,International School,0.175,N,Parent,Female,Black or African American,N,Not Reported,,0,0,29200,Trustee Scholar,55400,0,Y,College Fair,183,1,17,27,4,,None,,N,8,Peer Private,N,0.01,10
A26-100141,Fall 2026,Regular Decision,N,2025-12-13,Admit,College of Fine Arts,Music Performance,3.59,70,Test Optional,,,5,3,3,3,3,N,,Y,PA,Mid-Atlantic,US Citizen,192,458169,Private - Independent,0.207,N,None,Female,Black or African American,Y,$100K - $149K,32800,51800,40100,20200,Dean's Scholar,24300,0,N,Common App Only,3,3,16,39,5,,None,Music - Instrumental,N,4,None Reported,N,0.188,5
A26-106316,Fall 2026,Regular Decision,N,2025-11-30,Admit,School of Engineering,Computer Science,3.44,72,Test Optional,,,2,3,3,2,2,Y,4,N,PA,Mid-Atlantic,US Citizen,135,236005,Public,0.412,N,None,Female,White,N,Not Reported,,0,0,18900,Dean's Scholar,65700,0,Y,Counselor Referral,283,1,24,96,5,,None,,N,3,Peer Private,N,0.068,7
A26-101917,Fall 2026,Regular Decision,N,2025-12-01,Admit,College of Arts & Sciences,History,3.97,93,Test Optional,,,7,4,2,3,3,N,,Y,DC,Mid-Atlantic,US Citizen,177,859983,Private - Independent,0.207,N,None,Male,White,Y,$150K - $249K,37200,47400,39700,24300,Trustee Scholar,20600,0,N,Self-Initiated Inquiry,119,5,29,89,5,,None,,N,7,More Selective Private,N,0.067,7
A26-104987,Fall 2026,Regular Decision,N,2025-11-27,Admit,School of Business,Finance,3.88,91,Submitted,1370,,5,4,3,5,4,N,,Y,WI,Midwest,US Citizen,717,694159,Parochial,0.366,N,None,Female,Asian,Y,$250K and above,114600,0,0,23900,Trustee Scholar,60700,0,Y,Purchased Search Name,319,2,19,41,5,,None,Dance Audition,N,5,In-State Flagship Public,Y,0.144,5
A26-104275,Fall 2026,Regular Decision,N,2026-01-12,Admit,School of Business,Finance,3.54,76,Submitted,1210,,2,3,2,4,4,N,,N,NY,Mid-Atlantic,Permanent Resident,237,187386,Private - Independent,0.248,N,None,Male,Hispanic or Latino,Y,$60K - $99K,5200,79400,67400,13500,Dean's Scholar,3700,0,N,Self-Initiated Inquiry,146,2,24,71,5,,None,,N,4,None Reported,N,0.104,6
A26-103845,Fall 2026,Regular Decision,N,2025-11-26,Admit - Committee Hold,College of Arts & Sciences,English,3.58,76,Test Optional,,,7,3,3,2,1,Y,2,N,GA,South,US Citizen,614,135301,Private - Independent,0.04,N,None,Male,Hispanic or Latino,Y,Under $30K,0,84600,69900,11200,Dean's Scholar,3500,3500,N,Self-Initiated Inquiry,65,0,0,61,2,,None,,N,5,More Selective Private,Y,0.061,8
A26-108385,Fall 2026,Regular Decision,N,2025-12-19,Admit,College of Arts & Sciences,Neuroscience,3.48,72,Test Optional,,,3,3,1,4,3,N,,Y,RI,New England,US Citizen,289,732369,Private - Independent,0.362,N,None,Female,Two or More Races,Y,$150K - $249K,67000,17600,14100,18100,Dean's Scholar,52400,0,N,Self-Initiated Inquiry,78,4,28,49,5,,None,,N,0,None Reported,N,0.275,4
A26-103993,Fall 2026,Regular Decision,N,2026-01-01,Admit,School of Engineering,Civil Engineering,3.20,55,Test Optional,,,0,1,2,1,2,Y,3,N,DE,Mid-Atlantic,US Citizen,81,674884,Public,0.084,N,None,Female,White,Y,$60K - $99K,8000,76600,56700,0,No Merit Award,27900,19900,N,Purchased Search Name,202,3,23,67,5,,None,,N,2,Less Selective Private,Y,0.449,3
A26-100078,Fall 2026,Regular Decision,N,2025-12-05,Admit,School of Business,Finance,3.62,75,Test Optional,,,2,3,3,3,3,N,,N,OR,West,US Citizen,2626,469179,Public,0.31,Y,None,Male,Hispanic or Latino,Y,$150K - $249K,73100,11500,10500,13800,Dean's Scholar,60300,0,N,Paid Digital Campaign,63,0,12,44,2,,None,Published Research,N,2,In-State Flagship Public,Y,0.049,8
A26-100362,Fall 2026,ED I,Y,2025-10-18,Admit,College of Arts & Sciences,Undeclared,3.98,86,Submitted,1410,,5,4,5,4,5,N,,Y,MA,New England,US Citizen,439,415210,Public,0.273,N,None,Female,White,Y,$30K - $59K,4800,79800,76600,4500,Trustee Scholar,3500,0,N,Self-Initiated Inquiry,62,1,10,56,3,,None,,N,1,More Selective Private,N,0.937,1
A26-104225,Fall 2026,Regular Decision,N,2026-01-07,Admit,College of Arts & Sciences,History,3.59,70,Submitted,,27,5,3,1,3,3,N,,N,NJ,Mid-Atlantic,US Citizen,246,495213,Public,0.371,N,None,Female,White,Y,$30K - $59K,7300,77300,76600,4500,Dean's Scholar,3500,0,N,Purchased Search Name,338,5,42,79,5,,None,,N,6,In-State Flagship Public,N,0.18,5
A26-102210,Fall 2026,Early Action,N,2025-11-08,Admit,College of Arts & Sciences,Chemistry,3.94,99,Submitted,1420,,8,4,2,3,4,Y,5,N,NY,Mid-Atlantic,US Citizen,133,704993,Public,0.275,N,None,Female,White,Y,$30K - $59K,4900,79700,61900,19200,Trustee Scholar,3500,0,N,Purchased Search Name,361,4,29,79,5,,None,,N,3,In-State Flagship Public,Y,0.455,3
A26-107496,Fall 2026,Early Action,N,2025-11-11,Admit - Committee Hold,College of Arts & Sciences,Biology,3.48,68,Submitted,1100,,1,2,1,2,2,Y,2,N,CA,West,US Citizen,2418,644362,Parochial,0.204,Y,None,Female,White,Y,$100K - $149K,25000,59600,35100,6900,Founders Award,42600,17600,N,Purchased Search Name,290,0,9,73,3,,None,,N,6,In-State Flagship Public,N,0.01,10
A26-102138,Fall 2026,Regular Decision,N,2025-11-29,Admit,College of Arts & Sciences,Sociology,3.78,83,Submitted,1370,,5,4,2,3,2,N,,Y,MD,Mid-Atlantic,US Citizen,211,284139,Public,0.309,Y,None,Male,White,Y,$100K - $149K,24000,60600,59700,21400,Trustee Scholar,3500,0,N,Paid Digital Campaign,378,3,26,46,5,,None,,N,3,None Reported,N,0.192,5
A26-105653,Fall 2026,Regular Decision,N,2025-11-20,Waitlist Alternate,College of Arts & Sciences,Communication,3.77,85,Test Optional,,,5,4,3,2,3,N,,Y,NY,Mid-Atlantic,Permanent Resident,174,728445,Public,0.242,N,None,Male,Black or African American,Y,$60K - $99K,4800,79800,69900,11200,Trustee Scholar,3500,0,N,Purchased Search Name,366,2,22,90,5,,None,,N,6,Out-of-State Public,N,0.055,8
A26-104352,Fall 2026,Regular Decision,N,2026-01-15,Admit,College of Arts & Sciences,Sociology,3.44,71,Test Optional,,,1,2,3,5,3,N,,N,PA,Mid-Atlantic,US Citizen,225,900119,Parochial,0.427,Y,None,Male,Hispanic or Latino,N,Not Reported,,0,0,7000,Founders Award,77600,0,Y,Self-Initiated Inquiry,141,3,26,52,5,,None,,N,5,More Selective Private,N,0.049,8
A26-105743,Fall 2026,Regular Decision,N,2026-01-07,Admit,School of Engineering,Civil Engineering,3.47,73,Submitted,1190,,4,3,3,3,4,N,,N,CHN,International,International,7109,000000,International School,0.252,N,None,Female,Black or African American,Y,$100K - $149K,37200,47400,44200,14700,Dean's Scholar,25700,0,N,Paid Digital Campaign,283,0,5,43,2,,None,,N,3,Peer Private,N,0.01,10
A26-103760,Fall 2026,Regular Decision,N,2026-01-14,Waitlist Alternate,School of Business,Accounting,3.60,70,Test Optional,,,4,3,3,4,4,Y,4,N,PAK,International,International,7400,000000,International School,0.142,N,Parent,Female,Black or African American,Y,$150K - $249K,52300,32300,27500,18200,Dean's Scholar,38900,0,N,Paid Digital Campaign,196,1,20,75,5,,None,,N,6,Peer Private,Y,0.01,10
A26-104393,Fall 2026,Regular Decision,N,2026-01-10,Admit,School of Engineering,Computer Science,3.92,96,Submitted,1390,,6,4,5,3,2,N,,Y,IDN,International,International,9852,000000,International School,0.096,N,Parent,Male,Hispanic or Latino,Y,Under $30K,1300,83300,68700,12400,Trustee Scholar,3500,2200,N,Self-Initiated Inquiry,211,0,11,36,2,,None,,N,5,More Selective Private,N,0.01,10
A26-107034,Fall 2026,Early Action,N,2025-11-10,Waitlist Alternate,College of Arts & Sciences,Mathematics,3.68,81,Submitted,1310,,3,3,5,3,3,N,,N,NY,Mid-Atlantic,US Citizen,403,704993,Public,0.275,N,None,Male,Two or More Races,Y,$30K - $59K,7000,77600,76600,4500,Dean's Scholar,3500,0,N,Campus Visit Walk-In,154,1,7,63,3,,None,,N,7,More Selective Private,Y,0.085,7
A26-103239,Fall 2026,Early Action,N,2025-11-15,Admit,College of Arts & Sciences,Environmental Science,3.80,82,Submitted,1340,32,8,4,3,3,3,N,,Y,FL,South,US Citizen,1176,544384,Public,0.15,N,None,Female,American Indian or Alaska Native,Y,$150K - $249K,53400,31200,31200,22500,Trustee Scholar,30900,0,N,Campus Visit Walk-In,416,0,14,42,3,,None,,N,4,Out-of-State Public,Y,0.051,8
A26-104791,Fall 2026,Early Action,N,2025-10-22,Admit - Committee Hold,College of Arts & Sciences,Communication,3.92,87,Submitted,1370,,7,4,2,2,3,Y,3,N,PA,Mid-Atlantic,US Citizen,241,367072,Private - Independent,0.309,N,Sibling,Female,Hispanic or Latino,N,Not Reported,,0,0,24300,Trustee Scholar,60300,0,Y,Self-Initiated Inquiry,84,4,21,48,5,,None,,N,4,None Reported,Y,0.471,2
A26-103504,Fall 2026,Regular Decision,N,2025-11-20,Admit,School of Engineering,Mechanical Engineering,3.48,76,Test Optional,,,3,3,3,2,3,Y,3,N,PA,Mid-Atlantic,US Citizen,15,503564,Charter,0.345,N,None,Female,White,Y,$100K - $149K,39600,45000,37300,23000,Dean's Scholar,24300,0,N,College Fair,265,3,22,57,5,,None,,N,4,In-State Flagship Public,Y,0.36,3
A26-101341,Fall 2026,Regular Decision,N,2026-01-06,Admit,College of Fine Arts,Studio Art,4.27,99,Submitted,1540,,9,5,3,3,4,Y,4,Y,MD,Mid-Atlantic,US Citizen,212,284139,Public,0.309,N,None,Female,Hispanic or Latino,Y,$60K - $99K,7800,76800,73300,7800,Presidential Scholar,3500,0,N,Counselor Referral,141,4,33,52,5,,None,Theatre Audition,N,6,Less Selective Private,N,0.389,3
A26-106325,Fall 2026,Regular Decision,N,2025-12-09,Admit,College of Arts & Sciences,Economics,3.65,85,Submitted,1270,,3,3,3,2,3,N,,N,VNM,International,International,8776,000000,International School,0.123,N,None,Male,White,Y,$100K - $149K,39900,44700,44700,14300,Dean's Scholar,25600,0,N,Purchased Search Name,329,1,6,49,3,,None,Published Research,N,1,Peer Private,N,0.01,10
A26-106092,Fall 2026,Regular Decision,N,2026-01-10,Waitlist Alternate,College of Arts & Sciences,Environmental Science,3.81,90,Submitted,1370,,5,4,4,3,4,N,,Y,IL,Midwest,US Citizen,753,597181,Public,0.162,N,None,Female,White,Y,$250K and above,147900,0,0,28500,Trustee Scholar,56100,0,Y,College Fair,200,2,19,34,4,,None,,N,6,More Selective Private,N,0.01,10
A26-102977,Fall 2026,Regular Decision,N,2025-12-26,Admit - Committee Hold,School of Engineering,Electrical Engineering,3.09,64,Test Optional,,,3,2,2,3,3,N,,N,OH,Midwest,US Citizen,459,362708,Public,0.281,N,None,Male,White,Y,$100K - $149K,41000,43600,34700,10100,Founders Award,39800,0,N,Athletic Recruiting,362,5,34,48,5,Softball,Coach Support,Studio Art Portfolio,N,4,Less Selective Private,N,0.397,3
A26-106757,Fall 2026,Early Action,N,2025-11-08,Admit,College of Arts & Sciences,Biology,3.53,64,Submitted,1280,,3,3,2,3,2,Y,4,N,TN,South,US Citizen,668,195242,Public,0.184,N,None,Female,White,Y,$150K - $249K,41100,43500,35100,20800,Dean's Scholar,28700,0,N,Athletic Recruiting,170,4,30,79,5,Golf,Coach Support,,N,4,Less Selective Private,Y,0.571,2
A26-105346,Fall 2026,Early Action,N,2025-11-01,Admit,College of Arts & Sciences,Psychology,3.81,81,Submitted,1370,,7,4,3,5,4,N,,Y,PA,Mid-Atlantic,US Citizen,99,211557,Public,0.356,N,None,Male,Black or African American,Y,$250K and above,130100,0,0,24600,Trustee Scholar,60000,0,Y,Paid Digital Campaign,318,0,0,35,1,,None,,N,6,Regional Public,N,0.029,9
A26-106645,Fall 2026,ED I,Y,2025-10-24,Admit,College of Arts & Sciences,Sociology,3.67,82,Test Optional,,,7,3,4,3,3,Y,4,N,MI,Midwest,US Citizen,474,718445,Charter,0.313,N,None,Male,Asian,Y,$150K - $249K,63800,20800,19700,16500,Dean's Scholar,48400,0,N,High School Visit,152,1,12,44,4,,None,,N,3,More Selective Private,Y,0.947,1
A26-103272,Fall 2026,Regular Decision,N,2025-12-20,Waitlist Alternate,School of Business,Marketing,3.79,81,Submitted,1330,30,5,4,3,4,4,N,,N,IL,Midwest,US Citizen,641,398195,Private - Independent,0.187,N,None,Female,Asian,N,Not Reported,,0,0,25300,Trustee Scholar,59300,0,Y,Common App Only,3,2,21,24,4,,None,,N,4,Regional Public,N,0.027,9
A26-105184,Fall 2026,Regular Decision,N,2025-12-15,Admit,School of Business,Business Analytics,3.55,72,Test Optional,,,6,3,3,3,4,Y,3,N,VNM,International,International,8380,000000,International School,0.109,N,Parent,Male,Asian,Y,$60K - $99K,19800,64800,56800,20600,Dean's Scholar,7200,0,N,Purchased Search Name,463,0,6,93,4,,None,,N,4,None Reported,N,0.01,10
A26-102797,Fall 2026,Regular Decision,N,2025-12-11,Admit,College of Arts & Sciences,Psychology,3.47,68,Test Optional,,,6,2,5,3,4,Y,2,N,PA,Mid-Atlantic,US Citizen,253,601952,Private - Independent,0.468,N,None,Male,White,N,Not Reported,,0,0,13400,Founders Award,71200,0,Y,High School Visit,147,2,16,100,5,,None,,N,7,Regional Public,N,0.117,6
A26-106936,Fall 2026,Regular Decision,N,2026-01-15,Admit,College of Fine Arts,Graphic Design,3.61,74,Submitted,1230,,2,3,3,2,3,Y,3,N,PA,Mid-Atlantic,US Citizen,40,132128,Parochial,0.348,Y,None,Female,White,Y,$150K - $249K,54900,29700,24400,15800,Dean's Scholar,44400,0,N,Purchased Search Name,499,2,13,65,5,,None,Studio Art Portfolio,N,3,Peer Private,Y,0.396,3
A26-102062,Fall 2026,Early Action,N,2025-10-19,Admit,School of Nursing & Health,Public Health,3.44,72,Submitted,,27,2,3,2,2,3,Y,4,N,NC,South,US Citizen,378,394145,Private - Independent,0.248,N,None,Female,Black or African American,Y,$30K - $59K,7200,77400,51900,19200,Dean's Scholar,13500,6300,N,Common App Only,223,1,19,53,5,,None,,N,3,In-State Flagship Public,N,0.093,7
A26-101988,Fall 2026,Regular Decision,N,2025-12-16,Admit,School of Business,Supply Chain Management,3.29,66,Submitted,1220,,1,2,4,4,3,N,,N,OH,Midwest,US Citizen,517,325249,International School,0.081,N,Parent,Female,White,Y,$150K - $249K,58200,26400,16400,7700,Founders Award,60500,2300,N,High School Visit,232,1,13,48,3,,None,,N,3,Peer Private,N,0.043,8
A26-104711,Fall 2026,ED I,Y,2025-10-14,Admit,School of Engineering,Mechanical Engineering,3.31,74,Test Optional,,,2,2,4,2,3,N,,N,CT,New England,US Citizen,315,492670,Parochial,0.44,Y,None,Male,White,Y,$30K - $59K,4500,80100,66900,8300,Founders Award,9400,4900,N,Self-Initiated Inquiry,278,2,14,54,4,,None,,N,4,In-State Flagship Public,Y,0.985,1
A26-102504,Fall 2026,Early Action,N,2025-11-08,Admit,College of Arts & Sciences,Neuroscience,3.81,81,Test Optional,,,6,4,3,4,5,Y,3,Y,PA,Mid-Atlantic,US Citizen,50,900119,Parochial,0.427,N,None,Male,Black or African American,Y,$60K - $99K,4600,80000,73000,8100,Trustee Scholar,3500,0,N,Purchased Search Name,190,4,25,87,5,,None,,N,3,In-State Flagship Public,Y,0.787,2
A26-104448,Fall 2026,Regular Decision,N,2025-12-12,Admit,School of Nursing & Health,Exercise Science,3.59,82,Submitted,1280,,2,3,4,3,2,N,,Y,VT,New England,Permanent Resident,404,576708,Parochial,0.355,N,None,Male,White,Y,$250K and above,142600,0,0,22300,Dean's Scholar,62300,0,Y,Counselor Referral,142,1,16,27,3,,None,,N,3,In-State Flagship Public,N,0.039,8
A26-105339,Fall 2026,Regular Decision,N,2025-12-05,Admit,School of Nursing & Health,Public Health,3.44,76,Test Optional,,,2,2,3,2,3,N,,N,PA,Mid-Atlantic,US Citizen,173,901818,Public,0.42,N,Sibling,Male,White,Y,$250K and above,118500,0,0,13800,Founders Award,70800,0,Y,High School Visit,315,3,21,27,5,,None,,N,2,Less Selective Private,Y,0.683,2
A26-106456,Fall 2026,Regular Decision,N,2026-01-15,Admit,College of Arts & Sciences,Communication,3.84,91,Submitted,1400,,6,4,4,5,4,N,,Y,NY,Mid-Atlantic,Permanent Resident,422,648923,Public,0.181,N,None,Male,Black or African American,Y,$100K - $149K,32000,52600,51300,27000,Trustee Scholar,6300,0,N,Self-Initiated Inquiry,135,2,17,5,4,,None,,N,5,Peer Private,Y,0.092,7
A26-103035,Fall 2026,Regular Decision,N,2026-01-01,Waitlist Alternate,College of Arts & Sciences,History,3.77,81,Submitted,1350,,5,4,5,2,3,N,,Y,CA,West,US Citizen,2399,263455,Public,0.188,N,Grandparent,Female,White,Y,$100K - $149K,28000,56600,42100,23200,Trustee Scholar,19300,0,N,Campus Visit Walk-In,116,0,18,26,3,,None,Theatre Audition,N,2,Peer Private,N,0.049,8
A26-100924,Fall 2026,Regular Decision,N,2025-12-21,Admit,College of Arts & Sciences,Environmental Science,3.66,77,Submitted,1240,28,2,3,3,4,3,Y,4,N,MD,Mid-Atlantic,US Citizen,226,549515,Public,0.361,N,None,Male,Asian,Y,$100K - $149K,26600,58000,51200,15500,Dean's Scholar,17900,0,N,High School Visit,225,4,27,77,5,,None,,N,5,Less Selective Private,N,0.283,4
A26-102274,Fall 2026,Regular Decision,N,2025-11-29,Admit,College of Arts & Sciences,Psychology,3.64,84,Submitted,1330,,3,3,3,4,4,Y,4,N,NJ,Mid-Atlantic,US Citizen,110,114752,Private - Independent,0.271,N,None,Female,Black or African American,Y,$100K - $149K,37200,47400,44300,22700,Dean's Scholar,17600,0,N,College Fair,222,3,19,62,5,,None,,N,6,Peer Private,N,0.064,7
A26-106448,Fall 2026,Regular Decision,N,2025-12-08,Admit,School of Nursing & Health,Exercise Science,3.69,79,Test Optional,,,6,3,3,4,5,Y,3,Y,NY,Mid-Atlantic,US Citizen,256,767090,Public,0.202,N,None,Male,White,Y,$30K - $59K,2500,82100,76600,4500,Dean's Scholar,3500,1000,N,Self-Initiated Inquiry,418,5,32,100,5,,None,,N,5,More Selective Private,Y,0.605,2
A26-102247,Fall 2026,ED I,Y,2025-10-12,Admit,School of Business,Supply Chain Management,3.77,79,Submitted,,29,5,4,3,5,3,N,,Y,VNM,International,International,8475,000000,International School,0.253,N,None,Male,White,Y,Under $30K,900,83700,71400,9700,Trustee Scholar,3500,2600,N,College Fair,157,1,3,70,3,,None,,N,2,Peer Private,Y,0.802,2
A26-104043,Fall 2026,Regular Decision,N,2025-11-21,Admit,School of Nursing & Health,Health Administration,3.27,61,Test Optional,,,3,2,3,1,2,N,,N,NJ,Mid-Atlantic,US Citizen,265,122832,Public,0.109,N,None,Female,White,Y,$150K - $249K,50000,34600,24700,7300,Founders Award,52600,2600,N,Common App Only,3,2,13,64,4,,None,,N,3,More Selective Private,N,0.023,9
A26-100196,Fall 2026,Early Action,N,2025-10-22,Admit,School of Business,Management,3.96,95,Test Optional,,,9,4,3,3,4,Y,4,Y,NY,Mid-Atlantic,US Citizen,206,767090,Public,0.202,N,None,Female,Black or African American,Y,$150K - $249K,51800,32800,21100,31100,Trustee Scholar,32400,0,N,Athletic Recruiting,312,5,40,94,5,Women's Lacrosse,Slot,,N,5,In-State Flagship Public,N,0.743,2
A26-103825,Fall 2026,Early Action,N,2025-10-19,Admit,College of Fine Arts,Graphic Design,3.55,72,Test Optional,,,4,3,3,5,4,N,,N,NJ,Mid-Atlantic,US Citizen,119,493927,Public,0.295,N,None,Female,White,N,Not Reported,,0,0,17300,Dean's Scholar,67300,0,Y,Purchased Search Name,12,2,18,74,5,,None,Theatre Audition,N,0,None Reported,Y,0.433,3
A26-100256,Fall 2026,Regular Decision,N,2025-12-06,Admit,School of Business,Management,3.55,78,Test Optional,,,5,3,2,3,5,N,,N,VT,New England,US Citizen,519,576708,Parochial,0.355,N,Sibling,Female,Hispanic or Latino,Y,$30K - $59K,3700,80900,65600,15500,Dean's Scholar,3500,0,N,Counselor Referral,346,1,19,71,4,,None,,N,3,None Reported,N,0.168,5
A26-106203,Fall 2026,Regular Decision,N,2025-12-12,Admit - Committee Hold,College of Arts & Sciences,Mathematics,3.81,80,Submitted,1310,,5,4,3,4,4,N,,Y,NJ,Mid-Atlantic,US Citizen,94,772353,Private - Independent,0.361,Y,None,Male,White,Y,Under $30K,0,84600,76600,4500,Trustee Scholar,3500,3500,N,College Fair,344,4,23,65,5,,None,,N,2,Peer Private,Y,0.554,2
A26-103089,Fall 2026,Regular Decision,N,2025-12-16,Admit,College of Arts & Sciences,Undeclared,3.95,89,Test Optional,,,5,4,4,3,2,N,,Y,PA,Mid-Atlantic,US Citizen,39,872383,Public,0.284,N,None,Male,White,Y,$150K - $249K,59900,24700,24700,24000,Trustee Scholar,35900,0,N,College Fair,101,5,28,66,5,,None,,N,3,Less Selective Private,N,0.317,3
A26-107058,Fall 2026,Regular Decision,N,2025-12-06,Admit,College of Arts & Sciences,Political Science,3.84,82,Submitted,1320,,4,3,4,4,3,Y,4,N,PA,Mid-Atlantic,US Citizen,197,232110,Public,0.286,Y,None,Female,Not Reported,Y,$100K - $149K,25600,59000,42500,19400,Dean's Scholar,22700,0,N,Athletic Recruiting,55,5,27,100,5,Men's Lacrosse,Coach Support,,N,5,Peer Private,N,0.337,3
A26-107479,Fall 2026,Regular Decision,N,2025-12-03,Admit,School of Business,Marketing,3.28,69,Test Optional,,,4,2,2,3,2,Y,4,N,MD,Mid-Atlantic,US Citizen,99,526342,Public,0.297,N,None,Male,White,Y,$60K - $99K,13400,71200,62200,6300,Founders Award,16100,2700,N,Paid Digital Campaign,3,4,37,71,5,,None,,N,4,Peer Private,Y,0.484,2
A26-101461,Fall 2026,Regular Decision,N,2025-12-20,Admit - Committee Hold,School of Nursing & Health,Exercise Science,3.94,88,Submitted,1420,,5,4,3,3,4,Y,4,Y,VT,New England,US Citizen,509,576708,Parochial,0.355,N,None,Male,Not Reported,Y,Under $30K,0,84600,76400,4700,Trustee Scholar,3500,3500,N,Athletic Recruiting,184,5,37,93,5,Volleyball,Coach Support,,N,4,Regional Public,Y,0.885,2
A26-106620,Fall 2026,Early Action,N,2025-10-21,Admit,School of Engineering,Mechanical Engineering,3.91,87,Submitted,1430,,4,3,3,2,1,N,,N,MD,Mid-Atlantic,US Citizen,140,329361,Public,0.158,Y,None,Male,White,Y,$30K - $59K,6300,78300,58900,14100,Dean's Scholar,11600,5300,N,Self-Initiated Inquiry,103,4,27,56,5,,None,,N,6,Less Selective Private,Y,0.476,2
A26-102481,Fall 2026,Regular Decision,N,2025-12-19,Admit,School of Business,Management,3.97,95,Test Optional,,,7,4,3,4,3,Y,2,Y,VA,South,US Citizen,176,619507,Public,0.196,N,None,Female,Hispanic or Latino,Y,$150K - $249K,48500,36100,36100,29000,Trustee Scholar,19500,0,N,Common App Only,153,5,32,63,5,,None,,N,3,In-State Flagship Public,N,0.209,4
A26-104872,Fall 2026,Regular Decision,N,2025-12-09,Admit,School of Business,Supply Chain Management,3.60,76,Test Optional,,,2,3,3,2,3,N,,N,GA,South,US Citizen,768,135301,Private - Independent,0.04,N,Sibling,Female,Not Reported,Y,$250K and above,70200,14400,13700,17500,Dean's Scholar,53400,0,N,Paid Digital Campaign,191,0,0,56,1,,None,,N,5,Regional Public,Y,0.065,7
A26-104606,Fall 2026,Regular Decision,N,2025-12-10,Admit,College of Arts & Sciences,Neuroscience,3.54,75,Test Optional,,,3,2,3,4,3,N,,N,PA,Mid-Atlantic,US Citizen,195,674796,Public,0.293,N,Grandparent,Female,Hispanic or Latino,Y,$150K - $249K,52400,32200,17300,8200,Founders Award,59100,6700,N,Paid Digital Campaign,211,3,19,93,5,,None,,N,4,In-State Flagship Public,Y,0.212,4
A26-106045,Fall 2026,ED I,Y,2025-10-29,Admit,School of Business,Management,3.98,98,Test Optional,,,9,5,4,4,4,N,,N,PA,Mid-Atlantic,US Citizen,223,574647,Private - Independent,0.268,N,None,Female,White,Y,$150K - $249K,48100,36500,36500,33800,Presidential Scholar,14300,0,N,Purchased Search Name,253,5,39,57,5,,None,,N,4,Out-of-State Public,N,0.978,1
A26-102289,Fall 2026,Regular Decision,N,2025-11-22,Waitlist Alternate,College of Arts & Sciences,Environmental Science,3.80,85,Test Optional,,,7,3,4,3,2,N,,N,PA,Mid-Atlantic,US Citizen,238,838353,Public,0.394,N,None,Male,Asian,Y,Under $30K,1500,83100,76300,4800,Dean's Scholar,3500,2000,N,Common App Only,78,2,22,61,5,,None,,N,2,In-State Flagship Public,Y,0.437,3
A26-101864,Fall 2026,Regular Decision,N,2025-12-25,Admit,College of Arts & Sciences,Sociology,3.42,76,Test Optional,,,1,3,4,2,3,N,,N,NY,Mid-Atlantic,US Citizen,151,600685,Parochial,0.285,N,Parent,Female,Not Reported,Y,$30K - $59K,4300,80300,62300,16400,Dean's Scholar,5900,1600,N,Counselor Referral,252,5,28,87,5,,None,Music - Vocal,N,5,Peer Private,N,0.371,3
A26-101151,Fall 2026,Regular Decision,N,2025-12-09,Admit,School of Engineering,Civil Engineering,3.47,78,Test Optional,,,4,3,3,2,2,Y,2,Y,VT,New England,US Citizen,441,576708,Parochial,0.355,N,None,Male,Hispanic or Latino,Y,$30K - $59K,1900,82700,67500,13600,Dean's Scholar,3500,1600,N,Purchased Search Name,227,2,10,86,5,,None,,N,7,In-State Flagship Public,N,0.079,7
A26-105957,Fall 2026,Regular Decision,N,2025-12-25,Admit,College of Fine Arts,Theatre,3.58,78,Test Optional,,,6,3,2,3,3,Y,3,N,MA,New England,US Citizen,461,185630,Public,0.226,N,None,Female,Black or African American,Y,$30K - $59K,100,84500,70000,11100,Dean's Scholar,3500,3400,N,Self-Initiated Inquiry,202,3,20,95,5,,None,Dance Audition,N,3,In-State Flagship Public,Y,0.597,2
A26-106115,Fall 2026,Regular Decision,N,2026-01-04,Admit,School of Nursing & Health,Nursing (BSN),3.40,77,Submitted,1180,,3,2,1,3,2,Y,4,N,PA,Mid-Atlantic,US Citizen,152,675305,Private - Independent,0.454,N,None,Female,Not Reported,Y,$100K - $149K,34900,49700,39600,8700,Founders Award,36300,1400,N,Paid Digital Campaign,267,2,26,50,5,,None,,N,6,Peer Private,Y,0.405,3
A26-108263,Fall 2026,Regular Decision,N,2025-11-26,Admit,School of Nursing & Health,Public Health,3.49,58,Submitted,1310,,4,3,3,3,3,Y,3,N,NH,New England,US Citizen,376,129537,Public,0.306,N,None,Male,White,Y,$60K - $99K,18400,66200,55200,14500,Dean's Scholar,14900,0,N,Purchased Search Name,187,3,23,79,5,,None,,N,8,In-State Flagship Public,N,0.057,8
A26-102024,Fall 2026,Regular Decision,N,2025-12-16,Admit,School of Business,Business Analytics,4.16,94,Submitted,1530,,9,5,3,3,3,N,,N,OH,Midwest,US Citizen,436,664159,Public,0.346,N,None,Male,White,Y,$100K - $149K,24300,60300,60300,20800,Presidential Scholar,3500,0,N,Purchased Search Name,369,1,16,44,4,,None,,N,8,More Selective Private,N,0.01,10
A26-100265,Fall 2026,Regular Decision,N,2025-12-17,Admit,School of Nursing & Health,Nursing (BSN),3.62,73,Submitted,1350,28,4,3,3,2,3,Y,3,N,NC,South,US Citizen,421,648546,Public,0.316,Y,None,Male,Asian,Y,$250K and above,83300,1300,1100,19900,Dean's Scholar,63600,0,N,Paid Digital Campaign,280,3,18,77,5,,None,,N,3,Regional Public,N,0.175,5
A26-104413,Fall 2026,Regular Decision,N,2025-12-16,Admit - Committee Hold,College of Arts & Sciences,English,3.90,83,Submitted,1340,30,4,4,4,4,4,N,,Y,CA,West,US Citizen,2449,298108,Public,0.222,N,None,Female,White,Y,$250K and above,84000,600,500,29200,Trustee Scholar,54900,0,N,College Fair,69,0,3,38,1,,None,,N,2,Less Selective Private,Y,0.084,7
A26-107937,Fall 2026,Regular Decision,N,2026-01-11,Admit,College of Arts & Sciences,Communication,3.53,74,Submitted,1240,,5,3,2,2,3,N,,N,NY,Mid-Atlantic,US Citizen,370,704993,Public,0.275,N,None,Female,White,Y,Under $30K,300,84300,65200,15900,Dean's Scholar,3500,3200,N,Self-Initiated Inquiry,264,2,27,45,5,,None,,N,4,More Selective Private,N,0.046,8
A26-105217,Fall 2026,Regular Decision,N,2025-12-17,Admit - Committee Hold,School of Nursing & Health,Public Health,3.25,61,Submitted,1100,,0,2,3,3,3,N,,N,NJ,Mid-Atlantic,US Citizen,86,255789,Public,0.299,Y,None,Female,White,Y,$150K - $249K,67100,17500,13500,6200,Founders Award,64900,0,N,Self-Initiated Inquiry,150,4,33,89,5,,None,,N,5,More Selective Private,N,0.113,6
A26-101218,Fall 2026,Regular Decision,N,2025-12-01,Admit,School of Nursing & Health,Nursing (BSN),3.70,88,Submitted,1300,,6,3,3,3,3,N,,N,FL,South,US Citizen,990,407537,Private - Independent,0.04,N,None,Female,Black or African American,Y,$150K - $249K,44700,39900,30000,17900,Dean's Scholar,36700,0,N,Paid Digital Campaign,183,1,5,14,2,,None,,N,1,Less Selective Private,N,0.042,8
A26-103070,Fall 2026,Regular Decision,N,2025-12-24,Admit,School of Business,Finance,3.77,84,Submitted,1350,,7,4,2,4,3,Y,3,Y,MA,New England,US Citizen,406,785117,Parochial,0.217,N,None,Male,Hispanic or Latino,Y,$100K - $149K,29400,55200,55200,25900,Trustee Scholar,3500,0,N,Purchased Search Name,300,2,22,73,5,,None,,N,3,In-State Flagship Public,N,0.097,6
A26-107119,Fall 2026,Regular Decision,N,2026-01-08,Admit,College of Arts & Sciences,Biology,3.39,70,Submitted,1260,,1,2,3,3,2,Y,3,N,MI,Midwest,US Citizen,640,260093,Public,0.193,Y,None,Female,White,Y,$100K - $149K,17600,67000,56600,11700,Founders Award,16300,0,N,Campus Visit Walk-In,135,2,25,50,5,,None,,N,6,In-State Flagship Public,Y,0.137,5
A26-103593,Fall 2026,Regular Decision,N,2025-12-12,Admit,College of Fine Arts,Graphic Design,3.70,84,Submitted,1350,30,7,3,4,2,4,Y,3,N,NJ,Mid-Atlantic,US Citizen,207,828449,Public,0.332,Y,None,Female,Black or African American,Y,$250K and above,115500,0,0,13500,Dean's Scholar,71100,0,Y,College Fair,197,2,15,68,5,,None,Music - Vocal,N,5,None Reported,N,0.104,6
A26-100051,Fall 2026,Early Action,N,2025-11-04,Admit,School of Engineering,Civil Engineering,3.88,89,Test Optional,,,6,4,3,3,4,Y,3,Y,PA,Mid-Atlantic,Permanent Resident,76,243289,Private - Independent,0.31,N,Sibling,Female,White,Y,$250K and above,134800,0,0,22800,Trustee Scholar,61800,0,Y,Campus Visit Walk-In,154,2,20,76,5,,None,,N,8,Out-of-State Public,N,0.073,7
A26-102669,Fall 2026,Early Action,N,2025-10-25,Admit,College of Arts & Sciences,Chemistry,3.84,86,Test Optional,,,6,4,5,3,4,N,,N,OH,Midwest,US Citizen,390,802399,Public,0.257,N,None,Male,White,Y,Under $30K,0,84600,74400,6700,Trustee Scholar,3500,3500,N,High School Visit,256,0,5,61,2,,None,,N,2,Less Selective Private,N,0.077,7
A26-104580,Fall 2026,ED II,Y,2025-12-24,Admit,School of Nursing & Health,Exercise Science,3.48,77,Test Optional,,,3,3,2,4,2,N,,N,VNM,International,International,8516,000000,International School,0.237,N,None,Male,White,Y,$30K - $59K,4700,79900,46100,19400,Dean's Scholar,19100,14400,N,Common App Only,3,1,12,56,3,,None,,N,4,None Reported,N,0.34,3
A26-105683,Fall 2026,Regular Decision,N,2025-12-27,Admit,College of Arts & Sciences,Political Science,3.93,90,Submitted,1420,,9,4,3,3,3,N,,Y,RI,New England,US Citizen,376,732369,Private - Independent,0.362,N,None,Female,Hispanic or Latino,Y,$100K - $149K,32900,51700,50800,22500,Trustee Scholar,11300,0,N,Athletic Recruiting,167,2,31,77,5,,None,,N,3,Peer Private,N,0.104,6
A26-104321,Fall 2026,Regular Decision,N,2025-12-11,Admit - Committee Hold,College of Arts & Sciences,Sociology,3.80,81,Submitted,1360,,5,3,2,3,2,Y,4,N,VA,South,US Citizen,358,997468,Public,0.382,N,None,Female,White,Y,$250K and above,164600,0,0,15000,Dean's Scholar,69600,0,Y,Common App Only,28,2,11,90,5,,None,,N,6,More Selective Private,N,0.021,9
A26-103412,Fall 2026,ED I,Y,2025-10-23,Admit,School of Engineering,Mechanical Engineering,3.59,76,Submitted,1270,,5,3,3,4,2,Y,4,Y,PA,Mid-Atlantic,US Citizen,70,129435,Private - Independent,0.325,N,Sibling,Female,White,Y,$100K - $149K,28200,56400,46200,16100,Dean's Scholar,22300,0,N,Campus Visit Walk-In,195,3,23,80,5,,None,,N,4,More Selective Private,N,0.985,1
A26-106283,Fall 2026,ED II,Y,2025-12-24,Admit,School of Engineering,Electrical Engineering,3.53,80,Submitted,,27,5,3,4,2,3,N,,N,WA,West,US Citizen,2450,161429,Public,0.317,Y,None,Male,Asian,Y,$30K - $59K,1100,83500,63000,18100,Dean's Scholar,3500,2400,N,College Fair,35,1,14,37,3,,None,,N,3,Peer Private,Y,0.985,1
A26-107914,Fall 2026,Regular Decision,N,2025-11-27,Admit,College of Arts & Sciences,Undeclared,3.57,78,Submitted,1280,,8,3,3,2,3,Y,4,Y,MD,Mid-Atlantic,US Citizen,108,549515,Public,0.361,N,None,Male,Not Reported,Y,$150K - $249K,41600,43000,37700,18500,Dean's Scholar,28400,0,N,Campus Visit Walk-In,219,1,11,61,4,,None,,N,0,None Reported,N,0.189,5
A26-103635,Fall 2026,Regular Decision,N,2026-01-03,Admit - Committee Hold,College of Arts & Sciences,English,3.50,69,Submitted,1250,,3,3,3,4,3,Y,4,Y,PA,Mid-Atlantic,US Citizen,128,578034,Public,0.563,N,None,Male,Black or African American,N,Not Reported,,0,0,17500,Dean's Scholar,67100,0,Y,College Fair,122,4,27,100,5,,None,,N,4,In-State Flagship Public,N,0.258,4
A26-104822,Fall 2026,Early Action,N,2025-11-04,Admit,College of Arts & Sciences,Psychology,3.97,98,Submitted,1420,,8,4,5,4,4,N,,Y,KOR,International,International,6939,000000,International School,0.099,Y,None,Male,White,Y,$100K - $149K,34300,50300,46200,30800,Trustee Scholar,7600,0,N,Purchased Search Name,231,1,1,47,2,,None,,N,2,Peer Private,Y,0.014,9
A26-103464,Fall 2026,Regular Decision,N,2025-11-28,Admit,School of Business,Finance,3.27,69,Test Optional,,,1,2,1,2,3,N,,N,DC,Mid-Atlantic,US Citizen,190,859983,Private - Independent,0.207,N,None,Female,Two or More Races,Y,$250K and above,114700,0,0,10500,Founders Award,74100,0,Y,Purchased Search Name,361,3,17,45,5,,None,,N,0,None Reported,N,0.068,7
A26-101927,Fall 2026,Early Action,N,2025-10-29,Admit,College of Fine Arts,Theatre,3.38,71,Submitted,1240,,2,2,4,2,4,N,,N,PA,Mid-Atlantic,US Citizen,209,259201,Public,0.428,N,None,Male,White,Y,$100K - $149K,40000,44600,38900,6500,Founders Award,39200,0,N,Self-Initiated Inquiry,136,3,26,68,5,,None,Theatre Audition,N,3,Out-of-State Public,N,0.496,2
A26-100333,Fall 2026,Regular Decision,N,2025-12-14,Waitlist Alternate,College of Arts & Sciences,Mathematics,3.26,56,Submitted,1100,,0,2,1,3,4,N,,N,MA,New England,US Citizen,314,566507,Public,0.187,N,None,Female,Not Reported,Y,$30K - $59K,5800,78800,48300,11000,Founders Award,25300,19500,N,Purchased Search Name,371,2,20,74,5,,None,,N,4,None Reported,N,0.063,7
A26-100552,Fall 2026,Regular Decision,N,2025-11-20,Admit,School of Engineering,Biomedical Engineering,3.80,84,Test Optional,,,7,4,4,3,3,N,,Y,NY,Mid-Atlantic,US Citizen,367,913379,Public,0.304,N,None,Female,Hispanic or Latino,Y,$100K - $149K,34100,50500,50500,24500,Trustee Scholar,9600,0,N,Purchased Search Name,207,3,30,63,5,,None,,N,5,Out-of-State Public,Y,0.217,4
A26-102433,Fall 2026,Early Action,N,2025-10-25,Admit,College of Arts & Sciences,English,3.64,79,Test Optional,,,6,3,3,4,2,N,,N,MA,New England,US Citizen,355,539875,Public,0.366,N,Parent,Male,White,Y,$150K - $249K,56500,28100,23800,21700,Dean's Scholar,39100,0,N,Purchased Search Name,274,3,26,65,5,,None,,N,5,More Selective Private,Y,0.308,3
A26-105640,Fall 2026,Regular Decision,N,2025-12-06,Admit,College of Arts & Sciences,Communication,3.65,80,Test Optional,,,7,3,3,4,3,Y,3,N,NC,South,US Citizen,385,624049,Public,0.423,Y,None,Male,White,Y,Under $30K,200,84400,59500,21600,Dean's Scholar,3500,3300,N,Athletic Recruiting,339,4,35,63,5,Rowing,Slot,,N,7,In-State Flagship Public,N,0.595,2
A26-100046,Fall 2026,Early Action,N,2025-11-08,Admit - Committee Hold,College of Arts & Sciences,Biology,3.54,68,Test Optional,,,2,2,3,2,3,Y,3,N,MD,Mid-Atlantic,US Citizen,121,985640,Public,0.267,N,None,Male,Not Reported,Y,$100K - $149K,36000,48600,42700,12000,Founders Award,29900,0,N,High School Visit,281,4,30,89,5,,None,,N,5,Regional Public,Y,0.574,2
A26-107605,Fall 2026,Early Action,N,2025-11-02,Admit,School of Nursing & Health,Health Administration,4.12,95,Test Optional,,,10,5,2,4,3,Y,2,Y,NY,Mid-Atlantic,Permanent Resident,116,690704,Public,0.206,N,None,Female,Hispanic or Latino,N,Not Reported,,0,0,37700,Presidential Scholar,46900,0,Y,Paid Digital Campaign,80,3,18,88,5,,None,,Y,5,Peer Private,N,0.128,6
A26-105572,Fall 2026,Regular Decision,N,2026-01-07,Admit,College of Fine Arts,Music Performance,3.57,69,Test Optional,,,3,2,2,3,2,N,,N,NY,Mid-Atlantic,US Citizen,317,728445,Public,0.242,N,Grandparent,Female,White,Y,$30K - $59K,7000,77600,55100,10300,Founders Award,19200,12200,N,Common App Only,30,2,13,79,5,,None,Music - Instrumental,N,4,Peer Private,Y,0.379,3
A26-100788,Fall 2026,Early Action,N,2025-11-04,Waitlist Alternate,School of Engineering,Electrical Engineering,3.52,77,Submitted,1380,31,5,3,2,3,3,Y,3,N,IDN,International,International,9651,000000,International School,0.22,N,None,Female,White,Y,$100K - $149K,39400,45200,39500,15200,Dean's Scholar,29900,0,N,Purchased Search Name,210,0,26,62,5,,None,Theatre Audition,N,6,Out-of-State Public,Y,0.01,10
A26-104280,Fall 2026,Early Action,N,2025-10-28,Admit,College of Arts & Sciences,Environmental Science,3.72,81,Submitted,1390,,3,3,4,2,3,N,,Y,PA,Mid-Atlantic,US Citizen,84,574647,Private - Independent,0.268,N,None,Female,Hispanic or Latino,Y,$150K - $249K,42700,41900,39400,20800,Dean's Scholar,24400,0,N,Purchased Search Name,416,3,14,77,5,,None,,N,7,Peer Private,N,0.104,6
A26-108349,Fall 2026,Early Action,N,2025-10-22,Admit,School of Engineering,Civil Engineering,3.83,84,Submitted,1340,,9,4,4,4,4,N,,Y,NJ,Mid-Atlantic,US Citizen,141,828449,Public,0.332,N,None,Female,Black or African American,Y,$150K - $249K,42900,41700,41700,22900,Trustee Scholar,20000,0,N,College Fair,3,4,32,65,5,,None,,N,6,Peer Private,N,0.149,5
A26-105867,Fall 2026,Regular Decision,N,2025-12-30,Admit,School of Business,Business Analytics,3.13,64,Test Optional,,,3,2,1,1,2,N,,N,NY,Mid-Atlantic,Permanent Resident,420,926406,Public,0.19,N,None,Female,White,Y,$150K - $249K,41100,43500,35500,7800,Founders Award,41300,200,N,Self-Initiated Inquiry,195,2,18,77,5,,None,,N,5,Less Selective Private,Y,0.221,4
A26-100524,Fall 2026,Regular Decision,N,2025-12-10,Admit,School of Business,Management,3.89,90,Test Optional,,,4,4,2,2,3,N,,Y,FL,South,US Citizen,896,979286,Public,0.286,N,None,Male,White,Y,$60K - $99K,12200,72400,64800,16300,Trustee Scholar,3500,0,N,Common App Only,67,1,23,18,4,,None,,N,3,Peer Private,N,0.039,8
A26-101555,Fall 2026,Regular Decision,N,2025-12-15,Admit - Committee Hold,School of Engineering,Electrical Engineering,3.87,93,Test Optional,,,9,4,2,3,4,Y,4,Y,WA,West,US Citizen,2368,161429,Public,0.317,N,None,Female,White,Y,$250K and above,123200,0,0,24400,Trustee Scholar,60200,0,Y,Common App Only,3,1,22,53,5,,None,,N,3,In-State Flagship Public,N,0.016,9
A26-105622,Fall 2026,Regular Decision,N,2025-12-14,Waitlist Alternate,School of Nursing & Health,Health Administration,4.30,97,Test Optional,,,9,5,4,3,3,Y,2,Y,NY,Mid-Atlantic,US Citizen,224,648923,Public,0.181,Y,None,Male,Asian,Y,Under $30K,0,84600,76600,4500,Presidential Scholar,3500,3500,N,Paid Digital Campaign,266,3,18,61,5,,None,,N,6,Peer Private,N,0.096,6
A26-100513,Fall 2026,Regular Decision,N,2026-01-08,Waitlist Alternate,College of Arts & Sciences,Psychology,3.22,71,Submitted,1210,26,2,2,3,3,2,N,,N,TX,Southwest,US Citizen,1417,177101,Public,0.253,N,None,Male,White,Y,$60K - $99K,12300,72300,43300,6500,Founders Award,34800,22500,N,Purchased Search Name,198,0,11,36,2,,None,,N,6,Out-of-State Public,N,0.01,10
A26-103017,Fall 2026,Regular Decision,N,2025-12-23,Admit,College of Arts & Sciences,Environmental Science,3.66,80,Submitted,1340,,4,3,3,2,2,N,,N,CT,New England,US Citizen,289,667923,Public,0.259,N,None,Male,Asian,Y,$250K and above,152900,0,0,17100,Dean's Scholar,67500,0,Y,Purchased Search Name,254,1,6,57,3,,None,,N,4,None Reported,N,0.012,10
A26-105749,Fall 2026,Regular Decision,N,2025-12-27,Admit - Committee Hold,School of Business,Accounting,3.80,84,Submitted,,32,7,4,1,3,4,N,,Y,SC,South,US Citizen,557,725945,Parochial,0.519,N,None,Female,White,Y,$60K - $99K,4900,79700,73600,7500,Trustee Scholar,3500,0,N,Campus Visit Walk-In,140,2,8,51,4,,None,,N,7,More Selective Private,N,0.023,9
A26-103024,Fall 2026,Regular Decision,N,2025-12-09,Admit,College of Arts & Sciences,Biology,3.39,69,Test Optional,,,4,3,2,2,3,N,,Y,PA,Mid-Atlantic,US Citizen,176,665127,Public,0.305,N,None,Male,White,Y,$60K - $99K,7600,77000,70300,10800,Dean's Scholar,3500,0,N,College Fair,315,5,32,45,5,,None,,N,4,More Selective Private,N,0.162,5
A26-100008,Fall 2026,Early Action,N,2025-11-07,Admit,College of Arts & Sciences,Undeclared,3.71,85,Submitted,,28,8,4,4,1,2,N,,Y,PA,Mid-Atlantic,US Citizen,49,767318,Charter,0.398,N,None,Female,White,Y,$100K - $149K,39700,44900,42700,22100,Trustee Scholar,19800,0,N,Counselor Referral,310,4,22,68,5,,None,,N,6,Less Selective Private,N,0.322,3
A26-104941,Fall 2026,Early Action,N,2025-11-14,Admit,School of Engineering,Chemical Engineering,4.10,96,Submitted,,35,9,5,4,3,5,N,,Y,NC,South,US Citizen,412,343712,Private - Independent,0.261,N,None,Female,White,Y,$150K - $249K,63300,21300,21300,33100,Presidential Scholar,30200,0,N,College Fair,70,2,18,54,5,,None,,N,5,More Selective Private,N,0.024,9
A26-107677,Fall 2026,Early Action,N,2025-10-29,Admit,School of Business,Management,3.28,61,Test Optional,,,3,2,3,3,2,Y,3,N,FL,South,US Citizen,1108,252370,Public,0.261,N,None,Female,White,Y,$250K and above,147400,0,0,9200,Founders Award,75400,0,Y,Common App Only,12,1,22,45,5,,None,,N,2,Peer Private,N,0.046,8
A26-100110,Fall 2026,Regular Decision,N,2025-11-30,Admit,School of Engineering,Biomedical Engineering,3.74,86,Test Optional,,,5,3,3,3,3,N,,N,PA,Mid-Atlantic,US Citizen,74,324037,Public,0.337,N,None,Male,White,Y,$150K - $249K,71200,13400,11300,23000,Dean's Scholar,50300,0,N,Purchased Search Name,280,3,24,30,5,,None,,N,3,None Reported,N,0.168,5
A26-103112,Fall 2026,ED II,Y,2025-12-30,Admit,College of Arts & Sciences,Communication,3.33,64,Test Optional,,,1,2,3,1,3,Y,5,N,PA,Mid-Atlantic,US Citizen,202,901818,Public,0.42,N,Parent,Female,Black or African American,Y,$100K - $149K,30400,54200,38300,10200,Founders Award,36100,5700,N,Purchased Search Name,431,1,9,68,4,,None,,N,7,None Reported,N,0.958,1
A26-106825,Fall 2026,Early Action,N,2025-10-31,Admit,College of Arts & Sciences,Neuroscience,3.92,91,Test Optional,,,7,4,4,3,2,N,,Y,FL,South,US Citizen,1033,339774,Parochial,0.293,Y,None,Female,White,Y,$150K - $249K,67500,17100,17100,24900,Trustee Scholar,42600,0,N,Campus Visit Walk-In,134,2,24,65,5,,None,,N,3,Peer Private,Y,0.227,4
A26-101674,Fall 2026,Regular Decision,N,2026-01-13,Admit,School of Business,Marketing,3.59,72,Submitted,1280,,4,3,4,3,2,Y,2,N,CA,West,US Citizen,2525,263455,Public,0.188,N,None,Female,White,Y,$150K - $249K,63900,20700,16400,18000,Dean's Scholar,50200,0,N,Common App Only,3,0,14,36,3,,None,,N,5,Less Selective Private,Y,0.04,8
A26-104422,Fall 2026,Regular Decision,N,2026-01-11,Admit,School of Nursing & Health,Exercise Science,3.30,70,Test Optional,,,0,2,1,2,2,N,,N,PA,Mid-Atlantic,US Citizen,209,601952,Private - Independent,0.468,N,None,Male,Asian,Y,$60K - $99K,17900,66700,58200,13900,Founders Award,12500,0,N,Counselor Referral,151,2,23,49,5,,None,,Y,7,Peer Private,N,0.202,4
A26-100351,Fall 2026,ED II,Y,2025-12-30,Admit,College of Arts & Sciences,Mathematics,3.36,71,Test Optional,,,3,2,4,4,2,Y,3,N,NY,Mid-Atlantic,US Citizen,287,275729,Public,0.312,N,None,Female,Two or More Races,Y,$150K - $249K,46200,38400,28500,10500,Founders Award,45600,0,N,Purchased Search Name,272,5,21,80,5,,None,,N,3,More Selective Private,Y,0.985,1
A26-103345,Fall 2026,Regular Decision,N,2025-12-22,Admit,College of Arts & Sciences,Biology,3.51,73,Test Optional,,,4,3,3,3,3,Y,4,N,PA,Mid-Atlantic,US Citizen,206,992847,Private - Independent,0.436,N,None,Female,Black or African American,Y,$60K - $99K,17800,66800,55500,21500,Dean's Scholar,7600,0,N,Self-Initiated Inquiry,187,1,18,50,5,,None,,N,2,In-State Flagship Public,N,0.103,6
A26-107536,Fall 2026,Regular Decision,N,2025-12-25,Admit,College of Arts & Sciences,Undeclared,3.47,73,Test Optional,,,2,2,3,2,3,Y,2,N,PA,Mid-Atlantic,US Citizen,80,100498,Private - Independent,0.343,N,None,Male,White,Y,$60K - $99K,10100,74500,74500,6600,Founders Award,3500,0,N,Self-Initiated Inquiry,265,2,9,30,4,,None,,Y,5,In-State Flagship Public,N,0.118,6
A26-107318,Fall 2026,ED I,Y,2025-10-12,Admit,College of Arts & Sciences,Communication,4.01,87,Submitted,1430,,8,4,3,2,3,Y,3,N,PA,Mid-Atlantic,US Citizen,44,767318,Charter,0.398,Y,None,Female,Black or African American,Y,$250K and above,72700,11900,11000,29100,Trustee Scholar,44500,0,N,Common App Only,147,2,15,77,5,,None,,N,4,Less Selective Private,N,0.98,1
A26-100797,Fall 2026,Early Action,N,2025-10-30,Admit,School of Nursing & Health,Public Health,3.78,79,Submitted,1300,,6,3,2,4,2,N,,N,OH,Midwest,US Citizen,396,489682,Parochial,0.369,N,None,Female,White,N,Not Reported,,0,0,18800,Dean's Scholar,65800,0,Y,Purchased Search Name,379,1,13,53,3,,None,Studio Art Portfolio,N,1,Peer Private,N,0.097,6
A26-101057,Fall 2026,Regular Decision,N,2025-12-28,Admit,College of Fine Arts,Studio Art,3.87,87,Submitted,,32,5,4,4,3,4,N,,N,CA,West,US Citizen,2468,298108,Public,0.222,N,None,Female,White,Y,$150K - $249K,60600,24000,19800,30200,Trustee Scholar,34600,0,N,Purchased Search Name,250,2,22,39,5,,None,Music - Vocal,N,4,Regional Public,Y,0.075,7
A26-106513,Fall 2026,Regular Decision,N,2025-12-15,Admit,School of Nursing & Health,Nursing (BSN),3.60,82,Submitted,1280,,3,3,3,3,4,N,,N,CA,West,US Citizen,2415,298108,Public,0.222,N,None,Female,Hispanic or Latino,Y,$250K and above,101800,0,0,15600,Dean's Scholar,69000,0,Y,Paid Digital Campaign,295,0,8,53,2,,None,,N,3,More Selective Private,N,0.01,10
A26-106680,Fall 2026,Regular Decision,N,2025-12-20,Admit,School of Business,Business Analytics,3.66,78,Test Optional,,,5,3,3,3,4,N,,N,MD,Mid-Atlantic,US Citizen,216,329361,Public,0.158,N,None,Female,Hispanic or Latino,Y,$60K - $99K,8300,76300,55600,22900,Dean's Scholar,6100,0,N,Counselor Referral,69,4,30,33,5,,None,,N,1,Peer Private,N,0.124,6
A26-101080,Fall 2026,Regular Decision,N,2025-12-21,Admit,College of Arts & Sciences,Political Science,3.72,75,Test Optional,,,4,3,3,1,5,Y,4,N,NJ,Mid-Atlantic,US Citizen,239,772353,Private - Independent,0.361,N,Parent,Female,White,N,Not Reported,,0,0,25300,Dean's Scholar,59300,0,Y,Athletic Recruiting,3,5,24,95,5,Baseball,Slot,,N,3,None Reported,N,0.863,2
A26-105712,Fall 2026,Regular Decision,N,2026-01-15,Admit,School of Business,Supply Chain Management,3.41,68,Submitted,1210,,3,2,3,1,4,N,,N,NJ,Mid-Atlantic,US Citizen,208,122832,Public,0.109,N,None,Male,White,Y,$150K - $249K,46300,38300,24400,9900,Founders Award,50300,4000,N,Common App Only,23,3,18,69,5,,None,,N,4,Out-of-State Public,N,0.06,8
A26-107864,Fall 2026,Early Action,N,2025-11-13,Admit,College of Arts & Sciences,Chemistry,3.60,77,Submitted,1280,,5,3,4,2,4,N,,N,MI,Midwest,US Citizen,505,373975,Parochial,0.236,N,None,Male,White,Y,$100K - $149K,38200,46400,37100,15600,Dean's Scholar,31900,0,N,Self-Initiated Inquiry,219,2,23,74,5,,None,,N,6,Peer Private,Y,0.114,6
A26-101183,Fall 2026,Regular Decision,N,2025-12-02,Admit,College of Arts & Sciences,Neuroscience,3.62,80,Submitted,1290,,5,3,4,4,3,Y,2,N,NJ,Mid-Atlantic,US Citizen,223,944115,Public,0.264,N,None,Female,Black or African American,Y,$100K - $149K,38200,46400,43100,18300,Dean's Scholar,23200,0,N,Paid Digital Campaign,294,2,32,56,5,,None,,N,6,Less Selective Private,N,0.111,6
A26-103442,Fall 2026,Regular Decision,N,2025-12-19,Admit,School of Engineering,Chemical Engineering,3.83,88,Submitted,1410,,4,4,5,3,3,N,,Y,MD,Mid-Atlantic,US Citizen,184,526342,Public,0.297,N,None,Female,Black or African American,N,Not Reported,,0,0,29100,Trustee Scholar,55500,0,Y,College Fair,175,5,27,73,5,,None,,N,9,None Reported,Y,0.185,5
A26-102130,Fall 2026,Early Action,N,2025-11-02,Admit,School of Nursing & Health,Health Administration,3.14,56,Test Optional,,,0,1,3,2,2,Y,3,N,IN,Midwest,US Citizen,440,732632,Parochial,0.245,Y,None,Male,Black or African American,Y,Under $30K,1500,83100,68900,0,No Merit Award,15700,14200,N,Athletic Recruiting,259,3,27,68,5,Men's Soccer,Coach Support,Robotics / STEM Competition,N,3,Out-of-State Public,Y,0.797,2
A26-103225,Fall 2026,Regular Decision,N,2025-12-12,Admit,School of Engineering,Biomedical Engineering,3.39,70,Test Optional,,,2,2,2,3,4,N,,N,MD,Mid-Atlantic,US Citizen,252,985640,Public,0.267,Y,None,Female,Not Reported,Y,$100K - $149K,36600,48000,27200,12600,Founders Award,44800,8200,N,College Fair,361,3,17,25,5,,None,Music - Vocal,N,4,More Selective Private,Y,0.12,6
A26-100768,Fall 2026,Early Action,N,2025-10-22,Waitlist Alternate,School of Nursing & Health,Exercise Science,3.85,91,Test Optional,,,5,4,4,3,3,N,,Y,IND,International,International,8048,000000,International School,0.18,N,Sibling,Male,White,Y,$60K - $99K,14200,70400,70400,10700,Trustee Scholar,3500,0,N,Self-Initiated Inquiry,353,0,8,63,2,,None,,N,5,None Reported,Y,0.021,9
A26-101029,Fall 2026,ED I,Y,2025-10-29,Admit,College of Arts & Sciences,Biology,4.19,99,Submitted,1550,34,8,5,4,3,4,N,,N,IN,Midwest,US Citizen,547,732632,Parochial,0.245,Y,None,Female,White,Y,$100K - $149K,33700,50900,47500,31300,Presidential Scholar,5800,0,N,Common App Only,3,2,29,46,5,,None,,N,5,Less Selective Private,Y,0.982,1
A26-104758,Fall 2026,Early Action,N,2025-10-25,Admit,College of Arts & Sciences,Neuroscience,4.30,99,Submitted,,34,7,5,3,4,4,N,,N,MI,Midwest,US Citizen,488,556544,Parochial,0.28,N,None,Female,White,Y,$250K and above,103800,0,0,30900,Presidential Scholar,53700,0,Y,Paid Digital Campaign,246,1,10,61,3,,None,,N,8,More Selective Private,N,0.01,10
A26-106121,Fall 2026,Regular Decision,N,2025-12-06,Admit,College of Fine Arts,Theatre,4.14,91,Test Optional,,,6,4,4,5,3,N,,Y,PA,Mid-Atlantic,US Citizen,239,793627,Public,0.338,N,None,Female,Not Reported,Y,$60K - $99K,8600,76000,76000,5100,Trustee Scholar,3500,0,N,Purchased Search Name,294,3,20,62,5,,None,Music - Instrumental,N,8,More Selective Private,N,0.061,8
A26-100072,Fall 2026,Regular Decision,N,2025-12-27,Admit,School of Engineering,Chemical Engineering,4.28,98,Submitted,1490,35,8,5,3,4,4,Y,3,N,NJ,Mid-Atlantic,US Citizen,252,944115,Public,0.264,Y,None,Female,White,Y,Under $30K,0,84600,76600,4500,Presidential Scholar,3500,3500,N,Purchased Search Name,275,1,23,78,5,,None,,N,5,More Selective Private,Y,0.126,6
A26-107225,Fall 2026,Regular Decision,N,2026-01-12,Admit,School of Business,Marketing,3.57,82,Test Optional,,,6,3,2,3,3,N,,N,PA,Mid-Atlantic,US Citizen,113,490704,Public,0.349,N,None,Female,Hispanic or Latino,Y,$250K and above,117500,0,0,17900,Dean's Scholar,66700,0,Y,Self-Initiated Inquiry,131,2,15,36,4,,None,,N,4,In-State Flagship Public,N,0.024,9
A26-104992,Fall 2026,Early Action,N,2025-11-07,Admit,College of Arts & Sciences,Neuroscience,3.59,75,Test Optional,,,3,3,3,2,3,N,,N,VA,South,US Citizen,365,846587,Public,0.212,N,None,Female,Not Reported,Y,$30K - $59K,2400,82200,72400,8700,Dean's Scholar,3500,1100,N,Common App Only,8,1,4,45,2,,None,,N,5,Peer Private,N,0.047,8
A26-107956,Fall 2026,ED I,Y,2025-10-15,Admit,College of Arts & Sciences,Undeclared,3.95,87,Submitted,,30,6,4,3,3,3,N,,Y,PA,Mid-Atlantic,US Citizen,27,278119,Public,0.339,N,None,Male,White,Y,$60K - $99K,17000,67600,67600,13500,Trustee Scholar,3500,0,N,Purchased Search Name,405,5,47,54,5,,None,,N,2,Out-of-State Public,N,0.985,1
A26-104025,Fall 2026,ED I,Y,2025-11-01,Admit,College of Arts & Sciences,Undeclared,3.44,71,Submitted,1270,,4,3,4,3,3,Y,3,N,FL,South,US Citizen,1086,339774,Parochial,0.293,N,None,Male,White,Y,$150K - $249K,42900,41700,38700,20300,Dean's Scholar,25600,0,N,Counselor Referral,221,1,4,52,3,,None,,N,7,More Selective Private,Y,0.88,2
A26-107923,Fall 2026,ED I,Y,2025-10-30,Admit,College of Arts & Sciences,Undeclared,3.53,73,Submitted,,26,3,2,4,2,2,Y,3,N,PA,Mid-Atlantic,US Citizen,199,737466,Public,0.171,N,None,Male,White,Y,$30K - $59K,2600,82000,51900,12100,Founders Award,20600,18000,N,Purchased Search Name,329,2,29,49,5,,None,,N,4,Regional Public,N,0.97,1
A26-107898,Fall 2026,Early Action,N,2025-10-22,Admit,School of Engineering,Computer Science,3.84,86,Submitted,,29,6,4,3,4,3,Y,4,N,PA,Mid-Atlantic,Permanent Resident,45,259201,Public,0.428,N,None,Male,Hispanic or Latino,Y,$250K and above,74900,9700,9200,25800,Trustee Scholar,49600,0,N,Common App Only,3,2,10,93,5,,None,,N,4,None Reported,N,0.117,6
A26-105878,Fall 2026,Early Action,N,2025-11-15,Admit,School of Engineering,Mechanical Engineering,3.56,79,Submitted,1250,,4,3,2,2,2,N,,N,TN,South,US Citizen,741,558283,Public,0.327,N,Parent,Female,White,Y,$30K - $59K,7500,77100,62800,18300,Dean's Scholar,3500,0,N,Athletic Recruiting,115,2,13,64,4,,None,,N,3,Regional Public,Y,0.672,2
A26-106964,Fall 2026,Early Action,N,2025-11-04,Admit,College of Arts & Sciences,Political Science,3.81,81,Submitted,1300,,7,4,3,4,3,Y,5,Y,VA,South,US Citizen,364,569725,Parochial,0.375,N,None,Male,White,Y,$30K - $59K,4500,80100,71300,9800,Trustee Scholar,3500,0,N,Purchased Search Name,290,3,27,80,5,,None,,N,4,Out-of-State Public,N,0.357,3
A26-101448,Fall 2026,Regular Decision,N,2025-12-02,Admit,College of Arts & Sciences,Political Science,3.42,71,Submitted,,25,0,2,3,3,4,Y,3,N,PA,Mid-Atlantic,US Citizen,142,738524,Public,0.32,N,Sibling,Female,White,Y,$250K and above,109800,0,0,12300,Founders Award,72300,0,Y,Counselor Referral,224,4,32,71,5,,None,Published Research,N,4,Less Selective Private,N,0.413,3
A26-106874,Fall 2026,Early Action,N,2025-11-02,Admit,College of Fine Arts,Theatre,3.38,80,Test Optional,,,1,2,3,4,4,N,,N,NC,South,US Citizen,513,343712,Private - Independent,0.261,Y,None,Male,White,Y,$250K and above,137500,0,0,12300,Founders Award,72300,0,Y,College Fair,279,2,22,79,5,,None,Dance Audition,Y,4,Less Selective Private,N,0.268,4
